ISO-10303-21;
HEADER;
/* Generated by software containing ST-Developer
 * from STEP Tools, Inc. (www.steptools.com) 
 */

FILE_DESCRIPTION(
/* description */ (''),
/* implementation_level */ '2;1');

FILE_NAME(
/* name */ 'ball_joint_screw.step',
/* time_stamp */ '2026-10-03T22:26:42+03:00',
/* author */ (''),
/* organization */ (''),
/* preprocessor_version */ 'ST-DEVELOPER v20.2',
/* originating_system */ 'Autodesk Translation Framework v15.15.0.0',
/* authorisation */ '');

FILE_SCHEMA (('AUTOMOTIVE_DESIGN { 1 0 10303 214 3 1 1 }'));
ENDSEC;

DATA;
#10=MECHANICAL_DESIGN_GEOMETRIC_PRESENTATION_REPRESENTATION('',(#13),#9372);
#11=SHAPE_REPRESENTATION_RELATIONSHIP('SRR','None',#9379,#12);
#12=ADVANCED_BREP_SHAPE_REPRESENTATION('',(#14),#9371);
#13=STYLED_ITEM('',(#9389),#14);
#14=MANIFOLD_SOLID_BREP('Body1',#2167);
#15=FACE_BOUND('',#256,.T.);
#16=FACE_BOUND('',#258,.T.);
#17=FACE_BOUND('',#261,.T.);
#18=PLANE('',#2406);
#19=PLANE('',#2407);
#20=PLANE('',#2409);
#21=SPHERICAL_SURFACE('',#2403,9.);
#22=B_SPLINE_SURFACE_WITH_KNOTS('',3,3,((#8719,#8720,#8721,#8722,#8723,
#8724,#8725,#8726,#8727,#8728,#8729,#8730,#8731,#8732,#8733,#8734,#8735,
#8736,#8737,#8738,#8739,#8740,#8741,#8742,#8743,#8744,#8745,#8746,#8747,
#8748,#8749,#8750,#8751,#8752,#8753,#8754,#8755,#8756,#8757,#8758,#8759),
(#8760,#8761,#8762,#8763,#8764,#8765,#8766,#8767,#8768,#8769,#8770,#8771,
#8772,#8773,#8774,#8775,#8776,#8777,#8778,#8779,#8780,#8781,#8782,#8783,
#8784,#8785,#8786,#8787,#8788,#8789,#8790,#8791,#8792,#8793,#8794,#8795,
#8796,#8797,#8798,#8799,#8800),(#8801,#8802,#8803,#8804,#8805,#8806,#8807,
#8808,#8809,#8810,#8811,#8812,#8813,#8814,#8815,#8816,#8817,#8818,#8819,
#8820,#8821,#8822,#8823,#8824,#8825,#8826,#8827,#8828,#8829,#8830,#8831,
#8832,#8833,#8834,#8835,#8836,#8837,#8838,#8839,#8840,#8841),(#8842,#8843,
#8844,#8845,#8846,#8847,#8848,#8849,#8850,#8851,#8852,#8853,#8854,#8855,
#8856,#8857,#8858,#8859,#8860,#8861,#8862,#8863,#8864,#8865,#8866,#8867,
#8868,#8869,#8870,#8871,#8872,#8873,#8874,#8875,#8876,#8877,#8878,#8879,
#8880,#8881,#8882)),.UNSPECIFIED.,.F.,.F.,.F.,(4,4),(4,1,1,1,1,1,1,1,1,
1,1,1,1,1,1,1,1,1,1,1,1,1,1,1,1,1,1,1,1,1,1,1,1,1,1,1,1,1,4),(0.00838784765482245,
0.201514700440611),(11.6769987273955,12.3028324417681,12.9283859382479,
13.5539394347277,14.1794929312075,14.5965285955274,15.0135642598472,15.847635588487,
16.2646712528068,16.3689301688868,16.6817069171267,17.0987425814466,17.5157782457665,
17.9328139100863,18.3498495744062,18.7668852387261,19.183920903046,19.3403092771659,
19.8094743995258,20.4350278960056,21.0605813924854,21.6861348889652,22.311688385445,
22.9372418819248,23.5627953784046,23.7191837525246,24.1883488748844,24.6053845392043,
25.0224202035242,25.439455867844,25.8564915321639,26.2735271964838,26.6905628608037,
26.8469512349236,27.3161163572835,27.9416698537633,28.5672233502431,29.0363884726029,
29.1927768467229),.UNSPECIFIED.);
#23=B_SPLINE_SURFACE_WITH_KNOTS('',3,3,((#9080,#9081,#9082,#9083,#9084,
#9085,#9086,#9087,#9088,#9089,#9090,#9091,#9092,#9093,#9094,#9095,#9096,
#9097,#9098,#9099,#9100,#9101,#9102,#9103,#9104,#9105,#9106,#9107,#9108,
#9109,#9110,#9111,#9112,#9113,#9114,#9115,#9116,#9117,#9118,#9119,#9120),
(#9121,#9122,#9123,#9124,#9125,#9126,#9127,#9128,#9129,#9130,#9131,#9132,
#9133,#9134,#9135,#9136,#9137,#9138,#9139,#9140,#9141,#9142,#9143,#9144,
#9145,#9146,#9147,#9148,#9149,#9150,#9151,#9152,#9153,#9154,#9155,#9156,
#9157,#9158,#9159,#9160,#9161),(#9162,#9163,#9164,#9165,#9166,#9167,#9168,
#9169,#9170,#9171,#9172,#9173,#9174,#9175,#9176,#9177,#9178,#9179,#9180,
#9181,#9182,#9183,#9184,#9185,#9186,#9187,#9188,#9189,#9190,#9191,#9192,
#9193,#9194,#9195,#9196,#9197,#9198,#9199,#9200,#9201,#9202),(#9203,#9204,
#9205,#9206,#9207,#9208,#9209,#9210,#9211,#9212,#9213,#9214,#9215,#9216,
#9217,#9218,#9219,#9220,#9221,#9222,#9223,#9224,#9225,#9226,#9227,#9228,
#9229,#9230,#9231,#9232,#9233,#9234,#9235,#9236,#9237,#9238,#9239,#9240,
#9241,#9242,#9243)),.UNSPECIFIED.,.F.,.F.,.F.,(4,4),(4,1,1,1,1,1,1,1,1,
1,1,1,1,1,1,1,1,1,1,1,1,1,1,1,1,1,1,1,1,1,1,1,1,1,1,1,1,1,4),(-0.00871172665648768,
0.184199086332147),(14.5800807932956,15.2056342897754,15.8311877862552,
16.456741282735,17.0822947792148,17.4993304435347,17.9163661078545,18.7504374364943,
19.1674731008141,19.2717320168941,19.584508765134,20.0015444294539,20.4185800937737,
20.8356157580936,21.2526514224134,21.6696870867333,22.0867227510532,22.2431111251731,
22.712276247533,23.3378297440128,23.9633832404926,24.5889367369723,25.2144902334521,
25.8400437299319,26.4655972264117,26.6219856005317,27.0911507228915,27.5081863872114,
27.9252220515313,28.3422577158511,28.759293380171,29.1763290444908,29.5933647088107,
29.7497530829307,30.2189182052905,30.8444717017703,31.4700251982501,31.62641357237,
32.0958302498136),.UNSPECIFIED.);
#24=TOROIDAL_SURFACE('',#2242,13.0000000000001,2.);
#25=TOROIDAL_SURFACE('',#2395,13.,2.);
#26=TOROIDAL_SURFACE('',#2399,8.36660026534053,0.499999999999864);
#27=FACE_OUTER_BOUND('',#143,.T.);
#28=FACE_OUTER_BOUND('',#144,.T.);
#29=FACE_OUTER_BOUND('',#145,.T.);
#30=FACE_OUTER_BOUND('',#146,.T.);
#31=FACE_OUTER_BOUND('',#147,.T.);
#32=FACE_OUTER_BOUND('',#148,.T.);
#33=FACE_OUTER_BOUND('',#149,.T.);
#34=FACE_OUTER_BOUND('',#150,.T.);
#35=FACE_OUTER_BOUND('',#151,.T.);
#36=FACE_OUTER_BOUND('',#152,.T.);
#37=FACE_OUTER_BOUND('',#153,.T.);
#38=FACE_OUTER_BOUND('',#154,.T.);
#39=FACE_OUTER_BOUND('',#155,.T.);
#40=FACE_OUTER_BOUND('',#156,.T.);
#41=FACE_OUTER_BOUND('',#157,.T.);
#42=FACE_OUTER_BOUND('',#158,.T.);
#43=FACE_OUTER_BOUND('',#159,.T.);
#44=FACE_OUTER_BOUND('',#160,.T.);
#45=FACE_OUTER_BOUND('',#161,.T.);
#46=FACE_OUTER_BOUND('',#162,.T.);
#47=FACE_OUTER_BOUND('',#163,.T.);
#48=FACE_OUTER_BOUND('',#164,.T.);
#49=FACE_OUTER_BOUND('',#165,.T.);
#50=FACE_OUTER_BOUND('',#166,.T.);
#51=FACE_OUTER_BOUND('',#167,.T.);
#52=FACE_OUTER_BOUND('',#168,.T.);
#53=FACE_OUTER_BOUND('',#169,.T.);
#54=FACE_OUTER_BOUND('',#170,.T.);
#55=FACE_OUTER_BOUND('',#171,.T.);
#56=FACE_OUTER_BOUND('',#172,.T.);
#57=FACE_OUTER_BOUND('',#173,.T.);
#58=FACE_OUTER_BOUND('',#174,.T.);
#59=FACE_OUTER_BOUND('',#175,.T.);
#60=FACE_OUTER_BOUND('',#176,.T.);
#61=FACE_OUTER_BOUND('',#177,.T.);
#62=FACE_OUTER_BOUND('',#178,.T.);
#63=FACE_OUTER_BOUND('',#179,.T.);
#64=FACE_OUTER_BOUND('',#180,.T.);
#65=FACE_OUTER_BOUND('',#181,.T.);
#66=FACE_OUTER_BOUND('',#182,.T.);
#67=FACE_OUTER_BOUND('',#183,.T.);
#68=FACE_OUTER_BOUND('',#184,.T.);
#69=FACE_OUTER_BOUND('',#185,.T.);
#70=FACE_OUTER_BOUND('',#186,.T.);
#71=FACE_OUTER_BOUND('',#187,.T.);
#72=FACE_OUTER_BOUND('',#188,.T.);
#73=FACE_OUTER_BOUND('',#189,.T.);
#74=FACE_OUTER_BOUND('',#190,.T.);
#75=FACE_OUTER_BOUND('',#191,.T.);
#76=FACE_OUTER_BOUND('',#192,.T.);
#77=FACE_OUTER_BOUND('',#193,.T.);
#78=FACE_OUTER_BOUND('',#194,.T.);
#79=FACE_OUTER_BOUND('',#195,.T.);
#80=FACE_OUTER_BOUND('',#196,.T.);
#81=FACE_OUTER_BOUND('',#197,.T.);
#82=FACE_OUTER_BOUND('',#198,.T.);
#83=FACE_OUTER_BOUND('',#199,.T.);
#84=FACE_OUTER_BOUND('',#200,.T.);
#85=FACE_OUTER_BOUND('',#201,.T.);
#86=FACE_OUTER_BOUND('',#202,.T.);
#87=FACE_OUTER_BOUND('',#203,.T.);
#88=FACE_OUTER_BOUND('',#204,.T.);
#89=FACE_OUTER_BOUND('',#205,.T.);
#90=FACE_OUTER_BOUND('',#206,.T.);
#91=FACE_OUTER_BOUND('',#207,.T.);
#92=FACE_OUTER_BOUND('',#208,.T.);
#93=FACE_OUTER_BOUND('',#209,.T.);
#94=FACE_OUTER_BOUND('',#210,.T.);
#95=FACE_OUTER_BOUND('',#211,.T.);
#96=FACE_OUTER_BOUND('',#212,.T.);
#97=FACE_OUTER_BOUND('',#213,.T.);
#98=FACE_OUTER_BOUND('',#214,.T.);
#99=FACE_OUTER_BOUND('',#215,.T.);
#100=FACE_OUTER_BOUND('',#216,.T.);
#101=FACE_OUTER_BOUND('',#217,.T.);
#102=FACE_OUTER_BOUND('',#218,.T.);
#103=FACE_OUTER_BOUND('',#219,.T.);
#104=FACE_OUTER_BOUND('',#220,.T.);
#105=FACE_OUTER_BOUND('',#221,.T.);
#106=FACE_OUTER_BOUND('',#222,.T.);
#107=FACE_OUTER_BOUND('',#223,.T.);
#108=FACE_OUTER_BOUND('',#224,.T.);
#109=FACE_OUTER_BOUND('',#225,.T.);
#110=FACE_OUTER_BOUND('',#226,.T.);
#111=FACE_OUTER_BOUND('',#227,.T.);
#112=FACE_OUTER_BOUND('',#228,.T.);
#113=FACE_OUTER_BOUND('',#229,.T.);
#114=FACE_OUTER_BOUND('',#230,.T.);
#115=FACE_OUTER_BOUND('',#231,.T.);
#116=FACE_OUTER_BOUND('',#232,.T.);
#117=FACE_OUTER_BOUND('',#233,.T.);
#118=FACE_OUTER_BOUND('',#234,.T.);
#119=FACE_OUTER_BOUND('',#235,.T.);
#120=FACE_OUTER_BOUND('',#236,.T.);
#121=FACE_OUTER_BOUND('',#237,.T.);
#122=FACE_OUTER_BOUND('',#238,.T.);
#123=FACE_OUTER_BOUND('',#239,.T.);
#124=FACE_OUTER_BOUND('',#240,.T.);
#125=FACE_OUTER_BOUND('',#241,.T.);
#126=FACE_OUTER_BOUND('',#242,.T.);
#127=FACE_OUTER_BOUND('',#243,.T.);
#128=FACE_OUTER_BOUND('',#244,.T.);
#129=FACE_OUTER_BOUND('',#245,.T.);
#130=FACE_OUTER_BOUND('',#246,.T.);
#131=FACE_OUTER_BOUND('',#247,.T.);
#132=FACE_OUTER_BOUND('',#248,.T.);
#133=FACE_OUTER_BOUND('',#249,.T.);
#134=FACE_OUTER_BOUND('',#250,.T.);
#135=FACE_OUTER_BOUND('',#251,.T.);
#136=FACE_OUTER_BOUND('',#252,.T.);
#137=FACE_OUTER_BOUND('',#253,.T.);
#138=FACE_OUTER_BOUND('',#254,.T.);
#139=FACE_OUTER_BOUND('',#255,.T.);
#140=FACE_OUTER_BOUND('',#257,.T.);
#141=FACE_OUTER_BOUND('',#259,.T.);
#142=FACE_OUTER_BOUND('',#260,.T.);
#143=EDGE_LOOP('',(#1268,#1269,#1270,#1271));
#144=EDGE_LOOP('',(#1272,#1273,#1274,#1275));
#145=EDGE_LOOP('',(#1276,#1277,#1278,#1279));
#146=EDGE_LOOP('',(#1280,#1281,#1282,#1283));
#147=EDGE_LOOP('',(#1284,#1285,#1286,#1287));
#148=EDGE_LOOP('',(#1288,#1289,#1290,#1291));
#149=EDGE_LOOP('',(#1292,#1293,#1294,#1295));
#150=EDGE_LOOP('',(#1296,#1297,#1298,#1299));
#151=EDGE_LOOP('',(#1300,#1301,#1302,#1303));
#152=EDGE_LOOP('',(#1304,#1305,#1306,#1307));
#153=EDGE_LOOP('',(#1308,#1309,#1310,#1311));
#154=EDGE_LOOP('',(#1312,#1313,#1314,#1315));
#155=EDGE_LOOP('',(#1316,#1317,#1318,#1319));
#156=EDGE_LOOP('',(#1320,#1321,#1322,#1323));
#157=EDGE_LOOP('',(#1324,#1325,#1326,#1327));
#158=EDGE_LOOP('',(#1328,#1329,#1330,#1331));
#159=EDGE_LOOP('',(#1332,#1333,#1334,#1335));
#160=EDGE_LOOP('',(#1336,#1337,#1338,#1339));
#161=EDGE_LOOP('',(#1340,#1341,#1342,#1343));
#162=EDGE_LOOP('',(#1344,#1345,#1346,#1347));
#163=EDGE_LOOP('',(#1348,#1349,#1350,#1351));
#164=EDGE_LOOP('',(#1352,#1353,#1354,#1355));
#165=EDGE_LOOP('',(#1356,#1357,#1358,#1359));
#166=EDGE_LOOP('',(#1360,#1361,#1362,#1363));
#167=EDGE_LOOP('',(#1364,#1365,#1366,#1367));
#168=EDGE_LOOP('',(#1368,#1369,#1370,#1371));
#169=EDGE_LOOP('',(#1372,#1373,#1374,#1375));
#170=EDGE_LOOP('',(#1376,#1377,#1378,#1379));
#171=EDGE_LOOP('',(#1380,#1381,#1382,#1383));
#172=EDGE_LOOP('',(#1384,#1385,#1386,#1387));
#173=EDGE_LOOP('',(#1388,#1389,#1390,#1391));
#174=EDGE_LOOP('',(#1392,#1393,#1394,#1395));
#175=EDGE_LOOP('',(#1396,#1397,#1398,#1399));
#176=EDGE_LOOP('',(#1400,#1401,#1402,#1403));
#177=EDGE_LOOP('',(#1404,#1405,#1406,#1407));
#178=EDGE_LOOP('',(#1408,#1409,#1410,#1411));
#179=EDGE_LOOP('',(#1412,#1413,#1414,#1415));
#180=EDGE_LOOP('',(#1416,#1417,#1418,#1419));
#181=EDGE_LOOP('',(#1420,#1421,#1422,#1423));
#182=EDGE_LOOP('',(#1424,#1425,#1426,#1427));
#183=EDGE_LOOP('',(#1428,#1429,#1430,#1431));
#184=EDGE_LOOP('',(#1432,#1433,#1434,#1435));
#185=EDGE_LOOP('',(#1436,#1437,#1438,#1439));
#186=EDGE_LOOP('',(#1440,#1441,#1442,#1443));
#187=EDGE_LOOP('',(#1444,#1445,#1446,#1447));
#188=EDGE_LOOP('',(#1448,#1449,#1450,#1451));
#189=EDGE_LOOP('',(#1452,#1453,#1454,#1455));
#190=EDGE_LOOP('',(#1456,#1457,#1458,#1459));
#191=EDGE_LOOP('',(#1460,#1461,#1462,#1463));
#192=EDGE_LOOP('',(#1464,#1465,#1466,#1467));
#193=EDGE_LOOP('',(#1468,#1469,#1470,#1471));
#194=EDGE_LOOP('',(#1472,#1473,#1474,#1475));
#195=EDGE_LOOP('',(#1476,#1477,#1478,#1479));
#196=EDGE_LOOP('',(#1480,#1481,#1482,#1483));
#197=EDGE_LOOP('',(#1484,#1485,#1486,#1487));
#198=EDGE_LOOP('',(#1488,#1489,#1490,#1491));
#199=EDGE_LOOP('',(#1492,#1493,#1494,#1495));
#200=EDGE_LOOP('',(#1496,#1497,#1498,#1499,#1500,#1501,#1502,#1503,#1504,
#1505,#1506,#1507,#1508,#1509,#1510,#1511,#1512,#1513,#1514,#1515,#1516,
#1517,#1518,#1519,#1520,#1521,#1522,#1523,#1524,#1525,#1526,#1527,#1528,
#1529,#1530,#1531,#1532,#1533,#1534,#1535,#1536,#1537,#1538,#1539,#1540,
#1541,#1542,#1543,#1544,#1545,#1546,#1547,#1548,#1549,#1550,#1551,#1552,
#1553,#1554,#1555,#1556,#1557,#1558,#1559,#1560,#1561,#1562,#1563,#1564,
#1565,#1566,#1567,#1568,#1569,#1570,#1571,#1572,#1573,#1574,#1575,#1576,
#1577,#1578,#1579,#1580,#1581,#1582,#1583,#1584,#1585,#1586,#1587,#1588,
#1589,#1590,#1591,#1592,#1593,#1594,#1595,#1596,#1597,#1598,#1599));
#201=EDGE_LOOP('',(#1600,#1601,#1602,#1603));
#202=EDGE_LOOP('',(#1604,#1605,#1606,#1607));
#203=EDGE_LOOP('',(#1608,#1609,#1610,#1611));
#204=EDGE_LOOP('',(#1612,#1613,#1614,#1615));
#205=EDGE_LOOP('',(#1616,#1617,#1618,#1619));
#206=EDGE_LOOP('',(#1620,#1621,#1622,#1623));
#207=EDGE_LOOP('',(#1624,#1625,#1626,#1627));
#208=EDGE_LOOP('',(#1628,#1629,#1630,#1631));
#209=EDGE_LOOP('',(#1632,#1633,#1634,#1635,#1636,#1637));
#210=EDGE_LOOP('',(#1638,#1639,#1640,#1641));
#211=EDGE_LOOP('',(#1642,#1643,#1644,#1645));
#212=EDGE_LOOP('',(#1646,#1647,#1648,#1649));
#213=EDGE_LOOP('',(#1650,#1651,#1652,#1653));
#214=EDGE_LOOP('',(#1654,#1655,#1656,#1657));
#215=EDGE_LOOP('',(#1658,#1659,#1660,#1661));
#216=EDGE_LOOP('',(#1662,#1663,#1664,#1665));
#217=EDGE_LOOP('',(#1666,#1667,#1668,#1669));
#218=EDGE_LOOP('',(#1670,#1671,#1672,#1673));
#219=EDGE_LOOP('',(#1674,#1675,#1676,#1677));
#220=EDGE_LOOP('',(#1678,#1679,#1680,#1681));
#221=EDGE_LOOP('',(#1682,#1683,#1684,#1685));
#222=EDGE_LOOP('',(#1686,#1687,#1688,#1689));
#223=EDGE_LOOP('',(#1690,#1691,#1692,#1693));
#224=EDGE_LOOP('',(#1694,#1695,#1696,#1697));
#225=EDGE_LOOP('',(#1698,#1699,#1700,#1701));
#226=EDGE_LOOP('',(#1702,#1703,#1704,#1705));
#227=EDGE_LOOP('',(#1706,#1707,#1708,#1709));
#228=EDGE_LOOP('',(#1710,#1711,#1712,#1713));
#229=EDGE_LOOP('',(#1714,#1715,#1716,#1717));
#230=EDGE_LOOP('',(#1718,#1719,#1720,#1721));
#231=EDGE_LOOP('',(#1722,#1723,#1724,#1725));
#232=EDGE_LOOP('',(#1726,#1727,#1728,#1729));
#233=EDGE_LOOP('',(#1730,#1731,#1732,#1733));
#234=EDGE_LOOP('',(#1734,#1735,#1736,#1737));
#235=EDGE_LOOP('',(#1738,#1739,#1740,#1741));
#236=EDGE_LOOP('',(#1742,#1743,#1744,#1745));
#237=EDGE_LOOP('',(#1746,#1747,#1748,#1749));
#238=EDGE_LOOP('',(#1750,#1751,#1752,#1753));
#239=EDGE_LOOP('',(#1754,#1755,#1756,#1757));
#240=EDGE_LOOP('',(#1758,#1759,#1760,#1761));
#241=EDGE_LOOP('',(#1762,#1763,#1764,#1765));
#242=EDGE_LOOP('',(#1766,#1767,#1768,#1769));
#243=EDGE_LOOP('',(#1770,#1771,#1772,#1773));
#244=EDGE_LOOP('',(#1774,#1775,#1776,#1777));
#245=EDGE_LOOP('',(#1778,#1779,#1780,#1781));
#246=EDGE_LOOP('',(#1782,#1783,#1784,#1785));
#247=EDGE_LOOP('',(#1786,#1787,#1788,#1789));
#248=EDGE_LOOP('',(#1790,#1791,#1792,#1793));
#249=EDGE_LOOP('',(#1794,#1795,#1796,#1797));
#250=EDGE_LOOP('',(#1798,#1799,#1800,#1801,#1802,#1803,#1804,#1805,#1806,
#1807,#1808,#1809,#1810,#1811,#1812,#1813,#1814,#1815,#1816,#1817,#1818,
#1819,#1820,#1821,#1822,#1823,#1824,#1825,#1826,#1827,#1828,#1829,#1830,
#1831,#1832,#1833,#1834,#1835,#1836,#1837,#1838,#1839,#1840,#1841,#1842,
#1843,#1844,#1845,#1846,#1847,#1848,#1849,#1850,#1851,#1852,#1853,#1854,
#1855,#1856,#1857,#1858,#1859,#1860,#1861,#1862,#1863,#1864,#1865,#1866,
#1867,#1868,#1869,#1870,#1871,#1872,#1873,#1874,#1875,#1876,#1877,#1878,
#1879,#1880,#1881,#1882,#1883,#1884,#1885,#1886,#1887,#1888,#1889,#1890,
#1891,#1892,#1893,#1894,#1895,#1896,#1897,#1898,#1899,#1900,#1901));
#251=EDGE_LOOP('',(#1902,#1903,#1904,#1905,#1906,#1907,#1908,#1909,#1910));
#252=EDGE_LOOP('',(#1911,#1912,#1913,#1914,#1915,#1916,#1917,#1918,#1919));
#253=EDGE_LOOP('',(#1920,#1921,#1922,#1923));
#254=EDGE_LOOP('',(#1924,#1925,#1926,#1927));
#255=EDGE_LOOP('',(#1928,#1929,#1930,#1931));
#256=EDGE_LOOP('',(#1932));
#257=EDGE_LOOP('',(#1933));
#258=EDGE_LOOP('',(#1934,#1935,#1936,#1937));
#259=EDGE_LOOP('',(#1938,#1939,#1940,#1941));
#260=EDGE_LOOP('',(#1942));
#261=EDGE_LOOP('',(#1943));
#262=CIRCLE('',#2182,11.3193);
#263=CIRCLE('',#2185,11.3193);
#264=CIRCLE('',#2187,9.6512);
#265=CIRCLE('',#2189,9.6512);
#266=CIRCLE('',#2243,13.0000000000001);
#267=CIRCLE('',#2244,2.);
#268=CIRCLE('',#2245,15.0000000000001);
#269=CIRCLE('',#2246,15.0000000000001);
#270=CIRCLE('',#2247,15.0000000000001);
#271=CIRCLE('',#2248,15.0000000000001);
#272=CIRCLE('',#2249,15.0000000000001);
#273=CIRCLE('',#2250,15.0000000000001);
#274=CIRCLE('',#2251,15.0000000000001);
#275=CIRCLE('',#2252,15.0000000000001);
#276=CIRCLE('',#2253,15.0000000000001);
#277=CIRCLE('',#2254,15.0000000000001);
#278=CIRCLE('',#2255,15.0000000000001);
#279=CIRCLE('',#2256,15.0000000000001);
#280=CIRCLE('',#2257,15.0000000000001);
#281=CIRCLE('',#2258,15.0000000000001);
#282=CIRCLE('',#2259,15.0000000000001);
#283=CIRCLE('',#2260,15.0000000000001);
#284=CIRCLE('',#2261,15.0000000000001);
#285=CIRCLE('',#2262,15.0000000000001);
#286=CIRCLE('',#2263,15.0000000000001);
#287=CIRCLE('',#2264,15.0000000000001);
#288=CIRCLE('',#2265,15.0000000000001);
#289=CIRCLE('',#2266,15.0000000000001);
#290=CIRCLE('',#2267,15.0000000000001);
#291=CIRCLE('',#2268,15.0000000000001);
#292=CIRCLE('',#2269,15.0000000000001);
#293=CIRCLE('',#2270,15.0000000000001);
#294=CIRCLE('',#2271,15.0000000000001);
#295=CIRCLE('',#2272,15.0000000000001);
#296=CIRCLE('',#2273,15.0000000000001);
#297=CIRCLE('',#2274,15.0000000000001);
#298=CIRCLE('',#2275,15.0000000000001);
#299=CIRCLE('',#2276,15.0000000000001);
#300=CIRCLE('',#2277,15.0000000000001);
#301=CIRCLE('',#2278,15.0000000000001);
#302=CIRCLE('',#2279,15.0000000000001);
#303=CIRCLE('',#2280,15.0000000000001);
#304=CIRCLE('',#2281,15.0000000000001);
#305=CIRCLE('',#2282,15.0000000000001);
#306=CIRCLE('',#2283,15.0000000000001);
#307=CIRCLE('',#2284,15.0000000000001);
#308=CIRCLE('',#2285,15.0000000000001);
#309=CIRCLE('',#2286,15.0000000000001);
#310=CIRCLE('',#2287,15.0000000000001);
#311=CIRCLE('',#2288,15.0000000000001);
#312=CIRCLE('',#2289,15.0000000000001);
#313=CIRCLE('',#2290,15.0000000000001);
#314=CIRCLE('',#2291,15.0000000000001);
#315=CIRCLE('',#2292,15.0000000000001);
#316=CIRCLE('',#2293,15.0000000000001);
#317=CIRCLE('',#2294,15.0000000000001);
#318=CIRCLE('',#2295,15.0000000000001);
#319=CIRCLE('',#2297,15.);
#320=CIRCLE('',#2299,15.);
#321=CIRCLE('',#2301,15.);
#322=CIRCLE('',#2303,15.);
#323=CIRCLE('',#2305,15.);
#324=CIRCLE('',#2307,15.);
#325=CIRCLE('',#2309,15.);
#326=CIRCLE('',#2311,15.);
#327=CIRCLE('',#2313,15.);
#328=CIRCLE('',#2314,15.);
#329=CIRCLE('',#2316,15.);
#330=CIRCLE('',#2318,15.);
#331=CIRCLE('',#2320,15.);
#332=CIRCLE('',#2322,15.);
#333=CIRCLE('',#2324,15.);
#334=CIRCLE('',#2326,15.);
#335=CIRCLE('',#2328,15.);
#336=CIRCLE('',#2330,15.);
#337=CIRCLE('',#2332,15.);
#338=CIRCLE('',#2334,15.);
#339=CIRCLE('',#2336,15.);
#340=CIRCLE('',#2338,15.);
#341=CIRCLE('',#2340,15.);
#342=CIRCLE('',#2342,15.);
#343=CIRCLE('',#2344,15.);
#344=CIRCLE('',#2346,15.);
#345=CIRCLE('',#2348,15.);
#346=CIRCLE('',#2350,15.);
#347=CIRCLE('',#2352,15.);
#348=CIRCLE('',#2354,15.);
#349=CIRCLE('',#2356,15.);
#350=CIRCLE('',#2358,15.);
#351=CIRCLE('',#2360,15.);
#352=CIRCLE('',#2362,15.);
#353=CIRCLE('',#2364,15.);
#354=CIRCLE('',#2366,15.);
#355=CIRCLE('',#2368,15.);
#356=CIRCLE('',#2370,15.);
#357=CIRCLE('',#2372,15.);
#358=CIRCLE('',#2374,15.);
#359=CIRCLE('',#2376,15.);
#360=CIRCLE('',#2378,15.);
#361=CIRCLE('',#2380,15.);
#362=CIRCLE('',#2382,15.);
#363=CIRCLE('',#2384,15.);
#364=CIRCLE('',#2386,15.);
#365=CIRCLE('',#2388,15.);
#366=CIRCLE('',#2390,15.);
#367=CIRCLE('',#2392,15.);
#368=CIRCLE('',#2394,15.);
#369=CIRCLE('',#2396,15.);
#370=CIRCLE('',#2397,2.);
#371=CIRCLE('',#2398,13.);
#372=CIRCLE('',#2400,7.9262528829543);
#373=CIRCLE('',#2401,0.499999999999864);
#374=CIRCLE('',#2402,8.36660026534053);
#375=CIRCLE('',#2404,9.);
#376=CIRCLE('',#2405,9.);
#377=B_SPLINE_CURVE_WITH_KNOTS('',3,(#2981,#2982,#2983,#2984,#2985,#2986),
 .UNSPECIFIED.,.F.,.F.,(4,1,1,4),(19.1677555096641,19.5000200952397,20.0331449565558,
20.2108532436605),.UNSPECIFIED.);
#378=B_SPLINE_CURVE_WITH_KNOTS('',3,(#2989,#2990,#2991,#2992,#2993,#2994,
#2995,#2996,#2997,#2998,#2999,#3000,#3001,#3002,#3003,#3004,#3005,#3006,
#3007,#3008,#3009,#3010,#3011,#3012,#3013,#3014,#3015,#3016,#3017,#3018,
#3019,#3020,#3021,#3022,#3023,#3024,#3025,#3026,#3027,#3028,#3029,#3030,
#3031,#3032,#3033,#3034,#3035,#3036,#3037,#3038,#3039,#3040,#3041,#3042,
#3043,#3044,#3045,#3046,#3047,#3048,#3049,#3050,#3051,#3052,#3053,#3054,
#3055,#3056,#3057,#3058,#3059,#3060,#3061,#3062,#3063,#3064,#3065,#3066,
#3067,#3068,#3069,#3070),.UNSPECIFIED.,.F.,.F.,(4,3,3,3,3,3,3,3,3,3,3,3,
3,3,3,3,3,3,3,3,3,3,3,3,3,3,3,4),(2.59703784080264,2.67730640249782,2.75756582484838,
2.83781719178528,2.91807748945323,2.9707581986785,3.05435314882332,3.13795255063216,
3.14848439064542,3.22995434573561,3.31141704503566,3.39288498148457,3.47435035925004,
3.55582900910577,3.62242090255722,3.70351890672648,3.78460492366888,3.86569162228267,
3.94677387535527,4.02786896508218,4.09635741446901,4.17831063705928,4.26025817316203,
4.34220949039488,4.42415646046569,4.50611030165357,4.57029392638081,4.64803879984104),
 .UNSPECIFIED.);
#379=B_SPLINE_CURVE_WITH_KNOTS('',3,(#3075,#3076,#3077,#3078,#3079,#3080,
#3081,#3082,#3083,#3084,#3085,#3086,#3087,#3088,#3089,#3090,#3091,#3092),
 .UNSPECIFIED.,.F.,.F.,(4,1,1,1,1,1,1,1,1,1,1,1,1,1,1,4),(12.0268531472707,
12.3905963445127,13.1015440755194,13.812491806526,13.9902287392777,14.5234395375327,
14.9974046915372,15.4713698455416,15.945334999546,16.4193001535505,16.8932653075549,
17.3672304615594,17.5449673943111,18.0781781925661,18.7891259235727,19.1677553444378),
 .UNSPECIFIED.);
#380=B_SPLINE_CURVE_WITH_KNOTS('',3,(#3093,#3094,#3095,#3096,#3097,#3098,
#3099,#3100,#3101,#3102,#3103,#3104,#3105,#3106,#3107,#3108,#3109),
 .UNSPECIFIED.,.F.,.F.,(4,1,1,1,1,1,1,1,1,1,1,1,1,1,4),(4.64803880675684,
5.04425884940867,5.51822934756332,5.99219984571798,6.52541665614197,6.70315559294997,
7.41411134018196,8.12506708741394,8.83602283464592,9.5469785818779,10.2579343291099,
10.9688900763419,11.5021068867659,11.6798458235739,11.7890215122994),
 .UNSPECIFIED.);
#381=B_SPLINE_CURVE_WITH_KNOTS('',3,(#3115,#3116,#3117,#3118,#3119),
 .UNSPECIFIED.,.F.,.F.,(4,1,4),(18.9299770710559,19.5001385252427,20.2108532436605),
 .UNSPECIFIED.);
#382=B_SPLINE_CURVE_WITH_KNOTS('',3,(#3122,#3123,#3124,#3125,#3126,#3127,
#3128),.UNSPECIFIED.,.F.,.F.,(4,1,1,1,4),(2.59716877303216,3.14847981951993,
3.6224124028129,4.09634498610587,4.88603387978113),.UNSPECIFIED.);
#383=B_SPLINE_CURVE_WITH_KNOTS('',3,(#3134,#3135,#3136,#3137,#3138,#3139,
#3140,#3141,#3142,#3143,#3144,#3145,#3146,#3147,#3148,#3149,#3150,#3151,
#3152,#3153,#3154,#3155,#3156,#3157,#3158,#3159,#3160,#3161,#3162,#3163,
#3164,#3165,#3166,#3167,#3168,#3169,#3170,#3171,#3172,#3173,#3174,#3175,
#3176,#3177,#3178,#3179,#3180,#3181,#3182,#3183,#3184,#3185,#3186,#3187,
#3188,#3189,#3190,#3191,#3192,#3193,#3194,#3195,#3196,#3197,#3198,#3199,
#3200,#3201,#3202,#3203,#3204,#3205,#3206,#3207,#3208,#3209,#3210,#3211,
#3212,#3213,#3214,#3215,#3216,#3217,#3218,#3219,#3220,#3221,#3222,#3223,
#3224,#3225,#3226,#3227,#3228,#3229,#3230,#3231,#3232,#3233,#3234,#3235,
#3236,#3237,#3238,#3239,#3240,#3241,#3242,#3243,#3244,#3245,#3246,#3247,
#3248,#3249,#3250,#3251,#3252,#3253,#3254,#3255,#3256,#3257,#3258,#3259,
#3260,#3261,#3262,#3263,#3264,#3265,#3266,#3267,#3268,#3269,#3270,#3271,
#3272,#3273,#3274,#3275,#3276,#3277,#3278,#3279,#3280,#3281,#3282,#3283,
#3284,#3285,#3286,#3287,#3288,#3289,#3290,#3291,#3292,#3293,#3294,#3295,
#3296,#3297,#3298,#3299),.UNSPECIFIED.,.F.,.F.,(4,3,3,3,3,3,3,3,3,3,3,3,
3,3,3,3,3,3,3,3,3,3,3,3,3,3,3,3,3,3,3,3,3,3,3,3,3,3,3,3,3,3,3,3,3,3,3,3,
3,3,3,3,3,3,3,4),(-17.3235711274211,-17.2504607119307,-17.1773519474156,
-17.1042443958794,-17.0311322970744,-16.9580232441457,-16.8849126662827,
-16.8688368929333,-16.793047853852,-16.7172588147707,-16.6457425862322,
-16.5742373015461,-16.5027393635804,-16.4312428657053,-16.3597419021141,
-16.2882151191811,-16.2166761981501,-16.1451022108599,-16.1109465021203,
-16.0400990341991,-15.96928935416,-15.8985022354934,-15.8277301045705,-15.7569653967313,
-15.6861884220057,-15.6154064266523,-15.5445956804583,-15.5046341894699,
-15.4324006107294,-15.3601821111604,-15.2879747931136,-15.2157701759422,
-15.1435705729207,-15.0713665365824,-15.049899954982,-14.9741109159007,
-14.8983218768194,-14.8260129357729,-14.7537106270512,-14.6814037941638,
-14.6090989512338,-14.5367830877045,-14.4941136683858,-14.4221348536682,
-14.3501670203444,-14.278198721826,-14.2062340733374,-14.1342587195462,
-14.0899054599522,-14.0171675931608,-13.9444349395174,-13.8716991675741,
-13.798967156024,-13.7262298628664,-13.6856972515186,-13.6192128137774),
 .UNSPECIFIED.);
#384=B_SPLINE_CURVE_WITH_KNOTS('',3,(#3302,#3303,#3304,#3305,#3306,#3307,
#3308,#3309,#3310,#3311,#3312,#3313,#3314,#3315,#3316,#3317,#3318,#3319,
#3320,#3321,#3322,#3323,#3324,#3325,#3326,#3327,#3328,#3329,#3330,#3331,
#3332,#3333,#3334,#3335,#3336,#3337,#3338,#3339,#3340,#3341,#3342,#3343,
#3344,#3345,#3346,#3347,#3348,#3349,#3350,#3351,#3352,#3353,#3354,#3355,
#3356,#3357,#3358,#3359,#3360,#3361,#3362,#3363,#3364,#3365,#3366,#3367,
#3368,#3369,#3370,#3371,#3372,#3373,#3374,#3375,#3376,#3377,#3378,#3379,
#3380,#3381,#3382,#3383,#3384,#3385,#3386,#3387,#3388,#3389,#3390,#3391,
#3392,#3393,#3394,#3395,#3396,#3397,#3398,#3399,#3400,#3401,#3402,#3403,
#3404,#3405,#3406,#3407,#3408,#3409,#3410,#3411,#3412,#3413,#3414,#3415,
#3416,#3417,#3418,#3419,#3420,#3421,#3422,#3423,#3424,#3425,#3426,#3427,
#3428,#3429,#3430,#3431,#3432,#3433,#3434,#3435,#3436,#3437,#3438,#3439,
#3440,#3441,#3442,#3443,#3444,#3445,#3446,#3447,#3448,#3449,#3450,#3451,
#3452,#3453,#3454,#3455,#3456,#3457,#3458,#3459,#3460,#3461,#3462,#3463,
#3464,#3465,#3466,#3467,#3468,#3469,#3470,#3471,#3472,#3473,#3474,#3475,
#3476,#3477,#3478,#3479,#3480,#3481,#3482,#3483,#3484,#3485,#3486,#3487,
#3488,#3489,#3490,#3491,#3492,#3493,#3494,#3495,#3496,#3497,#3498,#3499,
#3500,#3501,#3502,#3503,#3504,#3505,#3506,#3507,#3508,#3509,#3510,#3511,
#3512,#3513,#3514,#3515,#3516,#3517,#3518,#3519,#3520,#3521,#3522,#3523,
#3524,#3525,#3526,#3527,#3528,#3529,#3530),.UNSPECIFIED.,.F.,.F.,(4,3,3,
3,3,3,3,3,3,3,3,3,3,3,3,3,3,3,3,3,3,3,3,3,3,3,3,3,3,3,3,3,3,3,3,3,3,3,3,
3,3,3,3,3,3,3,3,3,3,3,3,3,3,3,3,3,3,3,3,3,3,3,3,3,3,3,3,3,3,3,3,3,3,3,3,
3,4),(2.30047836179507,2.3716213550635,2.44275611628722,2.51388409497364,
2.5850205900649,2.61922181929072,2.69501956270314,2.77081730611556,2.84316493539426,
2.91550584753009,2.9878509240643,3.06019374532119,3.13254697922252,3.17507193764845,
3.24699766989172,3.31891228780291,3.39082760296821,3.46273950251219,3.53466285848323,
3.57932656918134,3.65213790421557,3.7249443492008,3.79775383295813,3.87055934691314,
3.94336934946784,3.98358120071424,4.05524665669613,4.12690186802022,4.19856084213274,
4.27021852919506,4.34189255730794,4.38783583224713,4.46106638830736,4.53429159030371,
4.60751528796059,4.68073126687958,4.75394291240213,4.79209046378003,4.86335924617609,
4.93461892893927,5.00588657454225,5.07715579403541,5.14844813169197,5.19634509531292,
5.2691442036916,5.34193186468598,5.41470995834448,5.48748339994917,5.56024938210521,
5.633012933765,5.65113155578743,5.7224963197707,5.79386877391932,5.80272704261226,
5.87459366788234,5.94645340601007,6.01830747156528,6.0901608345555,6.16201846476969,
6.23389928525856,6.30579030938297,6.37771127611778,6.4091089899116,6.47994941801173,
6.55075397821011,6.62153717969545,6.69230661113946,6.76306985292154,6.83384727087841,
6.90463079759552,6.97544478576406,7.01549093721094,7.08833999769445,7.16116221054103,
7.23396383262463,7.30674416280413,7.32555713282358),.UNSPECIFIED.);
#385=B_SPLINE_CURVE_WITH_KNOTS('',3,(#3536,#3537,#3538,#3539,#3540,#3541,
#3542,#3543,#3544,#3545,#3546,#3547,#3548,#3549,#3550,#3551,#3552,#3553,
#3554,#3555,#3556,#3557,#3558,#3559,#3560,#3561,#3562,#3563,#3564,#3565,
#3566,#3567,#3568,#3569,#3570,#3571,#3572,#3573,#3574,#3575,#3576,#3577,
#3578,#3579,#3580,#3581,#3582,#3583,#3584,#3585,#3586,#3587,#3588,#3589,
#3590,#3591,#3592,#3593,#3594,#3595,#3596,#3597,#3598,#3599,#3600,#3601,
#3602,#3603,#3604,#3605,#3606,#3607,#3608,#3609,#3610,#3611,#3612,#3613,
#3614,#3615,#3616,#3617,#3618,#3619,#3620,#3621,#3622,#3623,#3624,#3625,
#3626,#3627,#3628,#3629,#3630,#3631,#3632,#3633,#3634,#3635,#3636,#3637,
#3638,#3639,#3640,#3641,#3642,#3643,#3644,#3645,#3646,#3647,#3648,#3649,
#3650,#3651,#3652,#3653,#3654,#3655,#3656,#3657,#3658,#3659,#3660,#3661,
#3662,#3663,#3664,#3665,#3666,#3667,#3668,#3669,#3670,#3671,#3672,#3673,
#3674,#3675,#3676,#3677,#3678,#3679,#3680,#3681,#3682,#3683,#3684,#3685,
#3686,#3687,#3688,#3689,#3690,#3691,#3692,#3693,#3694,#3695,#3696,#3697,
#3698,#3699,#3700,#3701,#3702,#3703,#3704,#3705,#3706,#3707,#3708,#3709,
#3710),.UNSPECIFIED.,.F.,.F.,(4,3,3,3,3,3,3,3,3,3,3,3,3,3,3,3,3,3,3,3,3,
3,3,3,3,3,3,3,3,3,3,3,3,3,3,3,3,3,3,3,3,3,3,3,3,3,3,3,3,3,3,3,3,3,3,3,3,
3,4),(13.416228696019,13.4874761445654,13.5586936901576,13.6298895167128,
13.7010720807104,13.7722481253091,13.8434243897553,13.9146218636702,13.9858294205493,
14.0570701734807,14.0899164792167,14.1589263216598,14.2278988845313,14.2968460841021,
14.3657773503346,14.4347146496131,14.4941233102422,14.5700602065936,14.646083059788,
14.7222002344967,14.7983505947259,14.8745258145489,14.8983301412678,14.9684921517025,
15.0386112371824,15.1087055620215,15.1787839028884,15.2488550268544,15.3189421620211,
15.3890366971232,15.4591675100527,15.5046403878061,15.5764508385995,15.648240215268,
15.7200153125166,15.7917813548166,15.8635435622107,15.9353174629195,16.007095082181,
16.0788935799744,16.1109506343445,16.1818082399595,16.2526404087857,16.3234575956433,
16.3942672806332,16.4650769391062,16.5359098000997,16.6067538698202,16.6776358683542,
16.7172608808828,16.7892230627551,16.8611550243782,16.9330666549996,17.0049628093642,
17.0768483349957,17.1487345264357,17.2206178999467,17.2925116586212,17.3235711274211),
 .UNSPECIFIED.);
#386=B_SPLINE_CURVE_WITH_KNOTS('',3,(#3713,#3714,#3715,#3716,#3717,#3718,
#3719,#3720,#3721,#3722,#3723,#3724,#3725,#3726,#3727,#3728,#3729,#3730,
#3731,#3732,#3733,#3734,#3735,#3736,#3737,#3738,#3739,#3740,#3741,#3742,
#3743,#3744,#3745,#3746,#3747,#3748,#3749,#3750,#3751,#3752,#3753,#3754,
#3755,#3756,#3757,#3758,#3759,#3760,#3761,#3762,#3763,#3764,#3765,#3766,
#3767,#3768,#3769,#3770,#3771,#3772,#3773,#3774,#3775,#3776,#3777,#3778,
#3779,#3780,#3781,#3782,#3783,#3784,#3785,#3786,#3787,#3788,#3789,#3790,
#3791,#3792,#3793,#3794,#3795,#3796,#3797,#3798,#3799,#3800,#3801,#3802,
#3803,#3804,#3805,#3806,#3807,#3808,#3809,#3810,#3811,#3812,#3813,#3814,
#3815,#3816,#3817,#3818,#3819,#3820,#3821,#3822,#3823,#3824,#3825,#3826,
#3827,#3828,#3829,#3830,#3831,#3832,#3833,#3834,#3835,#3836,#3837,#3838,
#3839,#3840,#3841,#3842,#3843,#3844,#3845,#3846,#3847,#3848,#3849,#3850,
#3851,#3852,#3853,#3854,#3855,#3856,#3857,#3858,#3859,#3860,#3861,#3862,
#3863,#3864,#3865,#3866,#3867,#3868,#3869,#3870,#3871,#3872,#3873,#3874,
#3875,#3876,#3877,#3878,#3879,#3880,#3881,#3882,#3883,#3884,#3885,#3886,
#3887,#3888,#3889,#3890,#3891,#3892,#3893,#3894,#3895,#3896,#3897,#3898,
#3899,#3900,#3901,#3902,#3903,#3904,#3905,#3906,#3907,#3908,#3909,#3910,
#3911,#3912,#3913,#3914,#3915,#3916,#3917,#3918,#3919,#3920,#3921,#3922,
#3923,#3924,#3925,#3926,#3927,#3928,#3929,#3930,#3931,#3932,#3933,#3934,
#3935,#3936,#3937,#3938,#3939,#3940,#3941,#3942,#3943,#3944,#3945,#3946,
#3947,#3948,#3949,#3950,#3951,#3952,#3953),.UNSPECIFIED.,.F.,.F.,(4,3,3,
3,3,3,3,3,3,3,3,3,3,3,3,3,3,3,3,3,3,3,3,3,3,3,3,3,3,3,3,3,3,3,3,3,3,3,3,
3,3,3,3,3,3,3,3,3,3,3,3,3,3,3,3,3,3,3,3,3,3,3,3,3,3,3,3,3,3,3,3,3,3,3,3,
3,3,3,3,3,4),(-7.52871619157612,-7.45683273601183,-7.38494787770338,-7.31306503389235,
-7.24117158292979,-7.21774834056237,-7.14540936595445,-7.07307855696631,
-7.00074567137992,-6.92841619739106,-6.85607799083364,-6.81348301415535,
-6.74127609732583,-6.66907728407132,-6.59687528972856,-6.5246758195778,
-6.45246537279294,-6.40921768774834,-6.33648377730135,-6.26375637750282,
-6.19102766275699,-6.11830369027113,-6.04557579963945,-6.00495236134133,
-5.93365903462661,-5.86237619216571,-5.79108758912492,-5.71979866658493,
-5.64848867340354,-5.60068703493432,-5.52602312869646,-5.451361439259,-5.37671311962447,
-5.30208509864044,-5.2274926733796,-5.1964217085273,-5.12969095817868,-5.06295031256356,
-4.99620476083055,-4.92942257171246,-4.89322271372205,-4.82683991674214,
-4.79215638212029,-4.72746988412225,-4.66281101350691,-4.59816795647465,
-4.5335163348859,-4.46885956460864,-4.40417047687723,-4.38789105571328,
-4.31556328579164,-4.24325279332863,-4.17095563664172,-4.09700623242391,
-4.02471771728283,-3.95243087162691,-3.88014198059022,-3.80494658616747,
-3.73263057081317,-3.66030511084919,-3.58795690457547,-3.57936040289925,
-3.51033877297511,-3.44135443895227,-3.37239549431421,-3.30345249764442,
-3.23450349379106,-3.17509507649224,-3.09915104559301,-3.02312108493268,
-2.94699677440151,-2.87083923668541,-2.7946567288739,-2.77082975008523,
-2.7012128912094,-2.63163085981285,-2.56207411199074,-2.49252636838549,
-2.42298536775616,-2.35342665821852,-2.30044877317157),.UNSPECIFIED.);
#387=B_SPLINE_CURVE_WITH_KNOTS('',3,(#3955,#3956,#3957,#3958,#3959,#3960,
#3961,#3962,#3963,#3964,#3965,#3966,#3967,#3968,#3969,#3970,#3971,#3972,
#3973,#3974,#3975,#3976,#3977,#3978,#3979,#3980,#3981,#3982,#3983,#3984,
#3985,#3986,#3987,#3988,#3989,#3990,#3991,#3992,#3993,#3994,#3995,#3996,
#3997,#3998,#3999,#4000,#4001,#4002,#4003,#4004,#4005,#4006,#4007,#4008,
#4009,#4010,#4011,#4012,#4013,#4014,#4015,#4016,#4017,#4018,#4019,#4020,
#4021,#4022,#4023,#4024,#4025,#4026,#4027,#4028,#4029,#4030,#4031,#4032,
#4033,#4034,#4035,#4036,#4037,#4038,#4039,#4040,#4041,#4042,#4043,#4044,
#4045,#4046,#4047,#4048,#4049,#4050,#4051,#4052,#4053,#4054,#4055,#4056,
#4057,#4058,#4059,#4060,#4061,#4062,#4063,#4064,#4065,#4066,#4067,#4068,
#4069,#4070,#4071,#4072,#4073,#4074,#4075,#4076,#4077,#4078,#4079,#4080,
#4081,#4082,#4083,#4084,#4085,#4086,#4087,#4088,#4089,#4090,#4091,#4092,
#4093,#4094,#4095,#4096,#4097,#4098,#4099,#4100,#4101,#4102,#4103,#4104,
#4105,#4106,#4107,#4108,#4109,#4110,#4111,#4112,#4113,#4114,#4115,#4116,
#4117,#4118,#4119,#4120,#4121,#4122,#4123,#4124,#4125,#4126,#4127,#4128,
#4129,#4130,#4131,#4132,#4133,#4134,#4135,#4136,#4137,#4138,#4139,#4140,
#4141,#4142,#4143,#4144,#4145,#4146,#4147,#4148,#4149,#4150,#4151,#4152,
#4153,#4154,#4155,#4156,#4157,#4158,#4159,#4160,#4161,#4162,#4163,#4164,
#4165,#4166,#4167,#4168,#4169,#4170,#4171,#4172,#4173,#4174,#4175,#4176,
#4177,#4178,#4179,#4180,#4181,#4182,#4183,#4184,#4185,#4186,#4187,#4188,
#4189,#4190,#4191,#4192,#4193,#4194,#4195,#4196,#4197,#4198,#4199,#4200,
#4201,#4202,#4203,#4204,#4205,#4206,#4207,#4208,#4209,#4210,#4211,#4212,
#4213,#4214,#4215,#4216,#4217,#4218,#4219,#4220,#4221,#4222,#4223,#4224,
#4225,#4226,#4227,#4228,#4229,#4230,#4231),.UNSPECIFIED.,.F.,.F.,(4,3,3,
3,3,3,3,3,3,3,3,3,3,3,3,3,3,3,3,3,3,3,3,3,3,3,3,3,3,3,3,3,3,3,3,3,3,3,3,
3,3,3,3,3,3,3,3,3,3,3,3,3,3,3,3,3,3,3,3,3,3,3,3,3,3,3,3,3,3,3,3,3,3,3,3,
3,3,3,3,3,3,3,3,3,3,3,3,3,3,3,3,3,4),(-13.6192128137271,-13.5476662522828,
-13.476117511394,-13.4045710313378,-13.3330081301596,-13.2814572312169,
-13.2082985056035,-13.1351459696864,-13.0619955077472,-12.9888528746181,
-12.9157141869414,-12.877210948418,-12.8058979700958,-12.7345936029155,
-12.6632808103344,-12.5919662362652,-12.5206284934703,-12.4729646656191,
-12.4001955071655,-12.3274381306315,-12.2546905434226,-12.1819476965408,
-12.1092122853288,-12.0364790904739,-12.0181875974704,-11.9467897222102,
-11.8753839562649,-11.8665952414208,-11.7947330161778,-11.722877801262,
-11.6510283272433,-11.5791796150655,-11.5073266859206,-11.4354506195978,
-11.3635643757043,-11.2916482072424,-11.2602258172225,-11.1893833267621,
-11.1185766243788,-11.0477912373583,-10.9770195843894,-10.9062540924316,
-10.8354744010575,-10.7646885898279,-10.6938723216831,-10.6538563930242,
-10.5823752078437,-10.5109149518567,-10.4394680861928,-10.3680285150235,
-10.2965901465471,-10.225133990762,-10.1536702165713,-10.0821776912008,
-10.0474869688259,-9.97609827959986,-9.90473650265883,-9.83339159849834,
-9.76205720575596,-9.69072696898364,-9.61938271029912,-9.5480328757874,
-9.47665669996187,-9.44111754462753,-9.37010728759391,-9.29912424250395,
-9.22815752787613,-9.15719995425089,-9.08624433772405,-9.01526922355675,
-8.94428509984693,-8.87326723213122,-8.83474812042922,-8.76320498520816,
-8.69168763894769,-8.62018680893202,-8.54869651175374,-8.47721076970143,
-8.4057125559007,-8.33420981702809,-8.26268324396091,-8.22837869623089,
-8.157085513072,-8.08581328835539,-8.01455546094162,-7.94329905997426,-7.87204542226396,
-7.80077898962143,-7.77360162808216,-7.69663984752577,-7.62200927203258,
-7.5482631942875,-7.52871619163769),.UNSPECIFIED.);
#388=B_SPLINE_CURVE_WITH_KNOTS('',3,(#4232,#4233,#4234,#4235,#4236,#4237,
#4238,#4239,#4240,#4241,#4242,#4243,#4244,#4245,#4246,#4247,#4248,#4249,
#4250,#4251,#4252,#4253,#4254,#4255,#4256,#4257,#4258,#4259,#4260,#4261,
#4262,#4263,#4264,#4265,#4266,#4267,#4268,#4269,#4270,#4271,#4272,#4273,
#4274,#4275,#4276,#4277,#4278,#4279,#4280,#4281,#4282,#4283,#4284,#4285,
#4286,#4287,#4288,#4289,#4290,#4291,#4292,#4293,#4294,#4295,#4296,#4297,
#4298,#4299,#4300,#4301,#4302,#4303,#4304,#4305,#4306,#4307,#4308,#4309,
#4310,#4311,#4312,#4313,#4314,#4315,#4316,#4317,#4318,#4319,#4320,#4321,
#4322,#4323,#4324,#4325,#4326,#4327,#4328,#4329,#4330,#4331,#4332,#4333,
#4334,#4335,#4336,#4337,#4338,#4339,#4340,#4341,#4342,#4343,#4344,#4345,
#4346,#4347,#4348,#4349,#4350,#4351,#4352,#4353,#4354,#4355,#4356,#4357,
#4358,#4359,#4360,#4361,#4362,#4363,#4364,#4365,#4366,#4367,#4368,#4369,
#4370,#4371,#4372,#4373,#4374,#4375,#4376,#4377,#4378,#4379,#4380,#4381,
#4382,#4383,#4384,#4385,#4386,#4387,#4388,#4389,#4390,#4391,#4392,#4393,
#4394,#4395,#4396,#4397,#4398,#4399,#4400,#4401,#4402,#4403,#4404,#4405,
#4406,#4407,#4408,#4409,#4410,#4411,#4412,#4413,#4414,#4415,#4416,#4417,
#4418,#4419,#4420,#4421,#4422,#4423,#4424,#4425,#4426,#4427,#4428,#4429,
#4430,#4431,#4432,#4433,#4434,#4435,#4436,#4437,#4438,#4439,#4440,#4441,
#4442,#4443,#4444,#4445,#4446,#4447,#4448,#4449,#4450,#4451,#4452,#4453,
#4454,#4455,#4456,#4457,#4458,#4459,#4460,#4461,#4462,#4463,#4464,#4465,
#4466,#4467,#4468,#4469,#4470,#4471,#4472,#4473,#4474,#4475,#4476,#4477,
#4478,#4479,#4480,#4481,#4482,#4483,#4484,#4485,#4486,#4487,#4488,#4489,
#4490,#4491,#4492,#4493,#4494,#4495,#4496,#4497,#4498,#4499,#4500,#4501,
#4502,#4503,#4504,#4505,#4506,#4507,#4508),.UNSPECIFIED.,.F.,.F.,(4,3,3,
3,3,3,3,3,3,3,3,3,3,3,3,3,3,3,3,3,3,3,3,3,3,3,3,3,3,3,3,3,3,3,3,3,3,3,3,
3,3,3,3,3,3,3,3,3,3,3,3,3,3,3,3,3,3,3,3,3,3,3,3,3,3,3,3,3,3,3,3,3,3,3,3,
3,3,3,3,3,3,3,3,3,3,3,3,3,3,3,3,3,4),(7.32555713290446,7.39963666871441,
7.47256044500582,7.54721786057505,7.62187527614427,7.69326550847446,7.76462880637151,
7.83597521896449,7.9073111091925,7.97864283407427,8.04998857088063,8.1213398783222,
8.19271752323666,8.22826211769465,8.29927446665752,8.37025960540985,8.4412284146527,
8.51218808389071,8.58314579707192,8.65412300969349,8.72510923276122,8.79612920136315,
8.83464895924503,8.9061936679523,8.97771258682992,9.04921499000826,9.12070686227228,
9.19219418271154,9.26369398340583,9.33519831451353,9.40672649119753,9.44103580079542,
9.51233384154313,9.58361092191386,9.65487359662214,9.72613481743975,9.79739325574655,
9.8686644473279,9.89582593195821,9.97276878946818,10.0474226423458,10.1192985668373,
10.191162745543,10.2630270437279,10.3348876906421,10.4067597721943,10.4516805367127,
10.5240151583068,10.5963415895027,10.6686700837112,10.7409951650783,10.8133289978387,
10.8559384310796,10.9281463657208,11.0003462004553,11.0725492037544,11.1447496713179,
11.2169610818677,11.2601963254466,11.3329250675509,11.4056472961577,11.4783708681115,
11.5510897234722,11.6238125634267,11.6644542198135,11.7357528263112,11.8070409541347,
11.8783348112109,11.9496289627903,12.0209441075841,12.0687121141804,12.1433543916946,
12.2179944575317,12.2926214356394,12.3672283809985,12.4418003193051,12.4729700085473,
12.5397468147023,12.6065334043447,12.6733248610554,12.7401527847941,12.7761634293225,
12.8427537897693,12.8772279029142,12.9419410013763,13.006626581367,13.0712964522808,
13.1359750067202,13.2006587975771,13.2653749661797,13.2814857972812,13.3826421829665,
13.4162286959304),.UNSPECIFIED.);
#389=B_SPLINE_CURVE_WITH_KNOTS('',3,(#4510,#4511,#4512,#4513,#4514,#4515,
#4516,#4517,#4518,#4519,#4520,#4521,#4522,#4523,#4524,#4525,#4526,#4527,
#4528,#4529,#4530,#4531,#4532,#4533,#4534,#4535,#4536,#4537,#4538,#4539,
#4540,#4541,#4542,#4543,#4544,#4545,#4546,#4547,#4548,#4549,#4550,#4551,
#4552,#4553,#4554,#4555,#4556,#4557,#4558,#4559,#4560,#4561,#4562,#4563,
#4564,#4565,#4566,#4567,#4568,#4569,#4570,#4571,#4572,#4573,#4574,#4575,
#4576,#4577,#4578,#4579,#4580,#4581,#4582,#4583,#4584,#4585,#4586,#4587,
#4588,#4589,#4590,#4591,#4592,#4593,#4594,#4595,#4596,#4597,#4598,#4599,
#4600,#4601,#4602,#4603,#4604,#4605,#4606,#4607,#4608,#4609,#4610,#4611,
#4612,#4613,#4614,#4615,#4616,#4617,#4618,#4619,#4620,#4621,#4622,#4623,
#4624,#4625,#4626,#4627,#4628,#4629,#4630,#4631,#4632,#4633,#4634,#4635,
#4636,#4637,#4638,#4639,#4640,#4641,#4642,#4643,#4644,#4645,#4646,#4647,
#4648,#4649,#4650,#4651,#4652,#4653,#4654,#4655,#4656,#4657,#4658,#4659,
#4660,#4661,#4662,#4663,#4664,#4665,#4666,#4667,#4668,#4669,#4670,#4671,
#4672,#4673,#4674,#4675,#4676,#4677,#4678,#4679,#4680,#4681,#4682,#4683,
#4684,#4685,#4686,#4687,#4688,#4689,#4690,#4691,#4692,#4693,#4694,#4695,
#4696,#4697,#4698,#4699,#4700,#4701,#4702,#4703,#4704,#4705,#4706,#4707,
#4708,#4709,#4710,#4711,#4712,#4713,#4714,#4715,#4716,#4717,#4718,#4719,
#4720,#4721,#4722,#4723,#4724,#4725,#4726,#4727,#4728,#4729,#4730,#4731,
#4732,#4733,#4734,#4735,#4736,#4737,#4738,#4739,#4740,#4741,#4742,#4743,
#4744,#4745,#4746,#4747,#4748,#4749,#4750,#4751,#4752,#4753,#4754,#4755,
#4756,#4757,#4758,#4759,#4760,#4761,#4762,#4763,#4764,#4765,#4766,#4767,
#4768,#4769,#4770,#4771,#4772,#4773,#4774,#4775,#4776,#4777,#4778,#4779,
#4780,#4781,#4782,#4783,#4784,#4785,#4786,#4787,#4788,#4789),
 .UNSPECIFIED.,.F.,.F.,(4,3,3,3,3,3,3,3,3,3,3,3,3,3,3,3,3,3,3,3,3,3,3,3,
3,3,3,3,3,3,3,3,3,3,3,3,3,3,3,3,3,3,3,3,3,3,3,3,3,3,3,3,3,3,3,3,3,3,3,3,
3,3,3,3,3,3,3,3,3,3,3,3,3,3,3,3,3,3,3,3,3,3,3,3,3,3,3,3,3,3,3,3,3,4),(4.88603551430341,
4.99994936747699,5.0442191498397,5.11712745983276,5.19000502500165,5.26286413548936,
5.33573116790688,5.40860169411783,5.48150839289305,5.51817869094076,5.59319998699995,
5.63666857621602,5.71196076576724,5.78721793709549,5.86245398291624,5.93769090127605,
5.99213823204182,6.07614992142681,6.16019284467447,6.24427326963342,6.32836127798147,
6.41245562796948,6.46609777314288,6.54644197709534,6.6267673572602,6.70708770847551,
6.78740144426178,6.86772931315976,6.94005731424393,7.02198622654047,7.10391124645628,
7.18584301317483,7.2677721353535,7.34971102637813,7.41401685534499,7.49536998765751,
7.57671305533714,7.65805796305731,7.73939865206533,7.8207508251182,7.88797639644605,
7.96946729118388,8.05095002238642,8.13243647244228,8.21391949331097,8.29541428026545,
8.36193593754711,8.44290669352347,8.52386674368727,8.6048303500521,8.68579129250221,
8.76676880831058,8.83589547864817,8.92476289260462,9.01363030656106,9.09392578861581,
9.17420882586994,9.25448622609331,9.33477757349739,9.41507388102473,9.49539892595664,
9.54683479029976,9.62742085497922,9.70798496277436,9.78853462852997,9.86907607474783,
9.94961551984231,10.0301743228761,10.1107399657448,10.1913392548369,10.2577741019513,
10.3377899393023,10.4177713295696,10.4977317303506,10.5776786244763,10.6576194874102,
10.7375769691107,10.8175402024167,10.8975392118225,10.9687134136029,11.0491304388266,
11.1295223883269,11.2098983338276,11.2902648923164,11.3706286759172,11.4510116991433,
11.5314016437649,11.611826535328,11.6796527252545,11.761868962893,11.844047735519,
11.9261991991071,12.0083195179571,12.0268531454746),.UNSPECIFIED.);
#390=B_SPLINE_CURVE_WITH_KNOTS('',3,(#4790,#4791,#4792,#4793,#4794,#4795,
#4796,#4797,#4798,#4799,#4800,#4801,#4802,#4803,#4804,#4805,#4806,#4807),
 .UNSPECIFIED.,.F.,.F.,(4,1,1,1,1,1,1,1,1,1,1,1,1,1,1,4),(11.7890215122994,
12.1538149344876,12.6277836302282,13.1017523259688,13.5757210217094,14.04968971745,
14.5236584131906,14.8791349349961,14.9976271089312,15.4715958046718,16.419533196153,
16.8935018918937,17.3674705876343,18.0784236312452,18.7893766748561,18.9299770710559),
 .UNSPECIFIED.);
#391=B_SPLINE_CURVE_WITH_KNOTS('',3,(#4811,#4812,#4813,#4814,#4815,#4816,
#4817,#4818,#4819,#4820,#4821,#4822,#4823,#4824,#4825,#4826,#4827,#4828,
#4829,#4830,#4831,#4832,#4833,#4834,#4835,#4836,#4837,#4838,#4839,#4840,
#4841,#4842,#4843,#4844),.UNSPECIFIED.,.F.,.F.,(4,2,2,2,2,2,2,2,2,2,2,2,
2,2,2,2,4),(-0.903508075430374,-0.830954589858146,-0.779876575633006,-0.745344616789318,
-0.721079842902248,-0.695138528754723,-0.68668784971377,-0.682592077073314,
-0.679425481368324,-0.675973013346813,-0.670463538329121,-0.654539311401247,
-0.631547038549216,-0.606567077226641,-0.569350986979754,-0.500746831222153,
-0.451239265400849),.UNSPECIFIED.);
#392=B_SPLINE_CURVE_WITH_KNOTS('',3,(#4848,#4849,#4850,#4851,#4852,#4853,
#4854,#4855,#4856,#4857,#4858,#4859,#4860,#4861,#4862,#4863,#4864,#4865,
#4866,#4867,#4868,#4869,#4870,#4871,#4872,#4873,#4874,#4875,#4876,#4877,
#4878,#4879,#4880,#4881),.UNSPECIFIED.,.F.,.F.,(4,2,2,2,2,2,2,2,2,2,2,2,
2,2,2,2,4),(-0.451239265398422,-0.415632665679159,-0.354745269419965,-0.311900678418685,
-0.281376520115769,-0.259058385601305,-0.236474286775165,-0.230249281068177,
-0.226552489350688,-0.223293273324017,-0.219251998463086,-0.211463749792263,
-0.18588921698016,-0.161915017330736,-0.129785117598606,-0.0821866277790946,
1.11022302462516E-15),.UNSPECIFIED.);
#393=B_SPLINE_CURVE_WITH_KNOTS('',3,(#4886,#4887,#4888,#4889,#4890,#4891,
#4892,#4893,#4894,#4895,#4896,#4897,#4898,#4899,#4900,#4901,#4902,#4903,
#4904,#4905,#4906,#4907,#4908,#4909,#4910,#4911,#4912,#4913,#4914,#4915,
#4916,#4917,#4918,#4919),.UNSPECIFIED.,.F.,.F.,(4,2,2,2,2,2,2,2,2,2,2,2,
2,2,2,2,4),(-0.903508075425352,-0.830954589852965,-0.779876575627863,-0.745344616784306,
-0.721079842897361,-0.695138528750007,-0.68668784970914,-0.68259207706874,
-0.67942548136378,-0.675973013342275,-0.670463538324583,-0.654539311396856,
-0.631547038545065,-0.606567077222764,-0.569350986976368,-0.500746831219634,
-0.451239265399216),.UNSPECIFIED.);
#394=B_SPLINE_CURVE_WITH_KNOTS('',3,(#4923,#4924,#4925,#4926,#4927,#4928,
#4929,#4930,#4931,#4932,#4933,#4934,#4935,#4936,#4937,#4938,#4939,#4940,
#4941,#4942,#4943,#4944,#4945,#4946,#4947,#4948,#4949,#4950,#4951,#4952,
#4953,#4954,#4955,#4956),.UNSPECIFIED.,.F.,.F.,(4,2,2,2,2,2,2,2,2,2,2,2,
2,2,2,2,4),(-0.451239265403137,-0.415632665683246,-0.354745269423205,-0.311900678421115,
-0.281376520117456,-0.259058385602465,-0.2364742867758,-0.230249281068589,
-0.226552489351036,-0.223293273324338,-0.21925199846336,-0.211463749792508,
-0.185889216980322,-0.161915017330816,-0.129785117598631,-0.0821866277790663,
1.11022302462516E-15),.UNSPECIFIED.);
#395=B_SPLINE_CURVE_WITH_KNOTS('',3,(#4961,#4962,#4963,#4964,#4965,#4966,
#4967,#4968,#4969,#4970,#4971,#4972,#4973,#4974,#4975,#4976,#4977,#4978,
#4979,#4980,#4981,#4982,#4983,#4984,#4985,#4986,#4987,#4988,#4989,#4990,
#4991,#4992,#4993,#4994),.UNSPECIFIED.,.F.,.F.,(4,2,2,2,2,2,2,2,2,2,2,2,
2,2,2,2,4),(-0.903508075426055,-0.830954589853833,-0.779876575628612,-0.745344616784838,
-0.72107984289774,-0.695138528750209,-0.686687849709256,-0.682592077068876,
-0.679425481363891,-0.67597301334235,-0.670463538324677,-0.654539311396962,
-0.631547038545114,-0.606567077222757,-0.569350986976193,-0.500746831219289,
-0.45123926539836),.UNSPECIFIED.);
#396=B_SPLINE_CURVE_WITH_KNOTS('',3,(#4998,#4999,#5000,#5001,#5002,#5003,
#5004,#5005,#5006,#5007,#5008,#5009,#5010,#5011,#5012,#5013,#5014,#5015,
#5016,#5017,#5018,#5019,#5020,#5021,#5022,#5023,#5024,#5025,#5026,#5027,
#5028,#5029,#5030,#5031),.UNSPECIFIED.,.F.,.F.,(4,2,2,2,2,2,2,2,2,2,2,2,
2,2,2,2,4),(-0.451239265401295,-0.415632665681734,-0.354745269422084,-0.311900678420407,
-0.281376520117152,-0.259058385602467,-0.236474286776153,-0.2302492810691,
-0.226552489351506,-0.223293273324736,-0.21925199846374,-0.211463749792851,
-0.185889216980559,-0.161915017331003,-0.129785117598782,-0.0821866277791623,
1.11022302462516E-15),.UNSPECIFIED.);
#397=B_SPLINE_CURVE_WITH_KNOTS('',3,(#5036,#5037,#5038,#5039,#5040,#5041,
#5042,#5043,#5044,#5045,#5046,#5047,#5048,#5049,#5050,#5051,#5052,#5053,
#5054,#5055,#5056,#5057,#5058,#5059,#5060,#5061,#5062,#5063,#5064,#5065,
#5066,#5067,#5068,#5069),.UNSPECIFIED.,.F.,.F.,(4,2,2,2,2,2,2,2,2,2,2,2,
2,2,2,2,4),(-0.903508075431774,-0.830954589859509,-0.779876575634283,-0.745344616790521,
-0.721079842903426,-0.695138528755917,-0.686687849714983,-0.682592077074583,
-0.679425481369616,-0.675973013348089,-0.670463538330332,-0.654539311402372,
-0.631547038550214,-0.606567077227535,-0.569350986980528,-0.500746831222784,
-0.45123926540141),.UNSPECIFIED.);
#398=B_SPLINE_CURVE_WITH_KNOTS('',3,(#5073,#5074,#5075,#5076,#5077,#5078,
#5079,#5080,#5081,#5082,#5083,#5084,#5085,#5086,#5087,#5088,#5089,#5090,
#5091,#5092,#5093,#5094,#5095,#5096,#5097,#5098,#5099,#5100,#5101,#5102,
#5103,#5104,#5105,#5106),.UNSPECIFIED.,.F.,.F.,(4,2,2,2,2,2,2,2,2,2,2,2,
2,2,2,2,4),(-0.451239265399901,-0.41563266568053,-0.354745269421012,-0.311900678419389,
-0.281376520116128,-0.259058385601447,-0.236474286775092,-0.230249281068038,
-0.226552489350535,-0.223293273323853,-0.219251998462887,-0.211463749792066,
-0.185889216979997,-0.161915017330621,-0.129785117598612,-0.0821866277791613,
1.11022302462516E-15),.UNSPECIFIED.);
#399=B_SPLINE_CURVE_WITH_KNOTS('',3,(#5111,#5112,#5113,#5114,#5115,#5116,
#5117,#5118,#5119,#5120,#5121,#5122,#5123,#5124,#5125,#5126,#5127,#5128,
#5129,#5130,#5131,#5132,#5133,#5134,#5135,#5136,#5137,#5138,#5139,#5140,
#5141,#5142,#5143,#5144),.UNSPECIFIED.,.F.,.F.,(4,2,2,2,2,2,2,2,2,2,2,2,
2,2,2,2,4),(-0.903508075427975,-0.830954589855593,-0.779876575630299,-0.745344616786546,
-0.721079842899473,-0.695138528751975,-0.686687849711074,-0.682592077070657,
-0.679425481365643,-0.675973013344083,-0.670463538326366,-0.654539311398597,
-0.631547038546731,-0.606567077224344,-0.569350986977769,-0.500746831220808,
-0.45123926540007),.UNSPECIFIED.);
#400=B_SPLINE_CURVE_WITH_KNOTS('',3,(#5148,#5149,#5150,#5151,#5152,#5153,
#5154,#5155,#5156,#5157,#5158,#5159,#5160,#5161,#5162,#5163,#5164,#5165,
#5166,#5167,#5168,#5169,#5170,#5171,#5172,#5173,#5174,#5175,#5176,#5177,
#5178,#5179,#5180,#5181),.UNSPECIFIED.,.F.,.F.,(4,2,2,2,2,2,2,2,2,2,2,2,
2,2,2,2,4),(-0.4512392654037,-0.41563266568348,-0.354745269422789,-0.311900678420589,
-0.281376520117095,-0.259058385602248,-0.236474286775746,-0.230249281068658,
-0.226552489351154,-0.223293273324475,-0.219251998463499,-0.211463749792636,
-0.185889216980387,-0.161915017330864,-0.129785117598679,-0.0821866277791086,
1.11022302462516E-15),.UNSPECIFIED.);
#401=B_SPLINE_CURVE_WITH_KNOTS('',3,(#5186,#5187,#5188,#5189,#5190,#5191,
#5192,#5193,#5194,#5195,#5196,#5197,#5198,#5199,#5200,#5201,#5202,#5203,
#5204,#5205,#5206,#5207,#5208,#5209,#5210,#5211,#5212,#5213,#5214,#5215,
#5216,#5217,#5218,#5219),.UNSPECIFIED.,.F.,.F.,(4,2,2,2,2,2,2,2,2,2,2,2,
2,2,2,2,4),(-0.903508075426651,-0.830954589854387,-0.779876575629247,-0.745344616785551,
-0.721079842898517,-0.695138528751045,-0.686687849710135,-0.682592077069725,
-0.679425481364697,-0.675973013343115,-0.670463538325402,-0.654539311397701,
-0.631547038545871,-0.606567077223537,-0.569350986977034,-0.50074683122017,
-0.451239265399372),.UNSPECIFIED.);
#402=B_SPLINE_CURVE_WITH_KNOTS('',3,(#5223,#5224,#5225,#5226,#5227,#5228,
#5229,#5230,#5231,#5232,#5233,#5234,#5235,#5236,#5237,#5238,#5239,#5240,
#5241,#5242,#5243,#5244,#5245,#5246,#5247,#5248,#5249,#5250,#5251,#5252,
#5253,#5254,#5255,#5256),.UNSPECIFIED.,.F.,.F.,(4,2,2,2,2,2,2,2,2,2,2,2,
2,2,2,2,4),(-0.451239265401628,-0.415632665681884,-0.354745269421938,-0.311900678420034,
-0.281376520116585,-0.25905838560174,-0.236474286775214,-0.23024928106808,
-0.22655248935054,-0.223293273323856,-0.219251998462937,-0.211463749792152,
-0.185889216980073,-0.161915017330677,-0.129785117598593,-0.0821866277790962,
1.11022302462516E-15),.UNSPECIFIED.);
#403=B_SPLINE_CURVE_WITH_KNOTS('',3,(#5261,#5262,#5263,#5264,#5265,#5266,
#5267,#5268,#5269,#5270,#5271,#5272,#5273,#5274,#5275,#5276,#5277,#5278,
#5279,#5280,#5281,#5282,#5283,#5284,#5285,#5286,#5287,#5288,#5289,#5290,
#5291,#5292,#5293,#5294),.UNSPECIFIED.,.F.,.F.,(4,2,2,2,2,2,2,2,2,2,2,2,
2,2,2,2,4),(-0.90350807542867,-0.830954589856296,-0.77987657563101,-0.745344616787242,
-0.721079842900163,-0.695138528752661,-0.686687849711746,-0.682592077071337,
-0.679425481366354,-0.675973013344815,-0.670463538327066,-0.6545393113992,
-0.631547038547194,-0.606567077224662,-0.569350986977859,-0.500746831220498,
-0.451239265399437),.UNSPECIFIED.);
#404=B_SPLINE_CURVE_WITH_KNOTS('',3,(#5298,#5299,#5300,#5301,#5302,#5303,
#5304,#5305,#5306,#5307,#5308,#5309,#5310,#5311,#5312,#5313,#5314,#5315,
#5316,#5317,#5318,#5319,#5320,#5321,#5322,#5323,#5324,#5325,#5326,#5327,
#5328,#5329,#5330,#5331),.UNSPECIFIED.,.F.,.F.,(4,2,2,2,2,2,2,2,2,2,2,2,
2,2,2,2,4),(-0.451239265397663,-0.415632665678646,-0.354745269419899,-0.311900678418739,
-0.281376520115748,-0.259058385601245,-0.236474286775074,-0.230249281068102,
-0.226552489350643,-0.223293273324002,-0.219251998463086,-0.211463749792265,
-0.185889216980147,-0.161915017330723,-0.129785117598615,-0.0821866277791097,
1.11022302462516E-15),.UNSPECIFIED.);
#405=B_SPLINE_CURVE_WITH_KNOTS('',3,(#5336,#5337,#5338,#5339,#5340,#5341,
#5342,#5343,#5344,#5345,#5346,#5347,#5348,#5349,#5350,#5351,#5352,#5353,
#5354,#5355,#5356,#5357,#5358,#5359,#5360,#5361,#5362,#5363,#5364,#5365,
#5366,#5367,#5368,#5369),.UNSPECIFIED.,.F.,.F.,(4,2,2,2,2,2,2,2,2,2,2,2,
2,2,2,2,4),(-0.903508075426737,-0.830954589854478,-0.779876575629328,-0.745344616785648,
-0.721079842898623,-0.695138528751172,-0.686687849710287,-0.682592077069846,
-0.679425481364811,-0.675973013343233,-0.67046353832551,-0.654539311397757,
-0.631547038545885,-0.606567077223498,-0.56935098697694,-0.500746831219999,
-0.451239265399215),.UNSPECIFIED.);
#406=B_SPLINE_CURVE_WITH_KNOTS('',3,(#5373,#5374,#5375,#5376,#5377,#5378,
#5379,#5380,#5381,#5382,#5383,#5384,#5385,#5386,#5387,#5388,#5389,#5390,
#5391,#5392,#5393,#5394,#5395,#5396,#5397,#5398,#5399,#5400,#5401,#5402,
#5403,#5404,#5405,#5406),.UNSPECIFIED.,.F.,.F.,(4,2,2,2,2,2,2,2,2,2,2,2,
2,2,2,2,4),(-0.451239265399348,-0.41563266567996,-0.35474526942063,-0.311900678419124,
-0.281376520115949,-0.259058385601307,-0.236474286774998,-0.230249281067931,
-0.226552489350449,-0.223293273323813,-0.219251998462905,-0.211463749792074,
-0.185889216980005,-0.161915017330613,-0.129785117598566,-0.082186627779106,
1.11022302462516E-15),.UNSPECIFIED.);
#407=B_SPLINE_CURVE_WITH_KNOTS('',3,(#5411,#5412,#5413,#5414,#5415,#5416,
#5417,#5418,#5419,#5420,#5421,#5422,#5423,#5424,#5425,#5426,#5427,#5428,
#5429,#5430,#5431,#5432,#5433,#5434,#5435,#5436,#5437,#5438,#5439,#5440,
#5441,#5442,#5443,#5444),.UNSPECIFIED.,.F.,.F.,(4,2,2,2,2,2,2,2,2,2,2,2,
2,2,2,2,4),(-0.903508075425505,-0.830954589853125,-0.779876575627781,-0.745344616783935,
-0.721079842896821,-0.695138528749316,-0.686687849708394,-0.682592077068001,
-0.67942548136306,-0.675973013341569,-0.670463538323862,-0.654539311396141,
-0.631547038544353,-0.606567077222076,-0.569350986975715,-0.500746831219218,
-0.451239265398763),.UNSPECIFIED.);
#408=B_SPLINE_CURVE_WITH_KNOTS('',3,(#5448,#5449,#5450,#5451,#5452,#5453,
#5454,#5455,#5456,#5457,#5458,#5459,#5460,#5461,#5462,#5463,#5464,#5465,
#5466,#5467,#5468,#5469,#5470,#5471,#5472,#5473,#5474,#5475,#5476,#5477,
#5478,#5479,#5480,#5481),.UNSPECIFIED.,.F.,.F.,(4,2,2,2,2,2,2,2,2,2,2,2,
2,2,2,2,4),(-0.4512392654016,-0.415632665681905,-0.354745269422193,-0.311900678420399,
-0.281376520116984,-0.259058385602164,-0.236474286775679,-0.230249281068577,
-0.226552489350977,-0.223293273324221,-0.219251998463263,-0.211463749792424,
-0.185889216980271,-0.161915017330804,-0.129785117598637,-0.0821866277790874,
1.11022302462516E-15),.UNSPECIFIED.);
#409=B_SPLINE_CURVE_WITH_KNOTS('',3,(#5486,#5487,#5488,#5489,#5490,#5491,
#5492,#5493,#5494,#5495,#5496,#5497,#5498,#5499,#5500,#5501,#5502,#5503,
#5504,#5505,#5506,#5507,#5508,#5509,#5510,#5511,#5512,#5513,#5514,#5515,
#5516,#5517,#5518,#5519),.UNSPECIFIED.,.F.,.F.,(4,2,2,2,2,2,2,2,2,2,2,2,
2,2,2,2,4),(-0.903508075433846,-0.830954589861577,-0.779876575636456,-0.745344616792823,
-0.721079842905819,-0.695138528758415,-0.68668784971751,-0.682592077077104,
-0.67942548137209,-0.675973013350508,-0.670463538332718,-0.654539311404707,
-0.631547038552473,-0.606567077229698,-0.569350986982557,-0.50074683122458,
-0.451239265403003),.UNSPECIFIED.);
#410=B_SPLINE_CURVE_WITH_KNOTS('',3,(#5523,#5524,#5525,#5526,#5527,#5528,
#5529,#5530,#5531,#5532,#5533,#5534,#5535,#5536,#5537,#5538,#5539,#5540,
#5541,#5542,#5543,#5544,#5545,#5546,#5547,#5548,#5549,#5550,#5551,#5552,
#5553,#5554,#5555,#5556),.UNSPECIFIED.,.F.,.F.,(4,2,2,2,2,2,2,2,2,2,2,2,
2,2,2,2,4),(-0.45123926540055,-0.415632665680982,-0.354745269421163,-0.311900678419498,
-0.281376520116335,-0.259058385601704,-0.2364742867754,-0.230249281068369,
-0.226552489350881,-0.223293273324202,-0.219251998463217,-0.211463749792367,
-0.185889216980231,-0.161915017330775,-0.12978511759865,-0.0821866277791275,
1.11022302462516E-15),.UNSPECIFIED.);
#411=B_SPLINE_CURVE_WITH_KNOTS('',3,(#5561,#5562,#5563,#5564,#5565,#5566,
#5567,#5568,#5569,#5570,#5571,#5572,#5573,#5574,#5575,#5576,#5577,#5578,
#5579,#5580,#5581,#5582,#5583,#5584,#5585,#5586,#5587,#5588,#5589,#5590,
#5591,#5592,#5593,#5594),.UNSPECIFIED.,.F.,.F.,(4,2,2,2,2,2,2,2,2,2,2,2,
2,2,2,2,4),(-0.903508075430818,-0.830954589858545,-0.779876575633309,-0.745344616789534,
-0.721079842902483,-0.69513852875502,-0.686687849714143,-0.682592077073728,
-0.679425481368748,-0.675973013347229,-0.6704635383295,-0.654539311401546,
-0.631547038549465,-0.606567077226869,-0.569350986979982,-0.500746831222493,
-0.451239265401492),.UNSPECIFIED.);
#412=B_SPLINE_CURVE_WITH_KNOTS('',3,(#5598,#5599,#5600,#5601,#5602,#5603,
#5604,#5605,#5606,#5607,#5608,#5609,#5610,#5611,#5612,#5613,#5614,#5615,
#5616,#5617,#5618,#5619,#5620,#5621,#5622,#5623,#5624,#5625,#5626,#5627,
#5628,#5629,#5630,#5631),.UNSPECIFIED.,.F.,.F.,(4,2,2,2,2,2,2,2,2,2,2,2,
2,2,2,2,4),(-0.451239265399948,-0.415632665680553,-0.354745269421241,-0.31190067841969,
-0.281376520116422,-0.25905838560173,-0.23647428677539,-0.230249281068314,
-0.226552489350808,-0.223293273324127,-0.219251998463154,-0.211463749792318,
-0.185889216980183,-0.161915017330737,-0.129785117598634,-0.0821866277791262,
1.11022302462516E-15),.UNSPECIFIED.);
#413=B_SPLINE_CURVE_WITH_KNOTS('',3,(#5636,#5637,#5638,#5639,#5640,#5641,
#5642,#5643,#5644,#5645,#5646,#5647,#5648,#5649,#5650,#5651,#5652,#5653,
#5654,#5655,#5656,#5657,#5658,#5659,#5660,#5661,#5662,#5663,#5664,#5665,
#5666,#5667,#5668,#5669),.UNSPECIFIED.,.F.,.F.,(4,2,2,2,2,2,2,2,2,2,2,2,
2,2,2,2,4),(-0.903508075431165,-0.830954589858762,-0.779876575633504,-0.745344616789799,
-0.721079842902763,-0.695138528755329,-0.686687849714443,-0.682592077074067,
-0.67942548136906,-0.675973013347479,-0.670463538329707,-0.654539311401731,
-0.631547038549571,-0.606567077226898,-0.569350986979916,-0.50074683122227,
-0.451239265401134),.UNSPECIFIED.);
#414=B_SPLINE_CURVE_WITH_KNOTS('',3,(#5673,#5674,#5675,#5676,#5677,#5678,
#5679,#5680,#5681,#5682,#5683,#5684,#5685,#5686,#5687,#5688,#5689,#5690,
#5691,#5692,#5693,#5694,#5695,#5696,#5697,#5698,#5699,#5700,#5701,#5702,
#5703,#5704,#5705,#5706),.UNSPECIFIED.,.F.,.F.,(4,2,2,2,2,2,2,2,2,2,2,2,
2,2,2,2,4),(-0.451239265399503,-0.415632665679943,-0.354745269420395,-0.31190067841885,
-0.281376520115719,-0.259058385601093,-0.236474286774801,-0.230249281067704,
-0.226552489350249,-0.223293273323637,-0.219251998462722,-0.211463749791945,
-0.185889216979909,-0.16191501733054,-0.129785117598499,-0.0821866277790698,
1.11022302462516E-15),.UNSPECIFIED.);
#415=B_SPLINE_CURVE_WITH_KNOTS('',3,(#5711,#5712,#5713,#5714,#5715,#5716,
#5717,#5718,#5719,#5720,#5721,#5722,#5723,#5724,#5725,#5726,#5727,#5728,
#5729,#5730,#5731,#5732,#5733,#5734,#5735,#5736,#5737,#5738,#5739,#5740,
#5741,#5742,#5743,#5744),.UNSPECIFIED.,.F.,.F.,(4,2,2,2,2,2,2,2,2,2,2,2,
2,2,2,2,4),(-0.903508075424259,-0.830954589852003,-0.779876575626751,-0.745344616782991,
-0.7210798428959,-0.695138528748365,-0.686687849707418,-0.682592077067015,
-0.679425481362003,-0.675973013340441,-0.670463538322755,-0.654539311395043,
-0.631547038543218,-0.606567077220882,-0.569350986974375,-0.500746831217595,
-0.451239265396783),.UNSPECIFIED.);
#416=B_SPLINE_CURVE_WITH_KNOTS('',3,(#5748,#5749,#5750,#5751,#5752,#5753,
#5754,#5755,#5756,#5757,#5758,#5759,#5760,#5761,#5762,#5763,#5764,#5765,
#5766,#5767,#5768,#5769,#5770,#5771,#5772,#5773,#5774,#5775,#5776,#5777,
#5778,#5779,#5780,#5781),.UNSPECIFIED.,.F.,.F.,(4,2,2,2,2,2,2,2,2,2,2,2,
2,2,2,2,4),(-0.451239265402589,-0.415632665682995,-0.354745269423136,-0.311900678421148,
-0.28137652011754,-0.259058385602605,-0.236474286776012,-0.230249281068951,
-0.226552489351411,-0.223293273324693,-0.219251998463718,-0.21146374979285,
-0.185889216980588,-0.161915017331039,-0.12978511759878,-0.0821866277791519,
1.11022302462516E-15),.UNSPECIFIED.);
#417=B_SPLINE_CURVE_WITH_KNOTS('',3,(#5786,#5787,#5788,#5789,#5790,#5791,
#5792,#5793,#5794,#5795,#5796,#5797,#5798,#5799,#5800,#5801,#5802,#5803,
#5804,#5805,#5806,#5807,#5808,#5809,#5810,#5811,#5812,#5813,#5814,#5815,
#5816,#5817,#5818,#5819),.UNSPECIFIED.,.F.,.F.,(4,2,2,2,2,2,2,2,2,2,2,2,
2,2,2,2,4),(-0.903508075437093,-0.830954589864799,-0.779876575639587,-0.74534461679584,
-0.721079842908722,-0.695138528761166,-0.68668784972022,-0.682592077079783,
-0.679425481374779,-0.675973013353215,-0.6704635383354,-0.654539311407296,
-0.631547038554908,-0.606567077231946,-0.569350986984481,-0.500746831225912,
-0.45123926540388),.UNSPECIFIED.);
#418=B_SPLINE_CURVE_WITH_KNOTS('',3,(#5823,#5824,#5825,#5826,#5827,#5828,
#5829,#5830,#5831,#5832,#5833,#5834,#5835,#5836,#5837,#5838,#5839,#5840,
#5841,#5842,#5843,#5844,#5845,#5846,#5847,#5848,#5849,#5850,#5851,#5852,
#5853,#5854,#5855,#5856),.UNSPECIFIED.,.F.,.F.,(4,2,2,2,2,2,2,2,2,2,2,2,
2,2,2,2,4),(-0.451239265401738,-0.415632665681981,-0.354745269421807,-0.311900678419882,
-0.281376520116505,-0.259058385601673,-0.236474286775123,-0.230249281068017,
-0.226552489350408,-0.223293273323666,-0.219251998462773,-0.211463749792012,
-0.185889216979995,-0.161915017330623,-0.129785117598531,-0.08218662777903,
1.11022302462516E-15),.UNSPECIFIED.);
#419=B_SPLINE_CURVE_WITH_KNOTS('',3,(#5861,#5862,#5863,#5864,#5865,#5866,
#5867,#5868,#5869,#5870,#5871,#5872,#5873,#5874,#5875,#5876,#5877,#5878,
#5879,#5880,#5881,#5882,#5883,#5884,#5885,#5886,#5887,#5888,#5889,#5890,
#5891,#5892,#5893,#5894),.UNSPECIFIED.,.F.,.F.,(4,2,2,2,2,2,2,2,2,2,2,2,
2,2,2,2,4),(-0.903508075421815,-0.830954589849626,-0.779876575624336,-0.745344616780541,
-0.721079842893423,-0.695138528745875,-0.68668784970489,-0.682592077064417,
-0.679425481359412,-0.675973013337912,-0.670463538320334,-0.654539311392809,
-0.631547038541185,-0.606567077219071,-0.569350986972874,-0.500746831216632,
-0.451239265395977),.UNSPECIFIED.);
#420=B_SPLINE_CURVE_WITH_KNOTS('',3,(#5898,#5899,#5900,#5901,#5902,#5903,
#5904,#5905,#5906,#5907,#5908,#5909,#5910,#5911,#5912,#5913,#5914,#5915,
#5916,#5917,#5918,#5919,#5920,#5921,#5922,#5923,#5924,#5925,#5926,#5927,
#5928,#5929,#5930,#5931),.UNSPECIFIED.,.F.,.F.,(4,2,2,2,2,2,2,2,2,2,2,2,
2,2,2,2,4),(-0.451239265400285,-0.415632665680471,-0.354745269420446,-0.311900678418645,
-0.281376520115355,-0.259058385600619,-0.236474286774215,-0.230249281067099,
-0.226552489349621,-0.223293273322986,-0.219251998462064,-0.211463749791337,
-0.185889216979472,-0.161915017330252,-0.129785117598416,-0.082186627779116,
1.11022302462516E-15),.UNSPECIFIED.);
#421=B_SPLINE_CURVE_WITH_KNOTS('',3,(#5936,#5937,#5938,#5939,#5940,#5941,
#5942,#5943,#5944,#5945,#5946,#5947,#5948,#5949,#5950,#5951,#5952,#5953,
#5954,#5955,#5956,#5957,#5958,#5959,#5960,#5961,#5962,#5963,#5964,#5965,
#5966,#5967,#5968,#5969),.UNSPECIFIED.,.F.,.F.,(4,2,2,2,2,2,2,2,2,2,2,2,
2,2,2,2,4),(-0.903508075429376,-0.83095458985702,-0.779876575631682,-0.745344616787862,
-0.721079842900757,-0.695138528753246,-0.686687849712346,-0.682592077071913,
-0.679425481366904,-0.675973013345345,-0.670463538327576,-0.654539311399684,
-0.631547038547641,-0.606567077225083,-0.5693509869783,-0.50074683122096,
-0.451239265399907),.UNSPECIFIED.);
#422=B_SPLINE_CURVE_WITH_KNOTS('',3,(#5973,#5974,#5975,#5976,#5977,#5978,
#5979,#5980,#5981,#5982,#5983,#5984,#5985,#5986,#5987,#5988,#5989,#5990,
#5991,#5992,#5993,#5994,#5995,#5996,#5997,#5998,#5999,#6000,#6001,#6002,
#6003,#6004,#6005,#6006),.UNSPECIFIED.,.F.,.F.,(4,2,2,2,2,2,2,2,2,2,2,2,
2,2,2,2,4),(-0.451239265401886,-0.415632665682066,-0.354745269422361,-0.311900678420507,
-0.281376520117049,-0.259058385602214,-0.236474286775761,-0.230249281068644,
-0.226552489351096,-0.223293273324401,-0.219251998463449,-0.211463749792536,
-0.185889216980323,-0.161915017330809,-0.129785117598654,-0.082186627779122,
1.11022302462516E-15),.UNSPECIFIED.);
#423=B_SPLINE_CURVE_WITH_KNOTS('',3,(#6011,#6012,#6013,#6014,#6015,#6016,
#6017,#6018,#6019,#6020,#6021,#6022,#6023,#6024,#6025,#6026,#6027,#6028,
#6029,#6030,#6031,#6032,#6033,#6034,#6035,#6036,#6037,#6038,#6039,#6040,
#6041,#6042,#6043,#6044),.UNSPECIFIED.,.F.,.F.,(4,2,2,2,2,2,2,2,2,2,2,2,
2,2,2,2,4),(-0.903508075423496,-0.830954589851204,-0.779876575626028,-0.7453446167823,
-0.721079842895219,-0.695138528747695,-0.686687849706759,-0.682592077066346,
-0.679425481361375,-0.67597301333987,-0.670463538322217,-0.654539311394613,
-0.631547038542924,-0.606567077220739,-0.569350986974456,-0.500746831218012,
-0.451239265397504),.UNSPECIFIED.);
#424=B_SPLINE_CURVE_WITH_KNOTS('',3,(#6048,#6049,#6050,#6051,#6052,#6053,
#6054,#6055,#6056,#6057,#6058,#6059,#6060,#6061,#6062,#6063,#6064,#6065,
#6066,#6067,#6068,#6069,#6070,#6071,#6072,#6073,#6074,#6075,#6076,#6077,
#6078,#6079,#6080,#6081),.UNSPECIFIED.,.F.,.F.,(4,2,2,2,2,2,2,2,2,2,2,2,
2,2,2,2,4),(-0.45123926539993,-0.415632665680341,-0.354745269420659,-0.311900678419014,
-0.28137652011582,-0.259058385601168,-0.236474286774847,-0.23024928106781,
-0.226552489350315,-0.223293273323662,-0.219251998462768,-0.211463749791971,
-0.185889216979913,-0.161915017330561,-0.12978511759856,-0.0821866277791244,
1.11022302462516E-15),.UNSPECIFIED.);
#425=B_SPLINE_CURVE_WITH_KNOTS('',3,(#6086,#6087,#6088,#6089,#6090,#6091,
#6092,#6093,#6094,#6095,#6096,#6097,#6098,#6099,#6100,#6101,#6102,#6103,
#6104,#6105,#6106,#6107,#6108,#6109,#6110,#6111,#6112,#6113,#6114,#6115,
#6116,#6117,#6118,#6119),.UNSPECIFIED.,.F.,.F.,(4,2,2,2,2,2,2,2,2,2,2,2,
2,2,2,2,4),(-0.903508075430852,-0.83095458985853,-0.779876575633259,-0.745344616789538,
-0.72107984290248,-0.695138528754997,-0.686687849714054,-0.682592077073635,
-0.679425481368654,-0.67597301334711,-0.670463538329335,-0.654539311401463,
-0.631547038549401,-0.606567077226804,-0.569350986979921,-0.500746831222443,
-0.451239265401122),.UNSPECIFIED.);
#426=B_SPLINE_CURVE_WITH_KNOTS('',3,(#6123,#6124,#6125,#6126,#6127,#6128,
#6129,#6130,#6131,#6132,#6133,#6134,#6135,#6136,#6137,#6138,#6139,#6140,
#6141,#6142,#6143,#6144,#6145,#6146,#6147,#6148,#6149,#6150,#6151,#6152,
#6153,#6154,#6155,#6156),.UNSPECIFIED.,.F.,.F.,(4,2,2,2,2,2,2,2,2,2,2,2,
2,2,2,2,4),(-0.451239265403507,-0.415632665683634,-0.354745269423159,-0.31190067842089,
-0.281376520117199,-0.259058385602191,-0.23647428677549,-0.230249281068312,
-0.226552489350739,-0.223293273324053,-0.219251998463174,-0.21146374979235,
-0.185889216980207,-0.161915017330754,-0.129785117598607,-0.0821866277790806,
1.11022302462516E-15),.UNSPECIFIED.);
#427=B_SPLINE_CURVE_WITH_KNOTS('',3,(#6161,#6162,#6163,#6164,#6165,#6166,
#6167,#6168,#6169,#6170,#6171,#6172,#6173,#6174,#6175,#6176,#6177,#6178,
#6179,#6180,#6181,#6182,#6183,#6184,#6185,#6186,#6187,#6188,#6189,#6190,
#6191,#6192,#6193,#6194),.UNSPECIFIED.,.F.,.F.,(4,2,2,2,2,2,2,2,2,2,2,2,
2,2,2,2,4),(-0.903508075418676,-0.830954589846434,-0.779876575621303,-0.745344616777641,
-0.721079842890625,-0.695138528743187,-0.686687849702308,-0.682592077061919,
-0.679425481356977,-0.6759730133355,-0.67046353831786,-0.654539311390305,
-0.631547038538729,-0.606567077216692,-0.569350986970664,-0.500746831214752,
-0.451239265394697),.UNSPECIFIED.);
#428=B_SPLINE_CURVE_WITH_KNOTS('',3,(#6198,#6199,#6200,#6201,#6202,#6203,
#6204,#6205,#6206,#6207,#6208,#6209,#6210,#6211,#6212,#6213,#6214,#6215,
#6216,#6217,#6218,#6219,#6220,#6221,#6222,#6223,#6224,#6225,#6226,#6227,
#6228,#6229,#6230,#6231),.UNSPECIFIED.,.F.,.F.,(4,2,2,2,2,2,2,2,2,2,2,2,
2,2,2,2,4),(-0.451239265399233,-0.415632665679897,-0.354745269420414,-0.311900678418905,
-0.281376520115803,-0.259058385601221,-0.236474286774963,-0.230249281067898,
-0.226552489350365,-0.223293273323666,-0.219251998462712,-0.211463749791886,
-0.185889216979855,-0.161915017330511,-0.12978511759852,-0.0821866277791101,
1.11022302462516E-15),.UNSPECIFIED.);
#429=B_SPLINE_CURVE_WITH_KNOTS('',3,(#6236,#6237,#6238,#6239,#6240,#6241,
#6242,#6243,#6244,#6245,#6246,#6247,#6248,#6249,#6250,#6251,#6252,#6253,
#6254,#6255,#6256,#6257,#6258,#6259,#6260,#6261,#6262,#6263,#6264,#6265,
#6266,#6267,#6268,#6269),.UNSPECIFIED.,.F.,.F.,(4,2,2,2,2,2,2,2,2,2,2,2,
2,2,2,2,4),(-0.903508075422916,-0.830954589850513,-0.77987657562527,-0.745344616781564,
-0.721079842894499,-0.695138528747001,-0.686687849706062,-0.682592077065711,
-0.679425481360717,-0.675973013339161,-0.670463538321523,-0.654539311393959,
-0.631547038542357,-0.606567077220261,-0.569350986974138,-0.500746831217955,
-0.451239265397765),.UNSPECIFIED.);
#430=B_SPLINE_CURVE_WITH_KNOTS('',3,(#6273,#6274,#6275,#6276,#6277,#6278,
#6279,#6280,#6281,#6282,#6283,#6284,#6285,#6286,#6287,#6288,#6289,#6290,
#6291,#6292,#6293,#6294,#6295,#6296,#6297,#6298,#6299,#6300,#6301,#6302,
#6303,#6304,#6305,#6306),.UNSPECIFIED.,.F.,.F.,(4,2,2,2,2,2,2,2,2,2,2,2,
2,2,2,2,4),(-0.451239265401965,-0.41563266568219,-0.354745269422043,-0.311900678419971,
-0.28137652011638,-0.259058385601412,-0.236474286774748,-0.230249281067591,
-0.226552489350052,-0.223293273323378,-0.219251998462484,-0.211463749791728,
-0.185889216979771,-0.161915017330461,-0.12978511759846,-0.0821866277790568,
1.11022302462516E-15),.UNSPECIFIED.);
#431=B_SPLINE_CURVE_WITH_KNOTS('',3,(#6311,#6312,#6313,#6314,#6315,#6316,
#6317,#6318,#6319,#6320,#6321,#6322,#6323,#6324,#6325,#6326,#6327,#6328,
#6329,#6330,#6331,#6332,#6333,#6334,#6335,#6336,#6337,#6338,#6339,#6340,
#6341,#6342,#6343,#6344),.UNSPECIFIED.,.F.,.F.,(4,2,2,2,2,2,2,2,2,2,2,2,
2,2,2,2,4),(-0.903508075433871,-0.830954589861608,-0.779876575636191,-0.745344616792226,
-0.721079842905009,-0.695138528757371,-0.686687849716378,-0.682592077075955,
-0.679425481370986,-0.675973013349443,-0.670463538331615,-0.654539311403562,
-0.631547038551308,-0.60656707722853,-0.56935098698139,-0.500746831223489,
-0.451239265401978),.UNSPECIFIED.);
#432=B_SPLINE_CURVE_WITH_KNOTS('',3,(#6348,#6349,#6350,#6351,#6352,#6353,
#6354,#6355,#6356,#6357,#6358,#6359,#6360,#6361,#6362,#6363,#6364,#6365,
#6366,#6367,#6368,#6369,#6370,#6371,#6372,#6373,#6374,#6375,#6376,#6377,
#6378,#6379,#6380,#6381),.UNSPECIFIED.,.F.,.F.,(4,2,2,2,2,2,2,2,2,2,2,2,
2,2,2,2,4),(-0.45123926539853,-0.415632665679148,-0.354745269419681,-0.31190067841826,
-0.281376520115277,-0.259058385600756,-0.236474286774563,-0.230249281067532,
-0.226552489350039,-0.223293273323396,-0.219251998462515,-0.211463749791706,
-0.185889216979718,-0.161915017330395,-0.129785117598445,-0.0821866277790887,
1.11022302462516E-15),.UNSPECIFIED.);
#433=B_SPLINE_CURVE_WITH_KNOTS('',3,(#6386,#6387,#6388,#6389,#6390,#6391,
#6392,#6393,#6394,#6395,#6396,#6397,#6398,#6399,#6400,#6401,#6402,#6403,
#6404,#6405,#6406,#6407,#6408,#6409,#6410,#6411,#6412,#6413,#6414,#6415,
#6416,#6417,#6418,#6419),.UNSPECIFIED.,.F.,.F.,(4,2,2,2,2,2,2,2,2,2,2,2,
2,2,2,2,4),(-0.90350807542152,-0.830954589849243,-0.779876575624117,-0.745344616780486,
-0.721079842893486,-0.69513852874607,-0.686687849705172,-0.682592077064782,
-0.679425481359798,-0.675973013338287,-0.67046353832068,-0.654539311393026,
-0.631547038541315,-0.606567077219121,-0.569350986972855,-0.500746831216445,
-0.451239265396023),.UNSPECIFIED.);
#434=B_SPLINE_CURVE_WITH_KNOTS('',3,(#6423,#6424,#6425,#6426,#6427,#6428,
#6429,#6430,#6431,#6432,#6433,#6434,#6435,#6436,#6437,#6438,#6439,#6440,
#6441,#6442,#6443,#6444,#6445,#6446,#6447,#6448,#6449,#6450,#6451,#6452,
#6453,#6454,#6455,#6456),.UNSPECIFIED.,.F.,.F.,(4,2,2,2,2,2,2,2,2,2,2,2,
2,2,2,2,4),(-0.451239265402855,-0.415632665682849,-0.354745269422651,-0.31190067842063,
-0.281376520117162,-0.259058385602301,-0.236474286775788,-0.230249281068653,
-0.226552489351166,-0.22329327332451,-0.21925199846353,-0.211463749792672,
-0.185889216980458,-0.16191501733094,-0.129785117598715,-0.0821866277791145,
1.11022302462516E-15),.UNSPECIFIED.);
#435=B_SPLINE_CURVE_WITH_KNOTS('',3,(#6461,#6462,#6463,#6464,#6465,#6466,
#6467,#6468,#6469,#6470,#6471,#6472,#6473,#6474,#6475,#6476,#6477,#6478,
#6479,#6480,#6481,#6482,#6483,#6484,#6485,#6486,#6487,#6488,#6489,#6490,
#6491,#6492,#6493,#6494),.UNSPECIFIED.,.F.,.F.,(4,2,2,2,2,2,2,2,2,2,2,2,
2,2,2,2,4),(-0.903508075426194,-0.83095458985402,-0.779876575628714,-0.74534461678482,
-0.721079842897624,-0.695138528749973,-0.686687849709012,-0.682592077068617,
-0.67942548136362,-0.675973013342077,-0.670463538324421,-0.654539311396789,
-0.631547038545052,-0.606567077222833,-0.569350986976476,-0.500746831219961,
-0.451239265399138),.UNSPECIFIED.);
#436=B_SPLINE_CURVE_WITH_KNOTS('',3,(#6498,#6499,#6500,#6501,#6502,#6503,
#6504,#6505,#6506,#6507,#6508,#6509,#6510,#6511,#6512,#6513,#6514,#6515,
#6516,#6517,#6518,#6519,#6520,#6521,#6522,#6523,#6524,#6525,#6526,#6527,
#6528,#6529,#6530,#6531),.UNSPECIFIED.,.F.,.F.,(4,2,2,2,2,2,2,2,2,2,2,2,
2,2,2,2,4),(-0.451239265397489,-0.41563266567853,-0.354745269420006,-0.311900678419006,
-0.281376520116184,-0.259058385601796,-0.236474286775773,-0.230249281068782,
-0.226552489351307,-0.223293273324653,-0.219251998463695,-0.211463749792767,
-0.185889216980533,-0.161915017330997,-0.129785117598775,-0.0821866277791474,
1.11022302462516E-15),.UNSPECIFIED.);
#437=B_SPLINE_CURVE_WITH_KNOTS('',3,(#6536,#6537,#6538,#6539,#6540,#6541,
#6542,#6543,#6544,#6545,#6546,#6547,#6548,#6549,#6550,#6551,#6552,#6553,
#6554,#6555,#6556,#6557,#6558,#6559,#6560,#6561,#6562,#6563,#6564,#6565,
#6566,#6567,#6568,#6569),.UNSPECIFIED.,.F.,.F.,(4,2,2,2,2,2,2,2,2,2,2,2,
2,2,2,2,4),(-0.903508075425791,-0.830954589853465,-0.779876575628186,-0.745344616784412,
-0.72107984289728,-0.695138528749686,-0.686687849708717,-0.682592077068278,
-0.679425481363263,-0.675973013341712,-0.670463538324044,-0.654539311396437,
-0.631547038544708,-0.606567077222455,-0.569350986976045,-0.500746831219335,
-0.451239265398511),.UNSPECIFIED.);
#438=B_SPLINE_CURVE_WITH_KNOTS('',3,(#6573,#6574,#6575,#6576,#6577,#6578,
#6579,#6580,#6581,#6582,#6583,#6584,#6585,#6586,#6587,#6588,#6589,#6590,
#6591,#6592,#6593,#6594,#6595,#6596,#6597,#6598,#6599,#6600,#6601,#6602,
#6603,#6604,#6605,#6606),.UNSPECIFIED.,.F.,.F.,(4,2,2,2,2,2,2,2,2,2,2,2,
2,2,2,2,4),(-0.451239265400288,-0.415632665680688,-0.35474526942063,-0.311900678418971,
-0.281376520115948,-0.259058385601394,-0.236474286775139,-0.230249281068084,
-0.226552489350605,-0.223293273323958,-0.21925199846303,-0.211463749792201,
-0.185889216980105,-0.161915017330678,-0.129785117598571,-0.0821866277790592,
1.11022302462516E-15),.UNSPECIFIED.);
#439=B_SPLINE_CURVE_WITH_KNOTS('',3,(#6611,#6612,#6613,#6614,#6615,#6616,
#6617,#6618,#6619,#6620,#6621,#6622,#6623,#6624,#6625,#6626,#6627,#6628,
#6629,#6630,#6631,#6632,#6633,#6634,#6635,#6636,#6637,#6638,#6639,#6640,
#6641,#6642,#6643,#6644),.UNSPECIFIED.,.F.,.F.,(4,2,2,2,2,2,2,2,2,2,2,2,
2,2,2,2,4),(-0.903508075435809,-0.830954589863484,-0.779876575638095,-0.745344616794232,
-0.721079842907059,-0.695138528759444,-0.686687849718449,-0.682592077078066,
-0.679425481373029,-0.675973013351416,-0.670463538333653,-0.654539311405661,
-0.631547038553376,-0.606567077230589,-0.569350986983411,-0.500746831225315,
-0.451239265403361),.UNSPECIFIED.);
#440=B_SPLINE_CURVE_WITH_KNOTS('',3,(#6648,#6649,#6650,#6651,#6652,#6653,
#6654,#6655,#6656,#6657,#6658,#6659,#6660,#6661,#6662,#6663,#6664,#6665,
#6666,#6667,#6668,#6669,#6670,#6671,#6672,#6673,#6674,#6675,#6676,#6677,
#6678,#6679,#6680,#6681),.UNSPECIFIED.,.F.,.F.,(4,2,2,2,2,2,2,2,2,2,2,2,
2,2,2,2,4),(-0.451239265400693,-0.41563266568127,-0.354745269421487,-0.31190067841976,
-0.281376520116543,-0.259058385601851,-0.236474286775459,-0.230249281068356,
-0.226552489350834,-0.223293273324166,-0.21925199846326,-0.211463749792459,
-0.185889216980304,-0.161915017330838,-0.129785117598637,-0.0821866277790767,
1.11022302462516E-15),.UNSPECIFIED.);
#441=B_SPLINE_CURVE_WITH_KNOTS('',3,(#6686,#6687,#6688,#6689,#6690,#6691,
#6692,#6693,#6694,#6695,#6696,#6697,#6698,#6699,#6700,#6701,#6702,#6703,
#6704,#6705,#6706,#6707,#6708,#6709,#6710,#6711,#6712,#6713,#6714,#6715,
#6716,#6717,#6718,#6719),.UNSPECIFIED.,.F.,.F.,(4,2,2,2,2,2,2,2,2,2,2,2,
2,2,2,2,4),(-0.903508075433456,-0.830954589861204,-0.779876575635953,-0.745344616792152,
-0.721079842905061,-0.695138528757556,-0.686687849716617,-0.682592077076181,
-0.679425481371143,-0.675973013349546,-0.670463538331755,-0.654539311403785,
-0.631547038551615,-0.606567077228919,-0.569350986981859,-0.500746831224016,
-0.451239265402508),.UNSPECIFIED.);
#442=B_SPLINE_CURVE_WITH_KNOTS('',3,(#6723,#6724,#6725,#6726,#6727,#6728,
#6729,#6730,#6731,#6732,#6733,#6734,#6735,#6736,#6737,#6738,#6739,#6740,
#6741,#6742,#6743,#6744,#6745,#6746,#6747,#6748,#6749,#6750,#6751,#6752,
#6753,#6754,#6755,#6756),.UNSPECIFIED.,.F.,.F.,(4,2,2,2,2,2,2,2,2,2,2,2,
2,2,2,2,4),(-0.45123926540344,-0.415632665683391,-0.35474526942285,-0.311900678420667,
-0.281376520117112,-0.259058385602171,-0.236474286775554,-0.230249281068417,
-0.2265524893509,-0.223293273324209,-0.21925199846322,-0.211463749792411,
-0.185889216980274,-0.161915017330827,-0.129785117598644,-0.0821866277790901,
1.11022302462516E-15),.UNSPECIFIED.);
#443=B_SPLINE_CURVE_WITH_KNOTS('',3,(#6761,#6762,#6763,#6764,#6765,#6766,
#6767,#6768,#6769,#6770,#6771,#6772,#6773,#6774,#6775,#6776,#6777,#6778,
#6779,#6780,#6781,#6782,#6783,#6784,#6785,#6786,#6787,#6788,#6789,#6790,
#6791,#6792,#6793,#6794),.UNSPECIFIED.,.F.,.F.,(4,2,2,2,2,2,2,2,2,2,2,2,
2,2,2,2,4),(-0.903508075429398,-0.830954589857199,-0.779876575631772,-0.7453446167877,
-0.721079842900361,-0.695138528752555,-0.686687849711474,-0.682592077071034,
-0.679425481366026,-0.675973013344472,-0.670463538326774,-0.654539311398979,
-0.631547038546968,-0.606567077224445,-0.569350986977603,-0.500746831220066,
-0.4512392653986),.UNSPECIFIED.);
#444=B_SPLINE_CURVE_WITH_KNOTS('',3,(#6798,#6799,#6800,#6801,#6802,#6803,
#6804,#6805,#6806,#6807,#6808,#6809,#6810,#6811,#6812,#6813,#6814,#6815,
#6816,#6817,#6818,#6819,#6820,#6821,#6822,#6823,#6824,#6825,#6826,#6827,
#6828,#6829,#6830,#6831),.UNSPECIFIED.,.F.,.F.,(4,2,2,2,2,2,2,2,2,2,2,2,
2,2,2,2,4),(-0.451239265401144,-0.415632665681547,-0.35474526942217,-0.311900678420495,
-0.281376520117099,-0.259058385602319,-0.236474286775892,-0.230249281068795,
-0.226552489351275,-0.223293273324574,-0.219251998463568,-0.211463749792675,
-0.185889216980475,-0.161915017330963,-0.129785117598735,-0.0821866277791271,
1.11022302462516E-15),.UNSPECIFIED.);
#445=B_SPLINE_CURVE_WITH_KNOTS('',3,(#6836,#6837,#6838,#6839,#6840,#6841,
#6842,#6843,#6844,#6845,#6846,#6847,#6848,#6849,#6850,#6851,#6852,#6853,
#6854,#6855,#6856,#6857,#6858,#6859,#6860,#6861,#6862,#6863,#6864,#6865,
#6866,#6867,#6868,#6869),.UNSPECIFIED.,.F.,.F.,(4,2,2,2,2,2,2,2,2,2,2,2,
2,2,2,2,4),(-0.903508075427735,-0.830954589855514,-0.77987657563034,-0.745344616786621,
-0.721079842899571,-0.69513852875212,-0.68668784971119,-0.682592077070776,
-0.679425481365789,-0.675973013344249,-0.670463538326515,-0.654539311398702,
-0.631547038546741,-0.606567077224275,-0.569350986977603,-0.500746831220547,
-0.451239265399576),.UNSPECIFIED.);
#446=B_SPLINE_CURVE_WITH_KNOTS('',3,(#6873,#6874,#6875,#6876,#6877,#6878,
#6879,#6880,#6881,#6882,#6883,#6884,#6885,#6886,#6887,#6888,#6889,#6890,
#6891,#6892,#6893,#6894,#6895,#6896,#6897,#6898,#6899,#6900,#6901,#6902,
#6903,#6904,#6905,#6906),.UNSPECIFIED.,.F.,.F.,(4,2,2,2,2,2,2,2,2,2,2,2,
2,2,2,2,4),(-0.451239265397343,-0.41563266567824,-0.354745269419382,-0.311900678418289,
-0.281376520115464,-0.259058385601075,-0.236474286775032,-0.230249281068075,
-0.226552489350616,-0.223293273323988,-0.219251998463101,-0.211463749792261,
-0.185889216980132,-0.161915017330703,-0.129785117598615,-0.0821866277791226,
1.11022302462516E-15),.UNSPECIFIED.);
#447=B_SPLINE_CURVE_WITH_KNOTS('',3,(#6911,#6912,#6913,#6914,#6915,#6916,
#6917,#6918,#6919,#6920,#6921,#6922,#6923,#6924,#6925,#6926,#6927,#6928,
#6929,#6930,#6931,#6932,#6933,#6934,#6935,#6936,#6937,#6938,#6939,#6940,
#6941,#6942,#6943,#6944),.UNSPECIFIED.,.F.,.F.,(4,2,2,2,2,2,2,2,2,2,2,2,
2,2,2,2,4),(-0.903508075428395,-0.830954589856174,-0.779876575631014,-0.745344616787301,
-0.721079842900242,-0.695138528752742,-0.686687849711806,-0.682592077071419,
-0.679425481366409,-0.675973013344843,-0.670463538327152,-0.654539311399386,
-0.631547038547456,-0.606567077225015,-0.569350986978323,-0.500746831221133,
-0.451239265400009),.UNSPECIFIED.);
#448=B_SPLINE_CURVE_WITH_KNOTS('',3,(#6948,#6949,#6950,#6951,#6952,#6953,
#6954,#6955,#6956,#6957,#6958,#6959,#6960,#6961,#6962,#6963,#6964,#6965,
#6966,#6967,#6968,#6969,#6970,#6971,#6972,#6973,#6974,#6975,#6976,#6977,
#6978,#6979,#6980,#6981),.UNSPECIFIED.,.F.,.F.,(4,2,2,2,2,2,2,2,2,2,2,2,
2,2,2,2,4),(-0.451239265400396,-0.415632665680848,-0.354745269421214,-0.311900678419507,
-0.281376520116186,-0.259058385601418,-0.23647428677497,-0.230249281067899,
-0.226552489350459,-0.223293273323848,-0.219251998462915,-0.211463749792075,
-0.185889216980018,-0.161915017330633,-0.129785117598572,-0.0821866277790944,
1.11022302462516E-15),.UNSPECIFIED.);
#449=B_SPLINE_CURVE_WITH_KNOTS('',3,(#6986,#6987,#6988,#6989,#6990,#6991,
#6992,#6993,#6994,#6995,#6996,#6997,#6998,#6999,#7000,#7001,#7002,#7003,
#7004,#7005,#7006,#7007,#7008,#7009,#7010,#7011,#7012,#7013,#7014,#7015,
#7016,#7017,#7018,#7019),.UNSPECIFIED.,.F.,.F.,(4,2,2,2,2,2,2,2,2,2,2,2,
2,2,2,2,4),(-0.903508075429183,-0.830954589856919,-0.779876575631834,-0.74534461678823,
-0.721079842901226,-0.695138528753791,-0.686687849712863,-0.682592077072514,
-0.67942548136756,-0.675973013346038,-0.670463538328334,-0.654539311400472,
-0.631547038548434,-0.606567077225873,-0.569350986979007,-0.500746831221481,
-0.451239265400248),.UNSPECIFIED.);
#450=B_SPLINE_CURVE_WITH_KNOTS('',3,(#7023,#7024,#7025,#7026,#7027,#7028,
#7029,#7030,#7031,#7032,#7033,#7034,#7035,#7036,#7037,#7038,#7039,#7040,
#7041,#7042,#7043,#7044,#7045,#7046,#7047,#7048,#7049,#7050,#7051,#7052,
#7053,#7054,#7055,#7056),.UNSPECIFIED.,.F.,.F.,(4,2,2,2,2,2,2,2,2,2,2,2,
2,2,2,2,4),(-0.451239265401228,-0.41563266568165,-0.354745269422261,-0.311900678420545,
-0.281376520117066,-0.259058385602215,-0.236474286775728,-0.230249281068631,
-0.226552489351067,-0.223293273324364,-0.219251998463451,-0.211463749792568,
-0.185889216980357,-0.16191501733086,-0.129785117598676,-0.0821866277791354,
1.11022302462516E-15),.UNSPECIFIED.);
#451=B_SPLINE_CURVE_WITH_KNOTS('',3,(#7061,#7062,#7063,#7064,#7065,#7066,
#7067,#7068,#7069,#7070,#7071,#7072,#7073,#7074,#7075,#7076,#7077,#7078,
#7079,#7080,#7081,#7082,#7083,#7084,#7085,#7086,#7087,#7088,#7089,#7090,
#7091,#7092,#7093,#7094),.UNSPECIFIED.,.F.,.F.,(4,2,2,2,2,2,2,2,2,2,2,2,
2,2,2,2,4),(-0.903508075427754,-0.830954589855512,-0.779876575630326,-0.745344616786583,
-0.721079842899522,-0.695138528752042,-0.686687849711139,-0.682592077070771,
-0.679425481365759,-0.675973013344184,-0.670463538326479,-0.654539311398678,
-0.63154703854674,-0.606567077224296,-0.569350986977633,-0.500746831220527,
-0.451239265399578),.UNSPECIFIED.);
#452=B_SPLINE_CURVE_WITH_KNOTS('',3,(#7098,#7099,#7100,#7101,#7102,#7103,
#7104,#7105,#7106,#7107,#7108,#7109,#7110,#7111,#7112,#7113,#7114,#7115,
#7116,#7117,#7118,#7119,#7120,#7121,#7122,#7123,#7124,#7125,#7126,#7127,
#7128,#7129,#7130,#7131),.UNSPECIFIED.,.F.,.F.,(4,2,2,2,2,2,2,2,2,2,2,2,
2,2,2,2,4),(-0.451239265401781,-0.415632665681997,-0.354745269421995,-0.311900678420073,
-0.281376520116605,-0.259058385601744,-0.236474286775204,-0.230249281068117,
-0.226552489350583,-0.2232932733239,-0.219251998462993,-0.211463749792168,
-0.185889216980091,-0.161915017330682,-0.129785117598593,-0.0821866277791035,
1.11022302462516E-15),.UNSPECIFIED.);
#453=B_SPLINE_CURVE_WITH_KNOTS('',3,(#7136,#7137,#7138,#7139,#7140,#7141,
#7142,#7143,#7144,#7145,#7146,#7147,#7148,#7149,#7150,#7151,#7152,#7153,
#7154,#7155,#7156,#7157,#7158,#7159,#7160,#7161,#7162,#7163,#7164,#7165,
#7166,#7167,#7168,#7169),.UNSPECIFIED.,.F.,.F.,(4,2,2,2,2,2,2,2,2,2,2,2,
2,2,2,2,4),(-0.903508075425608,-0.83095458985337,-0.779876575628212,-0.745344616784504,
-0.721079842897427,-0.695138528749906,-0.686687849708955,-0.682592077068541,
-0.679425481363571,-0.675973013342068,-0.670463538324422,-0.654539311396749,
-0.631547038544981,-0.60656707722269,-0.569350986976237,-0.50074683121948,
-0.45123926539876),.UNSPECIFIED.);
#454=B_SPLINE_CURVE_WITH_KNOTS('',3,(#7173,#7174,#7175,#7176,#7177,#7178,
#7179,#7180,#7181,#7182,#7183,#7184,#7185,#7186,#7187,#7188,#7189,#7190,
#7191,#7192,#7193,#7194,#7195,#7196,#7197,#7198,#7199,#7200,#7201,#7202,
#7203,#7204,#7205,#7206),.UNSPECIFIED.,.F.,.F.,(4,2,2,2,2,2,2,2,2,2,2,2,
2,2,2,2,4),(-0.451239265400792,-0.41563266568133,-0.354745269421793,-0.311900678420054,
-0.281376520116636,-0.259058385601801,-0.236474286775289,-0.230249281068189,
-0.226552489350631,-0.223293273323913,-0.219251998462964,-0.211463749792156,
-0.185889216980072,-0.161915017330667,-0.129785117598578,-0.0821866277790924,
1.11022302462516E-15),.UNSPECIFIED.);
#455=B_SPLINE_CURVE_WITH_KNOTS('',3,(#7211,#7212,#7213,#7214,#7215,#7216,
#7217,#7218,#7219,#7220,#7221,#7222,#7223,#7224,#7225,#7226,#7227,#7228,
#7229,#7230,#7231,#7232,#7233,#7234,#7235,#7236,#7237,#7238,#7239,#7240,
#7241,#7242,#7243,#7244),.UNSPECIFIED.,.F.,.F.,(4,2,2,2,2,2,2,2,2,2,2,2,
2,2,2,2,4),(-0.903508075426413,-0.830954589854137,-0.779876575629061,-0.745344616785503,
-0.721079842898609,-0.695138528751334,-0.686687849710504,-0.68259207707022,
-0.679425481365262,-0.675973013343708,-0.670463538325965,-0.654539311398079,
-0.631547038546061,-0.606567077223542,-0.569350986976827,-0.500746831219718,
-0.451239265398853),.UNSPECIFIED.);
#456=B_SPLINE_CURVE_WITH_KNOTS('',3,(#7248,#7249,#7250,#7251,#7252,#7253,
#7254,#7255,#7256,#7257,#7258,#7259,#7260,#7261,#7262,#7263,#7264,#7265,
#7266,#7267,#7268,#7269,#7270,#7271,#7272,#7273,#7274,#7275,#7276,#7277,
#7278,#7279,#7280,#7281),.UNSPECIFIED.,.F.,.F.,(4,2,2,2,2,2,2,2,2,2,2,2,
2,2,2,2,4),(-0.451239265400897,-0.415632665681319,-0.354745269421647,-0.311900678419896,
-0.28137652011655,-0.259058385601789,-0.236474286775374,-0.230249281068276,
-0.226552489350716,-0.223293273324003,-0.219251998463064,-0.211463749792241,
-0.18588921698012,-0.1619150173307,-0.129785117598614,-0.0821866277791311,
1.11022302462516E-15),.UNSPECIFIED.);
#457=B_SPLINE_CURVE_WITH_KNOTS('',3,(#7286,#7287,#7288,#7289,#7290,#7291,
#7292,#7293,#7294,#7295,#7296,#7297,#7298,#7299,#7300,#7301,#7302,#7303,
#7304,#7305,#7306,#7307,#7308,#7309,#7310,#7311,#7312,#7313,#7314,#7315,
#7316,#7317,#7318,#7319),.UNSPECIFIED.,.F.,.F.,(4,2,2,2,2,2,2,2,2,2,2,2,
2,2,2,2,4),(-0.903508075425739,-0.830954589853535,-0.779876575628313,-0.745344616784551,
-0.721079842897469,-0.695138528749969,-0.686687849709016,-0.682592077068614,
-0.679425481363672,-0.675973013342194,-0.670463538324537,-0.654539311396827,
-0.631547038545008,-0.606567077222694,-0.569350986976263,-0.500746831219636,
-0.451239265398941),.UNSPECIFIED.);
#458=B_SPLINE_CURVE_WITH_KNOTS('',3,(#7323,#7324,#7325,#7326,#7327,#7328,
#7329,#7330,#7331,#7332,#7333,#7334,#7335,#7336,#7337,#7338,#7339,#7340,
#7341,#7342,#7343,#7344,#7345,#7346,#7347,#7348,#7349,#7350,#7351,#7352,
#7353,#7354,#7355,#7356),.UNSPECIFIED.,.F.,.F.,(4,2,2,2,2,2,2,2,2,2,2,2,
2,2,2,2,4),(-0.451239265397491,-0.415632665678391,-0.354745269419365,-0.311900678418172,
-0.281376520115263,-0.259058385600808,-0.236474286774674,-0.230249281067683,
-0.226552489350236,-0.223293273323604,-0.219251998462676,-0.211463749791895,
-0.185889216979881,-0.161915017330539,-0.129785117598546,-0.0821866277791171,
1.11022302462516E-15),.UNSPECIFIED.);
#459=B_SPLINE_CURVE_WITH_KNOTS('',3,(#7361,#7362,#7363,#7364,#7365,#7366,
#7367,#7368,#7369,#7370,#7371,#7372,#7373,#7374,#7375,#7376,#7377,#7378,
#7379,#7380,#7381,#7382,#7383,#7384,#7385,#7386,#7387,#7388,#7389,#7390,
#7391,#7392,#7393,#7394),.UNSPECIFIED.,.F.,.F.,(4,2,2,2,2,2,2,2,2,2,2,2,
2,2,2,2,4),(-0.903508075426492,-0.830954589854181,-0.779876575629087,-0.745344616785494,
-0.721079842898549,-0.695138528751194,-0.68668784971032,-0.682592077069949,
-0.67942548136501,-0.675973013343514,-0.670463538325804,-0.654539311398043,
-0.631547038546194,-0.606567077223825,-0.569350986977277,-0.50074683122037,
-0.451239265399739),.UNSPECIFIED.);
#460=B_SPLINE_CURVE_WITH_KNOTS('',3,(#7398,#7399,#7400,#7401,#7402,#7403,
#7404,#7405,#7406,#7407,#7408,#7409,#7410,#7411,#7412,#7413,#7414,#7415,
#7416,#7417,#7418,#7419,#7420,#7421,#7422,#7423,#7424,#7425,#7426,#7427,
#7428,#7429,#7430,#7431),.UNSPECIFIED.,.F.,.F.,(4,2,2,2,2,2,2,2,2,2,2,2,
2,2,2,2,4),(-0.451239265396396,-0.415632665677321,-0.354745269418749,-0.311900678417831,
-0.281376520115079,-0.259058385600737,-0.236474286774744,-0.230249281067774,
-0.226552489350326,-0.223293273323683,-0.21925199846272,-0.211463749791878,
-0.18588921697988,-0.161915017330534,-0.129785117598526,-0.0821866277790951,
1.11022302462516E-15),.UNSPECIFIED.);
#461=B_SPLINE_CURVE_WITH_KNOTS('',3,(#7436,#7437,#7438,#7439,#7440,#7441,
#7442,#7443,#7444,#7445,#7446,#7447,#7448,#7449,#7450,#7451,#7452,#7453,
#7454,#7455,#7456,#7457,#7458,#7459,#7460,#7461,#7462,#7463,#7464,#7465,
#7466,#7467,#7468,#7469),.UNSPECIFIED.,.F.,.F.,(4,2,2,2,2,2,2,2,2,2,2,2,
2,2,2,2,4),(-0.903508075426966,-0.830954589854724,-0.779876575629558,-0.745344616785868,
-0.721079842898846,-0.695138528751415,-0.68668784971053,-0.682592077070107,
-0.679425481365082,-0.675973013343525,-0.67046353832585,-0.654539311398007,
-0.631547038546058,-0.606567077223615,-0.569350986976976,-0.500746831219962,
-0.451239265399164),.UNSPECIFIED.);
#462=B_SPLINE_CURVE_WITH_KNOTS('',3,(#7473,#7474,#7475,#7476,#7477,#7478,
#7479,#7480,#7481,#7482,#7483,#7484,#7485,#7486,#7487,#7488,#7489,#7490,
#7491,#7492,#7493,#7494,#7495,#7496,#7497,#7498,#7499,#7500,#7501,#7502,
#7503,#7504,#7505,#7506),.UNSPECIFIED.,.F.,.F.,(4,2,2,2,2,2,2,2,2,2,2,2,
2,2,2,2,4),(-0.451239265400844,-0.415632665681213,-0.354745269421456,-0.311900678419791,
-0.281376520116609,-0.259058385601962,-0.236474286775661,-0.230249281068601,
-0.226552489351096,-0.22329327332441,-0.219251998463428,-0.211463749792567,
-0.185889216980367,-0.16191501733086,-0.129785117598671,-0.0821866277790967,
1.11022302462516E-15),.UNSPECIFIED.);
#463=B_SPLINE_CURVE_WITH_KNOTS('',3,(#7511,#7512,#7513,#7514,#7515,#7516,
#7517,#7518,#7519,#7520,#7521,#7522,#7523,#7524,#7525,#7526,#7527,#7528,
#7529,#7530,#7531,#7532,#7533,#7534,#7535,#7536,#7537,#7538,#7539,#7540,
#7541,#7542,#7543,#7544),.UNSPECIFIED.,.F.,.F.,(4,2,2,2,2,2,2,2,2,2,2,2,
2,2,2,2,4),(-0.903508075424248,-0.830954589851993,-0.779876575626803,-0.745344616783074,
-0.721079842896007,-0.695138528748508,-0.686687849707554,-0.682592077067143,
-0.679425481362204,-0.67597301334073,-0.670463538323072,-0.654539311395434,
-0.63154703854368,-0.606567077221432,-0.569350986975064,-0.500746831218472,
-0.451239265397764),.UNSPECIFIED.);
#464=B_SPLINE_CURVE_WITH_KNOTS('',3,(#7548,#7549,#7550,#7551,#7552,#7553,
#7554,#7555,#7556,#7557,#7558,#7559,#7560,#7561,#7562,#7563,#7564,#7565,
#7566,#7567,#7568,#7569,#7570,#7571,#7572,#7573,#7574,#7575,#7576,#7577,
#7578,#7579,#7580,#7581),.UNSPECIFIED.,.F.,.F.,(4,2,2,2,2,2,2,2,2,2,2,2,
2,2,2,2,4),(-0.451239265405525,-0.415632665685285,-0.354745269424349,-0.311900678421814,
-0.281376520117961,-0.259058385602849,-0.236474286776076,-0.230249281068896,
-0.226552489351366,-0.223293273324685,-0.219251998463716,-0.211463749792837,
-0.185889216980573,-0.161915017331025,-0.1297851175988,-0.0821866277791764,
1.11022302462516E-15),.UNSPECIFIED.);
#465=B_SPLINE_CURVE_WITH_KNOTS('',3,(#7586,#7587,#7588,#7589,#7590,#7591,
#7592,#7593,#7594,#7595,#7596,#7597,#7598,#7599,#7600,#7601,#7602,#7603,
#7604,#7605,#7606,#7607,#7608,#7609,#7610,#7611,#7612,#7613,#7614,#7615,
#7616,#7617,#7618,#7619),.UNSPECIFIED.,.F.,.F.,(4,2,2,2,2,2,2,2,2,2,2,2,
2,2,2,2,4),(-0.903508075421776,-0.830954589849454,-0.779876575624288,-0.745344616780531,
-0.721079842893419,-0.695138528745848,-0.686687849704912,-0.682592077064497,
-0.67942548135954,-0.675973013338063,-0.670463538320458,-0.6545393113929,
-0.631547038541337,-0.606567077219238,-0.569350986973077,-0.500746831216749,
-0.451239265396541),.UNSPECIFIED.);
#466=B_SPLINE_CURVE_WITH_KNOTS('',3,(#7623,#7624,#7625,#7626,#7627,#7628,
#7629,#7630,#7631,#7632,#7633,#7634,#7635,#7636,#7637,#7638,#7639,#7640,
#7641,#7642,#7643,#7644,#7645,#7646,#7647,#7648,#7649,#7650,#7651,#7652,
#7653,#7654,#7655,#7656),.UNSPECIFIED.,.F.,.F.,(4,2,2,2,2,2,2,2,2,2,2,2,
2,2,2,2,4),(-0.451239265397482,-0.415632665678339,-0.354745269419221,-0.311900678418077,
-0.281376520115283,-0.259058385600919,-0.236474286774883,-0.230249281067878,
-0.226552489350422,-0.223293273323799,-0.219251998462892,-0.21146374979207,
-0.185889216980002,-0.161915017330604,-0.129785117598545,-0.0821866277790812,
1.11022302462516E-15),.UNSPECIFIED.);
#467=B_SPLINE_CURVE_WITH_KNOTS('',3,(#7661,#7662,#7663,#7664,#7665,#7666,
#7667,#7668,#7669,#7670,#7671,#7672,#7673,#7674,#7675,#7676,#7677,#7678,
#7679,#7680,#7681,#7682,#7683,#7684,#7685,#7686,#7687,#7688,#7689,#7690,
#7691,#7692,#7693,#7694),.UNSPECIFIED.,.F.,.F.,(4,2,2,2,2,2,2,2,2,2,2,2,
2,2,2,2,4),(-0.903508075430079,-0.830954589857791,-0.779876575632602,-0.745344616788844,
-0.721079842901747,-0.695138528754219,-0.686687849713237,-0.682592077072837,
-0.679425481367844,-0.67597301334629,-0.670463538328553,-0.654539311400694,
-0.631547038548662,-0.606567077226085,-0.569350986979288,-0.500746831221922,
-0.451239265400714),.UNSPECIFIED.);
#468=B_SPLINE_CURVE_WITH_KNOTS('',3,(#7698,#7699,#7700,#7701,#7702,#7703,
#7704,#7705,#7706,#7707,#7708,#7709,#7710,#7711,#7712,#7713,#7714,#7715,
#7716,#7717,#7718,#7719,#7720,#7721,#7722,#7723,#7724,#7725,#7726,#7727,
#7728,#7729,#7730,#7731),.UNSPECIFIED.,.F.,.F.,(4,2,2,2,2,2,2,2,2,2,2,2,
2,2,2,2,4),(-0.451239265403262,-0.415632665683541,-0.354745269423455,-0.311900678421287,
-0.281376520117532,-0.259058385602483,-0.23647428677573,-0.230249281068522,
-0.226552489350961,-0.223293273324266,-0.219251998463322,-0.211463749792487,
-0.185889216980328,-0.161915017330841,-0.129785117598643,-0.0821866277790628,
1.11022302462516E-15),.UNSPECIFIED.);
#469=B_SPLINE_CURVE_WITH_KNOTS('',3,(#7736,#7737,#7738,#7739,#7740,#7741,
#7742,#7743,#7744,#7745,#7746,#7747,#7748,#7749,#7750,#7751,#7752,#7753,
#7754,#7755,#7756,#7757,#7758,#7759,#7760,#7761,#7762,#7763,#7764,#7765,
#7766,#7767,#7768,#7769),.UNSPECIFIED.,.F.,.F.,(4,2,2,2,2,2,2,2,2,2,2,2,
2,2,2,2,4),(-0.903508075423237,-0.83095458985094,-0.779876575625685,-0.745344616781861,
-0.721079842894732,-0.695138528747181,-0.686687849706234,-0.682592077065785,
-0.679425481360792,-0.675973013339276,-0.670463538321622,-0.654539311394008,
-0.631547038542347,-0.606567077220188,-0.569350986973931,-0.50074683121752,
-0.451239265397109),.UNSPECIFIED.);
#470=B_SPLINE_CURVE_WITH_KNOTS('',3,(#7773,#7774,#7775,#7776,#7777,#7778,
#7779,#7780,#7781,#7782,#7783,#7784,#7785,#7786,#7787,#7788,#7789,#7790,
#7791,#7792,#7793,#7794,#7795,#7796,#7797,#7798,#7799,#7800,#7801,#7802,
#7803,#7804,#7805,#7806),.UNSPECIFIED.,.F.,.F.,(4,2,2,2,2,2,2,2,2,2,2,2,
2,2,2,2,4),(-0.451239265401482,-0.415632665681734,-0.354745269421714,-0.311900678419981,
-0.281376520116782,-0.259058385602114,-0.236474286775779,-0.230249281068721,
-0.226552489351249,-0.223293273324597,-0.219251998463624,-0.211463749792747,
-0.185889216980509,-0.161915017330971,-0.129785117598712,-0.0821866277791038,
1.11022302462516E-15),.UNSPECIFIED.);
#471=B_SPLINE_CURVE_WITH_KNOTS('',3,(#7811,#7812,#7813,#7814,#7815,#7816,
#7817,#7818,#7819,#7820,#7821,#7822,#7823,#7824,#7825,#7826,#7827,#7828,
#7829,#7830,#7831,#7832,#7833,#7834,#7835,#7836,#7837,#7838,#7839,#7840,
#7841,#7842,#7843,#7844),.UNSPECIFIED.,.F.,.F.,(4,2,2,2,2,2,2,2,2,2,2,2,
2,2,2,2,4),(-0.903508075431043,-0.830954589858799,-0.779876575633631,-0.745344616789944,
-0.721079842902926,-0.695138528755512,-0.686687849714608,-0.682592077074195,
-0.67942548136918,-0.675973013347614,-0.670463538329869,-0.654539311401944,
-0.631547038549839,-0.606567077227212,-0.569350986980296,-0.5007468312228,
-0.451239265401509),.UNSPECIFIED.);
#472=B_SPLINE_CURVE_WITH_KNOTS('',3,(#7848,#7849,#7850,#7851,#7852,#7853,
#7854,#7855,#7856,#7857,#7858,#7859,#7860,#7861,#7862,#7863,#7864,#7865,
#7866,#7867,#7868,#7869,#7870,#7871,#7872,#7873,#7874,#7875,#7876,#7877,
#7878,#7879,#7880,#7881),.UNSPECIFIED.,.F.,.F.,(4,2,2,2,2,2,2,2,2,2,2,2,
2,2,2,2,4),(-0.451239265400152,-0.415632665680623,-0.354745269421171,-0.311900678419639,
-0.281376520116458,-0.259058385601831,-0.236474286775565,-0.230249281068534,
-0.226552489351025,-0.22329327332431,-0.219251998463282,-0.211463749792435,
-0.185889216980265,-0.161915017330794,-0.129785117598654,-0.082186627779133,
1.11022302462516E-15),.UNSPECIFIED.);
#473=B_SPLINE_CURVE_WITH_KNOTS('',3,(#7886,#7887,#7888,#7889,#7890,#7891,
#7892,#7893,#7894,#7895,#7896,#7897,#7898,#7899,#7900,#7901,#7902,#7903,
#7904,#7905,#7906,#7907,#7908,#7909,#7910,#7911,#7912,#7913,#7914,#7915,
#7916,#7917,#7918,#7919),.UNSPECIFIED.,.F.,.F.,(4,2,2,2,2,2,2,2,2,2,2,2,
2,2,2,2,4),(-0.903508075420708,-0.830954589848451,-0.779876575623248,-0.745344616779563,
-0.721079842892551,-0.695138528745141,-0.686687849704263,-0.68259207706393,
-0.679425481358998,-0.675973013337507,-0.670463538319845,-0.654539311392178,
-0.631547038540442,-0.606567077218241,-0.569350986971992,-0.500746831215733,
-0.451239265395405),.UNSPECIFIED.);
#474=B_SPLINE_CURVE_WITH_KNOTS('',3,(#7923,#7924,#7925,#7926,#7927,#7928,
#7929,#7930,#7931,#7932,#7933,#7934,#7935,#7936,#7937,#7938,#7939,#7940,
#7941,#7942,#7943,#7944,#7945,#7946,#7947,#7948,#7949,#7950,#7951,#7952,
#7953,#7954,#7955,#7956),.UNSPECIFIED.,.F.,.F.,(4,2,2,2,2,2,2,2,2,2,2,2,
2,2,2,2,4),(-0.451239265398619,-0.415632665679398,-0.354745269420412,-0.311900678419097,
-0.281376520116023,-0.259058385601489,-0.236474286775327,-0.230249281068309,
-0.226552489350811,-0.223293273324142,-0.219251998463199,-0.21146374979234,
-0.185889216980183,-0.161915017330753,-0.129785117598674,-0.0821866277791709,
1.11022302462516E-15),.UNSPECIFIED.);
#475=B_SPLINE_CURVE_WITH_KNOTS('',3,(#7961,#7962,#7963,#7964,#7965,#7966,
#7967,#7968,#7969,#7970,#7971,#7972,#7973,#7974,#7975,#7976,#7977,#7978,
#7979,#7980,#7981,#7982,#7983,#7984,#7985,#7986,#7987,#7988,#7989,#7990,
#7991,#7992,#7993,#7994),.UNSPECIFIED.,.F.,.F.,(4,2,2,2,2,2,2,2,2,2,2,2,
2,2,2,2,4),(-0.90350807542895,-0.830954589856689,-0.779876575631464,-0.745344616787705,
-0.721079842900629,-0.695138528753118,-0.686687849712226,-0.6825920770718,
-0.679425481366812,-0.675973013345284,-0.670463538327563,-0.65453931139977,
-0.631547038547838,-0.606567077225389,-0.569350986978728,-0.500746831221654,
-0.451239265400747),.UNSPECIFIED.);
#476=B_SPLINE_CURVE_WITH_KNOTS('',3,(#7998,#7999,#8000,#8001,#8002,#8003,
#8004,#8005,#8006,#8007,#8008,#8009,#8010,#8011,#8012,#8013,#8014,#8015,
#8016,#8017,#8018,#8019,#8020,#8021,#8022,#8023,#8024,#8025,#8026,#8027,
#8028,#8029,#8030,#8031),.UNSPECIFIED.,.F.,.F.,(4,2,2,2,2,2,2,2,2,2,2,2,
2,2,2,2,4),(-0.45123926539738,-0.415632665678388,-0.354745269419822,-0.311900678418743,
-0.281376520115762,-0.259058385601267,-0.236474286775117,-0.230249281068107,
-0.22655248935068,-0.223293273324039,-0.219251998463036,-0.211463749792233,
-0.185889216980112,-0.161915017330699,-0.129785117598626,-0.0821866277791292,
1.11022302462516E-15),.UNSPECIFIED.);
#477=B_SPLINE_CURVE_WITH_KNOTS('',3,(#8036,#8037,#8038,#8039,#8040,#8041,
#8042,#8043,#8044,#8045,#8046,#8047,#8048,#8049,#8050,#8051,#8052,#8053,
#8054,#8055,#8056,#8057,#8058,#8059,#8060,#8061,#8062,#8063,#8064,#8065,
#8066,#8067,#8068,#8069),.UNSPECIFIED.,.F.,.F.,(4,2,2,2,2,2,2,2,2,2,2,2,
2,2,2,2,4),(-0.903508075425502,-0.830954589853082,-0.779876575628044,-0.745344616784597,
-0.721079842897729,-0.695138528750454,-0.686687849709597,-0.682592077069196,
-0.679425481364232,-0.675973013342731,-0.670463538325046,-0.654539311397296,
-0.631547038545471,-0.606567077223144,-0.569350986976596,-0.500746831219666,
-0.451239265399033),.UNSPECIFIED.);
#478=B_SPLINE_CURVE_WITH_KNOTS('',3,(#8073,#8074,#8075,#8076,#8077,#8078,
#8079,#8080,#8081,#8082,#8083,#8084,#8085,#8086,#8087,#8088,#8089,#8090,
#8091,#8092,#8093,#8094,#8095,#8096,#8097,#8098,#8099,#8100,#8101,#8102,
#8103,#8104,#8105,#8106),.UNSPECIFIED.,.F.,.F.,(4,2,2,2,2,2,2,2,2,2,2,2,
2,2,2,2,4),(-0.451239265401253,-0.415632665681609,-0.354745269422011,-0.311900678420407,
-0.281376520117147,-0.259058385602465,-0.236474286776137,-0.230249281069052,
-0.226552489351574,-0.223293273324915,-0.219251998463912,-0.211463749792989,
-0.185889216980694,-0.161915017331089,-0.129785117598733,-0.0821866277790802,
1.11022302462516E-15),.UNSPECIFIED.);
#479=B_SPLINE_CURVE_WITH_KNOTS('',3,(#8111,#8112,#8113,#8114,#8115,#8116,
#8117,#8118,#8119,#8120,#8121,#8122,#8123,#8124,#8125,#8126,#8127,#8128,
#8129,#8130,#8131,#8132,#8133,#8134,#8135,#8136,#8137,#8138,#8139,#8140,
#8141,#8142,#8143,#8144),.UNSPECIFIED.,.F.,.F.,(4,2,2,2,2,2,2,2,2,2,2,2,
2,2,2,2,4),(-0.903508075421466,-0.830954589849203,-0.779876575623918,-0.745344616780006,
-0.721079842892778,-0.695138528745082,-0.686687849704081,-0.682592077063639,
-0.679425481358629,-0.67597301333709,-0.670463538319457,-0.654539311391927,
-0.6315470385404,-0.606567077218366,-0.569350986972267,-0.500746831216006,
-0.451239265395833),.UNSPECIFIED.);
#480=B_SPLINE_CURVE_WITH_KNOTS('',3,(#8148,#8149,#8150,#8151,#8152,#8153,
#8154,#8155,#8156,#8157,#8158,#8159,#8160,#8161,#8162,#8163,#8164,#8165,
#8166,#8167,#8168,#8169,#8170,#8171,#8172,#8173,#8174,#8175,#8176,#8177,
#8178,#8179,#8180,#8181),.UNSPECIFIED.,.F.,.F.,(4,2,2,2,2,2,2,2,2,2,2,2,
2,2,2,2,4),(-0.451239265399467,-0.415632665679696,-0.354745269420147,-0.311900678418557,
-0.281376520115313,-0.259058385600638,-0.23647428677433,-0.23024928106724,
-0.226552489349753,-0.223293273323115,-0.219251998462213,-0.211463749791458,
-0.18588921697954,-0.161915017330288,-0.129785117598427,-0.0821866277791214,
1.11022302462516E-15),.UNSPECIFIED.);
#481=B_SPLINE_CURVE_WITH_KNOTS('',3,(#8186,#8187,#8188,#8189,#8190,#8191,
#8192,#8193,#8194,#8195,#8196,#8197,#8198,#8199,#8200,#8201,#8202,#8203,
#8204,#8205,#8206,#8207,#8208,#8209,#8210,#8211,#8212,#8213,#8214,#8215,
#8216,#8217,#8218,#8219),.UNSPECIFIED.,.F.,.F.,(4,2,2,2,2,2,2,2,2,2,2,2,
2,2,2,2,4),(-0.903508075423327,-0.830954589850894,-0.779876575625589,-0.745344616781888,
-0.721079842894854,-0.695138528747407,-0.686687849706487,-0.68259207706608,
-0.679425481361137,-0.675973013339656,-0.670463538321982,-0.654539311394345,
-0.631547038542673,-0.60656707722053,-0.569350986974344,-0.500746831218088,
-0.451239265397865),.UNSPECIFIED.);
#482=B_SPLINE_CURVE_WITH_KNOTS('',3,(#8223,#8224,#8225,#8226,#8227,#8228,
#8229,#8230,#8231,#8232,#8233,#8234,#8235,#8236,#8237,#8238,#8239,#8240,
#8241,#8242,#8243,#8244,#8245,#8246,#8247,#8248,#8249,#8250,#8251,#8252,
#8253,#8254,#8255,#8256),.UNSPECIFIED.,.F.,.F.,(4,2,2,2,2,2,2,2,2,2,2,2,
2,2,2,2,4),(-0.451239265402157,-0.415632665682357,-0.354745269422221,-0.31190067842025,
-0.281376520116805,-0.259058385601945,-0.236474286775392,-0.230249281068235,
-0.226552489350712,-0.223293273324056,-0.219251998463142,-0.211463749792299,
-0.185889216980187,-0.16191501733074,-0.129785117598604,-0.0821866277790682,
1.11022302462516E-15),.UNSPECIFIED.);
#483=B_SPLINE_CURVE_WITH_KNOTS('',3,(#8261,#8262,#8263,#8264,#8265,#8266,
#8267,#8268,#8269,#8270,#8271,#8272,#8273,#8274,#8275,#8276,#8277,#8278,
#8279,#8280,#8281,#8282,#8283,#8284,#8285,#8286,#8287,#8288,#8289,#8290,
#8291,#8292,#8293,#8294),.UNSPECIFIED.,.F.,.F.,(4,2,2,2,2,2,2,2,2,2,2,2,
2,2,2,2,4),(-0.90350807542499,-0.830954589852755,-0.779876575627628,-0.74534461678401,
-0.721079842897065,-0.695138528749739,-0.686687849708864,-0.682592077068497,
-0.679425481363525,-0.675973013341989,-0.670463538324266,-0.65453931139648,
-0.631547038544567,-0.606567077222173,-0.569350986975653,-0.500746831218916,
-0.451239265398176),.UNSPECIFIED.);
#484=B_SPLINE_CURVE_WITH_KNOTS('',3,(#8298,#8299,#8300,#8301,#8302,#8303,
#8304,#8305,#8306,#8307,#8308,#8309,#8310,#8311,#8312,#8313,#8314,#8315,
#8316,#8317,#8318,#8319,#8320,#8321,#8322,#8323,#8324,#8325,#8326,#8327,
#8328,#8329,#8330,#8331),.UNSPECIFIED.,.F.,.F.,(4,2,2,2,2,2,2,2,2,2,2,2,
2,2,2,2,4),(-0.451239265402191,-0.415632665682436,-0.354745269422473,-0.311900678420553,
-0.281376520117096,-0.259058385602264,-0.236474286775781,-0.230249281068657,
-0.226552489351152,-0.223293273324459,-0.219251998463433,-0.211463749792585,
-0.185889216980381,-0.161915017330886,-0.129785117598711,-0.0821866277791364,
1.11022302462516E-15),.UNSPECIFIED.);
#485=B_SPLINE_CURVE_WITH_KNOTS('',3,(#8336,#8337,#8338,#8339,#8340,#8341,
#8342,#8343,#8344,#8345,#8346,#8347,#8348,#8349,#8350,#8351,#8352,#8353,
#8354,#8355,#8356,#8357,#8358,#8359,#8360,#8361,#8362,#8363,#8364,#8365,
#8366,#8367,#8368,#8369),.UNSPECIFIED.,.F.,.F.,(4,2,2,2,2,2,2,2,2,2,2,2,
2,2,2,2,4),(-0.903508075423243,-0.830954589850964,-0.779876575625876,-0.745344616782321,
-0.72107984289538,-0.695138528748003,-0.68668784970709,-0.6825920770667,
-0.679425481361761,-0.675973013340274,-0.6704635383226,-0.654539311394945,
-0.631547038543175,-0.606567077220911,-0.569350986974517,-0.500746831217817,
-0.451239265397041),.UNSPECIFIED.);
#486=B_SPLINE_CURVE_WITH_KNOTS('',3,(#8373,#8374,#8375,#8376,#8377,#8378,
#8379,#8380,#8381,#8382,#8383,#8384,#8385,#8386,#8387,#8388,#8389,#8390,
#8391,#8392,#8393,#8394,#8395,#8396,#8397,#8398,#8399,#8400,#8401,#8402,
#8403,#8404,#8405,#8406),.UNSPECIFIED.,.F.,.F.,(4,2,2,2,2,2,2,2,2,2,2,2,
2,2,2,2,4),(-0.451239265401757,-0.415632665682031,-0.35474526942217,-0.311900678420055,
-0.281376520116318,-0.259058385601252,-0.236474286774503,-0.230249281067325,
-0.2265524893498,-0.223293273323143,-0.21925199846224,-0.211463749791437,
-0.185889216979536,-0.161915017330301,-0.129785117598444,-0.0821866277791178,
1.11022302462516E-15),.UNSPECIFIED.);
#487=B_SPLINE_CURVE_WITH_KNOTS('',3,(#8411,#8412,#8413,#8414,#8415,#8416,
#8417,#8418,#8419,#8420,#8421,#8422,#8423,#8424,#8425,#8426,#8427,#8428,
#8429,#8430,#8431,#8432,#8433,#8434,#8435,#8436,#8437,#8438,#8439,#8440,
#8441,#8442,#8443,#8444),.UNSPECIFIED.,.F.,.F.,(4,2,2,2,2,2,2,2,2,2,2,2,
2,2,2,2,4),(-0.903508075432923,-0.830954589860738,-0.779876575635441,-0.745344616791582,
-0.721079842904419,-0.695138528756828,-0.686687849715873,-0.68259207707545,
-0.679425481370449,-0.675973013348897,-0.670463538331154,-0.654539311403265,
-0.63154703855119,-0.606567077228582,-0.569350986981661,-0.500746831224189,
-0.451239265402775),.UNSPECIFIED.);
#488=B_SPLINE_CURVE_WITH_KNOTS('',3,(#8448,#8449,#8450,#8451,#8452,#8453,
#8454,#8455,#8456,#8457,#8458,#8459,#8460,#8461,#8462,#8463,#8464,#8465,
#8466,#8467,#8468,#8469,#8470,#8471,#8472,#8473,#8474,#8475,#8476,#8477,
#8478,#8479,#8480,#8481),.UNSPECIFIED.,.F.,.F.,(4,2,2,2,2,2,2,2,2,2,2,2,
2,2,2,2,4),(-0.451239265402871,-0.415632665683184,-0.354745269423018,-0.311900678420836,
-0.281376520117168,-0.259058385602187,-0.2364742867755,-0.230249281068362,
-0.226552489350854,-0.223293273324198,-0.219251998463275,-0.211463749792429,
-0.185889216980261,-0.161915017330802,-0.129785117598683,-0.0821866277791347,
1.11022302462516E-15),.UNSPECIFIED.);
#489=B_SPLINE_CURVE_WITH_KNOTS('',3,(#8486,#8487,#8488,#8489,#8490,#8491,
#8492,#8493,#8494,#8495,#8496,#8497,#8498,#8499,#8500,#8501,#8502,#8503,
#8504,#8505,#8506,#8507,#8508,#8509,#8510,#8511,#8512,#8513,#8514,#8515,
#8516,#8517,#8518,#8519),.UNSPECIFIED.,.F.,.F.,(4,2,2,2,2,2,2,2,2,2,2,2,
2,2,2,2,4),(-0.903508075426191,-0.830954589853814,-0.779876575628846,-0.745344616785381,
-0.721079842898503,-0.695138528751216,-0.686687849710365,-0.682592077070025,
-0.679425481365065,-0.675973013343532,-0.670463538325808,-0.654539311397996,
-0.631547038546152,-0.606567077223789,-0.569350986977228,-0.500746831220192,
-0.451239265399724),.UNSPECIFIED.);
#490=B_SPLINE_CURVE_WITH_KNOTS('',3,(#8523,#8524,#8525,#8526,#8527,#8528,
#8529,#8530,#8531,#8532,#8533,#8534,#8535,#8536,#8537,#8538,#8539,#8540,
#8541,#8542,#8543,#8544,#8545,#8546,#8547,#8548,#8549,#8550,#8551,#8552,
#8553,#8554,#8555,#8556),.UNSPECIFIED.,.F.,.F.,(4,2,2,2,2,2,2,2,2,2,2,2,
2,2,2,2,4),(-0.451239265401736,-0.415632665681909,-0.354745269421982,-0.311900678420092,
-0.281376520116664,-0.25905838560189,-0.236474286775468,-0.230249281068386,
-0.226552489350876,-0.223293273324191,-0.219251998463222,-0.211463749792381,
-0.185889216980252,-0.161915017330816,-0.129785117598677,-0.0821866277791381,
1.11022302462516E-15),.UNSPECIFIED.);
#491=B_SPLINE_CURVE_WITH_KNOTS('',3,(#8883,#8884,#8885,#8886,#8887,#8888,
#8889,#8890,#8891,#8892,#8893,#8894,#8895,#8896,#8897,#8898,#8899,#8900,
#8901,#8902,#8903,#8904,#8905,#8906,#8907,#8908,#8909,#8910,#8911,#8912,
#8913,#8914,#8915,#8916,#8917,#8918,#8919,#8920,#8921,#8922,#8923,#8924,
#8925,#8926,#8927,#8928,#8929,#8930,#8931,#8932,#8933,#8934,#8935,#8936,
#8937,#8938,#8939,#8940,#8941,#8942,#8943,#8944,#8945,#8946,#8947,#8948,
#8949,#8950,#8951,#8952,#8953,#8954,#8955,#8956,#8957,#8958,#8959,#8960,
#8961,#8962,#8963,#8964,#8965,#8966,#8967,#8968,#8969,#8970,#8971,#8972,
#8973,#8974,#8975,#8976,#8977,#8978,#8979,#8980,#8981,#8982,#8983,#8984,
#8985),.UNSPECIFIED.,.F.,.F.,(4,3,3,3,3,3,3,3,3,3,3,3,3,3,3,3,3,3,3,3,3,
3,3,3,3,3,3,3,3,3,3,3,3,3,4),(0.0877588898339975,0.16079714667158,0.22506205275312,
0.297752295727341,0.37033902177877,0.378779206402342,0.451741060334155,
0.525742594829679,0.600645477349808,0.675542904876007,0.749695576391135,
0.769820502108787,0.846237916934744,0.855641556805778,0.929891805448064,
1.0056857949805,1.08205749392103,1.15863119417456,1.17311813723018,1.25014272676933,
1.32840267998303,1.40686084666688,1.48480342715482,1.51826150099839,1.58866638073291,
1.66622632321016,1.74496242715903,1.82481250768011,1.90480555804125,1.98422545737245,
2.01645953414708,2.03559207484856,2.11555304629776,2.19652151604213,2.21180982892269),
 .UNSPECIFIED.);
#492=B_SPLINE_CURVE_WITH_KNOTS('',3,(#8986,#8987,#8988,#8989,#8990,#8991,
#8992,#8993,#8994,#8995,#8996,#8997,#8998,#8999,#9000,#9001,#9002,#9003,
#9004,#9005,#9006,#9007,#9008,#9009,#9010,#9011,#9012,#9013,#9014,#9015,
#9016,#9017,#9018,#9019,#9020,#9021,#9022,#9023,#9024,#9025,#9026,#9027,
#9028,#9029,#9030,#9031,#9032,#9033,#9034,#9035,#9036,#9037,#9038,#9039,
#9040,#9041,#9042,#9043,#9044,#9045,#9046,#9047,#9048,#9049,#9050,#9051,
#9052,#9053,#9054,#9055,#9056,#9057,#9058,#9059,#9060,#9061,#9062,#9063,
#9064,#9065,#9066,#9067,#9068,#9069,#9070,#9071,#9072,#9073,#9074,#9075,
#9076,#9077,#9078,#9079),.UNSPECIFIED.,.F.,.F.,(4,3,3,3,3,3,3,3,3,3,3,3,
3,3,3,3,3,3,3,3,3,3,3,3,3,3,3,3,3,3,3,4),(0.0877588898339941,0.161057841678436,
0.235274842772536,0.31009400459793,0.378779206402347,0.449747518690741,
0.521676617612808,0.593807536067354,0.6656073245787,0.711587181759849,0.769820502108793,
0.841619842276121,0.914752333766585,0.989262556607757,1.0640709541035,1.13853619543299,
1.17311813723019,1.25478022726968,1.33708877842357,1.3668151588446,1.44784731717868,
1.52984023037598,1.58866638073292,1.66372720540163,1.73963672357056,1.81620596338996,
1.89267983456453,1.96827670702848,2.01645953414709,2.05353889872945,2.13532563587886,
2.21207229535229),.UNSPECIFIED.);
#493=B_SPLINE_CURVE_WITH_KNOTS('',3,(#9244,#9245,#9246,#9247,#9248,#9249,
#9250,#9251,#9252,#9253,#9254,#9255,#9256,#9257),.UNSPECIFIED.,.F.,.F.,
(4,2,2,2,2,2,4),(7.43624999976374E-6,0.326878697395127,0.645405875993869,
1.06912428381235,1.47739560886509,1.81188219613285,2.1376684910234),
 .UNSPECIFIED.);
#494=B_SPLINE_CURVE_WITH_KNOTS('',3,(#9258,#9259,#9260,#9261,#9262,#9263,
#9264,#9265,#9266,#9267,#9268,#9269,#9270,#9271,#9272,#9273,#9274,#9275,
#9276,#9277,#9278,#9279,#9280,#9281,#9282,#9283,#9284,#9285,#9286,#9287,
#9288,#9289,#9290,#9291,#9292,#9293,#9294,#9295,#9296,#9297,#9298,#9299,
#9300,#9301,#9302,#9303,#9304,#9305,#9306,#9307,#9308,#9309,#9310,#9311,
#9312,#9313,#9314,#9315,#9316,#9317,#9318,#9319,#9320,#9321,#9322,#9323,
#9324,#9325,#9326,#9327,#9328,#9329,#9330,#9331,#9332,#9333,#9334,#9335,
#9336,#9337,#9338,#9339,#9340,#9341,#9342,#9343,#9344,#9345,#9346,#9347,
#9348,#9349,#9350,#9351,#9352,#9353,#9354),.UNSPECIFIED.,.F.,.F.,(4,3,3,
3,3,3,3,3,3,3,3,3,3,3,3,3,3,3,3,3,3,3,3,3,3,3,3,3,3,3,3,3,4),(0.411147518129643,
0.446505804961231,0.526854308490265,0.607715147452991,0.688760180585209,
0.769340287975074,0.848646490832243,0.880727684621208,0.959905361718725,
1.0383644446505,1.10792911178164,1.18730639600915,1.2662451486894,1.30266031814386,
1.37993009535212,1.45756328965285,1.53468111337001,1.61101959910555,1.68583926572543,
1.71229837723134,1.77290483716442,1.84810021686542,1.92397814185246,1.99966105822763,
2.07434889171426,2.10963654167883,2.18380705669689,2.25746373683493,2.33010913272431,
2.37332980966718,2.4058141942469,2.47886952369586,2.54329432169885),
 .UNSPECIFIED.);
#495=LINE('',#2979,#600);
#496=LINE('',#3074,#601);
#497=LINE('',#3113,#602);
#498=LINE('',#3132,#603);
#499=LINE('',#3534,#604);
#500=LINE('',#4846,#605);
#501=LINE('',#4882,#606);
#502=LINE('',#4921,#607);
#503=LINE('',#4957,#608);
#504=LINE('',#4996,#609);
#505=LINE('',#5032,#610);
#506=LINE('',#5071,#611);
#507=LINE('',#5107,#612);
#508=LINE('',#5146,#613);
#509=LINE('',#5182,#614);
#510=LINE('',#5221,#615);
#511=LINE('',#5257,#616);
#512=LINE('',#5296,#617);
#513=LINE('',#5332,#618);
#514=LINE('',#5371,#619);
#515=LINE('',#5407,#620);
#516=LINE('',#5446,#621);
#517=LINE('',#5482,#622);
#518=LINE('',#5521,#623);
#519=LINE('',#5557,#624);
#520=LINE('',#5596,#625);
#521=LINE('',#5632,#626);
#522=LINE('',#5671,#627);
#523=LINE('',#5707,#628);
#524=LINE('',#5746,#629);
#525=LINE('',#5782,#630);
#526=LINE('',#5821,#631);
#527=LINE('',#5857,#632);
#528=LINE('',#5896,#633);
#529=LINE('',#5932,#634);
#530=LINE('',#5971,#635);
#531=LINE('',#6007,#636);
#532=LINE('',#6046,#637);
#533=LINE('',#6082,#638);
#534=LINE('',#6121,#639);
#535=LINE('',#6157,#640);
#536=LINE('',#6196,#641);
#537=LINE('',#6232,#642);
#538=LINE('',#6271,#643);
#539=LINE('',#6307,#644);
#540=LINE('',#6346,#645);
#541=LINE('',#6382,#646);
#542=LINE('',#6421,#647);
#543=LINE('',#6457,#648);
#544=LINE('',#6496,#649);
#545=LINE('',#6532,#650);
#546=LINE('',#6571,#651);
#547=LINE('',#6607,#652);
#548=LINE('',#6646,#653);
#549=LINE('',#6682,#654);
#550=LINE('',#6721,#655);
#551=LINE('',#6757,#656);
#552=LINE('',#6796,#657);
#553=LINE('',#6832,#658);
#554=LINE('',#6871,#659);
#555=LINE('',#6907,#660);
#556=LINE('',#6946,#661);
#557=LINE('',#6982,#662);
#558=LINE('',#7021,#663);
#559=LINE('',#7057,#664);
#560=LINE('',#7096,#665);
#561=LINE('',#7132,#666);
#562=LINE('',#7171,#667);
#563=LINE('',#7207,#668);
#564=LINE('',#7246,#669);
#565=LINE('',#7282,#670);
#566=LINE('',#7321,#671);
#567=LINE('',#7357,#672);
#568=LINE('',#7396,#673);
#569=LINE('',#7432,#674);
#570=LINE('',#7471,#675);
#571=LINE('',#7507,#676);
#572=LINE('',#7546,#677);
#573=LINE('',#7582,#678);
#574=LINE('',#7621,#679);
#575=LINE('',#7657,#680);
#576=LINE('',#7696,#681);
#577=LINE('',#7732,#682);
#578=LINE('',#7771,#683);
#579=LINE('',#7807,#684);
#580=LINE('',#7846,#685);
#581=LINE('',#7882,#686);
#582=LINE('',#7921,#687);
#583=LINE('',#7957,#688);
#584=LINE('',#7996,#689);
#585=LINE('',#8032,#690);
#586=LINE('',#8071,#691);
#587=LINE('',#8107,#692);
#588=LINE('',#8146,#693);
#589=LINE('',#8182,#694);
#590=LINE('',#8221,#695);
#591=LINE('',#8257,#696);
#592=LINE('',#8296,#697);
#593=LINE('',#8332,#698);
#594=LINE('',#8371,#699);
#595=LINE('',#8407,#700);
#596=LINE('',#8446,#701);
#597=LINE('',#8482,#702);
#598=LINE('',#8521,#703);
#599=LINE('',#8557,#704);
#600=VECTOR('',#2414,11.3193);
#601=VECTOR('',#2419,11.3193);
#602=VECTOR('',#2422,11.3193);
#603=VECTOR('',#2427,9.6512);
#604=VECTOR('',#2432,9.6512);
#605=VECTOR('',#2441,10.);
#606=VECTOR('',#2442,10.);
#607=VECTOR('',#2445,10.);
#608=VECTOR('',#2446,10.);
#609=VECTOR('',#2449,10.);
#610=VECTOR('',#2450,10.);
#611=VECTOR('',#2453,10.);
#612=VECTOR('',#2454,10.);
#613=VECTOR('',#2457,10.);
#614=VECTOR('',#2458,10.);
#615=VECTOR('',#2461,10.);
#616=VECTOR('',#2462,10.);
#617=VECTOR('',#2465,10.);
#618=VECTOR('',#2466,10.);
#619=VECTOR('',#2469,10.);
#620=VECTOR('',#2470,10.);
#621=VECTOR('',#2473,10.);
#622=VECTOR('',#2474,10.);
#623=VECTOR('',#2477,10.);
#624=VECTOR('',#2478,10.);
#625=VECTOR('',#2481,10.);
#626=VECTOR('',#2482,10.);
#627=VECTOR('',#2485,10.);
#628=VECTOR('',#2486,10.);
#629=VECTOR('',#2489,10.);
#630=VECTOR('',#2490,10.);
#631=VECTOR('',#2493,10.);
#632=VECTOR('',#2494,10.);
#633=VECTOR('',#2497,10.);
#634=VECTOR('',#2498,10.);
#635=VECTOR('',#2501,10.);
#636=VECTOR('',#2502,10.);
#637=VECTOR('',#2505,10.);
#638=VECTOR('',#2506,10.);
#639=VECTOR('',#2509,10.);
#640=VECTOR('',#2510,10.);
#641=VECTOR('',#2513,10.);
#642=VECTOR('',#2514,10.);
#643=VECTOR('',#2517,10.);
#644=VECTOR('',#2518,10.);
#645=VECTOR('',#2521,10.);
#646=VECTOR('',#2522,10.);
#647=VECTOR('',#2525,10.);
#648=VECTOR('',#2526,10.);
#649=VECTOR('',#2529,10.);
#650=VECTOR('',#2530,10.);
#651=VECTOR('',#2533,10.);
#652=VECTOR('',#2534,10.);
#653=VECTOR('',#2537,10.);
#654=VECTOR('',#2538,10.);
#655=VECTOR('',#2541,10.);
#656=VECTOR('',#2542,10.);
#657=VECTOR('',#2545,10.);
#658=VECTOR('',#2546,10.);
#659=VECTOR('',#2549,10.);
#660=VECTOR('',#2550,10.);
#661=VECTOR('',#2553,10.);
#662=VECTOR('',#2554,10.);
#663=VECTOR('',#2557,10.);
#664=VECTOR('',#2558,10.);
#665=VECTOR('',#2561,10.);
#666=VECTOR('',#2562,10.);
#667=VECTOR('',#2565,10.);
#668=VECTOR('',#2566,10.);
#669=VECTOR('',#2569,10.);
#670=VECTOR('',#2570,10.);
#671=VECTOR('',#2573,10.);
#672=VECTOR('',#2574,10.);
#673=VECTOR('',#2577,10.);
#674=VECTOR('',#2578,10.);
#675=VECTOR('',#2581,10.);
#676=VECTOR('',#2582,10.);
#677=VECTOR('',#2585,10.);
#678=VECTOR('',#2586,10.);
#679=VECTOR('',#2589,10.);
#680=VECTOR('',#2590,10.);
#681=VECTOR('',#2593,10.);
#682=VECTOR('',#2594,10.);
#683=VECTOR('',#2597,10.);
#684=VECTOR('',#2598,10.);
#685=VECTOR('',#2601,10.);
#686=VECTOR('',#2602,10.);
#687=VECTOR('',#2605,10.);
#688=VECTOR('',#2606,10.);
#689=VECTOR('',#2609,10.);
#690=VECTOR('',#2610,10.);
#691=VECTOR('',#2613,10.);
#692=VECTOR('',#2614,10.);
#693=VECTOR('',#2617,10.);
#694=VECTOR('',#2618,10.);
#695=VECTOR('',#2621,10.);
#696=VECTOR('',#2622,10.);
#697=VECTOR('',#2625,10.);
#698=VECTOR('',#2626,10.);
#699=VECTOR('',#2629,10.);
#700=VECTOR('',#2630,10.);
#701=VECTOR('',#2633,10.);
#702=VECTOR('',#2634,10.);
#703=VECTOR('',#2637,10.);
#704=VECTOR('',#2638,10.);
#705=VERTEX_POINT('',#2977);
#706=VERTEX_POINT('',#2978);
#707=VERTEX_POINT('',#2980);
#708=VERTEX_POINT('',#2987);
#709=VERTEX_POINT('',#3072);
#710=VERTEX_POINT('',#3073);
#711=VERTEX_POINT('',#3111);
#712=VERTEX_POINT('',#3112);
#713=VERTEX_POINT('',#3114);
#714=VERTEX_POINT('',#3120);
#715=VERTEX_POINT('',#3130);
#716=VERTEX_POINT('',#3131);
#717=VERTEX_POINT('',#3133);
#718=VERTEX_POINT('',#3300);
#719=VERTEX_POINT('',#3532);
#720=VERTEX_POINT('',#3533);
#721=VERTEX_POINT('',#3535);
#722=VERTEX_POINT('',#3711);
#723=VERTEX_POINT('',#4809);
#724=VERTEX_POINT('',#4810);
#725=VERTEX_POINT('',#4845);
#726=VERTEX_POINT('',#4847);
#727=VERTEX_POINT('',#4884);
#728=VERTEX_POINT('',#4885);
#729=VERTEX_POINT('',#4920);
#730=VERTEX_POINT('',#4922);
#731=VERTEX_POINT('',#4959);
#732=VERTEX_POINT('',#4960);
#733=VERTEX_POINT('',#4995);
#734=VERTEX_POINT('',#4997);
#735=VERTEX_POINT('',#5034);
#736=VERTEX_POINT('',#5035);
#737=VERTEX_POINT('',#5070);
#738=VERTEX_POINT('',#5072);
#739=VERTEX_POINT('',#5109);
#740=VERTEX_POINT('',#5110);
#741=VERTEX_POINT('',#5145);
#742=VERTEX_POINT('',#5147);
#743=VERTEX_POINT('',#5184);
#744=VERTEX_POINT('',#5185);
#745=VERTEX_POINT('',#5220);
#746=VERTEX_POINT('',#5222);
#747=VERTEX_POINT('',#5259);
#748=VERTEX_POINT('',#5260);
#749=VERTEX_POINT('',#5295);
#750=VERTEX_POINT('',#5297);
#751=VERTEX_POINT('',#5334);
#752=VERTEX_POINT('',#5335);
#753=VERTEX_POINT('',#5370);
#754=VERTEX_POINT('',#5372);
#755=VERTEX_POINT('',#5409);
#756=VERTEX_POINT('',#5410);
#757=VERTEX_POINT('',#5445);
#758=VERTEX_POINT('',#5447);
#759=VERTEX_POINT('',#5484);
#760=VERTEX_POINT('',#5485);
#761=VERTEX_POINT('',#5520);
#762=VERTEX_POINT('',#5522);
#763=VERTEX_POINT('',#5559);
#764=VERTEX_POINT('',#5560);
#765=VERTEX_POINT('',#5595);
#766=VERTEX_POINT('',#5597);
#767=VERTEX_POINT('',#5634);
#768=VERTEX_POINT('',#5635);
#769=VERTEX_POINT('',#5670);
#770=VERTEX_POINT('',#5672);
#771=VERTEX_POINT('',#5709);
#772=VERTEX_POINT('',#5710);
#773=VERTEX_POINT('',#5745);
#774=VERTEX_POINT('',#5747);
#775=VERTEX_POINT('',#5784);
#776=VERTEX_POINT('',#5785);
#777=VERTEX_POINT('',#5820);
#778=VERTEX_POINT('',#5822);
#779=VERTEX_POINT('',#5859);
#780=VERTEX_POINT('',#5860);
#781=VERTEX_POINT('',#5895);
#782=VERTEX_POINT('',#5897);
#783=VERTEX_POINT('',#5934);
#784=VERTEX_POINT('',#5935);
#785=VERTEX_POINT('',#5970);
#786=VERTEX_POINT('',#5972);
#787=VERTEX_POINT('',#6009);
#788=VERTEX_POINT('',#6010);
#789=VERTEX_POINT('',#6045);
#790=VERTEX_POINT('',#6047);
#791=VERTEX_POINT('',#6084);
#792=VERTEX_POINT('',#6085);
#793=VERTEX_POINT('',#6120);
#794=VERTEX_POINT('',#6122);
#795=VERTEX_POINT('',#6159);
#796=VERTEX_POINT('',#6160);
#797=VERTEX_POINT('',#6195);
#798=VERTEX_POINT('',#6197);
#799=VERTEX_POINT('',#6234);
#800=VERTEX_POINT('',#6235);
#801=VERTEX_POINT('',#6270);
#802=VERTEX_POINT('',#6272);
#803=VERTEX_POINT('',#6309);
#804=VERTEX_POINT('',#6310);
#805=VERTEX_POINT('',#6345);
#806=VERTEX_POINT('',#6347);
#807=VERTEX_POINT('',#6384);
#808=VERTEX_POINT('',#6385);
#809=VERTEX_POINT('',#6420);
#810=VERTEX_POINT('',#6422);
#811=VERTEX_POINT('',#6459);
#812=VERTEX_POINT('',#6460);
#813=VERTEX_POINT('',#6495);
#814=VERTEX_POINT('',#6497);
#815=VERTEX_POINT('',#6534);
#816=VERTEX_POINT('',#6535);
#817=VERTEX_POINT('',#6570);
#818=VERTEX_POINT('',#6572);
#819=VERTEX_POINT('',#6609);
#820=VERTEX_POINT('',#6610);
#821=VERTEX_POINT('',#6645);
#822=VERTEX_POINT('',#6647);
#823=VERTEX_POINT('',#6684);
#824=VERTEX_POINT('',#6685);
#825=VERTEX_POINT('',#6720);
#826=VERTEX_POINT('',#6722);
#827=VERTEX_POINT('',#6759);
#828=VERTEX_POINT('',#6760);
#829=VERTEX_POINT('',#6795);
#830=VERTEX_POINT('',#6797);
#831=VERTEX_POINT('',#6834);
#832=VERTEX_POINT('',#6835);
#833=VERTEX_POINT('',#6870);
#834=VERTEX_POINT('',#6872);
#835=VERTEX_POINT('',#6909);
#836=VERTEX_POINT('',#6910);
#837=VERTEX_POINT('',#6945);
#838=VERTEX_POINT('',#6947);
#839=VERTEX_POINT('',#6984);
#840=VERTEX_POINT('',#6985);
#841=VERTEX_POINT('',#7020);
#842=VERTEX_POINT('',#7022);
#843=VERTEX_POINT('',#7059);
#844=VERTEX_POINT('',#7060);
#845=VERTEX_POINT('',#7095);
#846=VERTEX_POINT('',#7097);
#847=VERTEX_POINT('',#7134);
#848=VERTEX_POINT('',#7135);
#849=VERTEX_POINT('',#7170);
#850=VERTEX_POINT('',#7172);
#851=VERTEX_POINT('',#7209);
#852=VERTEX_POINT('',#7210);
#853=VERTEX_POINT('',#7245);
#854=VERTEX_POINT('',#7247);
#855=VERTEX_POINT('',#7284);
#856=VERTEX_POINT('',#7285);
#857=VERTEX_POINT('',#7320);
#858=VERTEX_POINT('',#7322);
#859=VERTEX_POINT('',#7359);
#860=VERTEX_POINT('',#7360);
#861=VERTEX_POINT('',#7395);
#862=VERTEX_POINT('',#7397);
#863=VERTEX_POINT('',#7434);
#864=VERTEX_POINT('',#7435);
#865=VERTEX_POINT('',#7470);
#866=VERTEX_POINT('',#7472);
#867=VERTEX_POINT('',#7509);
#868=VERTEX_POINT('',#7510);
#869=VERTEX_POINT('',#7545);
#870=VERTEX_POINT('',#7547);
#871=VERTEX_POINT('',#7584);
#872=VERTEX_POINT('',#7585);
#873=VERTEX_POINT('',#7620);
#874=VERTEX_POINT('',#7622);
#875=VERTEX_POINT('',#7659);
#876=VERTEX_POINT('',#7660);
#877=VERTEX_POINT('',#7695);
#878=VERTEX_POINT('',#7697);
#879=VERTEX_POINT('',#7734);
#880=VERTEX_POINT('',#7735);
#881=VERTEX_POINT('',#7770);
#882=VERTEX_POINT('',#7772);
#883=VERTEX_POINT('',#7809);
#884=VERTEX_POINT('',#7810);
#885=VERTEX_POINT('',#7845);
#886=VERTEX_POINT('',#7847);
#887=VERTEX_POINT('',#7884);
#888=VERTEX_POINT('',#7885);
#889=VERTEX_POINT('',#7920);
#890=VERTEX_POINT('',#7922);
#891=VERTEX_POINT('',#7959);
#892=VERTEX_POINT('',#7960);
#893=VERTEX_POINT('',#7995);
#894=VERTEX_POINT('',#7997);
#895=VERTEX_POINT('',#8034);
#896=VERTEX_POINT('',#8035);
#897=VERTEX_POINT('',#8070);
#898=VERTEX_POINT('',#8072);
#899=VERTEX_POINT('',#8109);
#900=VERTEX_POINT('',#8110);
#901=VERTEX_POINT('',#8145);
#902=VERTEX_POINT('',#8147);
#903=VERTEX_POINT('',#8184);
#904=VERTEX_POINT('',#8185);
#905=VERTEX_POINT('',#8220);
#906=VERTEX_POINT('',#8222);
#907=VERTEX_POINT('',#8259);
#908=VERTEX_POINT('',#8260);
#909=VERTEX_POINT('',#8295);
#910=VERTEX_POINT('',#8297);
#911=VERTEX_POINT('',#8334);
#912=VERTEX_POINT('',#8335);
#913=VERTEX_POINT('',#8370);
#914=VERTEX_POINT('',#8372);
#915=VERTEX_POINT('',#8409);
#916=VERTEX_POINT('',#8410);
#917=VERTEX_POINT('',#8445);
#918=VERTEX_POINT('',#8447);
#919=VERTEX_POINT('',#8484);
#920=VERTEX_POINT('',#8485);
#921=VERTEX_POINT('',#8520);
#922=VERTEX_POINT('',#8522);
#923=VERTEX_POINT('',#8559);
#924=VERTEX_POINT('',#8561);
#925=VERTEX_POINT('',#8631);
#926=VERTEX_POINT('',#8716);
#927=VERTEX_POINT('',#9356);
#928=VERTEX_POINT('',#9358);
#929=VERTEX_POINT('',#9362);
#930=EDGE_CURVE('',#705,#706,#495,.T.);
#931=EDGE_CURVE('',#706,#707,#377,.T.);
#932=EDGE_CURVE('',#708,#707,#262,.F.);
#933=EDGE_CURVE('',#705,#708,#378,.F.);
#934=EDGE_CURVE('',#709,#710,#496,.T.);
#935=EDGE_CURVE('',#710,#706,#379,.T.);
#936=EDGE_CURVE('',#709,#705,#380,.F.);
#937=EDGE_CURVE('',#711,#712,#497,.T.);
#938=EDGE_CURVE('',#713,#711,#381,.F.);
#939=EDGE_CURVE('',#714,#713,#263,.T.);
#940=EDGE_CURVE('',#714,#712,#382,.T.);
#941=EDGE_CURVE('',#715,#716,#498,.T.);
#942=EDGE_CURVE('',#716,#717,#383,.F.);
#943=EDGE_CURVE('',#717,#718,#264,.F.);
#944=EDGE_CURVE('',#718,#715,#384,.T.);
#945=EDGE_CURVE('',#719,#720,#499,.T.);
#946=EDGE_CURVE('',#719,#721,#385,.T.);
#947=EDGE_CURVE('',#722,#721,#265,.F.);
#948=EDGE_CURVE('',#722,#720,#386,.F.);
#949=EDGE_CURVE('',#720,#716,#387,.F.);
#950=EDGE_CURVE('',#715,#719,#388,.T.);
#951=EDGE_CURVE('',#712,#710,#389,.T.);
#952=EDGE_CURVE('',#711,#709,#390,.F.);
#953=EDGE_CURVE('',#723,#724,#391,.T.);
#954=EDGE_CURVE('',#725,#723,#500,.T.);
#955=EDGE_CURVE('',#726,#725,#392,.T.);
#956=EDGE_CURVE('',#724,#726,#501,.T.);
#957=EDGE_CURVE('',#727,#728,#393,.T.);
#958=EDGE_CURVE('',#729,#727,#502,.T.);
#959=EDGE_CURVE('',#730,#729,#394,.T.);
#960=EDGE_CURVE('',#728,#730,#503,.T.);
#961=EDGE_CURVE('',#731,#732,#395,.T.);
#962=EDGE_CURVE('',#733,#731,#504,.T.);
#963=EDGE_CURVE('',#734,#733,#396,.T.);
#964=EDGE_CURVE('',#732,#734,#505,.T.);
#965=EDGE_CURVE('',#735,#736,#397,.T.);
#966=EDGE_CURVE('',#737,#735,#506,.T.);
#967=EDGE_CURVE('',#738,#737,#398,.T.);
#968=EDGE_CURVE('',#736,#738,#507,.T.);
#969=EDGE_CURVE('',#739,#740,#399,.T.);
#970=EDGE_CURVE('',#741,#739,#508,.T.);
#971=EDGE_CURVE('',#742,#741,#400,.T.);
#972=EDGE_CURVE('',#740,#742,#509,.T.);
#973=EDGE_CURVE('',#743,#744,#401,.T.);
#974=EDGE_CURVE('',#745,#743,#510,.T.);
#975=EDGE_CURVE('',#746,#745,#402,.T.);
#976=EDGE_CURVE('',#744,#746,#511,.T.);
#977=EDGE_CURVE('',#747,#748,#403,.T.);
#978=EDGE_CURVE('',#749,#747,#512,.T.);
#979=EDGE_CURVE('',#750,#749,#404,.T.);
#980=EDGE_CURVE('',#748,#750,#513,.T.);
#981=EDGE_CURVE('',#751,#752,#405,.T.);
#982=EDGE_CURVE('',#753,#751,#514,.T.);
#983=EDGE_CURVE('',#754,#753,#406,.T.);
#984=EDGE_CURVE('',#752,#754,#515,.T.);
#985=EDGE_CURVE('',#755,#756,#407,.T.);
#986=EDGE_CURVE('',#757,#755,#516,.T.);
#987=EDGE_CURVE('',#758,#757,#408,.T.);
#988=EDGE_CURVE('',#756,#758,#517,.T.);
#989=EDGE_CURVE('',#759,#760,#409,.T.);
#990=EDGE_CURVE('',#761,#759,#518,.T.);
#991=EDGE_CURVE('',#762,#761,#410,.T.);
#992=EDGE_CURVE('',#760,#762,#519,.T.);
#993=EDGE_CURVE('',#763,#764,#411,.T.);
#994=EDGE_CURVE('',#765,#763,#520,.T.);
#995=EDGE_CURVE('',#766,#765,#412,.T.);
#996=EDGE_CURVE('',#764,#766,#521,.T.);
#997=EDGE_CURVE('',#767,#768,#413,.T.);
#998=EDGE_CURVE('',#769,#767,#522,.T.);
#999=EDGE_CURVE('',#770,#769,#414,.T.);
#1000=EDGE_CURVE('',#768,#770,#523,.T.);
#1001=EDGE_CURVE('',#771,#772,#415,.T.);
#1002=EDGE_CURVE('',#773,#771,#524,.T.);
#1003=EDGE_CURVE('',#774,#773,#416,.T.);
#1004=EDGE_CURVE('',#772,#774,#525,.T.);
#1005=EDGE_CURVE('',#775,#776,#417,.T.);
#1006=EDGE_CURVE('',#777,#775,#526,.T.);
#1007=EDGE_CURVE('',#778,#777,#418,.T.);
#1008=EDGE_CURVE('',#776,#778,#527,.T.);
#1009=EDGE_CURVE('',#779,#780,#419,.T.);
#1010=EDGE_CURVE('',#781,#779,#528,.T.);
#1011=EDGE_CURVE('',#782,#781,#420,.T.);
#1012=EDGE_CURVE('',#780,#782,#529,.T.);
#1013=EDGE_CURVE('',#783,#784,#421,.T.);
#1014=EDGE_CURVE('',#785,#783,#530,.T.);
#1015=EDGE_CURVE('',#786,#785,#422,.T.);
#1016=EDGE_CURVE('',#784,#786,#531,.T.);
#1017=EDGE_CURVE('',#787,#788,#423,.T.);
#1018=EDGE_CURVE('',#789,#787,#532,.T.);
#1019=EDGE_CURVE('',#790,#789,#424,.T.);
#1020=EDGE_CURVE('',#788,#790,#533,.T.);
#1021=EDGE_CURVE('',#791,#792,#425,.T.);
#1022=EDGE_CURVE('',#793,#791,#534,.T.);
#1023=EDGE_CURVE('',#794,#793,#426,.T.);
#1024=EDGE_CURVE('',#792,#794,#535,.T.);
#1025=EDGE_CURVE('',#795,#796,#427,.T.);
#1026=EDGE_CURVE('',#797,#795,#536,.T.);
#1027=EDGE_CURVE('',#798,#797,#428,.T.);
#1028=EDGE_CURVE('',#796,#798,#537,.T.);
#1029=EDGE_CURVE('',#799,#800,#429,.T.);
#1030=EDGE_CURVE('',#801,#799,#538,.T.);
#1031=EDGE_CURVE('',#802,#801,#430,.T.);
#1032=EDGE_CURVE('',#800,#802,#539,.T.);
#1033=EDGE_CURVE('',#803,#804,#431,.T.);
#1034=EDGE_CURVE('',#805,#803,#540,.T.);
#1035=EDGE_CURVE('',#806,#805,#432,.T.);
#1036=EDGE_CURVE('',#804,#806,#541,.T.);
#1037=EDGE_CURVE('',#807,#808,#433,.T.);
#1038=EDGE_CURVE('',#809,#807,#542,.T.);
#1039=EDGE_CURVE('',#810,#809,#434,.T.);
#1040=EDGE_CURVE('',#808,#810,#543,.T.);
#1041=EDGE_CURVE('',#811,#812,#435,.T.);
#1042=EDGE_CURVE('',#813,#811,#544,.T.);
#1043=EDGE_CURVE('',#814,#813,#436,.T.);
#1044=EDGE_CURVE('',#812,#814,#545,.T.);
#1045=EDGE_CURVE('',#815,#816,#437,.T.);
#1046=EDGE_CURVE('',#817,#815,#546,.T.);
#1047=EDGE_CURVE('',#818,#817,#438,.T.);
#1048=EDGE_CURVE('',#816,#818,#547,.T.);
#1049=EDGE_CURVE('',#819,#820,#439,.T.);
#1050=EDGE_CURVE('',#821,#819,#548,.T.);
#1051=EDGE_CURVE('',#822,#821,#440,.T.);
#1052=EDGE_CURVE('',#820,#822,#549,.T.);
#1053=EDGE_CURVE('',#823,#824,#441,.T.);
#1054=EDGE_CURVE('',#825,#823,#550,.T.);
#1055=EDGE_CURVE('',#826,#825,#442,.T.);
#1056=EDGE_CURVE('',#824,#826,#551,.T.);
#1057=EDGE_CURVE('',#827,#828,#443,.T.);
#1058=EDGE_CURVE('',#829,#827,#552,.T.);
#1059=EDGE_CURVE('',#830,#829,#444,.T.);
#1060=EDGE_CURVE('',#828,#830,#553,.T.);
#1061=EDGE_CURVE('',#831,#832,#445,.T.);
#1062=EDGE_CURVE('',#833,#831,#554,.T.);
#1063=EDGE_CURVE('',#834,#833,#446,.T.);
#1064=EDGE_CURVE('',#832,#834,#555,.T.);
#1065=EDGE_CURVE('',#835,#836,#447,.T.);
#1066=EDGE_CURVE('',#837,#835,#556,.T.);
#1067=EDGE_CURVE('',#838,#837,#448,.T.);
#1068=EDGE_CURVE('',#836,#838,#557,.T.);
#1069=EDGE_CURVE('',#839,#840,#449,.T.);
#1070=EDGE_CURVE('',#841,#839,#558,.T.);
#1071=EDGE_CURVE('',#842,#841,#450,.T.);
#1072=EDGE_CURVE('',#840,#842,#559,.T.);
#1073=EDGE_CURVE('',#843,#844,#451,.T.);
#1074=EDGE_CURVE('',#845,#843,#560,.T.);
#1075=EDGE_CURVE('',#846,#845,#452,.T.);
#1076=EDGE_CURVE('',#844,#846,#561,.T.);
#1077=EDGE_CURVE('',#847,#848,#453,.T.);
#1078=EDGE_CURVE('',#849,#847,#562,.T.);
#1079=EDGE_CURVE('',#850,#849,#454,.T.);
#1080=EDGE_CURVE('',#848,#850,#563,.T.);
#1081=EDGE_CURVE('',#851,#852,#455,.T.);
#1082=EDGE_CURVE('',#853,#851,#564,.T.);
#1083=EDGE_CURVE('',#854,#853,#456,.T.);
#1084=EDGE_CURVE('',#852,#854,#565,.T.);
#1085=EDGE_CURVE('',#855,#856,#457,.T.);
#1086=EDGE_CURVE('',#857,#855,#566,.T.);
#1087=EDGE_CURVE('',#858,#857,#458,.T.);
#1088=EDGE_CURVE('',#856,#858,#567,.T.);
#1089=EDGE_CURVE('',#859,#860,#459,.T.);
#1090=EDGE_CURVE('',#861,#859,#568,.T.);
#1091=EDGE_CURVE('',#862,#861,#460,.T.);
#1092=EDGE_CURVE('',#860,#862,#569,.T.);
#1093=EDGE_CURVE('',#863,#864,#461,.T.);
#1094=EDGE_CURVE('',#865,#863,#570,.T.);
#1095=EDGE_CURVE('',#866,#865,#462,.T.);
#1096=EDGE_CURVE('',#864,#866,#571,.T.);
#1097=EDGE_CURVE('',#867,#868,#463,.T.);
#1098=EDGE_CURVE('',#869,#867,#572,.T.);
#1099=EDGE_CURVE('',#870,#869,#464,.T.);
#1100=EDGE_CURVE('',#868,#870,#573,.T.);
#1101=EDGE_CURVE('',#871,#872,#465,.T.);
#1102=EDGE_CURVE('',#873,#871,#574,.T.);
#1103=EDGE_CURVE('',#874,#873,#466,.T.);
#1104=EDGE_CURVE('',#872,#874,#575,.T.);
#1105=EDGE_CURVE('',#875,#876,#467,.T.);
#1106=EDGE_CURVE('',#877,#875,#576,.T.);
#1107=EDGE_CURVE('',#878,#877,#468,.T.);
#1108=EDGE_CURVE('',#876,#878,#577,.T.);
#1109=EDGE_CURVE('',#879,#880,#469,.T.);
#1110=EDGE_CURVE('',#881,#879,#578,.T.);
#1111=EDGE_CURVE('',#882,#881,#470,.T.);
#1112=EDGE_CURVE('',#880,#882,#579,.T.);
#1113=EDGE_CURVE('',#883,#884,#471,.T.);
#1114=EDGE_CURVE('',#885,#883,#580,.T.);
#1115=EDGE_CURVE('',#886,#885,#472,.T.);
#1116=EDGE_CURVE('',#884,#886,#581,.T.);
#1117=EDGE_CURVE('',#887,#888,#473,.T.);
#1118=EDGE_CURVE('',#889,#887,#582,.T.);
#1119=EDGE_CURVE('',#890,#889,#474,.T.);
#1120=EDGE_CURVE('',#888,#890,#583,.T.);
#1121=EDGE_CURVE('',#891,#892,#475,.T.);
#1122=EDGE_CURVE('',#893,#891,#584,.T.);
#1123=EDGE_CURVE('',#894,#893,#476,.T.);
#1124=EDGE_CURVE('',#892,#894,#585,.T.);
#1125=EDGE_CURVE('',#895,#896,#477,.T.);
#1126=EDGE_CURVE('',#897,#895,#586,.T.);
#1127=EDGE_CURVE('',#898,#897,#478,.T.);
#1128=EDGE_CURVE('',#896,#898,#587,.T.);
#1129=EDGE_CURVE('',#899,#900,#479,.T.);
#1130=EDGE_CURVE('',#901,#899,#588,.T.);
#1131=EDGE_CURVE('',#902,#901,#480,.T.);
#1132=EDGE_CURVE('',#900,#902,#589,.T.);
#1133=EDGE_CURVE('',#903,#904,#481,.T.);
#1134=EDGE_CURVE('',#905,#903,#590,.T.);
#1135=EDGE_CURVE('',#906,#905,#482,.T.);
#1136=EDGE_CURVE('',#904,#906,#591,.T.);
#1137=EDGE_CURVE('',#907,#908,#483,.T.);
#1138=EDGE_CURVE('',#909,#907,#592,.T.);
#1139=EDGE_CURVE('',#910,#909,#484,.T.);
#1140=EDGE_CURVE('',#908,#910,#593,.T.);
#1141=EDGE_CURVE('',#911,#912,#485,.T.);
#1142=EDGE_CURVE('',#913,#911,#594,.T.);
#1143=EDGE_CURVE('',#914,#913,#486,.T.);
#1144=EDGE_CURVE('',#912,#914,#595,.T.);
#1145=EDGE_CURVE('',#915,#916,#487,.T.);
#1146=EDGE_CURVE('',#917,#915,#596,.T.);
#1147=EDGE_CURVE('',#918,#917,#488,.T.);
#1148=EDGE_CURVE('',#916,#918,#597,.T.);
#1149=EDGE_CURVE('',#919,#920,#489,.T.);
#1150=EDGE_CURVE('',#921,#919,#598,.T.);
#1151=EDGE_CURVE('',#922,#921,#490,.T.);
#1152=EDGE_CURVE('',#920,#922,#599,.T.);
#1153=EDGE_CURVE('',#923,#923,#266,.T.);
#1154=EDGE_CURVE('',#923,#924,#267,.T.);
#1155=EDGE_CURVE('',#924,#890,#268,.T.);
#1156=EDGE_CURVE('',#889,#870,#269,.T.);
#1157=EDGE_CURVE('',#869,#846,#270,.T.);
#1158=EDGE_CURVE('',#845,#794,#271,.T.);
#1159=EDGE_CURVE('',#793,#854,#272,.T.);
#1160=EDGE_CURVE('',#853,#790,#273,.T.);
#1161=EDGE_CURVE('',#789,#882,#274,.T.);
#1162=EDGE_CURVE('',#881,#850,#275,.T.);
#1163=EDGE_CURVE('',#849,#758,#276,.T.);
#1164=EDGE_CURVE('',#757,#838,#277,.T.);
#1165=EDGE_CURVE('',#837,#738,#278,.T.);
#1166=EDGE_CURVE('',#737,#910,#279,.T.);
#1167=EDGE_CURVE('',#909,#834,#280,.T.);
#1168=EDGE_CURVE('',#833,#734,#281,.T.);
#1169=EDGE_CURVE('',#733,#762,#282,.T.);
#1170=EDGE_CURVE('',#761,#886,#283,.T.);
#1171=EDGE_CURVE('',#885,#770,#284,.T.);
#1172=EDGE_CURVE('',#769,#798,#285,.T.);
#1173=EDGE_CURVE('',#797,#754,#286,.T.);
#1174=EDGE_CURVE('',#753,#894,#287,.T.);
#1175=EDGE_CURVE('',#893,#874,#288,.T.);
#1176=EDGE_CURVE('',#873,#750,#289,.T.);
#1177=EDGE_CURVE('',#749,#746,#290,.T.);
#1178=EDGE_CURVE('',#745,#802,#291,.T.);
#1179=EDGE_CURVE('',#801,#810,#292,.T.);
#1180=EDGE_CURVE('',#809,#842,#293,.T.);
#1181=EDGE_CURVE('',#841,#742,#294,.T.);
#1182=EDGE_CURVE('',#741,#858,#295,.T.);
#1183=EDGE_CURVE('',#857,#786,#296,.T.);
#1184=EDGE_CURVE('',#785,#862,#297,.T.);
#1185=EDGE_CURVE('',#861,#778,#298,.T.);
#1186=EDGE_CURVE('',#777,#766,#299,.T.);
#1187=EDGE_CURVE('',#765,#878,#300,.T.);
#1188=EDGE_CURVE('',#877,#906,#301,.T.);
#1189=EDGE_CURVE('',#905,#866,#302,.T.);
#1190=EDGE_CURVE('',#865,#782,#303,.T.);
#1191=EDGE_CURVE('',#781,#806,#304,.T.);
#1192=EDGE_CURVE('',#805,#902,#305,.T.);
#1193=EDGE_CURVE('',#901,#814,#306,.T.);
#1194=EDGE_CURVE('',#813,#914,#307,.T.);
#1195=EDGE_CURVE('',#913,#830,#308,.T.);
#1196=EDGE_CURVE('',#829,#730,#309,.T.);
#1197=EDGE_CURVE('',#729,#818,#310,.T.);
#1198=EDGE_CURVE('',#817,#918,#311,.T.);
#1199=EDGE_CURVE('',#917,#826,#312,.T.);
#1200=EDGE_CURVE('',#825,#726,#313,.T.);
#1201=EDGE_CURVE('',#725,#822,#314,.T.);
#1202=EDGE_CURVE('',#821,#922,#315,.T.);
#1203=EDGE_CURVE('',#921,#898,#316,.T.);
#1204=EDGE_CURVE('',#897,#774,#317,.T.);
#1205=EDGE_CURVE('',#773,#924,#318,.T.);
#1206=EDGE_CURVE('',#819,#920,#319,.T.);
#1207=EDGE_CURVE('',#815,#916,#320,.T.);
#1208=EDGE_CURVE('',#811,#912,#321,.T.);
#1209=EDGE_CURVE('',#735,#908,#322,.T.);
#1210=EDGE_CURVE('',#875,#904,#323,.T.);
#1211=EDGE_CURVE('',#803,#900,#324,.T.);
#1212=EDGE_CURVE('',#919,#896,#325,.T.);
#1213=EDGE_CURVE('',#751,#892,#326,.T.);
#1214=EDGE_CURVE('',#771,#925,#327,.T.);
#1215=EDGE_CURVE('',#925,#888,#328,.T.);
#1216=EDGE_CURVE('',#759,#884,#329,.T.);
#1217=EDGE_CURVE('',#787,#880,#330,.T.);
#1218=EDGE_CURVE('',#763,#876,#331,.T.);
#1219=EDGE_CURVE('',#891,#872,#332,.T.);
#1220=EDGE_CURVE('',#887,#868,#333,.T.);
#1221=EDGE_CURVE('',#903,#864,#334,.T.);
#1222=EDGE_CURVE('',#783,#860,#335,.T.);
#1223=EDGE_CURVE('',#739,#856,#336,.T.);
#1224=EDGE_CURVE('',#791,#852,#337,.T.);
#1225=EDGE_CURVE('',#879,#848,#338,.T.);
#1226=EDGE_CURVE('',#867,#844,#339,.T.);
#1227=EDGE_CURVE('',#807,#840,#340,.T.);
#1228=EDGE_CURVE('',#755,#836,#341,.T.);
#1229=EDGE_CURVE('',#907,#832,#342,.T.);
#1230=EDGE_CURVE('',#911,#828,#343,.T.);
#1231=EDGE_CURVE('',#915,#824,#344,.T.);
#1232=EDGE_CURVE('',#723,#820,#345,.T.);
#1233=EDGE_CURVE('',#727,#816,#346,.T.);
#1234=EDGE_CURVE('',#899,#812,#347,.T.);
#1235=EDGE_CURVE('',#799,#808,#348,.T.);
#1236=EDGE_CURVE('',#779,#804,#349,.T.);
#1237=EDGE_CURVE('',#743,#800,#350,.T.);
#1238=EDGE_CURVE('',#767,#796,#351,.T.);
#1239=EDGE_CURVE('',#843,#792,#352,.T.);
#1240=EDGE_CURVE('',#851,#788,#353,.T.);
#1241=EDGE_CURVE('',#855,#784,#354,.T.);
#1242=EDGE_CURVE('',#863,#780,#355,.T.);
#1243=EDGE_CURVE('',#859,#776,#356,.T.);
#1244=EDGE_CURVE('',#895,#772,#357,.T.);
#1245=EDGE_CURVE('',#883,#768,#358,.T.);
#1246=EDGE_CURVE('',#775,#764,#359,.T.);
#1247=EDGE_CURVE('',#731,#760,#360,.T.);
#1248=EDGE_CURVE('',#847,#756,#361,.T.);
#1249=EDGE_CURVE('',#795,#752,#362,.T.);
#1250=EDGE_CURVE('',#871,#748,#363,.T.);
#1251=EDGE_CURVE('',#747,#744,#364,.T.);
#1252=EDGE_CURVE('',#839,#740,#365,.T.);
#1253=EDGE_CURVE('',#835,#736,#366,.T.);
#1254=EDGE_CURVE('',#831,#732,#367,.T.);
#1255=EDGE_CURVE('',#827,#728,#368,.T.);
#1256=EDGE_CURVE('',#823,#724,#369,.T.);
#1257=EDGE_CURVE('',#925,#926,#370,.T.);
#1258=EDGE_CURVE('',#926,#926,#371,.T.);
#1259=EDGE_CURVE('',#707,#718,#491,.F.);
#1260=EDGE_CURVE('',#721,#714,#492,.T.);
#1261=EDGE_CURVE('',#717,#708,#493,.F.);
#1262=EDGE_CURVE('',#713,#722,#494,.T.);
#1263=EDGE_CURVE('',#927,#927,#372,.T.);
#1264=EDGE_CURVE('',#927,#928,#373,.T.);
#1265=EDGE_CURVE('',#928,#928,#374,.T.);
#1266=EDGE_CURVE('',#929,#929,#375,.T.);
#1267=EDGE_CURVE('',#929,#927,#376,.T.);
#1268=ORIENTED_EDGE('',*,*,#930,.T.);
#1269=ORIENTED_EDGE('',*,*,#931,.T.);
#1270=ORIENTED_EDGE('',*,*,#932,.F.);
#1271=ORIENTED_EDGE('',*,*,#933,.F.);
#1272=ORIENTED_EDGE('',*,*,#934,.T.);
#1273=ORIENTED_EDGE('',*,*,#935,.T.);
#1274=ORIENTED_EDGE('',*,*,#930,.F.);
#1275=ORIENTED_EDGE('',*,*,#936,.F.);
#1276=ORIENTED_EDGE('',*,*,#937,.F.);
#1277=ORIENTED_EDGE('',*,*,#938,.F.);
#1278=ORIENTED_EDGE('',*,*,#939,.F.);
#1279=ORIENTED_EDGE('',*,*,#940,.T.);
#1280=ORIENTED_EDGE('',*,*,#941,.T.);
#1281=ORIENTED_EDGE('',*,*,#942,.T.);
#1282=ORIENTED_EDGE('',*,*,#943,.T.);
#1283=ORIENTED_EDGE('',*,*,#944,.T.);
#1284=ORIENTED_EDGE('',*,*,#945,.F.);
#1285=ORIENTED_EDGE('',*,*,#946,.T.);
#1286=ORIENTED_EDGE('',*,*,#947,.F.);
#1287=ORIENTED_EDGE('',*,*,#948,.T.);
#1288=ORIENTED_EDGE('',*,*,#945,.T.);
#1289=ORIENTED_EDGE('',*,*,#949,.T.);
#1290=ORIENTED_EDGE('',*,*,#941,.F.);
#1291=ORIENTED_EDGE('',*,*,#950,.T.);
#1292=ORIENTED_EDGE('',*,*,#937,.T.);
#1293=ORIENTED_EDGE('',*,*,#951,.T.);
#1294=ORIENTED_EDGE('',*,*,#934,.F.);
#1295=ORIENTED_EDGE('',*,*,#952,.F.);
#1296=ORIENTED_EDGE('',*,*,#953,.F.);
#1297=ORIENTED_EDGE('',*,*,#954,.F.);
#1298=ORIENTED_EDGE('',*,*,#955,.F.);
#1299=ORIENTED_EDGE('',*,*,#956,.F.);
#1300=ORIENTED_EDGE('',*,*,#957,.F.);
#1301=ORIENTED_EDGE('',*,*,#958,.F.);
#1302=ORIENTED_EDGE('',*,*,#959,.F.);
#1303=ORIENTED_EDGE('',*,*,#960,.F.);
#1304=ORIENTED_EDGE('',*,*,#961,.F.);
#1305=ORIENTED_EDGE('',*,*,#962,.F.);
#1306=ORIENTED_EDGE('',*,*,#963,.F.);
#1307=ORIENTED_EDGE('',*,*,#964,.F.);
#1308=ORIENTED_EDGE('',*,*,#965,.F.);
#1309=ORIENTED_EDGE('',*,*,#966,.F.);
#1310=ORIENTED_EDGE('',*,*,#967,.F.);
#1311=ORIENTED_EDGE('',*,*,#968,.F.);
#1312=ORIENTED_EDGE('',*,*,#969,.F.);
#1313=ORIENTED_EDGE('',*,*,#970,.F.);
#1314=ORIENTED_EDGE('',*,*,#971,.F.);
#1315=ORIENTED_EDGE('',*,*,#972,.F.);
#1316=ORIENTED_EDGE('',*,*,#973,.F.);
#1317=ORIENTED_EDGE('',*,*,#974,.F.);
#1318=ORIENTED_EDGE('',*,*,#975,.F.);
#1319=ORIENTED_EDGE('',*,*,#976,.F.);
#1320=ORIENTED_EDGE('',*,*,#977,.F.);
#1321=ORIENTED_EDGE('',*,*,#978,.F.);
#1322=ORIENTED_EDGE('',*,*,#979,.F.);
#1323=ORIENTED_EDGE('',*,*,#980,.F.);
#1324=ORIENTED_EDGE('',*,*,#981,.F.);
#1325=ORIENTED_EDGE('',*,*,#982,.F.);
#1326=ORIENTED_EDGE('',*,*,#983,.F.);
#1327=ORIENTED_EDGE('',*,*,#984,.F.);
#1328=ORIENTED_EDGE('',*,*,#985,.F.);
#1329=ORIENTED_EDGE('',*,*,#986,.F.);
#1330=ORIENTED_EDGE('',*,*,#987,.F.);
#1331=ORIENTED_EDGE('',*,*,#988,.F.);
#1332=ORIENTED_EDGE('',*,*,#989,.F.);
#1333=ORIENTED_EDGE('',*,*,#990,.F.);
#1334=ORIENTED_EDGE('',*,*,#991,.F.);
#1335=ORIENTED_EDGE('',*,*,#992,.F.);
#1336=ORIENTED_EDGE('',*,*,#993,.F.);
#1337=ORIENTED_EDGE('',*,*,#994,.F.);
#1338=ORIENTED_EDGE('',*,*,#995,.F.);
#1339=ORIENTED_EDGE('',*,*,#996,.F.);
#1340=ORIENTED_EDGE('',*,*,#997,.F.);
#1341=ORIENTED_EDGE('',*,*,#998,.F.);
#1342=ORIENTED_EDGE('',*,*,#999,.F.);
#1343=ORIENTED_EDGE('',*,*,#1000,.F.);
#1344=ORIENTED_EDGE('',*,*,#1001,.F.);
#1345=ORIENTED_EDGE('',*,*,#1002,.F.);
#1346=ORIENTED_EDGE('',*,*,#1003,.F.);
#1347=ORIENTED_EDGE('',*,*,#1004,.F.);
#1348=ORIENTED_EDGE('',*,*,#1005,.F.);
#1349=ORIENTED_EDGE('',*,*,#1006,.F.);
#1350=ORIENTED_EDGE('',*,*,#1007,.F.);
#1351=ORIENTED_EDGE('',*,*,#1008,.F.);
#1352=ORIENTED_EDGE('',*,*,#1009,.F.);
#1353=ORIENTED_EDGE('',*,*,#1010,.F.);
#1354=ORIENTED_EDGE('',*,*,#1011,.F.);
#1355=ORIENTED_EDGE('',*,*,#1012,.F.);
#1356=ORIENTED_EDGE('',*,*,#1013,.F.);
#1357=ORIENTED_EDGE('',*,*,#1014,.F.);
#1358=ORIENTED_EDGE('',*,*,#1015,.F.);
#1359=ORIENTED_EDGE('',*,*,#1016,.F.);
#1360=ORIENTED_EDGE('',*,*,#1017,.F.);
#1361=ORIENTED_EDGE('',*,*,#1018,.F.);
#1362=ORIENTED_EDGE('',*,*,#1019,.F.);
#1363=ORIENTED_EDGE('',*,*,#1020,.F.);
#1364=ORIENTED_EDGE('',*,*,#1021,.F.);
#1365=ORIENTED_EDGE('',*,*,#1022,.F.);
#1366=ORIENTED_EDGE('',*,*,#1023,.F.);
#1367=ORIENTED_EDGE('',*,*,#1024,.F.);
#1368=ORIENTED_EDGE('',*,*,#1025,.F.);
#1369=ORIENTED_EDGE('',*,*,#1026,.F.);
#1370=ORIENTED_EDGE('',*,*,#1027,.F.);
#1371=ORIENTED_EDGE('',*,*,#1028,.F.);
#1372=ORIENTED_EDGE('',*,*,#1029,.F.);
#1373=ORIENTED_EDGE('',*,*,#1030,.F.);
#1374=ORIENTED_EDGE('',*,*,#1031,.F.);
#1375=ORIENTED_EDGE('',*,*,#1032,.F.);
#1376=ORIENTED_EDGE('',*,*,#1033,.F.);
#1377=ORIENTED_EDGE('',*,*,#1034,.F.);
#1378=ORIENTED_EDGE('',*,*,#1035,.F.);
#1379=ORIENTED_EDGE('',*,*,#1036,.F.);
#1380=ORIENTED_EDGE('',*,*,#1037,.F.);
#1381=ORIENTED_EDGE('',*,*,#1038,.F.);
#1382=ORIENTED_EDGE('',*,*,#1039,.F.);
#1383=ORIENTED_EDGE('',*,*,#1040,.F.);
#1384=ORIENTED_EDGE('',*,*,#1041,.F.);
#1385=ORIENTED_EDGE('',*,*,#1042,.F.);
#1386=ORIENTED_EDGE('',*,*,#1043,.F.);
#1387=ORIENTED_EDGE('',*,*,#1044,.F.);
#1388=ORIENTED_EDGE('',*,*,#1045,.F.);
#1389=ORIENTED_EDGE('',*,*,#1046,.F.);
#1390=ORIENTED_EDGE('',*,*,#1047,.F.);
#1391=ORIENTED_EDGE('',*,*,#1048,.F.);
#1392=ORIENTED_EDGE('',*,*,#1049,.F.);
#1393=ORIENTED_EDGE('',*,*,#1050,.F.);
#1394=ORIENTED_EDGE('',*,*,#1051,.F.);
#1395=ORIENTED_EDGE('',*,*,#1052,.F.);
#1396=ORIENTED_EDGE('',*,*,#1053,.F.);
#1397=ORIENTED_EDGE('',*,*,#1054,.F.);
#1398=ORIENTED_EDGE('',*,*,#1055,.F.);
#1399=ORIENTED_EDGE('',*,*,#1056,.F.);
#1400=ORIENTED_EDGE('',*,*,#1057,.F.);
#1401=ORIENTED_EDGE('',*,*,#1058,.F.);
#1402=ORIENTED_EDGE('',*,*,#1059,.F.);
#1403=ORIENTED_EDGE('',*,*,#1060,.F.);
#1404=ORIENTED_EDGE('',*,*,#1061,.F.);
#1405=ORIENTED_EDGE('',*,*,#1062,.F.);
#1406=ORIENTED_EDGE('',*,*,#1063,.F.);
#1407=ORIENTED_EDGE('',*,*,#1064,.F.);
#1408=ORIENTED_EDGE('',*,*,#1065,.F.);
#1409=ORIENTED_EDGE('',*,*,#1066,.F.);
#1410=ORIENTED_EDGE('',*,*,#1067,.F.);
#1411=ORIENTED_EDGE('',*,*,#1068,.F.);
#1412=ORIENTED_EDGE('',*,*,#1069,.F.);
#1413=ORIENTED_EDGE('',*,*,#1070,.F.);
#1414=ORIENTED_EDGE('',*,*,#1071,.F.);
#1415=ORIENTED_EDGE('',*,*,#1072,.F.);
#1416=ORIENTED_EDGE('',*,*,#1073,.F.);
#1417=ORIENTED_EDGE('',*,*,#1074,.F.);
#1418=ORIENTED_EDGE('',*,*,#1075,.F.);
#1419=ORIENTED_EDGE('',*,*,#1076,.F.);
#1420=ORIENTED_EDGE('',*,*,#1077,.F.);
#1421=ORIENTED_EDGE('',*,*,#1078,.F.);
#1422=ORIENTED_EDGE('',*,*,#1079,.F.);
#1423=ORIENTED_EDGE('',*,*,#1080,.F.);
#1424=ORIENTED_EDGE('',*,*,#1081,.F.);
#1425=ORIENTED_EDGE('',*,*,#1082,.F.);
#1426=ORIENTED_EDGE('',*,*,#1083,.F.);
#1427=ORIENTED_EDGE('',*,*,#1084,.F.);
#1428=ORIENTED_EDGE('',*,*,#1085,.F.);
#1429=ORIENTED_EDGE('',*,*,#1086,.F.);
#1430=ORIENTED_EDGE('',*,*,#1087,.F.);
#1431=ORIENTED_EDGE('',*,*,#1088,.F.);
#1432=ORIENTED_EDGE('',*,*,#1089,.F.);
#1433=ORIENTED_EDGE('',*,*,#1090,.F.);
#1434=ORIENTED_EDGE('',*,*,#1091,.F.);
#1435=ORIENTED_EDGE('',*,*,#1092,.F.);
#1436=ORIENTED_EDGE('',*,*,#1093,.F.);
#1437=ORIENTED_EDGE('',*,*,#1094,.F.);
#1438=ORIENTED_EDGE('',*,*,#1095,.F.);
#1439=ORIENTED_EDGE('',*,*,#1096,.F.);
#1440=ORIENTED_EDGE('',*,*,#1097,.F.);
#1441=ORIENTED_EDGE('',*,*,#1098,.F.);
#1442=ORIENTED_EDGE('',*,*,#1099,.F.);
#1443=ORIENTED_EDGE('',*,*,#1100,.F.);
#1444=ORIENTED_EDGE('',*,*,#1101,.F.);
#1445=ORIENTED_EDGE('',*,*,#1102,.F.);
#1446=ORIENTED_EDGE('',*,*,#1103,.F.);
#1447=ORIENTED_EDGE('',*,*,#1104,.F.);
#1448=ORIENTED_EDGE('',*,*,#1105,.F.);
#1449=ORIENTED_EDGE('',*,*,#1106,.F.);
#1450=ORIENTED_EDGE('',*,*,#1107,.F.);
#1451=ORIENTED_EDGE('',*,*,#1108,.F.);
#1452=ORIENTED_EDGE('',*,*,#1109,.F.);
#1453=ORIENTED_EDGE('',*,*,#1110,.F.);
#1454=ORIENTED_EDGE('',*,*,#1111,.F.);
#1455=ORIENTED_EDGE('',*,*,#1112,.F.);
#1456=ORIENTED_EDGE('',*,*,#1113,.F.);
#1457=ORIENTED_EDGE('',*,*,#1114,.F.);
#1458=ORIENTED_EDGE('',*,*,#1115,.F.);
#1459=ORIENTED_EDGE('',*,*,#1116,.F.);
#1460=ORIENTED_EDGE('',*,*,#1117,.F.);
#1461=ORIENTED_EDGE('',*,*,#1118,.F.);
#1462=ORIENTED_EDGE('',*,*,#1119,.F.);
#1463=ORIENTED_EDGE('',*,*,#1120,.F.);
#1464=ORIENTED_EDGE('',*,*,#1121,.F.);
#1465=ORIENTED_EDGE('',*,*,#1122,.F.);
#1466=ORIENTED_EDGE('',*,*,#1123,.F.);
#1467=ORIENTED_EDGE('',*,*,#1124,.F.);
#1468=ORIENTED_EDGE('',*,*,#1125,.F.);
#1469=ORIENTED_EDGE('',*,*,#1126,.F.);
#1470=ORIENTED_EDGE('',*,*,#1127,.F.);
#1471=ORIENTED_EDGE('',*,*,#1128,.F.);
#1472=ORIENTED_EDGE('',*,*,#1129,.F.);
#1473=ORIENTED_EDGE('',*,*,#1130,.F.);
#1474=ORIENTED_EDGE('',*,*,#1131,.F.);
#1475=ORIENTED_EDGE('',*,*,#1132,.F.);
#1476=ORIENTED_EDGE('',*,*,#1133,.F.);
#1477=ORIENTED_EDGE('',*,*,#1134,.F.);
#1478=ORIENTED_EDGE('',*,*,#1135,.F.);
#1479=ORIENTED_EDGE('',*,*,#1136,.F.);
#1480=ORIENTED_EDGE('',*,*,#1137,.F.);
#1481=ORIENTED_EDGE('',*,*,#1138,.F.);
#1482=ORIENTED_EDGE('',*,*,#1139,.F.);
#1483=ORIENTED_EDGE('',*,*,#1140,.F.);
#1484=ORIENTED_EDGE('',*,*,#1141,.F.);
#1485=ORIENTED_EDGE('',*,*,#1142,.F.);
#1486=ORIENTED_EDGE('',*,*,#1143,.F.);
#1487=ORIENTED_EDGE('',*,*,#1144,.F.);
#1488=ORIENTED_EDGE('',*,*,#1145,.F.);
#1489=ORIENTED_EDGE('',*,*,#1146,.F.);
#1490=ORIENTED_EDGE('',*,*,#1147,.F.);
#1491=ORIENTED_EDGE('',*,*,#1148,.F.);
#1492=ORIENTED_EDGE('',*,*,#1149,.F.);
#1493=ORIENTED_EDGE('',*,*,#1150,.F.);
#1494=ORIENTED_EDGE('',*,*,#1151,.F.);
#1495=ORIENTED_EDGE('',*,*,#1152,.F.);
#1496=ORIENTED_EDGE('',*,*,#1153,.F.);
#1497=ORIENTED_EDGE('',*,*,#1154,.T.);
#1498=ORIENTED_EDGE('',*,*,#1155,.T.);
#1499=ORIENTED_EDGE('',*,*,#1119,.T.);
#1500=ORIENTED_EDGE('',*,*,#1156,.T.);
#1501=ORIENTED_EDGE('',*,*,#1099,.T.);
#1502=ORIENTED_EDGE('',*,*,#1157,.T.);
#1503=ORIENTED_EDGE('',*,*,#1075,.T.);
#1504=ORIENTED_EDGE('',*,*,#1158,.T.);
#1505=ORIENTED_EDGE('',*,*,#1023,.T.);
#1506=ORIENTED_EDGE('',*,*,#1159,.T.);
#1507=ORIENTED_EDGE('',*,*,#1083,.T.);
#1508=ORIENTED_EDGE('',*,*,#1160,.T.);
#1509=ORIENTED_EDGE('',*,*,#1019,.T.);
#1510=ORIENTED_EDGE('',*,*,#1161,.T.);
#1511=ORIENTED_EDGE('',*,*,#1111,.T.);
#1512=ORIENTED_EDGE('',*,*,#1162,.T.);
#1513=ORIENTED_EDGE('',*,*,#1079,.T.);
#1514=ORIENTED_EDGE('',*,*,#1163,.T.);
#1515=ORIENTED_EDGE('',*,*,#987,.T.);
#1516=ORIENTED_EDGE('',*,*,#1164,.T.);
#1517=ORIENTED_EDGE('',*,*,#1067,.T.);
#1518=ORIENTED_EDGE('',*,*,#1165,.T.);
#1519=ORIENTED_EDGE('',*,*,#967,.T.);
#1520=ORIENTED_EDGE('',*,*,#1166,.T.);
#1521=ORIENTED_EDGE('',*,*,#1139,.T.);
#1522=ORIENTED_EDGE('',*,*,#1167,.T.);
#1523=ORIENTED_EDGE('',*,*,#1063,.T.);
#1524=ORIENTED_EDGE('',*,*,#1168,.T.);
#1525=ORIENTED_EDGE('',*,*,#963,.T.);
#1526=ORIENTED_EDGE('',*,*,#1169,.T.);
#1527=ORIENTED_EDGE('',*,*,#991,.T.);
#1528=ORIENTED_EDGE('',*,*,#1170,.T.);
#1529=ORIENTED_EDGE('',*,*,#1115,.T.);
#1530=ORIENTED_EDGE('',*,*,#1171,.T.);
#1531=ORIENTED_EDGE('',*,*,#999,.T.);
#1532=ORIENTED_EDGE('',*,*,#1172,.T.);
#1533=ORIENTED_EDGE('',*,*,#1027,.T.);
#1534=ORIENTED_EDGE('',*,*,#1173,.T.);
#1535=ORIENTED_EDGE('',*,*,#983,.T.);
#1536=ORIENTED_EDGE('',*,*,#1174,.T.);
#1537=ORIENTED_EDGE('',*,*,#1123,.T.);
#1538=ORIENTED_EDGE('',*,*,#1175,.T.);
#1539=ORIENTED_EDGE('',*,*,#1103,.T.);
#1540=ORIENTED_EDGE('',*,*,#1176,.T.);
#1541=ORIENTED_EDGE('',*,*,#979,.T.);
#1542=ORIENTED_EDGE('',*,*,#1177,.T.);
#1543=ORIENTED_EDGE('',*,*,#975,.T.);
#1544=ORIENTED_EDGE('',*,*,#1178,.T.);
#1545=ORIENTED_EDGE('',*,*,#1031,.T.);
#1546=ORIENTED_EDGE('',*,*,#1179,.T.);
#1547=ORIENTED_EDGE('',*,*,#1039,.T.);
#1548=ORIENTED_EDGE('',*,*,#1180,.T.);
#1549=ORIENTED_EDGE('',*,*,#1071,.T.);
#1550=ORIENTED_EDGE('',*,*,#1181,.T.);
#1551=ORIENTED_EDGE('',*,*,#971,.T.);
#1552=ORIENTED_EDGE('',*,*,#1182,.T.);
#1553=ORIENTED_EDGE('',*,*,#1087,.T.);
#1554=ORIENTED_EDGE('',*,*,#1183,.T.);
#1555=ORIENTED_EDGE('',*,*,#1015,.T.);
#1556=ORIENTED_EDGE('',*,*,#1184,.T.);
#1557=ORIENTED_EDGE('',*,*,#1091,.T.);
#1558=ORIENTED_EDGE('',*,*,#1185,.T.);
#1559=ORIENTED_EDGE('',*,*,#1007,.T.);
#1560=ORIENTED_EDGE('',*,*,#1186,.T.);
#1561=ORIENTED_EDGE('',*,*,#995,.T.);
#1562=ORIENTED_EDGE('',*,*,#1187,.T.);
#1563=ORIENTED_EDGE('',*,*,#1107,.T.);
#1564=ORIENTED_EDGE('',*,*,#1188,.T.);
#1565=ORIENTED_EDGE('',*,*,#1135,.T.);
#1566=ORIENTED_EDGE('',*,*,#1189,.T.);
#1567=ORIENTED_EDGE('',*,*,#1095,.T.);
#1568=ORIENTED_EDGE('',*,*,#1190,.T.);
#1569=ORIENTED_EDGE('',*,*,#1011,.T.);
#1570=ORIENTED_EDGE('',*,*,#1191,.T.);
#1571=ORIENTED_EDGE('',*,*,#1035,.T.);
#1572=ORIENTED_EDGE('',*,*,#1192,.T.);
#1573=ORIENTED_EDGE('',*,*,#1131,.T.);
#1574=ORIENTED_EDGE('',*,*,#1193,.T.);
#1575=ORIENTED_EDGE('',*,*,#1043,.T.);
#1576=ORIENTED_EDGE('',*,*,#1194,.T.);
#1577=ORIENTED_EDGE('',*,*,#1143,.T.);
#1578=ORIENTED_EDGE('',*,*,#1195,.T.);
#1579=ORIENTED_EDGE('',*,*,#1059,.T.);
#1580=ORIENTED_EDGE('',*,*,#1196,.T.);
#1581=ORIENTED_EDGE('',*,*,#959,.T.);
#1582=ORIENTED_EDGE('',*,*,#1197,.T.);
#1583=ORIENTED_EDGE('',*,*,#1047,.T.);
#1584=ORIENTED_EDGE('',*,*,#1198,.T.);
#1585=ORIENTED_EDGE('',*,*,#1147,.T.);
#1586=ORIENTED_EDGE('',*,*,#1199,.T.);
#1587=ORIENTED_EDGE('',*,*,#1055,.T.);
#1588=ORIENTED_EDGE('',*,*,#1200,.T.);
#1589=ORIENTED_EDGE('',*,*,#955,.T.);
#1590=ORIENTED_EDGE('',*,*,#1201,.T.);
#1591=ORIENTED_EDGE('',*,*,#1051,.T.);
#1592=ORIENTED_EDGE('',*,*,#1202,.T.);
#1593=ORIENTED_EDGE('',*,*,#1151,.T.);
#1594=ORIENTED_EDGE('',*,*,#1203,.T.);
#1595=ORIENTED_EDGE('',*,*,#1127,.T.);
#1596=ORIENTED_EDGE('',*,*,#1204,.T.);
#1597=ORIENTED_EDGE('',*,*,#1003,.T.);
#1598=ORIENTED_EDGE('',*,*,#1205,.T.);
#1599=ORIENTED_EDGE('',*,*,#1154,.F.);
#1600=ORIENTED_EDGE('',*,*,#1050,.T.);
#1601=ORIENTED_EDGE('',*,*,#1206,.T.);
#1602=ORIENTED_EDGE('',*,*,#1152,.T.);
#1603=ORIENTED_EDGE('',*,*,#1202,.F.);
#1604=ORIENTED_EDGE('',*,*,#1046,.T.);
#1605=ORIENTED_EDGE('',*,*,#1207,.T.);
#1606=ORIENTED_EDGE('',*,*,#1148,.T.);
#1607=ORIENTED_EDGE('',*,*,#1198,.F.);
#1608=ORIENTED_EDGE('',*,*,#1042,.T.);
#1609=ORIENTED_EDGE('',*,*,#1208,.T.);
#1610=ORIENTED_EDGE('',*,*,#1144,.T.);
#1611=ORIENTED_EDGE('',*,*,#1194,.F.);
#1612=ORIENTED_EDGE('',*,*,#966,.T.);
#1613=ORIENTED_EDGE('',*,*,#1209,.T.);
#1614=ORIENTED_EDGE('',*,*,#1140,.T.);
#1615=ORIENTED_EDGE('',*,*,#1166,.F.);
#1616=ORIENTED_EDGE('',*,*,#1106,.T.);
#1617=ORIENTED_EDGE('',*,*,#1210,.T.);
#1618=ORIENTED_EDGE('',*,*,#1136,.T.);
#1619=ORIENTED_EDGE('',*,*,#1188,.F.);
#1620=ORIENTED_EDGE('',*,*,#1034,.T.);
#1621=ORIENTED_EDGE('',*,*,#1211,.T.);
#1622=ORIENTED_EDGE('',*,*,#1132,.T.);
#1623=ORIENTED_EDGE('',*,*,#1192,.F.);
#1624=ORIENTED_EDGE('',*,*,#1128,.T.);
#1625=ORIENTED_EDGE('',*,*,#1203,.F.);
#1626=ORIENTED_EDGE('',*,*,#1150,.T.);
#1627=ORIENTED_EDGE('',*,*,#1212,.T.);
#1628=ORIENTED_EDGE('',*,*,#982,.T.);
#1629=ORIENTED_EDGE('',*,*,#1213,.T.);
#1630=ORIENTED_EDGE('',*,*,#1124,.T.);
#1631=ORIENTED_EDGE('',*,*,#1174,.F.);
#1632=ORIENTED_EDGE('',*,*,#1002,.T.);
#1633=ORIENTED_EDGE('',*,*,#1214,.T.);
#1634=ORIENTED_EDGE('',*,*,#1215,.T.);
#1635=ORIENTED_EDGE('',*,*,#1120,.T.);
#1636=ORIENTED_EDGE('',*,*,#1155,.F.);
#1637=ORIENTED_EDGE('',*,*,#1205,.F.);
#1638=ORIENTED_EDGE('',*,*,#990,.T.);
#1639=ORIENTED_EDGE('',*,*,#1216,.T.);
#1640=ORIENTED_EDGE('',*,*,#1116,.T.);
#1641=ORIENTED_EDGE('',*,*,#1170,.F.);
#1642=ORIENTED_EDGE('',*,*,#1018,.T.);
#1643=ORIENTED_EDGE('',*,*,#1217,.T.);
#1644=ORIENTED_EDGE('',*,*,#1112,.T.);
#1645=ORIENTED_EDGE('',*,*,#1161,.F.);
#1646=ORIENTED_EDGE('',*,*,#994,.T.);
#1647=ORIENTED_EDGE('',*,*,#1218,.T.);
#1648=ORIENTED_EDGE('',*,*,#1108,.T.);
#1649=ORIENTED_EDGE('',*,*,#1187,.F.);
#1650=ORIENTED_EDGE('',*,*,#1104,.T.);
#1651=ORIENTED_EDGE('',*,*,#1175,.F.);
#1652=ORIENTED_EDGE('',*,*,#1122,.T.);
#1653=ORIENTED_EDGE('',*,*,#1219,.T.);
#1654=ORIENTED_EDGE('',*,*,#1100,.T.);
#1655=ORIENTED_EDGE('',*,*,#1156,.F.);
#1656=ORIENTED_EDGE('',*,*,#1118,.T.);
#1657=ORIENTED_EDGE('',*,*,#1220,.T.);
#1658=ORIENTED_EDGE('',*,*,#1096,.T.);
#1659=ORIENTED_EDGE('',*,*,#1189,.F.);
#1660=ORIENTED_EDGE('',*,*,#1134,.T.);
#1661=ORIENTED_EDGE('',*,*,#1221,.T.);
#1662=ORIENTED_EDGE('',*,*,#1014,.T.);
#1663=ORIENTED_EDGE('',*,*,#1222,.T.);
#1664=ORIENTED_EDGE('',*,*,#1092,.T.);
#1665=ORIENTED_EDGE('',*,*,#1184,.F.);
#1666=ORIENTED_EDGE('',*,*,#970,.T.);
#1667=ORIENTED_EDGE('',*,*,#1223,.T.);
#1668=ORIENTED_EDGE('',*,*,#1088,.T.);
#1669=ORIENTED_EDGE('',*,*,#1182,.F.);
#1670=ORIENTED_EDGE('',*,*,#1022,.T.);
#1671=ORIENTED_EDGE('',*,*,#1224,.T.);
#1672=ORIENTED_EDGE('',*,*,#1084,.T.);
#1673=ORIENTED_EDGE('',*,*,#1159,.F.);
#1674=ORIENTED_EDGE('',*,*,#1080,.T.);
#1675=ORIENTED_EDGE('',*,*,#1162,.F.);
#1676=ORIENTED_EDGE('',*,*,#1110,.T.);
#1677=ORIENTED_EDGE('',*,*,#1225,.T.);
#1678=ORIENTED_EDGE('',*,*,#1076,.T.);
#1679=ORIENTED_EDGE('',*,*,#1157,.F.);
#1680=ORIENTED_EDGE('',*,*,#1098,.T.);
#1681=ORIENTED_EDGE('',*,*,#1226,.T.);
#1682=ORIENTED_EDGE('',*,*,#1038,.T.);
#1683=ORIENTED_EDGE('',*,*,#1227,.T.);
#1684=ORIENTED_EDGE('',*,*,#1072,.T.);
#1685=ORIENTED_EDGE('',*,*,#1180,.F.);
#1686=ORIENTED_EDGE('',*,*,#986,.T.);
#1687=ORIENTED_EDGE('',*,*,#1228,.T.);
#1688=ORIENTED_EDGE('',*,*,#1068,.T.);
#1689=ORIENTED_EDGE('',*,*,#1164,.F.);
#1690=ORIENTED_EDGE('',*,*,#1064,.T.);
#1691=ORIENTED_EDGE('',*,*,#1167,.F.);
#1692=ORIENTED_EDGE('',*,*,#1138,.T.);
#1693=ORIENTED_EDGE('',*,*,#1229,.T.);
#1694=ORIENTED_EDGE('',*,*,#1060,.T.);
#1695=ORIENTED_EDGE('',*,*,#1195,.F.);
#1696=ORIENTED_EDGE('',*,*,#1142,.T.);
#1697=ORIENTED_EDGE('',*,*,#1230,.T.);
#1698=ORIENTED_EDGE('',*,*,#1056,.T.);
#1699=ORIENTED_EDGE('',*,*,#1199,.F.);
#1700=ORIENTED_EDGE('',*,*,#1146,.T.);
#1701=ORIENTED_EDGE('',*,*,#1231,.T.);
#1702=ORIENTED_EDGE('',*,*,#954,.T.);
#1703=ORIENTED_EDGE('',*,*,#1232,.T.);
#1704=ORIENTED_EDGE('',*,*,#1052,.T.);
#1705=ORIENTED_EDGE('',*,*,#1201,.F.);
#1706=ORIENTED_EDGE('',*,*,#958,.T.);
#1707=ORIENTED_EDGE('',*,*,#1233,.T.);
#1708=ORIENTED_EDGE('',*,*,#1048,.T.);
#1709=ORIENTED_EDGE('',*,*,#1197,.F.);
#1710=ORIENTED_EDGE('',*,*,#1044,.T.);
#1711=ORIENTED_EDGE('',*,*,#1193,.F.);
#1712=ORIENTED_EDGE('',*,*,#1130,.T.);
#1713=ORIENTED_EDGE('',*,*,#1234,.T.);
#1714=ORIENTED_EDGE('',*,*,#1030,.T.);
#1715=ORIENTED_EDGE('',*,*,#1235,.T.);
#1716=ORIENTED_EDGE('',*,*,#1040,.T.);
#1717=ORIENTED_EDGE('',*,*,#1179,.F.);
#1718=ORIENTED_EDGE('',*,*,#1010,.T.);
#1719=ORIENTED_EDGE('',*,*,#1236,.T.);
#1720=ORIENTED_EDGE('',*,*,#1036,.T.);
#1721=ORIENTED_EDGE('',*,*,#1191,.F.);
#1722=ORIENTED_EDGE('',*,*,#974,.T.);
#1723=ORIENTED_EDGE('',*,*,#1237,.T.);
#1724=ORIENTED_EDGE('',*,*,#1032,.T.);
#1725=ORIENTED_EDGE('',*,*,#1178,.F.);
#1726=ORIENTED_EDGE('',*,*,#998,.T.);
#1727=ORIENTED_EDGE('',*,*,#1238,.T.);
#1728=ORIENTED_EDGE('',*,*,#1028,.T.);
#1729=ORIENTED_EDGE('',*,*,#1172,.F.);
#1730=ORIENTED_EDGE('',*,*,#1024,.T.);
#1731=ORIENTED_EDGE('',*,*,#1158,.F.);
#1732=ORIENTED_EDGE('',*,*,#1074,.T.);
#1733=ORIENTED_EDGE('',*,*,#1239,.T.);
#1734=ORIENTED_EDGE('',*,*,#1020,.T.);
#1735=ORIENTED_EDGE('',*,*,#1160,.F.);
#1736=ORIENTED_EDGE('',*,*,#1082,.T.);
#1737=ORIENTED_EDGE('',*,*,#1240,.T.);
#1738=ORIENTED_EDGE('',*,*,#1016,.T.);
#1739=ORIENTED_EDGE('',*,*,#1183,.F.);
#1740=ORIENTED_EDGE('',*,*,#1086,.T.);
#1741=ORIENTED_EDGE('',*,*,#1241,.T.);
#1742=ORIENTED_EDGE('',*,*,#1012,.T.);
#1743=ORIENTED_EDGE('',*,*,#1190,.F.);
#1744=ORIENTED_EDGE('',*,*,#1094,.T.);
#1745=ORIENTED_EDGE('',*,*,#1242,.T.);
#1746=ORIENTED_EDGE('',*,*,#1008,.T.);
#1747=ORIENTED_EDGE('',*,*,#1185,.F.);
#1748=ORIENTED_EDGE('',*,*,#1090,.T.);
#1749=ORIENTED_EDGE('',*,*,#1243,.T.);
#1750=ORIENTED_EDGE('',*,*,#1004,.T.);
#1751=ORIENTED_EDGE('',*,*,#1204,.F.);
#1752=ORIENTED_EDGE('',*,*,#1126,.T.);
#1753=ORIENTED_EDGE('',*,*,#1244,.T.);
#1754=ORIENTED_EDGE('',*,*,#1000,.T.);
#1755=ORIENTED_EDGE('',*,*,#1171,.F.);
#1756=ORIENTED_EDGE('',*,*,#1114,.T.);
#1757=ORIENTED_EDGE('',*,*,#1245,.T.);
#1758=ORIENTED_EDGE('',*,*,#996,.T.);
#1759=ORIENTED_EDGE('',*,*,#1186,.F.);
#1760=ORIENTED_EDGE('',*,*,#1006,.T.);
#1761=ORIENTED_EDGE('',*,*,#1246,.T.);
#1762=ORIENTED_EDGE('',*,*,#962,.T.);
#1763=ORIENTED_EDGE('',*,*,#1247,.T.);
#1764=ORIENTED_EDGE('',*,*,#992,.T.);
#1765=ORIENTED_EDGE('',*,*,#1169,.F.);
#1766=ORIENTED_EDGE('',*,*,#988,.T.);
#1767=ORIENTED_EDGE('',*,*,#1163,.F.);
#1768=ORIENTED_EDGE('',*,*,#1078,.T.);
#1769=ORIENTED_EDGE('',*,*,#1248,.T.);
#1770=ORIENTED_EDGE('',*,*,#984,.T.);
#1771=ORIENTED_EDGE('',*,*,#1173,.F.);
#1772=ORIENTED_EDGE('',*,*,#1026,.T.);
#1773=ORIENTED_EDGE('',*,*,#1249,.T.);
#1774=ORIENTED_EDGE('',*,*,#980,.T.);
#1775=ORIENTED_EDGE('',*,*,#1176,.F.);
#1776=ORIENTED_EDGE('',*,*,#1102,.T.);
#1777=ORIENTED_EDGE('',*,*,#1250,.T.);
#1778=ORIENTED_EDGE('',*,*,#976,.T.);
#1779=ORIENTED_EDGE('',*,*,#1177,.F.);
#1780=ORIENTED_EDGE('',*,*,#978,.T.);
#1781=ORIENTED_EDGE('',*,*,#1251,.T.);
#1782=ORIENTED_EDGE('',*,*,#972,.T.);
#1783=ORIENTED_EDGE('',*,*,#1181,.F.);
#1784=ORIENTED_EDGE('',*,*,#1070,.T.);
#1785=ORIENTED_EDGE('',*,*,#1252,.T.);
#1786=ORIENTED_EDGE('',*,*,#968,.T.);
#1787=ORIENTED_EDGE('',*,*,#1165,.F.);
#1788=ORIENTED_EDGE('',*,*,#1066,.T.);
#1789=ORIENTED_EDGE('',*,*,#1253,.T.);
#1790=ORIENTED_EDGE('',*,*,#964,.T.);
#1791=ORIENTED_EDGE('',*,*,#1168,.F.);
#1792=ORIENTED_EDGE('',*,*,#1062,.T.);
#1793=ORIENTED_EDGE('',*,*,#1254,.T.);
#1794=ORIENTED_EDGE('',*,*,#960,.T.);
#1795=ORIENTED_EDGE('',*,*,#1196,.F.);
#1796=ORIENTED_EDGE('',*,*,#1058,.T.);
#1797=ORIENTED_EDGE('',*,*,#1255,.T.);
#1798=ORIENTED_EDGE('',*,*,#1214,.F.);
#1799=ORIENTED_EDGE('',*,*,#1001,.T.);
#1800=ORIENTED_EDGE('',*,*,#1244,.F.);
#1801=ORIENTED_EDGE('',*,*,#1125,.T.);
#1802=ORIENTED_EDGE('',*,*,#1212,.F.);
#1803=ORIENTED_EDGE('',*,*,#1149,.T.);
#1804=ORIENTED_EDGE('',*,*,#1206,.F.);
#1805=ORIENTED_EDGE('',*,*,#1049,.T.);
#1806=ORIENTED_EDGE('',*,*,#1232,.F.);
#1807=ORIENTED_EDGE('',*,*,#953,.T.);
#1808=ORIENTED_EDGE('',*,*,#1256,.F.);
#1809=ORIENTED_EDGE('',*,*,#1053,.T.);
#1810=ORIENTED_EDGE('',*,*,#1231,.F.);
#1811=ORIENTED_EDGE('',*,*,#1145,.T.);
#1812=ORIENTED_EDGE('',*,*,#1207,.F.);
#1813=ORIENTED_EDGE('',*,*,#1045,.T.);
#1814=ORIENTED_EDGE('',*,*,#1233,.F.);
#1815=ORIENTED_EDGE('',*,*,#957,.T.);
#1816=ORIENTED_EDGE('',*,*,#1255,.F.);
#1817=ORIENTED_EDGE('',*,*,#1057,.T.);
#1818=ORIENTED_EDGE('',*,*,#1230,.F.);
#1819=ORIENTED_EDGE('',*,*,#1141,.T.);
#1820=ORIENTED_EDGE('',*,*,#1208,.F.);
#1821=ORIENTED_EDGE('',*,*,#1041,.T.);
#1822=ORIENTED_EDGE('',*,*,#1234,.F.);
#1823=ORIENTED_EDGE('',*,*,#1129,.T.);
#1824=ORIENTED_EDGE('',*,*,#1211,.F.);
#1825=ORIENTED_EDGE('',*,*,#1033,.T.);
#1826=ORIENTED_EDGE('',*,*,#1236,.F.);
#1827=ORIENTED_EDGE('',*,*,#1009,.T.);
#1828=ORIENTED_EDGE('',*,*,#1242,.F.);
#1829=ORIENTED_EDGE('',*,*,#1093,.T.);
#1830=ORIENTED_EDGE('',*,*,#1221,.F.);
#1831=ORIENTED_EDGE('',*,*,#1133,.T.);
#1832=ORIENTED_EDGE('',*,*,#1210,.F.);
#1833=ORIENTED_EDGE('',*,*,#1105,.T.);
#1834=ORIENTED_EDGE('',*,*,#1218,.F.);
#1835=ORIENTED_EDGE('',*,*,#993,.T.);
#1836=ORIENTED_EDGE('',*,*,#1246,.F.);
#1837=ORIENTED_EDGE('',*,*,#1005,.T.);
#1838=ORIENTED_EDGE('',*,*,#1243,.F.);
#1839=ORIENTED_EDGE('',*,*,#1089,.T.);
#1840=ORIENTED_EDGE('',*,*,#1222,.F.);
#1841=ORIENTED_EDGE('',*,*,#1013,.T.);
#1842=ORIENTED_EDGE('',*,*,#1241,.F.);
#1843=ORIENTED_EDGE('',*,*,#1085,.T.);
#1844=ORIENTED_EDGE('',*,*,#1223,.F.);
#1845=ORIENTED_EDGE('',*,*,#969,.T.);
#1846=ORIENTED_EDGE('',*,*,#1252,.F.);
#1847=ORIENTED_EDGE('',*,*,#1069,.T.);
#1848=ORIENTED_EDGE('',*,*,#1227,.F.);
#1849=ORIENTED_EDGE('',*,*,#1037,.T.);
#1850=ORIENTED_EDGE('',*,*,#1235,.F.);
#1851=ORIENTED_EDGE('',*,*,#1029,.T.);
#1852=ORIENTED_EDGE('',*,*,#1237,.F.);
#1853=ORIENTED_EDGE('',*,*,#973,.T.);
#1854=ORIENTED_EDGE('',*,*,#1251,.F.);
#1855=ORIENTED_EDGE('',*,*,#977,.T.);
#1856=ORIENTED_EDGE('',*,*,#1250,.F.);
#1857=ORIENTED_EDGE('',*,*,#1101,.T.);
#1858=ORIENTED_EDGE('',*,*,#1219,.F.);
#1859=ORIENTED_EDGE('',*,*,#1121,.T.);
#1860=ORIENTED_EDGE('',*,*,#1213,.F.);
#1861=ORIENTED_EDGE('',*,*,#981,.T.);
#1862=ORIENTED_EDGE('',*,*,#1249,.F.);
#1863=ORIENTED_EDGE('',*,*,#1025,.T.);
#1864=ORIENTED_EDGE('',*,*,#1238,.F.);
#1865=ORIENTED_EDGE('',*,*,#997,.T.);
#1866=ORIENTED_EDGE('',*,*,#1245,.F.);
#1867=ORIENTED_EDGE('',*,*,#1113,.T.);
#1868=ORIENTED_EDGE('',*,*,#1216,.F.);
#1869=ORIENTED_EDGE('',*,*,#989,.T.);
#1870=ORIENTED_EDGE('',*,*,#1247,.F.);
#1871=ORIENTED_EDGE('',*,*,#961,.T.);
#1872=ORIENTED_EDGE('',*,*,#1254,.F.);
#1873=ORIENTED_EDGE('',*,*,#1061,.T.);
#1874=ORIENTED_EDGE('',*,*,#1229,.F.);
#1875=ORIENTED_EDGE('',*,*,#1137,.T.);
#1876=ORIENTED_EDGE('',*,*,#1209,.F.);
#1877=ORIENTED_EDGE('',*,*,#965,.T.);
#1878=ORIENTED_EDGE('',*,*,#1253,.F.);
#1879=ORIENTED_EDGE('',*,*,#1065,.T.);
#1880=ORIENTED_EDGE('',*,*,#1228,.F.);
#1881=ORIENTED_EDGE('',*,*,#985,.T.);
#1882=ORIENTED_EDGE('',*,*,#1248,.F.);
#1883=ORIENTED_EDGE('',*,*,#1077,.T.);
#1884=ORIENTED_EDGE('',*,*,#1225,.F.);
#1885=ORIENTED_EDGE('',*,*,#1109,.T.);
#1886=ORIENTED_EDGE('',*,*,#1217,.F.);
#1887=ORIENTED_EDGE('',*,*,#1017,.T.);
#1888=ORIENTED_EDGE('',*,*,#1240,.F.);
#1889=ORIENTED_EDGE('',*,*,#1081,.T.);
#1890=ORIENTED_EDGE('',*,*,#1224,.F.);
#1891=ORIENTED_EDGE('',*,*,#1021,.T.);
#1892=ORIENTED_EDGE('',*,*,#1239,.F.);
#1893=ORIENTED_EDGE('',*,*,#1073,.T.);
#1894=ORIENTED_EDGE('',*,*,#1226,.F.);
#1895=ORIENTED_EDGE('',*,*,#1097,.T.);
#1896=ORIENTED_EDGE('',*,*,#1220,.F.);
#1897=ORIENTED_EDGE('',*,*,#1117,.T.);
#1898=ORIENTED_EDGE('',*,*,#1215,.F.);
#1899=ORIENTED_EDGE('',*,*,#1257,.T.);
#1900=ORIENTED_EDGE('',*,*,#1258,.T.);
#1901=ORIENTED_EDGE('',*,*,#1257,.F.);
#1902=ORIENTED_EDGE('',*,*,#1259,.F.);
#1903=ORIENTED_EDGE('',*,*,#931,.F.);
#1904=ORIENTED_EDGE('',*,*,#935,.F.);
#1905=ORIENTED_EDGE('',*,*,#951,.F.);
#1906=ORIENTED_EDGE('',*,*,#940,.F.);
#1907=ORIENTED_EDGE('',*,*,#1260,.F.);
#1908=ORIENTED_EDGE('',*,*,#946,.F.);
#1909=ORIENTED_EDGE('',*,*,#950,.F.);
#1910=ORIENTED_EDGE('',*,*,#944,.F.);
#1911=ORIENTED_EDGE('',*,*,#1261,.F.);
#1912=ORIENTED_EDGE('',*,*,#942,.F.);
#1913=ORIENTED_EDGE('',*,*,#949,.F.);
#1914=ORIENTED_EDGE('',*,*,#948,.F.);
#1915=ORIENTED_EDGE('',*,*,#1262,.F.);
#1916=ORIENTED_EDGE('',*,*,#938,.T.);
#1917=ORIENTED_EDGE('',*,*,#952,.T.);
#1918=ORIENTED_EDGE('',*,*,#936,.T.);
#1919=ORIENTED_EDGE('',*,*,#933,.T.);
#1920=ORIENTED_EDGE('',*,*,#1263,.F.);
#1921=ORIENTED_EDGE('',*,*,#1264,.T.);
#1922=ORIENTED_EDGE('',*,*,#1265,.T.);
#1923=ORIENTED_EDGE('',*,*,#1264,.F.);
#1924=ORIENTED_EDGE('',*,*,#1266,.F.);
#1925=ORIENTED_EDGE('',*,*,#1267,.T.);
#1926=ORIENTED_EDGE('',*,*,#1263,.T.);
#1927=ORIENTED_EDGE('',*,*,#1267,.F.);
#1928=ORIENTED_EDGE('',*,*,#1261,.T.);
#1929=ORIENTED_EDGE('',*,*,#932,.T.);
#1930=ORIENTED_EDGE('',*,*,#1259,.T.);
#1931=ORIENTED_EDGE('',*,*,#943,.F.);
#1932=ORIENTED_EDGE('',*,*,#1266,.T.);
#1933=ORIENTED_EDGE('',*,*,#1258,.F.);
#1934=ORIENTED_EDGE('',*,*,#1262,.T.);
#1935=ORIENTED_EDGE('',*,*,#947,.T.);
#1936=ORIENTED_EDGE('',*,*,#1260,.T.);
#1937=ORIENTED_EDGE('',*,*,#939,.T.);
#1938=ORIENTED_EDGE('',*,*,#956,.T.);
#1939=ORIENTED_EDGE('',*,*,#1200,.F.);
#1940=ORIENTED_EDGE('',*,*,#1054,.T.);
#1941=ORIENTED_EDGE('',*,*,#1256,.T.);
#1942=ORIENTED_EDGE('',*,*,#1153,.T.);
#1943=ORIENTED_EDGE('',*,*,#1265,.F.);
#1944=CYLINDRICAL_SURFACE('',#2181,11.3193);
#1945=CYLINDRICAL_SURFACE('',#2183,11.3193);
#1946=CYLINDRICAL_SURFACE('',#2184,11.3193);
#1947=CYLINDRICAL_SURFACE('',#2186,9.6512);
#1948=CYLINDRICAL_SURFACE('',#2188,9.6512);
#1949=CYLINDRICAL_SURFACE('',#2190,9.6512);
#1950=CYLINDRICAL_SURFACE('',#2191,11.3193);
#1951=CYLINDRICAL_SURFACE('',#2192,0.600000000000001);
#1952=CYLINDRICAL_SURFACE('',#2193,0.600000000000001);
#1953=CYLINDRICAL_SURFACE('',#2194,0.6);
#1954=CYLINDRICAL_SURFACE('',#2195,0.6);
#1955=CYLINDRICAL_SURFACE('',#2196,0.6);
#1956=CYLINDRICAL_SURFACE('',#2197,0.6);
#1957=CYLINDRICAL_SURFACE('',#2198,0.6);
#1958=CYLINDRICAL_SURFACE('',#2199,0.6);
#1959=CYLINDRICAL_SURFACE('',#2200,0.599999999999999);
#1960=CYLINDRICAL_SURFACE('',#2201,0.6);
#1961=CYLINDRICAL_SURFACE('',#2202,0.6);
#1962=CYLINDRICAL_SURFACE('',#2203,0.6);
#1963=CYLINDRICAL_SURFACE('',#2204,0.6);
#1964=CYLINDRICAL_SURFACE('',#2205,0.600000000000001);
#1965=CYLINDRICAL_SURFACE('',#2206,0.6);
#1966=CYLINDRICAL_SURFACE('',#2207,0.6);
#1967=CYLINDRICAL_SURFACE('',#2208,0.600000000000001);
#1968=CYLINDRICAL_SURFACE('',#2209,0.6);
#1969=CYLINDRICAL_SURFACE('',#2210,0.599999999999999);
#1970=CYLINDRICAL_SURFACE('',#2211,0.6);
#1971=CYLINDRICAL_SURFACE('',#2212,0.6);
#1972=CYLINDRICAL_SURFACE('',#2213,0.6);
#1973=CYLINDRICAL_SURFACE('',#2214,0.6);
#1974=CYLINDRICAL_SURFACE('',#2215,0.600000000000001);
#1975=CYLINDRICAL_SURFACE('',#2216,0.600000000000001);
#1976=CYLINDRICAL_SURFACE('',#2217,0.600000000000001);
#1977=CYLINDRICAL_SURFACE('',#2218,0.6);
#1978=CYLINDRICAL_SURFACE('',#2219,0.6);
#1979=CYLINDRICAL_SURFACE('',#2220,0.6);
#1980=CYLINDRICAL_SURFACE('',#2221,0.6);
#1981=CYLINDRICAL_SURFACE('',#2222,0.6);
#1982=CYLINDRICAL_SURFACE('',#2223,0.599999999999999);
#1983=CYLINDRICAL_SURFACE('',#2224,0.6);
#1984=CYLINDRICAL_SURFACE('',#2225,0.6);
#1985=CYLINDRICAL_SURFACE('',#2226,0.599999999999999);
#1986=CYLINDRICAL_SURFACE('',#2227,0.6);
#1987=CYLINDRICAL_SURFACE('',#2228,0.6);
#1988=CYLINDRICAL_SURFACE('',#2229,0.599999999999999);
#1989=CYLINDRICAL_SURFACE('',#2230,0.6);
#1990=CYLINDRICAL_SURFACE('',#2231,0.6);
#1991=CYLINDRICAL_SURFACE('',#2232,0.6);
#1992=CYLINDRICAL_SURFACE('',#2233,0.6);
#1993=CYLINDRICAL_SURFACE('',#2234,0.6);
#1994=CYLINDRICAL_SURFACE('',#2235,0.6);
#1995=CYLINDRICAL_SURFACE('',#2236,0.6);
#1996=CYLINDRICAL_SURFACE('',#2237,0.599999999999999);
#1997=CYLINDRICAL_SURFACE('',#2238,0.6);
#1998=CYLINDRICAL_SURFACE('',#2239,0.6);
#1999=CYLINDRICAL_SURFACE('',#2240,0.600000000000001);
#2000=CYLINDRICAL_SURFACE('',#2241,0.600000000000001);
#2001=CYLINDRICAL_SURFACE('',#2296,15.);
#2002=CYLINDRICAL_SURFACE('',#2298,15.);
#2003=CYLINDRICAL_SURFACE('',#2300,15.);
#2004=CYLINDRICAL_SURFACE('',#2302,15.);
#2005=CYLINDRICAL_SURFACE('',#2304,15.);
#2006=CYLINDRICAL_SURFACE('',#2306,15.);
#2007=CYLINDRICAL_SURFACE('',#2308,15.);
#2008=CYLINDRICAL_SURFACE('',#2310,15.);
#2009=CYLINDRICAL_SURFACE('',#2312,15.);
#2010=CYLINDRICAL_SURFACE('',#2315,15.);
#2011=CYLINDRICAL_SURFACE('',#2317,15.);
#2012=CYLINDRICAL_SURFACE('',#2319,15.);
#2013=CYLINDRICAL_SURFACE('',#2321,15.);
#2014=CYLINDRICAL_SURFACE('',#2323,15.);
#2015=CYLINDRICAL_SURFACE('',#2325,15.);
#2016=CYLINDRICAL_SURFACE('',#2327,15.);
#2017=CYLINDRICAL_SURFACE('',#2329,15.);
#2018=CYLINDRICAL_SURFACE('',#2331,15.);
#2019=CYLINDRICAL_SURFACE('',#2333,15.);
#2020=CYLINDRICAL_SURFACE('',#2335,15.);
#2021=CYLINDRICAL_SURFACE('',#2337,15.);
#2022=CYLINDRICAL_SURFACE('',#2339,15.);
#2023=CYLINDRICAL_SURFACE('',#2341,15.);
#2024=CYLINDRICAL_SURFACE('',#2343,15.);
#2025=CYLINDRICAL_SURFACE('',#2345,15.);
#2026=CYLINDRICAL_SURFACE('',#2347,15.);
#2027=CYLINDRICAL_SURFACE('',#2349,15.);
#2028=CYLINDRICAL_SURFACE('',#2351,15.);
#2029=CYLINDRICAL_SURFACE('',#2353,15.);
#2030=CYLINDRICAL_SURFACE('',#2355,15.);
#2031=CYLINDRICAL_SURFACE('',#2357,15.);
#2032=CYLINDRICAL_SURFACE('',#2359,15.);
#2033=CYLINDRICAL_SURFACE('',#2361,15.);
#2034=CYLINDRICAL_SURFACE('',#2363,15.);
#2035=CYLINDRICAL_SURFACE('',#2365,15.);
#2036=CYLINDRICAL_SURFACE('',#2367,15.);
#2037=CYLINDRICAL_SURFACE('',#2369,15.);
#2038=CYLINDRICAL_SURFACE('',#2371,15.);
#2039=CYLINDRICAL_SURFACE('',#2373,15.);
#2040=CYLINDRICAL_SURFACE('',#2375,15.);
#2041=CYLINDRICAL_SURFACE('',#2377,15.);
#2042=CYLINDRICAL_SURFACE('',#2379,15.);
#2043=CYLINDRICAL_SURFACE('',#2381,15.);
#2044=CYLINDRICAL_SURFACE('',#2383,15.);
#2045=CYLINDRICAL_SURFACE('',#2385,15.);
#2046=CYLINDRICAL_SURFACE('',#2387,15.);
#2047=CYLINDRICAL_SURFACE('',#2389,15.);
#2048=CYLINDRICAL_SURFACE('',#2391,15.);
#2049=CYLINDRICAL_SURFACE('',#2393,15.);
#2050=CYLINDRICAL_SURFACE('',#2408,15.);
#2051=ADVANCED_FACE('',(#27),#1944,.F.);
#2052=ADVANCED_FACE('',(#28),#1945,.F.);
#2053=ADVANCED_FACE('',(#29),#1946,.F.);
#2054=ADVANCED_FACE('',(#30),#1947,.F.);
#2055=ADVANCED_FACE('',(#31),#1948,.F.);
#2056=ADVANCED_FACE('',(#32),#1949,.F.);
#2057=ADVANCED_FACE('',(#33),#1950,.F.);
#2058=ADVANCED_FACE('',(#34),#1951,.F.);
#2059=ADVANCED_FACE('',(#35),#1952,.F.);
#2060=ADVANCED_FACE('',(#36),#1953,.F.);
#2061=ADVANCED_FACE('',(#37),#1954,.F.);
#2062=ADVANCED_FACE('',(#38),#1955,.F.);
#2063=ADVANCED_FACE('',(#39),#1956,.F.);
#2064=ADVANCED_FACE('',(#40),#1957,.F.);
#2065=ADVANCED_FACE('',(#41),#1958,.F.);
#2066=ADVANCED_FACE('',(#42),#1959,.F.);
#2067=ADVANCED_FACE('',(#43),#1960,.F.);
#2068=ADVANCED_FACE('',(#44),#1961,.F.);
#2069=ADVANCED_FACE('',(#45),#1962,.F.);
#2070=ADVANCED_FACE('',(#46),#1963,.F.);
#2071=ADVANCED_FACE('',(#47),#1964,.F.);
#2072=ADVANCED_FACE('',(#48),#1965,.F.);
#2073=ADVANCED_FACE('',(#49),#1966,.F.);
#2074=ADVANCED_FACE('',(#50),#1967,.F.);
#2075=ADVANCED_FACE('',(#51),#1968,.F.);
#2076=ADVANCED_FACE('',(#52),#1969,.F.);
#2077=ADVANCED_FACE('',(#53),#1970,.F.);
#2078=ADVANCED_FACE('',(#54),#1971,.F.);
#2079=ADVANCED_FACE('',(#55),#1972,.F.);
#2080=ADVANCED_FACE('',(#56),#1973,.F.);
#2081=ADVANCED_FACE('',(#57),#1974,.F.);
#2082=ADVANCED_FACE('',(#58),#1975,.F.);
#2083=ADVANCED_FACE('',(#59),#1976,.F.);
#2084=ADVANCED_FACE('',(#60),#1977,.F.);
#2085=ADVANCED_FACE('',(#61),#1978,.F.);
#2086=ADVANCED_FACE('',(#62),#1979,.F.);
#2087=ADVANCED_FACE('',(#63),#1980,.F.);
#2088=ADVANCED_FACE('',(#64),#1981,.F.);
#2089=ADVANCED_FACE('',(#65),#1982,.F.);
#2090=ADVANCED_FACE('',(#66),#1983,.F.);
#2091=ADVANCED_FACE('',(#67),#1984,.F.);
#2092=ADVANCED_FACE('',(#68),#1985,.F.);
#2093=ADVANCED_FACE('',(#69),#1986,.F.);
#2094=ADVANCED_FACE('',(#70),#1987,.F.);
#2095=ADVANCED_FACE('',(#71),#1988,.F.);
#2096=ADVANCED_FACE('',(#72),#1989,.F.);
#2097=ADVANCED_FACE('',(#73),#1990,.F.);
#2098=ADVANCED_FACE('',(#74),#1991,.F.);
#2099=ADVANCED_FACE('',(#75),#1992,.F.);
#2100=ADVANCED_FACE('',(#76),#1993,.F.);
#2101=ADVANCED_FACE('',(#77),#1994,.F.);
#2102=ADVANCED_FACE('',(#78),#1995,.F.);
#2103=ADVANCED_FACE('',(#79),#1996,.F.);
#2104=ADVANCED_FACE('',(#80),#1997,.F.);
#2105=ADVANCED_FACE('',(#81),#1998,.F.);
#2106=ADVANCED_FACE('',(#82),#1999,.F.);
#2107=ADVANCED_FACE('',(#83),#2000,.F.);
#2108=ADVANCED_FACE('',(#84),#24,.T.);
#2109=ADVANCED_FACE('',(#85),#2001,.T.);
#2110=ADVANCED_FACE('',(#86),#2002,.T.);
#2111=ADVANCED_FACE('',(#87),#2003,.T.);
#2112=ADVANCED_FACE('',(#88),#2004,.T.);
#2113=ADVANCED_FACE('',(#89),#2005,.T.);
#2114=ADVANCED_FACE('',(#90),#2006,.T.);
#2115=ADVANCED_FACE('',(#91),#2007,.T.);
#2116=ADVANCED_FACE('',(#92),#2008,.T.);
#2117=ADVANCED_FACE('',(#93),#2009,.T.);
#2118=ADVANCED_FACE('',(#94),#2010,.T.);
#2119=ADVANCED_FACE('',(#95),#2011,.T.);
#2120=ADVANCED_FACE('',(#96),#2012,.T.);
#2121=ADVANCED_FACE('',(#97),#2013,.T.);
#2122=ADVANCED_FACE('',(#98),#2014,.T.);
#2123=ADVANCED_FACE('',(#99),#2015,.T.);
#2124=ADVANCED_FACE('',(#100),#2016,.T.);
#2125=ADVANCED_FACE('',(#101),#2017,.T.);
#2126=ADVANCED_FACE('',(#102),#2018,.T.);
#2127=ADVANCED_FACE('',(#103),#2019,.T.);
#2128=ADVANCED_FACE('',(#104),#2020,.T.);
#2129=ADVANCED_FACE('',(#105),#2021,.T.);
#2130=ADVANCED_FACE('',(#106),#2022,.T.);
#2131=ADVANCED_FACE('',(#107),#2023,.T.);
#2132=ADVANCED_FACE('',(#108),#2024,.T.);
#2133=ADVANCED_FACE('',(#109),#2025,.T.);
#2134=ADVANCED_FACE('',(#110),#2026,.T.);
#2135=ADVANCED_FACE('',(#111),#2027,.T.);
#2136=ADVANCED_FACE('',(#112),#2028,.T.);
#2137=ADVANCED_FACE('',(#113),#2029,.T.);
#2138=ADVANCED_FACE('',(#114),#2030,.T.);
#2139=ADVANCED_FACE('',(#115),#2031,.T.);
#2140=ADVANCED_FACE('',(#116),#2032,.T.);
#2141=ADVANCED_FACE('',(#117),#2033,.T.);
#2142=ADVANCED_FACE('',(#118),#2034,.T.);
#2143=ADVANCED_FACE('',(#119),#2035,.T.);
#2144=ADVANCED_FACE('',(#120),#2036,.T.);
#2145=ADVANCED_FACE('',(#121),#2037,.T.);
#2146=ADVANCED_FACE('',(#122),#2038,.T.);
#2147=ADVANCED_FACE('',(#123),#2039,.T.);
#2148=ADVANCED_FACE('',(#124),#2040,.T.);
#2149=ADVANCED_FACE('',(#125),#2041,.T.);
#2150=ADVANCED_FACE('',(#126),#2042,.T.);
#2151=ADVANCED_FACE('',(#127),#2043,.T.);
#2152=ADVANCED_FACE('',(#128),#2044,.T.);
#2153=ADVANCED_FACE('',(#129),#2045,.T.);
#2154=ADVANCED_FACE('',(#130),#2046,.T.);
#2155=ADVANCED_FACE('',(#131),#2047,.T.);
#2156=ADVANCED_FACE('',(#132),#2048,.T.);
#2157=ADVANCED_FACE('',(#133),#2049,.T.);
#2158=ADVANCED_FACE('',(#134),#25,.T.);
#2159=ADVANCED_FACE('',(#135),#22,.F.);
#2160=ADVANCED_FACE('',(#136),#23,.F.);
#2161=ADVANCED_FACE('',(#137),#26,.T.);
#2162=ADVANCED_FACE('',(#138),#21,.F.);
#2163=ADVANCED_FACE('',(#139,#15),#18,.T.);
#2164=ADVANCED_FACE('',(#140,#16),#19,.T.);
#2165=ADVANCED_FACE('',(#141),#2050,.T.);
#2166=ADVANCED_FACE('',(#142,#17),#20,.T.);
#2167=CLOSED_SHELL('',(#2051,#2052,#2053,#2054,#2055,#2056,#2057,#2058,
#2059,#2060,#2061,#2062,#2063,#2064,#2065,#2066,#2067,#2068,#2069,#2070,
#2071,#2072,#2073,#2074,#2075,#2076,#2077,#2078,#2079,#2080,#2081,#2082,
#2083,#2084,#2085,#2086,#2087,#2088,#2089,#2090,#2091,#2092,#2093,#2094,
#2095,#2096,#2097,#2098,#2099,#2100,#2101,#2102,#2103,#2104,#2105,#2106,
#2107,#2108,#2109,#2110,#2111,#2112,#2113,#2114,#2115,#2116,#2117,#2118,
#2119,#2120,#2121,#2122,#2123,#2124,#2125,#2126,#2127,#2128,#2129,#2130,
#2131,#2132,#2133,#2134,#2135,#2136,#2137,#2138,#2139,#2140,#2141,#2142,
#2143,#2144,#2145,#2146,#2147,#2148,#2149,#2150,#2151,#2152,#2153,#2154,
#2155,#2156,#2157,#2158,#2159,#2160,#2161,#2162,#2163,#2164,#2165,#2166));
#2168=DERIVED_UNIT_ELEMENT(#2170,1.);
#2169=DERIVED_UNIT_ELEMENT(#9374,-3.);
#2170=(
MASS_UNIT()
NAMED_UNIT(*)
SI_UNIT(.KILO.,.GRAM.)
);
#2171=DERIVED_UNIT((#2168,#2169));
#2172=MEASURE_REPRESENTATION_ITEM('density measure',
POSITIVE_RATIO_MEASURE(7850.),#2171);
#2173=PROPERTY_DEFINITION_REPRESENTATION(#2178,#2175);
#2174=PROPERTY_DEFINITION_REPRESENTATION(#2179,#2176);
#2175=REPRESENTATION('material name',(#2177),#9371);
#2176=REPRESENTATION('density',(#2172),#9371);
#2177=DESCRIPTIVE_REPRESENTATION_ITEM('Acier','Acier');
#2178=PROPERTY_DEFINITION('material property','material name',#9381);
#2179=PROPERTY_DEFINITION('material property','density of part',#9381);
#2180=AXIS2_PLACEMENT_3D('',#2975,#2410,#2411);
#2181=AXIS2_PLACEMENT_3D('',#2976,#2412,#2413);
#2182=AXIS2_PLACEMENT_3D('',#2988,#2415,#2416);
#2183=AXIS2_PLACEMENT_3D('',#3071,#2417,#2418);
#2184=AXIS2_PLACEMENT_3D('',#3110,#2420,#2421);
#2185=AXIS2_PLACEMENT_3D('',#3121,#2423,#2424);
#2186=AXIS2_PLACEMENT_3D('',#3129,#2425,#2426);
#2187=AXIS2_PLACEMENT_3D('',#3301,#2428,#2429);
#2188=AXIS2_PLACEMENT_3D('',#3531,#2430,#2431);
#2189=AXIS2_PLACEMENT_3D('',#3712,#2433,#2434);
#2190=AXIS2_PLACEMENT_3D('',#3954,#2435,#2436);
#2191=AXIS2_PLACEMENT_3D('',#4509,#2437,#2438);
#2192=AXIS2_PLACEMENT_3D('',#4808,#2439,#2440);
#2193=AXIS2_PLACEMENT_3D('',#4883,#2443,#2444);
#2194=AXIS2_PLACEMENT_3D('',#4958,#2447,#2448);
#2195=AXIS2_PLACEMENT_3D('',#5033,#2451,#2452);
#2196=AXIS2_PLACEMENT_3D('',#5108,#2455,#2456);
#2197=AXIS2_PLACEMENT_3D('',#5183,#2459,#2460);
#2198=AXIS2_PLACEMENT_3D('',#5258,#2463,#2464);
#2199=AXIS2_PLACEMENT_3D('',#5333,#2467,#2468);
#2200=AXIS2_PLACEMENT_3D('',#5408,#2471,#2472);
#2201=AXIS2_PLACEMENT_3D('',#5483,#2475,#2476);
#2202=AXIS2_PLACEMENT_3D('',#5558,#2479,#2480);
#2203=AXIS2_PLACEMENT_3D('',#5633,#2483,#2484);
#2204=AXIS2_PLACEMENT_3D('',#5708,#2487,#2488);
#2205=AXIS2_PLACEMENT_3D('',#5783,#2491,#2492);
#2206=AXIS2_PLACEMENT_3D('',#5858,#2495,#2496);
#2207=AXIS2_PLACEMENT_3D('',#5933,#2499,#2500);
#2208=AXIS2_PLACEMENT_3D('',#6008,#2503,#2504);
#2209=AXIS2_PLACEMENT_3D('',#6083,#2507,#2508);
#2210=AXIS2_PLACEMENT_3D('',#6158,#2511,#2512);
#2211=AXIS2_PLACEMENT_3D('',#6233,#2515,#2516);
#2212=AXIS2_PLACEMENT_3D('',#6308,#2519,#2520);
#2213=AXIS2_PLACEMENT_3D('',#6383,#2523,#2524);
#2214=AXIS2_PLACEMENT_3D('',#6458,#2527,#2528);
#2215=AXIS2_PLACEMENT_3D('',#6533,#2531,#2532);
#2216=AXIS2_PLACEMENT_3D('',#6608,#2535,#2536);
#2217=AXIS2_PLACEMENT_3D('',#6683,#2539,#2540);
#2218=AXIS2_PLACEMENT_3D('',#6758,#2543,#2544);
#2219=AXIS2_PLACEMENT_3D('',#6833,#2547,#2548);
#2220=AXIS2_PLACEMENT_3D('',#6908,#2551,#2552);
#2221=AXIS2_PLACEMENT_3D('',#6983,#2555,#2556);
#2222=AXIS2_PLACEMENT_3D('',#7058,#2559,#2560);
#2223=AXIS2_PLACEMENT_3D('',#7133,#2563,#2564);
#2224=AXIS2_PLACEMENT_3D('',#7208,#2567,#2568);
#2225=AXIS2_PLACEMENT_3D('',#7283,#2571,#2572);
#2226=AXIS2_PLACEMENT_3D('',#7358,#2575,#2576);
#2227=AXIS2_PLACEMENT_3D('',#7433,#2579,#2580);
#2228=AXIS2_PLACEMENT_3D('',#7508,#2583,#2584);
#2229=AXIS2_PLACEMENT_3D('',#7583,#2587,#2588);
#2230=AXIS2_PLACEMENT_3D('',#7658,#2591,#2592);
#2231=AXIS2_PLACEMENT_3D('',#7733,#2595,#2596);
#2232=AXIS2_PLACEMENT_3D('',#7808,#2599,#2600);
#2233=AXIS2_PLACEMENT_3D('',#7883,#2603,#2604);
#2234=AXIS2_PLACEMENT_3D('',#7958,#2607,#2608);
#2235=AXIS2_PLACEMENT_3D('',#8033,#2611,#2612);
#2236=AXIS2_PLACEMENT_3D('',#8108,#2615,#2616);
#2237=AXIS2_PLACEMENT_3D('',#8183,#2619,#2620);
#2238=AXIS2_PLACEMENT_3D('',#8258,#2623,#2624);
#2239=AXIS2_PLACEMENT_3D('',#8333,#2627,#2628);
#2240=AXIS2_PLACEMENT_3D('',#8408,#2631,#2632);
#2241=AXIS2_PLACEMENT_3D('',#8483,#2635,#2636);
#2242=AXIS2_PLACEMENT_3D('',#8558,#2639,#2640);
#2243=AXIS2_PLACEMENT_3D('',#8560,#2641,#2642);
#2244=AXIS2_PLACEMENT_3D('',#8562,#2643,#2644);
#2245=AXIS2_PLACEMENT_3D('',#8563,#2645,#2646);
#2246=AXIS2_PLACEMENT_3D('',#8564,#2647,#2648);
#2247=AXIS2_PLACEMENT_3D('',#8565,#2649,#2650);
#2248=AXIS2_PLACEMENT_3D('',#8566,#2651,#2652);
#2249=AXIS2_PLACEMENT_3D('',#8567,#2653,#2654);
#2250=AXIS2_PLACEMENT_3D('',#8568,#2655,#2656);
#2251=AXIS2_PLACEMENT_3D('',#8569,#2657,#2658);
#2252=AXIS2_PLACEMENT_3D('',#8570,#2659,#2660);
#2253=AXIS2_PLACEMENT_3D('',#8571,#2661,#2662);
#2254=AXIS2_PLACEMENT_3D('',#8572,#2663,#2664);
#2255=AXIS2_PLACEMENT_3D('',#8573,#2665,#2666);
#2256=AXIS2_PLACEMENT_3D('',#8574,#2667,#2668);
#2257=AXIS2_PLACEMENT_3D('',#8575,#2669,#2670);
#2258=AXIS2_PLACEMENT_3D('',#8576,#2671,#2672);
#2259=AXIS2_PLACEMENT_3D('',#8577,#2673,#2674);
#2260=AXIS2_PLACEMENT_3D('',#8578,#2675,#2676);
#2261=AXIS2_PLACEMENT_3D('',#8579,#2677,#2678);
#2262=AXIS2_PLACEMENT_3D('',#8580,#2679,#2680);
#2263=AXIS2_PLACEMENT_3D('',#8581,#2681,#2682);
#2264=AXIS2_PLACEMENT_3D('',#8582,#2683,#2684);
#2265=AXIS2_PLACEMENT_3D('',#8583,#2685,#2686);
#2266=AXIS2_PLACEMENT_3D('',#8584,#2687,#2688);
#2267=AXIS2_PLACEMENT_3D('',#8585,#2689,#2690);
#2268=AXIS2_PLACEMENT_3D('',#8586,#2691,#2692);
#2269=AXIS2_PLACEMENT_3D('',#8587,#2693,#2694);
#2270=AXIS2_PLACEMENT_3D('',#8588,#2695,#2696);
#2271=AXIS2_PLACEMENT_3D('',#8589,#2697,#2698);
#2272=AXIS2_PLACEMENT_3D('',#8590,#2699,#2700);
#2273=AXIS2_PLACEMENT_3D('',#8591,#2701,#2702);
#2274=AXIS2_PLACEMENT_3D('',#8592,#2703,#2704);
#2275=AXIS2_PLACEMENT_3D('',#8593,#2705,#2706);
#2276=AXIS2_PLACEMENT_3D('',#8594,#2707,#2708);
#2277=AXIS2_PLACEMENT_3D('',#8595,#2709,#2710);
#2278=AXIS2_PLACEMENT_3D('',#8596,#2711,#2712);
#2279=AXIS2_PLACEMENT_3D('',#8597,#2713,#2714);
#2280=AXIS2_PLACEMENT_3D('',#8598,#2715,#2716);
#2281=AXIS2_PLACEMENT_3D('',#8599,#2717,#2718);
#2282=AXIS2_PLACEMENT_3D('',#8600,#2719,#2720);
#2283=AXIS2_PLACEMENT_3D('',#8601,#2721,#2722);
#2284=AXIS2_PLACEMENT_3D('',#8602,#2723,#2724);
#2285=AXIS2_PLACEMENT_3D('',#8603,#2725,#2726);
#2286=AXIS2_PLACEMENT_3D('',#8604,#2727,#2728);
#2287=AXIS2_PLACEMENT_3D('',#8605,#2729,#2730);
#2288=AXIS2_PLACEMENT_3D('',#8606,#2731,#2732);
#2289=AXIS2_PLACEMENT_3D('',#8607,#2733,#2734);
#2290=AXIS2_PLACEMENT_3D('',#8608,#2735,#2736);
#2291=AXIS2_PLACEMENT_3D('',#8609,#2737,#2738);
#2292=AXIS2_PLACEMENT_3D('',#8610,#2739,#2740);
#2293=AXIS2_PLACEMENT_3D('',#8611,#2741,#2742);
#2294=AXIS2_PLACEMENT_3D('',#8612,#2743,#2744);
#2295=AXIS2_PLACEMENT_3D('',#8613,#2745,#2746);
#2296=AXIS2_PLACEMENT_3D('',#8614,#2747,#2748);
#2297=AXIS2_PLACEMENT_3D('',#8615,#2749,#2750);
#2298=AXIS2_PLACEMENT_3D('',#8616,#2751,#2752);
#2299=AXIS2_PLACEMENT_3D('',#8617,#2753,#2754);
#2300=AXIS2_PLACEMENT_3D('',#8618,#2755,#2756);
#2301=AXIS2_PLACEMENT_3D('',#8619,#2757,#2758);
#2302=AXIS2_PLACEMENT_3D('',#8620,#2759,#2760);
#2303=AXIS2_PLACEMENT_3D('',#8621,#2761,#2762);
#2304=AXIS2_PLACEMENT_3D('',#8622,#2763,#2764);
#2305=AXIS2_PLACEMENT_3D('',#8623,#2765,#2766);
#2306=AXIS2_PLACEMENT_3D('',#8624,#2767,#2768);
#2307=AXIS2_PLACEMENT_3D('',#8625,#2769,#2770);
#2308=AXIS2_PLACEMENT_3D('',#8626,#2771,#2772);
#2309=AXIS2_PLACEMENT_3D('',#8627,#2773,#2774);
#2310=AXIS2_PLACEMENT_3D('',#8628,#2775,#2776);
#2311=AXIS2_PLACEMENT_3D('',#8629,#2777,#2778);
#2312=AXIS2_PLACEMENT_3D('',#8630,#2779,#2780);
#2313=AXIS2_PLACEMENT_3D('',#8632,#2781,#2782);
#2314=AXIS2_PLACEMENT_3D('',#8633,#2783,#2784);
#2315=AXIS2_PLACEMENT_3D('',#8634,#2785,#2786);
#2316=AXIS2_PLACEMENT_3D('',#8635,#2787,#2788);
#2317=AXIS2_PLACEMENT_3D('',#8636,#2789,#2790);
#2318=AXIS2_PLACEMENT_3D('',#8637,#2791,#2792);
#2319=AXIS2_PLACEMENT_3D('',#8638,#2793,#2794);
#2320=AXIS2_PLACEMENT_3D('',#8639,#2795,#2796);
#2321=AXIS2_PLACEMENT_3D('',#8640,#2797,#2798);
#2322=AXIS2_PLACEMENT_3D('',#8641,#2799,#2800);
#2323=AXIS2_PLACEMENT_3D('',#8642,#2801,#2802);
#2324=AXIS2_PLACEMENT_3D('',#8643,#2803,#2804);
#2325=AXIS2_PLACEMENT_3D('',#8644,#2805,#2806);
#2326=AXIS2_PLACEMENT_3D('',#8645,#2807,#2808);
#2327=AXIS2_PLACEMENT_3D('',#8646,#2809,#2810);
#2328=AXIS2_PLACEMENT_3D('',#8647,#2811,#2812);
#2329=AXIS2_PLACEMENT_3D('',#8648,#2813,#2814);
#2330=AXIS2_PLACEMENT_3D('',#8649,#2815,#2816);
#2331=AXIS2_PLACEMENT_3D('',#8650,#2817,#2818);
#2332=AXIS2_PLACEMENT_3D('',#8651,#2819,#2820);
#2333=AXIS2_PLACEMENT_3D('',#8652,#2821,#2822);
#2334=AXIS2_PLACEMENT_3D('',#8653,#2823,#2824);
#2335=AXIS2_PLACEMENT_3D('',#8654,#2825,#2826);
#2336=AXIS2_PLACEMENT_3D('',#8655,#2827,#2828);
#2337=AXIS2_PLACEMENT_3D('',#8656,#2829,#2830);
#2338=AXIS2_PLACEMENT_3D('',#8657,#2831,#2832);
#2339=AXIS2_PLACEMENT_3D('',#8658,#2833,#2834);
#2340=AXIS2_PLACEMENT_3D('',#8659,#2835,#2836);
#2341=AXIS2_PLACEMENT_3D('',#8660,#2837,#2838);
#2342=AXIS2_PLACEMENT_3D('',#8661,#2839,#2840);
#2343=AXIS2_PLACEMENT_3D('',#8662,#2841,#2842);
#2344=AXIS2_PLACEMENT_3D('',#8663,#2843,#2844);
#2345=AXIS2_PLACEMENT_3D('',#8664,#2845,#2846);
#2346=AXIS2_PLACEMENT_3D('',#8665,#2847,#2848);
#2347=AXIS2_PLACEMENT_3D('',#8666,#2849,#2850);
#2348=AXIS2_PLACEMENT_3D('',#8667,#2851,#2852);
#2349=AXIS2_PLACEMENT_3D('',#8668,#2853,#2854);
#2350=AXIS2_PLACEMENT_3D('',#8669,#2855,#2856);
#2351=AXIS2_PLACEMENT_3D('',#8670,#2857,#2858);
#2352=AXIS2_PLACEMENT_3D('',#8671,#2859,#2860);
#2353=AXIS2_PLACEMENT_3D('',#8672,#2861,#2862);
#2354=AXIS2_PLACEMENT_3D('',#8673,#2863,#2864);
#2355=AXIS2_PLACEMENT_3D('',#8674,#2865,#2866);
#2356=AXIS2_PLACEMENT_3D('',#8675,#2867,#2868);
#2357=AXIS2_PLACEMENT_3D('',#8676,#2869,#2870);
#2358=AXIS2_PLACEMENT_3D('',#8677,#2871,#2872);
#2359=AXIS2_PLACEMENT_3D('',#8678,#2873,#2874);
#2360=AXIS2_PLACEMENT_3D('',#8679,#2875,#2876);
#2361=AXIS2_PLACEMENT_3D('',#8680,#2877,#2878);
#2362=AXIS2_PLACEMENT_3D('',#8681,#2879,#2880);
#2363=AXIS2_PLACEMENT_3D('',#8682,#2881,#2882);
#2364=AXIS2_PLACEMENT_3D('',#8683,#2883,#2884);
#2365=AXIS2_PLACEMENT_3D('',#8684,#2885,#2886);
#2366=AXIS2_PLACEMENT_3D('',#8685,#2887,#2888);
#2367=AXIS2_PLACEMENT_3D('',#8686,#2889,#2890);
#2368=AXIS2_PLACEMENT_3D('',#8687,#2891,#2892);
#2369=AXIS2_PLACEMENT_3D('',#8688,#2893,#2894);
#2370=AXIS2_PLACEMENT_3D('',#8689,#2895,#2896);
#2371=AXIS2_PLACEMENT_3D('',#8690,#2897,#2898);
#2372=AXIS2_PLACEMENT_3D('',#8691,#2899,#2900);
#2373=AXIS2_PLACEMENT_3D('',#8692,#2901,#2902);
#2374=AXIS2_PLACEMENT_3D('',#8693,#2903,#2904);
#2375=AXIS2_PLACEMENT_3D('',#8694,#2905,#2906);
#2376=AXIS2_PLACEMENT_3D('',#8695,#2907,#2908);
#2377=AXIS2_PLACEMENT_3D('',#8696,#2909,#2910);
#2378=AXIS2_PLACEMENT_3D('',#8697,#2911,#2912);
#2379=AXIS2_PLACEMENT_3D('',#8698,#2913,#2914);
#2380=AXIS2_PLACEMENT_3D('',#8699,#2915,#2916);
#2381=AXIS2_PLACEMENT_3D('',#8700,#2917,#2918);
#2382=AXIS2_PLACEMENT_3D('',#8701,#2919,#2920);
#2383=AXIS2_PLACEMENT_3D('',#8702,#2921,#2922);
#2384=AXIS2_PLACEMENT_3D('',#8703,#2923,#2924);
#2385=AXIS2_PLACEMENT_3D('',#8704,#2925,#2926);
#2386=AXIS2_PLACEMENT_3D('',#8705,#2927,#2928);
#2387=AXIS2_PLACEMENT_3D('',#8706,#2929,#2930);
#2388=AXIS2_PLACEMENT_3D('',#8707,#2931,#2932);
#2389=AXIS2_PLACEMENT_3D('',#8708,#2933,#2934);
#2390=AXIS2_PLACEMENT_3D('',#8709,#2935,#2936);
#2391=AXIS2_PLACEMENT_3D('',#8710,#2937,#2938);
#2392=AXIS2_PLACEMENT_3D('',#8711,#2939,#2940);
#2393=AXIS2_PLACEMENT_3D('',#8712,#2941,#2942);
#2394=AXIS2_PLACEMENT_3D('',#8713,#2943,#2944);
#2395=AXIS2_PLACEMENT_3D('',#8714,#2945,#2946);
#2396=AXIS2_PLACEMENT_3D('',#8715,#2947,#2948);
#2397=AXIS2_PLACEMENT_3D('',#8717,#2949,#2950);
#2398=AXIS2_PLACEMENT_3D('',#8718,#2951,#2952);
#2399=AXIS2_PLACEMENT_3D('',#9355,#2953,#2954);
#2400=AXIS2_PLACEMENT_3D('',#9357,#2955,#2956);
#2401=AXIS2_PLACEMENT_3D('',#9359,#2957,#2958);
#2402=AXIS2_PLACEMENT_3D('',#9360,#2959,#2960);
#2403=AXIS2_PLACEMENT_3D('',#9361,#2961,#2962);
#2404=AXIS2_PLACEMENT_3D('',#9363,#2963,#2964);
#2405=AXIS2_PLACEMENT_3D('',#9364,#2965,#2966);
#2406=AXIS2_PLACEMENT_3D('',#9365,#2967,#2968);
#2407=AXIS2_PLACEMENT_3D('',#9366,#2969,#2970);
#2408=AXIS2_PLACEMENT_3D('',#9367,#2971,#2972);
#2409=AXIS2_PLACEMENT_3D('',#9368,#2973,#2974);
#2410=DIRECTION('axis',(0.,0.,1.));
#2411=DIRECTION('refdir',(1.,0.,0.));
#2412=DIRECTION('center_axis',(0.,-1.94208673216357E-16,1.));
#2413=DIRECTION('ref_axis',(3.6118156993508E-16,-1.,-1.94208673216357E-16));
#2414=DIRECTION('',(0.,-1.94208673216357E-16,1.));
#2415=DIRECTION('center_axis',(0.,-1.94208673216357E-16,1.));
#2416=DIRECTION('ref_axis',(3.6118156993508E-16,-1.,-1.94208673216357E-16));
#2417=DIRECTION('center_axis',(0.,-1.94208673216357E-16,1.));
#2418=DIRECTION('ref_axis',(3.6118156993508E-16,-1.,-1.94208673216357E-16));
#2419=DIRECTION('',(0.,-1.94208673216357E-16,1.));
#2420=DIRECTION('center_axis',(0.,-1.94208673216357E-16,1.));
#2421=DIRECTION('ref_axis',(3.6118156993508E-16,-1.,-1.94208673216357E-16));
#2422=DIRECTION('',(0.,-1.94208673216357E-16,1.));
#2423=DIRECTION('center_axis',(0.,-1.94208673216357E-16,1.));
#2424=DIRECTION('ref_axis',(3.6118156993508E-16,-1.,-1.94208673216357E-16));
#2425=DIRECTION('center_axis',(0.,-1.94208673216357E-16,1.));
#2426=DIRECTION('ref_axis',(0.,-1.,-1.94208673216357E-16));
#2427=DIRECTION('',(0.,-1.94208673216357E-16,1.));
#2428=DIRECTION('center_axis',(0.,1.94208673216357E-16,-1.));
#2429=DIRECTION('ref_axis',(0.,-1.,-1.94208673216357E-16));
#2430=DIRECTION('center_axis',(0.,-1.94208673216357E-16,1.));
#2431=DIRECTION('ref_axis',(0.,-1.,-1.94208673216357E-16));
#2432=DIRECTION('',(0.,-1.94208673216357E-16,1.));
#2433=DIRECTION('center_axis',(0.,1.94208673216357E-16,-1.));
#2434=DIRECTION('ref_axis',(0.,-1.,-1.94208673216357E-16));
#2435=DIRECTION('center_axis',(0.,-1.94208673216357E-16,1.));
#2436=DIRECTION('ref_axis',(0.,-1.,-1.94208673216357E-16));
#2437=DIRECTION('center_axis',(0.,-1.94208673216357E-16,1.));
#2438=DIRECTION('ref_axis',(3.6118156993508E-16,-1.,-1.94208673216357E-16));
#2439=DIRECTION('center_axis',(0.,0.,1.));
#2440=DIRECTION('ref_axis',(0.844327925502014,-0.535826794978998,0.));
#2441=DIRECTION('',(0.,0.,-1.));
#2442=DIRECTION('',(0.,0.,1.));
#2443=DIRECTION('center_axis',(0.,0.,1.));
#2444=DIRECTION('ref_axis',(0.481753674101715,-0.876306680043864,0.));
#2445=DIRECTION('',(0.,0.,-1.));
#2446=DIRECTION('',(0.,0.,1.));
#2447=DIRECTION('center_axis',(0.,0.,1.));
#2448=DIRECTION('ref_axis',(0.992114701314478,0.125333233564303,0.));
#2449=DIRECTION('',(0.,0.,-1.));
#2450=DIRECTION('',(0.,0.,1.));
#2451=DIRECTION('center_axis',(0.,0.,1.));
#2452=DIRECTION('ref_axis',(0.968583161128631,-0.248689887164855,0.));
#2453=DIRECTION('',(0.,0.,-1.));
#2454=DIRECTION('',(0.,0.,1.));
#2455=DIRECTION('center_axis',(0.,0.,1.));
#2456=DIRECTION('ref_axis',(-0.187381314585725,0.982287250728689,0.));
#2457=DIRECTION('',(0.,0.,-1.));
#2458=DIRECTION('',(0.,0.,1.));
#2459=DIRECTION('center_axis',(0.,0.,1.));
#2460=DIRECTION('ref_axis',(0.309016994374948,0.951056516295153,0.));
#2461=DIRECTION('',(0.,0.,-1.));
#2462=DIRECTION('',(0.,0.,1.));
#2463=DIRECTION('center_axis',(0.,0.,1.));
#2464=DIRECTION('ref_axis',(0.425779291565072,0.90482705246602,0.));
#2465=DIRECTION('',(0.,0.,-1.));
#2466=DIRECTION('',(0.,0.,1.));
#2467=DIRECTION('center_axis',(0.,0.,1.));
#2468=DIRECTION('ref_axis',(0.728968627421411,0.68454710592869,0.));
#2469=DIRECTION('',(0.,0.,-1.));
#2470=DIRECTION('',(0.,0.,1.));
#2471=DIRECTION('center_axis',(0.,0.,1.));
#2472=DIRECTION('ref_axis',(0.876306680043864,-0.481753674101715,0.));
#2473=DIRECTION('',(0.,0.,-1.));
#2474=DIRECTION('',(0.,0.,1.));
#2475=DIRECTION('center_axis',(0.,0.,1.));
#2476=DIRECTION('ref_axis',(0.968583161128631,0.248689887164855,0.));
#2477=DIRECTION('',(0.,0.,-1.));
#2478=DIRECTION('',(0.,0.,1.));
#2479=DIRECTION('center_axis',(0.,0.,1.));
#2480=DIRECTION('ref_axis',(-0.728968627421411,0.68454710592869,0.));
#2481=DIRECTION('',(0.,0.,-1.));
#2482=DIRECTION('',(0.,0.,1.));
#2483=DIRECTION('center_axis',(0.,0.,1.));
#2484=DIRECTION('ref_axis',(0.876306680043864,0.481753674101714,0.));
#2485=DIRECTION('',(0.,0.,-1.));
#2486=DIRECTION('',(0.,0.,1.));
#2487=DIRECTION('center_axis',(0.,0.,1.));
#2488=DIRECTION('ref_axis',(-0.0627905195293136,-0.998026728428271,0.));
#2489=DIRECTION('',(0.,0.,-1.));
#2490=DIRECTION('',(0.,0.,1.));
#2491=DIRECTION('center_axis',(0.,0.,1.));
#2492=DIRECTION('ref_axis',(-0.637423989748689,0.77051324277579,0.));
#2493=DIRECTION('',(0.,0.,-1.));
#2494=DIRECTION('',(0.,0.,1.));
#2495=DIRECTION('center_axis',(0.,0.,1.));
#2496=DIRECTION('ref_axis',(-0.968583161128631,0.248689887164855,0.));
#2497=DIRECTION('',(0.,0.,-1.));
#2498=DIRECTION('',(0.,0.,1.));
#2499=DIRECTION('center_axis',(0.,0.,1.));
#2500=DIRECTION('ref_axis',(-0.425779291565072,0.90482705246602,0.));
#2501=DIRECTION('',(0.,0.,-1.));
#2502=DIRECTION('',(0.,0.,1.));
#2503=DIRECTION('center_axis',(0.,0.,1.));
#2504=DIRECTION('ref_axis',(0.637423989748689,-0.77051324277579,0.));
#2505=DIRECTION('',(0.,0.,-1.));
#2506=DIRECTION('',(0.,0.,1.));
#2507=DIRECTION('center_axis',(0.,0.,1.));
#2508=DIRECTION('ref_axis',(0.425779291565072,-0.90482705246602,0.));
#2509=DIRECTION('',(0.,0.,-1.));
#2510=DIRECTION('',(0.,0.,1.));
#2511=DIRECTION('center_axis',(0.,0.,1.));
#2512=DIRECTION('ref_axis',(0.809016994374948,0.587785252292473,0.));
#2513=DIRECTION('',(0.,0.,-1.));
#2514=DIRECTION('',(0.,0.,1.));
#2515=DIRECTION('center_axis',(0.,0.,1.));
#2516=DIRECTION('ref_axis',(0.187381314585725,0.982287250728689,0.));
#2517=DIRECTION('',(0.,0.,-1.));
#2518=DIRECTION('',(0.,0.,1.));
#2519=DIRECTION('center_axis',(0.,0.,1.));
#2520=DIRECTION('ref_axis',(-0.992114701314478,0.125333233564303,0.));
#2521=DIRECTION('',(0.,0.,-1.));
#2522=DIRECTION('',(0.,0.,1.));
#2523=DIRECTION('center_axis',(0.,0.,1.));
#2524=DIRECTION('ref_axis',(0.0627905195293136,0.998026728428271,0.));
#2525=DIRECTION('',(0.,0.,-1.));
#2526=DIRECTION('',(0.,0.,1.));
#2527=DIRECTION('center_axis',(0.,0.,1.));
#2528=DIRECTION('ref_axis',(-1.,0.,0.));
#2529=DIRECTION('',(0.,0.,-1.));
#2530=DIRECTION('',(0.,0.,1.));
#2531=DIRECTION('center_axis',(0.,0.,1.));
#2532=DIRECTION('ref_axis',(0.587785252292472,-0.809016994374948,0.));
#2533=DIRECTION('',(0.,0.,-1.));
#2534=DIRECTION('',(0.,0.,1.));
#2535=DIRECTION('center_axis',(0.,0.,1.));
#2536=DIRECTION('ref_axis',(0.904827052466019,-0.425779291565074,0.));
#2537=DIRECTION('',(0.,0.,-1.));
#2538=DIRECTION('',(0.,0.,1.));
#2539=DIRECTION('center_axis',(0.,0.,1.));
#2540=DIRECTION('ref_axis',(0.770513242775789,-0.63742398974869,0.));
#2541=DIRECTION('',(0.,0.,-1.));
#2542=DIRECTION('',(0.,0.,1.));
#2543=DIRECTION('center_axis',(0.,0.,1.));
#2544=DIRECTION('ref_axis',(0.368124552684674,-0.929776485888253,0.));
#2545=DIRECTION('',(0.,0.,-1.));
#2546=DIRECTION('',(0.,0.,1.));
#2547=DIRECTION('center_axis',(0.,0.,1.));
#2548=DIRECTION('ref_axis',(1.,0.,0.));
#2549=DIRECTION('',(0.,0.,-1.));
#2550=DIRECTION('',(0.,0.,1.));
#2551=DIRECTION('center_axis',(0.,0.,1.));
#2552=DIRECTION('ref_axis',(0.929776485888251,-0.368124552684679,0.));
#2553=DIRECTION('',(0.,0.,-1.));
#2554=DIRECTION('',(0.,0.,1.));
#2555=DIRECTION('center_axis',(0.,0.,1.));
#2556=DIRECTION('ref_axis',(-0.0627905195293136,0.998026728428271,0.));
#2557=DIRECTION('',(0.,0.,-1.));
#2558=DIRECTION('',(0.,0.,1.));
#2559=DIRECTION('center_axis',(0.,0.,1.));
#2560=DIRECTION('ref_axis',(0.309016994374948,-0.951056516295153,0.));
#2561=DIRECTION('',(0.,0.,-1.));
#2562=DIRECTION('',(0.,0.,1.));
#2563=DIRECTION('center_axis',(0.,0.,1.));
#2564=DIRECTION('ref_axis',(0.809016994374948,-0.587785252292473,0.));
#2565=DIRECTION('',(0.,0.,-1.));
#2566=DIRECTION('',(0.,0.,1.));
#2567=DIRECTION('center_axis',(0.,0.,1.));
#2568=DIRECTION('ref_axis',(0.535826794978996,-0.844327925502016,0.));
#2569=DIRECTION('',(0.,0.,-1.));
#2570=DIRECTION('',(0.,0.,1.));
#2571=DIRECTION('center_axis',(0.,0.,1.));
#2572=DIRECTION('ref_axis',(-0.309016994374948,0.951056516295153,0.));
#2573=DIRECTION('',(0.,0.,-1.));
#2574=DIRECTION('',(0.,0.,1.));
#2575=DIRECTION('center_axis',(0.,0.,1.));
#2576=DIRECTION('ref_axis',(-0.535826794978997,0.844327925502015,0.));
#2577=DIRECTION('',(0.,0.,-1.));
#2578=DIRECTION('',(0.,0.,1.));
#2579=DIRECTION('center_axis',(0.,0.,1.));
#2580=DIRECTION('ref_axis',(-0.929776485888251,0.368124552684679,0.));
#2581=DIRECTION('',(0.,0.,-1.));
#2582=DIRECTION('',(0.,0.,1.));
#2583=DIRECTION('center_axis',(0.,0.,1.));
#2584=DIRECTION('ref_axis',(0.187381314585725,-0.982287250728689,0.));
#2585=DIRECTION('',(0.,0.,-1.));
#2586=DIRECTION('',(0.,0.,1.));
#2587=DIRECTION('center_axis',(0.,0.,1.));
#2588=DIRECTION('ref_axis',(0.535826794978997,0.844327925502015,0.));
#2589=DIRECTION('',(0.,0.,-1.));
#2590=DIRECTION('',(0.,0.,1.));
#2591=DIRECTION('center_axis',(0.,0.,1.));
#2592=DIRECTION('ref_axis',(-0.809016994374948,0.587785252292472,0.));
#2593=DIRECTION('',(0.,0.,-1.));
#2594=DIRECTION('',(0.,0.,1.));
#2595=DIRECTION('center_axis',(0.,0.,1.));
#2596=DIRECTION('ref_axis',(0.728968627421411,-0.68454710592869,0.));
#2597=DIRECTION('',(0.,0.,-1.));
#2598=DIRECTION('',(0.,0.,1.));
#2599=DIRECTION('center_axis',(0.,0.,1.));
#2600=DIRECTION('ref_axis',(0.929776485888251,0.368124552684679,0.));
#2601=DIRECTION('',(0.,0.,-1.));
#2602=DIRECTION('',(0.,0.,1.));
#2603=DIRECTION('center_axis',(0.,0.,1.));
#2604=DIRECTION('ref_axis',(0.0627905195293136,-0.998026728428271,0.));
#2605=DIRECTION('',(0.,0.,-1.));
#2606=DIRECTION('',(0.,0.,1.));
#2607=DIRECTION('center_axis',(0.,0.,1.));
#2608=DIRECTION('ref_axis',(0.63742398974869,0.770513242775789,0.));
#2609=DIRECTION('',(0.,0.,-1.));
#2610=DIRECTION('',(0.,0.,1.));
#2611=DIRECTION('center_axis',(0.,0.,1.));
#2612=DIRECTION('ref_axis',(-0.187381314585725,-0.982287250728689,0.));
#2613=DIRECTION('',(0.,0.,-1.));
#2614=DIRECTION('',(0.,0.,1.));
#2615=DIRECTION('center_axis',(0.,0.,1.));
#2616=DIRECTION('ref_axis',(-1.,0.,0.));
#2617=DIRECTION('',(0.,0.,-1.));
#2618=DIRECTION('',(0.,0.,1.));
#2619=DIRECTION('center_axis',(0.,0.,1.));
#2620=DIRECTION('ref_axis',(-0.876306680043864,0.481753674101715,0.));
#2621=DIRECTION('',(0.,0.,-1.));
#2622=DIRECTION('',(0.,0.,1.));
#2623=DIRECTION('center_axis',(0.,0.,1.));
#2624=DIRECTION('ref_axis',(0.992114701314478,-0.125333233564303,0.));
#2625=DIRECTION('',(0.,0.,-1.));
#2626=DIRECTION('',(0.,0.,1.));
#2627=DIRECTION('center_axis',(0.,0.,1.));
#2628=DIRECTION('ref_axis',(0.248689887164853,-0.968583161128632,0.));
#2629=DIRECTION('',(0.,0.,-1.));
#2630=DIRECTION('',(0.,0.,1.));
#2631=DIRECTION('center_axis',(0.,0.,1.));
#2632=DIRECTION('ref_axis',(0.684547105928688,-0.728968627421413,0.));
#2633=DIRECTION('',(0.,0.,-1.));
#2634=DIRECTION('',(0.,0.,1.));
#2635=DIRECTION('center_axis',(0.,0.,1.));
#2636=DIRECTION('ref_axis',(0.951056516295154,-0.309016994374947,0.));
#2637=DIRECTION('',(0.,0.,-1.));
#2638=DIRECTION('',(0.,0.,1.));
#2639=DIRECTION('center_axis',(0.,-1.94208673216357E-16,1.));
#2640=DIRECTION('ref_axis',(1.,0.,0.));
#2641=DIRECTION('center_axis',(0.,-1.94208673216357E-16,1.));
#2642=DIRECTION('ref_axis',(1.,0.,0.));
#2643=DIRECTION('center_axis',(1.22464679914735E-16,-1.,-1.94208673216357E-16));
#2644=DIRECTION('ref_axis',(-1.,-1.22464679914735E-16,0.));
#2645=DIRECTION('center_axis',(0.,-1.94208673216357E-16,1.));
#2646=DIRECTION('ref_axis',(1.,0.,0.));
#2647=DIRECTION('center_axis',(0.,-1.94208673216357E-16,1.));
#2648=DIRECTION('ref_axis',(1.,0.,0.));
#2649=DIRECTION('center_axis',(0.,-1.94208673216357E-16,1.));
#2650=DIRECTION('ref_axis',(1.,0.,0.));
#2651=DIRECTION('center_axis',(0.,-1.94208673216357E-16,1.));
#2652=DIRECTION('ref_axis',(1.,0.,0.));
#2653=DIRECTION('center_axis',(0.,-1.94208673216357E-16,1.));
#2654=DIRECTION('ref_axis',(1.,0.,0.));
#2655=DIRECTION('center_axis',(0.,-1.94208673216357E-16,1.));
#2656=DIRECTION('ref_axis',(1.,0.,0.));
#2657=DIRECTION('center_axis',(0.,-1.94208673216357E-16,1.));
#2658=DIRECTION('ref_axis',(1.,0.,0.));
#2659=DIRECTION('center_axis',(0.,-1.94208673216357E-16,1.));
#2660=DIRECTION('ref_axis',(1.,0.,0.));
#2661=DIRECTION('center_axis',(0.,-1.94208673216357E-16,1.));
#2662=DIRECTION('ref_axis',(1.,0.,0.));
#2663=DIRECTION('center_axis',(0.,-1.94208673216357E-16,1.));
#2664=DIRECTION('ref_axis',(1.,0.,0.));
#2665=DIRECTION('center_axis',(0.,-1.94208673216357E-16,1.));
#2666=DIRECTION('ref_axis',(1.,0.,0.));
#2667=DIRECTION('center_axis',(0.,-1.94208673216357E-16,1.));
#2668=DIRECTION('ref_axis',(1.,0.,0.));
#2669=DIRECTION('center_axis',(0.,-1.94208673216357E-16,1.));
#2670=DIRECTION('ref_axis',(1.,0.,0.));
#2671=DIRECTION('center_axis',(0.,-1.94208673216357E-16,1.));
#2672=DIRECTION('ref_axis',(1.,0.,0.));
#2673=DIRECTION('center_axis',(0.,-1.94208673216357E-16,1.));
#2674=DIRECTION('ref_axis',(1.,0.,0.));
#2675=DIRECTION('center_axis',(0.,-1.94208673216357E-16,1.));
#2676=DIRECTION('ref_axis',(1.,0.,0.));
#2677=DIRECTION('center_axis',(0.,-1.94208673216357E-16,1.));
#2678=DIRECTION('ref_axis',(1.,0.,0.));
#2679=DIRECTION('center_axis',(0.,-1.94208673216357E-16,1.));
#2680=DIRECTION('ref_axis',(1.,0.,0.));
#2681=DIRECTION('center_axis',(0.,-1.94208673216357E-16,1.));
#2682=DIRECTION('ref_axis',(1.,0.,0.));
#2683=DIRECTION('center_axis',(0.,-1.94208673216357E-16,1.));
#2684=DIRECTION('ref_axis',(1.,0.,0.));
#2685=DIRECTION('center_axis',(0.,-1.94208673216357E-16,1.));
#2686=DIRECTION('ref_axis',(1.,0.,0.));
#2687=DIRECTION('center_axis',(0.,-1.94208673216357E-16,1.));
#2688=DIRECTION('ref_axis',(1.,0.,0.));
#2689=DIRECTION('center_axis',(0.,-1.94208673216357E-16,1.));
#2690=DIRECTION('ref_axis',(1.,0.,0.));
#2691=DIRECTION('center_axis',(0.,-1.94208673216357E-16,1.));
#2692=DIRECTION('ref_axis',(1.,0.,0.));
#2693=DIRECTION('center_axis',(0.,-1.94208673216357E-16,1.));
#2694=DIRECTION('ref_axis',(1.,0.,0.));
#2695=DIRECTION('center_axis',(0.,-1.94208673216357E-16,1.));
#2696=DIRECTION('ref_axis',(1.,0.,0.));
#2697=DIRECTION('center_axis',(0.,-1.94208673216357E-16,1.));
#2698=DIRECTION('ref_axis',(1.,0.,0.));
#2699=DIRECTION('center_axis',(0.,-1.94208673216357E-16,1.));
#2700=DIRECTION('ref_axis',(1.,0.,0.));
#2701=DIRECTION('center_axis',(0.,-1.94208673216357E-16,1.));
#2702=DIRECTION('ref_axis',(1.,0.,0.));
#2703=DIRECTION('center_axis',(0.,-1.94208673216357E-16,1.));
#2704=DIRECTION('ref_axis',(1.,0.,0.));
#2705=DIRECTION('center_axis',(0.,-1.94208673216357E-16,1.));
#2706=DIRECTION('ref_axis',(1.,0.,0.));
#2707=DIRECTION('center_axis',(0.,-1.94208673216357E-16,1.));
#2708=DIRECTION('ref_axis',(1.,0.,0.));
#2709=DIRECTION('center_axis',(0.,-1.94208673216357E-16,1.));
#2710=DIRECTION('ref_axis',(1.,0.,0.));
#2711=DIRECTION('center_axis',(0.,-1.94208673216357E-16,1.));
#2712=DIRECTION('ref_axis',(1.,0.,0.));
#2713=DIRECTION('center_axis',(0.,-1.94208673216357E-16,1.));
#2714=DIRECTION('ref_axis',(1.,0.,0.));
#2715=DIRECTION('center_axis',(0.,-1.94208673216357E-16,1.));
#2716=DIRECTION('ref_axis',(1.,0.,0.));
#2717=DIRECTION('center_axis',(0.,-1.94208673216357E-16,1.));
#2718=DIRECTION('ref_axis',(1.,0.,0.));
#2719=DIRECTION('center_axis',(0.,-1.94208673216357E-16,1.));
#2720=DIRECTION('ref_axis',(1.,0.,0.));
#2721=DIRECTION('center_axis',(0.,-1.94208673216357E-16,1.));
#2722=DIRECTION('ref_axis',(1.,0.,0.));
#2723=DIRECTION('center_axis',(0.,-1.94208673216357E-16,1.));
#2724=DIRECTION('ref_axis',(1.,0.,0.));
#2725=DIRECTION('center_axis',(0.,-1.94208673216357E-16,1.));
#2726=DIRECTION('ref_axis',(1.,0.,0.));
#2727=DIRECTION('center_axis',(0.,-1.94208673216357E-16,1.));
#2728=DIRECTION('ref_axis',(1.,0.,0.));
#2729=DIRECTION('center_axis',(0.,-1.94208673216357E-16,1.));
#2730=DIRECTION('ref_axis',(1.,0.,0.));
#2731=DIRECTION('center_axis',(0.,-1.94208673216357E-16,1.));
#2732=DIRECTION('ref_axis',(1.,0.,0.));
#2733=DIRECTION('center_axis',(0.,-1.94208673216357E-16,1.));
#2734=DIRECTION('ref_axis',(1.,0.,0.));
#2735=DIRECTION('center_axis',(0.,-1.94208673216357E-16,1.));
#2736=DIRECTION('ref_axis',(1.,0.,0.));
#2737=DIRECTION('center_axis',(0.,-1.94208673216357E-16,1.));
#2738=DIRECTION('ref_axis',(1.,0.,0.));
#2739=DIRECTION('center_axis',(0.,-1.94208673216357E-16,1.));
#2740=DIRECTION('ref_axis',(1.,0.,0.));
#2741=DIRECTION('center_axis',(0.,-1.94208673216357E-16,1.));
#2742=DIRECTION('ref_axis',(1.,0.,0.));
#2743=DIRECTION('center_axis',(0.,-1.94208673216357E-16,1.));
#2744=DIRECTION('ref_axis',(1.,0.,0.));
#2745=DIRECTION('center_axis',(0.,-1.94208673216357E-16,1.));
#2746=DIRECTION('ref_axis',(1.,0.,0.));
#2747=DIRECTION('center_axis',(0.,-1.94208673216357E-16,1.));
#2748=DIRECTION('ref_axis',(0.,-1.,-1.94208673216357E-16));
#2749=DIRECTION('center_axis',(0.,-1.94208673216357E-16,1.));
#2750=DIRECTION('ref_axis',(1.,0.,0.));
#2751=DIRECTION('center_axis',(0.,-1.94208673216357E-16,1.));
#2752=DIRECTION('ref_axis',(0.,-1.,-1.94208673216357E-16));
#2753=DIRECTION('center_axis',(0.,-1.94208673216357E-16,1.));
#2754=DIRECTION('ref_axis',(1.,0.,0.));
#2755=DIRECTION('center_axis',(0.,-1.94208673216357E-16,1.));
#2756=DIRECTION('ref_axis',(0.,-1.,-1.94208673216357E-16));
#2757=DIRECTION('center_axis',(0.,-1.94208673216357E-16,1.));
#2758=DIRECTION('ref_axis',(1.,0.,0.));
#2759=DIRECTION('center_axis',(0.,-1.94208673216357E-16,1.));
#2760=DIRECTION('ref_axis',(0.,-1.,-1.94208673216357E-16));
#2761=DIRECTION('center_axis',(0.,-1.94208673216357E-16,1.));
#2762=DIRECTION('ref_axis',(1.,0.,0.));
#2763=DIRECTION('center_axis',(0.,-1.94208673216357E-16,1.));
#2764=DIRECTION('ref_axis',(0.,-1.,-1.94208673216357E-16));
#2765=DIRECTION('center_axis',(0.,-1.94208673216357E-16,1.));
#2766=DIRECTION('ref_axis',(1.,0.,0.));
#2767=DIRECTION('center_axis',(0.,-1.94208673216357E-16,1.));
#2768=DIRECTION('ref_axis',(0.,-1.,-1.94208673216357E-16));
#2769=DIRECTION('center_axis',(0.,-1.94208673216357E-16,1.));
#2770=DIRECTION('ref_axis',(1.,0.,0.));
#2771=DIRECTION('center_axis',(0.,-1.94208673216357E-16,1.));
#2772=DIRECTION('ref_axis',(0.,-1.,-1.94208673216357E-16));
#2773=DIRECTION('center_axis',(0.,-1.94208673216357E-16,1.));
#2774=DIRECTION('ref_axis',(1.,0.,0.));
#2775=DIRECTION('center_axis',(0.,-1.94208673216357E-16,1.));
#2776=DIRECTION('ref_axis',(0.,-1.,-1.94208673216357E-16));
#2777=DIRECTION('center_axis',(0.,-1.94208673216357E-16,1.));
#2778=DIRECTION('ref_axis',(1.,0.,0.));
#2779=DIRECTION('center_axis',(0.,-1.94208673216357E-16,1.));
#2780=DIRECTION('ref_axis',(0.,-1.,-1.94208673216357E-16));
#2781=DIRECTION('center_axis',(0.,-1.94208673216357E-16,1.));
#2782=DIRECTION('ref_axis',(1.,0.,0.));
#2783=DIRECTION('center_axis',(0.,-1.94208673216357E-16,1.));
#2784=DIRECTION('ref_axis',(1.,0.,0.));
#2785=DIRECTION('center_axis',(0.,-1.94208673216357E-16,1.));
#2786=DIRECTION('ref_axis',(0.,-1.,-1.94208673216357E-16));
#2787=DIRECTION('center_axis',(0.,-1.94208673216357E-16,1.));
#2788=DIRECTION('ref_axis',(1.,0.,0.));
#2789=DIRECTION('center_axis',(0.,-1.94208673216357E-16,1.));
#2790=DIRECTION('ref_axis',(0.,-1.,-1.94208673216357E-16));
#2791=DIRECTION('center_axis',(0.,-1.94208673216357E-16,1.));
#2792=DIRECTION('ref_axis',(1.,0.,0.));
#2793=DIRECTION('center_axis',(0.,-1.94208673216357E-16,1.));
#2794=DIRECTION('ref_axis',(0.,-1.,-1.94208673216357E-16));
#2795=DIRECTION('center_axis',(0.,-1.94208673216357E-16,1.));
#2796=DIRECTION('ref_axis',(1.,0.,0.));
#2797=DIRECTION('center_axis',(0.,-1.94208673216357E-16,1.));
#2798=DIRECTION('ref_axis',(0.,-1.,-1.94208673216357E-16));
#2799=DIRECTION('center_axis',(0.,-1.94208673216357E-16,1.));
#2800=DIRECTION('ref_axis',(1.,0.,0.));
#2801=DIRECTION('center_axis',(0.,-1.94208673216357E-16,1.));
#2802=DIRECTION('ref_axis',(0.,-1.,-1.94208673216357E-16));
#2803=DIRECTION('center_axis',(0.,-1.94208673216357E-16,1.));
#2804=DIRECTION('ref_axis',(1.,0.,0.));
#2805=DIRECTION('center_axis',(0.,-1.94208673216357E-16,1.));
#2806=DIRECTION('ref_axis',(0.,-1.,-1.94208673216357E-16));
#2807=DIRECTION('center_axis',(0.,-1.94208673216357E-16,1.));
#2808=DIRECTION('ref_axis',(1.,0.,0.));
#2809=DIRECTION('center_axis',(0.,-1.94208673216357E-16,1.));
#2810=DIRECTION('ref_axis',(0.,-1.,-1.94208673216357E-16));
#2811=DIRECTION('center_axis',(0.,-1.94208673216357E-16,1.));
#2812=DIRECTION('ref_axis',(1.,0.,0.));
#2813=DIRECTION('center_axis',(0.,-1.94208673216357E-16,1.));
#2814=DIRECTION('ref_axis',(0.,-1.,-1.94208673216357E-16));
#2815=DIRECTION('center_axis',(0.,-1.94208673216357E-16,1.));
#2816=DIRECTION('ref_axis',(1.,0.,0.));
#2817=DIRECTION('center_axis',(0.,-1.94208673216357E-16,1.));
#2818=DIRECTION('ref_axis',(0.,-1.,-1.94208673216357E-16));
#2819=DIRECTION('center_axis',(0.,-1.94208673216357E-16,1.));
#2820=DIRECTION('ref_axis',(1.,0.,0.));
#2821=DIRECTION('center_axis',(0.,-1.94208673216357E-16,1.));
#2822=DIRECTION('ref_axis',(0.,-1.,-1.94208673216357E-16));
#2823=DIRECTION('center_axis',(0.,-1.94208673216357E-16,1.));
#2824=DIRECTION('ref_axis',(1.,0.,0.));
#2825=DIRECTION('center_axis',(0.,-1.94208673216357E-16,1.));
#2826=DIRECTION('ref_axis',(0.,-1.,-1.94208673216357E-16));
#2827=DIRECTION('center_axis',(0.,-1.94208673216357E-16,1.));
#2828=DIRECTION('ref_axis',(1.,0.,0.));
#2829=DIRECTION('center_axis',(0.,-1.94208673216357E-16,1.));
#2830=DIRECTION('ref_axis',(0.,-1.,-1.94208673216357E-16));
#2831=DIRECTION('center_axis',(0.,-1.94208673216357E-16,1.));
#2832=DIRECTION('ref_axis',(1.,0.,0.));
#2833=DIRECTION('center_axis',(0.,-1.94208673216357E-16,1.));
#2834=DIRECTION('ref_axis',(0.,-1.,-1.94208673216357E-16));
#2835=DIRECTION('center_axis',(0.,-1.94208673216357E-16,1.));
#2836=DIRECTION('ref_axis',(1.,0.,0.));
#2837=DIRECTION('center_axis',(0.,-1.94208673216357E-16,1.));
#2838=DIRECTION('ref_axis',(0.,-1.,-1.94208673216357E-16));
#2839=DIRECTION('center_axis',(0.,-1.94208673216357E-16,1.));
#2840=DIRECTION('ref_axis',(1.,0.,0.));
#2841=DIRECTION('center_axis',(0.,-1.94208673216357E-16,1.));
#2842=DIRECTION('ref_axis',(0.,-1.,-1.94208673216357E-16));
#2843=DIRECTION('center_axis',(0.,-1.94208673216357E-16,1.));
#2844=DIRECTION('ref_axis',(1.,0.,0.));
#2845=DIRECTION('center_axis',(0.,-1.94208673216357E-16,1.));
#2846=DIRECTION('ref_axis',(0.,-1.,-1.94208673216357E-16));
#2847=DIRECTION('center_axis',(0.,-1.94208673216357E-16,1.));
#2848=DIRECTION('ref_axis',(1.,0.,0.));
#2849=DIRECTION('center_axis',(0.,-1.94208673216357E-16,1.));
#2850=DIRECTION('ref_axis',(0.,-1.,-1.94208673216357E-16));
#2851=DIRECTION('center_axis',(0.,-1.94208673216357E-16,1.));
#2852=DIRECTION('ref_axis',(1.,0.,0.));
#2853=DIRECTION('center_axis',(0.,-1.94208673216357E-16,1.));
#2854=DIRECTION('ref_axis',(0.,-1.,-1.94208673216357E-16));
#2855=DIRECTION('center_axis',(0.,-1.94208673216357E-16,1.));
#2856=DIRECTION('ref_axis',(1.,0.,0.));
#2857=DIRECTION('center_axis',(0.,-1.94208673216357E-16,1.));
#2858=DIRECTION('ref_axis',(0.,-1.,-1.94208673216357E-16));
#2859=DIRECTION('center_axis',(0.,-1.94208673216357E-16,1.));
#2860=DIRECTION('ref_axis',(1.,0.,0.));
#2861=DIRECTION('center_axis',(0.,-1.94208673216357E-16,1.));
#2862=DIRECTION('ref_axis',(0.,-1.,-1.94208673216357E-16));
#2863=DIRECTION('center_axis',(0.,-1.94208673216357E-16,1.));
#2864=DIRECTION('ref_axis',(1.,0.,0.));
#2865=DIRECTION('center_axis',(0.,-1.94208673216357E-16,1.));
#2866=DIRECTION('ref_axis',(0.,-1.,-1.94208673216357E-16));
#2867=DIRECTION('center_axis',(0.,-1.94208673216357E-16,1.));
#2868=DIRECTION('ref_axis',(1.,0.,0.));
#2869=DIRECTION('center_axis',(0.,-1.94208673216357E-16,1.));
#2870=DIRECTION('ref_axis',(0.,-1.,-1.94208673216357E-16));
#2871=DIRECTION('center_axis',(0.,-1.94208673216357E-16,1.));
#2872=DIRECTION('ref_axis',(1.,0.,0.));
#2873=DIRECTION('center_axis',(0.,-1.94208673216357E-16,1.));
#2874=DIRECTION('ref_axis',(0.,-1.,-1.94208673216357E-16));
#2875=DIRECTION('center_axis',(0.,-1.94208673216357E-16,1.));
#2876=DIRECTION('ref_axis',(1.,0.,0.));
#2877=DIRECTION('center_axis',(0.,-1.94208673216357E-16,1.));
#2878=DIRECTION('ref_axis',(0.,-1.,-1.94208673216357E-16));
#2879=DIRECTION('center_axis',(0.,-1.94208673216357E-16,1.));
#2880=DIRECTION('ref_axis',(1.,0.,0.));
#2881=DIRECTION('center_axis',(0.,-1.94208673216357E-16,1.));
#2882=DIRECTION('ref_axis',(0.,-1.,-1.94208673216357E-16));
#2883=DIRECTION('center_axis',(0.,-1.94208673216357E-16,1.));
#2884=DIRECTION('ref_axis',(1.,0.,0.));
#2885=DIRECTION('center_axis',(0.,-1.94208673216357E-16,1.));
#2886=DIRECTION('ref_axis',(0.,-1.,-1.94208673216357E-16));
#2887=DIRECTION('center_axis',(0.,-1.94208673216357E-16,1.));
#2888=DIRECTION('ref_axis',(1.,0.,0.));
#2889=DIRECTION('center_axis',(0.,-1.94208673216357E-16,1.));
#2890=DIRECTION('ref_axis',(0.,-1.,-1.94208673216357E-16));
#2891=DIRECTION('center_axis',(0.,-1.94208673216357E-16,1.));
#2892=DIRECTION('ref_axis',(1.,0.,0.));
#2893=DIRECTION('center_axis',(0.,-1.94208673216357E-16,1.));
#2894=DIRECTION('ref_axis',(0.,-1.,-1.94208673216357E-16));
#2895=DIRECTION('center_axis',(0.,-1.94208673216357E-16,1.));
#2896=DIRECTION('ref_axis',(1.,0.,0.));
#2897=DIRECTION('center_axis',(0.,-1.94208673216357E-16,1.));
#2898=DIRECTION('ref_axis',(0.,-1.,-1.94208673216357E-16));
#2899=DIRECTION('center_axis',(0.,-1.94208673216357E-16,1.));
#2900=DIRECTION('ref_axis',(1.,0.,0.));
#2901=DIRECTION('center_axis',(0.,-1.94208673216357E-16,1.));
#2902=DIRECTION('ref_axis',(0.,-1.,-1.94208673216357E-16));
#2903=DIRECTION('center_axis',(0.,-1.94208673216357E-16,1.));
#2904=DIRECTION('ref_axis',(1.,0.,0.));
#2905=DIRECTION('center_axis',(0.,-1.94208673216357E-16,1.));
#2906=DIRECTION('ref_axis',(0.,-1.,-1.94208673216357E-16));
#2907=DIRECTION('center_axis',(0.,-1.94208673216357E-16,1.));
#2908=DIRECTION('ref_axis',(1.,0.,0.));
#2909=DIRECTION('center_axis',(0.,-1.94208673216357E-16,1.));
#2910=DIRECTION('ref_axis',(0.,-1.,-1.94208673216357E-16));
#2911=DIRECTION('center_axis',(0.,-1.94208673216357E-16,1.));
#2912=DIRECTION('ref_axis',(1.,0.,0.));
#2913=DIRECTION('center_axis',(0.,-1.94208673216357E-16,1.));
#2914=DIRECTION('ref_axis',(0.,-1.,-1.94208673216357E-16));
#2915=DIRECTION('center_axis',(0.,-1.94208673216357E-16,1.));
#2916=DIRECTION('ref_axis',(1.,0.,0.));
#2917=DIRECTION('center_axis',(0.,-1.94208673216357E-16,1.));
#2918=DIRECTION('ref_axis',(0.,-1.,-1.94208673216357E-16));
#2919=DIRECTION('center_axis',(0.,-1.94208673216357E-16,1.));
#2920=DIRECTION('ref_axis',(1.,0.,0.));
#2921=DIRECTION('center_axis',(0.,-1.94208673216357E-16,1.));
#2922=DIRECTION('ref_axis',(0.,-1.,-1.94208673216357E-16));
#2923=DIRECTION('center_axis',(0.,-1.94208673216357E-16,1.));
#2924=DIRECTION('ref_axis',(1.,0.,0.));
#2925=DIRECTION('center_axis',(0.,-1.94208673216357E-16,1.));
#2926=DIRECTION('ref_axis',(0.,-1.,-1.94208673216357E-16));
#2927=DIRECTION('center_axis',(0.,-1.94208673216357E-16,1.));
#2928=DIRECTION('ref_axis',(1.,0.,0.));
#2929=DIRECTION('center_axis',(0.,-1.94208673216357E-16,1.));
#2930=DIRECTION('ref_axis',(0.,-1.,-1.94208673216357E-16));
#2931=DIRECTION('center_axis',(0.,-1.94208673216357E-16,1.));
#2932=DIRECTION('ref_axis',(1.,0.,0.));
#2933=DIRECTION('center_axis',(0.,-1.94208673216357E-16,1.));
#2934=DIRECTION('ref_axis',(0.,-1.,-1.94208673216357E-16));
#2935=DIRECTION('center_axis',(0.,-1.94208673216357E-16,1.));
#2936=DIRECTION('ref_axis',(1.,0.,0.));
#2937=DIRECTION('center_axis',(0.,-1.94208673216357E-16,1.));
#2938=DIRECTION('ref_axis',(0.,-1.,-1.94208673216357E-16));
#2939=DIRECTION('center_axis',(0.,-1.94208673216357E-16,1.));
#2940=DIRECTION('ref_axis',(1.,0.,0.));
#2941=DIRECTION('center_axis',(0.,-1.94208673216357E-16,1.));
#2942=DIRECTION('ref_axis',(0.,-1.,-1.94208673216357E-16));
#2943=DIRECTION('center_axis',(0.,-1.94208673216357E-16,1.));
#2944=DIRECTION('ref_axis',(1.,0.,0.));
#2945=DIRECTION('center_axis',(0.,-1.94208673216357E-16,1.));
#2946=DIRECTION('ref_axis',(1.,0.,0.));
#2947=DIRECTION('center_axis',(0.,-1.94208673216357E-16,1.));
#2948=DIRECTION('ref_axis',(1.,0.,0.));
#2949=DIRECTION('center_axis',(1.22464679914735E-16,-1.,-1.94208673216357E-16));
#2950=DIRECTION('ref_axis',(-1.,-1.22464679914735E-16,0.));
#2951=DIRECTION('center_axis',(0.,-1.94208673216357E-16,1.));
#2952=DIRECTION('ref_axis',(1.,0.,0.));
#2953=DIRECTION('center_axis',(0.,-1.94208673216357E-16,1.));
#2954=DIRECTION('ref_axis',(1.,0.,0.));
#2955=DIRECTION('center_axis',(0.,-1.94208673216357E-16,1.));
#2956=DIRECTION('ref_axis',(1.,0.,0.));
#2957=DIRECTION('center_axis',(1.22464679914735E-16,-1.,-1.94208673216357E-16));
#2958=DIRECTION('ref_axis',(-1.,-1.22464679914735E-16,0.));
#2959=DIRECTION('center_axis',(0.,-1.94208673216357E-16,1.));
#2960=DIRECTION('ref_axis',(1.,0.,0.));
#2961=DIRECTION('center_axis',(1.22464679914735E-16,0.,1.));
#2962=DIRECTION('ref_axis',(1.,0.,-6.12323399573677E-17));
#2963=DIRECTION('center_axis',(0.,-1.94208673216357E-16,1.));
#2964=DIRECTION('ref_axis',(1.,0.,0.));
#2965=DIRECTION('center_axis',(-1.22464679914735E-16,1.,7.49879891330929E-33));
#2966=DIRECTION('ref_axis',(-1.,-1.22464679914735E-16,6.12323399573677E-17));
#2967=DIRECTION('center_axis',(0.,1.94208673216357E-16,-1.));
#2968=DIRECTION('ref_axis',(-1.,0.,0.));
#2969=DIRECTION('center_axis',(0.,1.94208673216357E-16,-1.));
#2970=DIRECTION('ref_axis',(-1.,0.,0.));
#2971=DIRECTION('center_axis',(0.,-1.94208673216357E-16,1.));
#2972=DIRECTION('ref_axis',(0.,-1.,-1.94208673216357E-16));
#2973=DIRECTION('center_axis',(0.,-1.94208673216357E-16,1.));
#2974=DIRECTION('ref_axis',(1.,0.,0.));
#2975=CARTESIAN_POINT('',(0.,0.,0.));
#2976=CARTESIAN_POINT('Origin',(0.,2.65544594814986E-15,-14.0250105339114));
#2977=CARTESIAN_POINT('',(-0.000149178714506223,11.3194688504435,-0.861708308147544));
#2978=CARTESIAN_POINT('',(0.000414992866664294,11.3161277353196,-0.438291694299248));
#2979=CARTESIAN_POINT('',(-5.47453699592502E-15,11.3193,-14.0250105339114));
#2980=CARTESIAN_POINT('',(-8.99161782216579,6.87585350557373,3.19262414245527E-15));
#2981=CARTESIAN_POINT('Ctrl Pts',(0.000414181772252512,11.3161213466628,
-0.438291624943793));
#2982=CARTESIAN_POINT('Ctrl Pts',(-1.10350255491936,11.3160789453342,-0.391754347762284));
#2983=CARTESIAN_POINT('Ctrl Pts',(-3.97885143546193,10.9033856209708,-0.270547122230908));
#2984=CARTESIAN_POINT('Ctrl Pts',(-7.05377395779657,9.1076404559555,-0.124449913916293));
#2985=CARTESIAN_POINT('Ctrl Pts',(-8.63318330535921,7.34458166954419,-0.0248899827832039));
#2986=CARTESIAN_POINT('Ctrl Pts',(-8.99161782216578,6.87585350557374,-1.38777878078145E-16));
#2987=CARTESIAN_POINT('',(-11.0108552235429,-2.6244275063674,-8.17124146124115E-13));
#2988=CARTESIAN_POINT('Origin',(0.,-6.83327394865076E-17,2.22044604925031E-15));
#2989=CARTESIAN_POINT('Ctrl Pts',(-11.0108552235429,-2.6244275063674,-8.15347789284715E-13));
#2990=CARTESIAN_POINT('Ctrl Pts',(-11.0726283162787,-2.36525685708324,-0.011241354449037));
#2991=CARTESIAN_POINT('Ctrl Pts',(-11.1252581829104,-2.1038562207769,-0.0224827088972598));
#2992=CARTESIAN_POINT('Ctrl Pts',(-11.1686017137874,-1.84089332900784,-0.0337240633454812));
#2993=CARTESIAN_POINT('Ctrl Pts',(-11.2119403095882,-1.57796037808287,-0.04496413785782));
#2994=CARTESIAN_POINT('Ctrl Pts',(-11.2459946319311,-1.31346580462725,-0.0562042123701582));
#2995=CARTESIAN_POINT('Ctrl Pts',(-11.2706728804809,-1.04808649986181,-0.0674442868824965));
#2996=CARTESIAN_POINT('Ctrl Pts',(-11.2953486521439,-0.782733830474658,
-0.0786832332600061));
#2997=CARTESIAN_POINT('Ctrl Pts',(-11.3106502037422,-0.5164968880297,-0.0899221796375179));
#2998=CARTESIAN_POINT('Ctrl Pts',(-11.316537620062,-0.25005756081542,-0.101161126015029));
#2999=CARTESIAN_POINT('Ctrl Pts',(-11.3224256915599,0.016411416958875,-0.11240132311276));
#3000=CARTESIAN_POINT('Ctrl Pts',(-11.3188975265593,0.283082542431071,-0.123641520210492));
#3001=CARTESIAN_POINT('Ctrl Pts',(-11.3059653267092,0.549272720285958,-0.134881717308224));
#3002=CARTESIAN_POINT('Ctrl Pts',(-11.2974769771796,0.723992821826211,-0.142259481559611));
#3003=CARTESIAN_POINT('Ctrl Pts',(-11.2849381947877,0.898505707318923,-0.149637245810992));
#3004=CARTESIAN_POINT('Ctrl Pts',(-11.2683646219243,1.07261886864135,-0.157015010062379));
#3005=CARTESIAN_POINT('Ctrl Pts',(-11.2420652987448,1.34890560157174,-0.168722214537126));
#3006=CARTESIAN_POINT('Ctrl Pts',(-11.2056019259691,1.62420787996632,-0.180429419011874));
#3007=CARTESIAN_POINT('Ctrl Pts',(-11.1590741926041,1.89779231054334,-0.19213662348662));
#3008=CARTESIAN_POINT('Ctrl Pts',(-11.1125439815077,2.17139131025363,-0.203844451402626));
#3009=CARTESIAN_POINT('Ctrl Pts',(-11.0559483780908,2.44327204973452,-0.215552279318632));
#3010=CARTESIAN_POINT('Ctrl Pts',(-10.9894384378453,2.71270995700022,-0.227260107234642));
#3011=CARTESIAN_POINT('Ctrl Pts',(-10.9810595256187,2.74665370386239,-0.228735057627183));
#3012=CARTESIAN_POINT('Ctrl Pts',(-10.9725233300552,2.78055869500647,-0.230210008019719));
#3013=CARTESIAN_POINT('Ctrl Pts',(-10.9638302104206,2.81442349462003,-0.231684958412259));
#3014=CARTESIAN_POINT('Ctrl Pts',(-10.8965838351114,3.07638756739201,-0.243094564149652));
#3015=CARTESIAN_POINT('Ctrl Pts',(-10.8199393129798,3.33596026030018,-0.254504169887044));
#3016=CARTESIAN_POINT('Ctrl Pts',(-10.734092308906,3.59246639425959,-0.265913775624437));
#3017=CARTESIAN_POINT('Ctrl Pts',(-10.6482529504465,3.84894968354358,-0.277322365211706));
#3018=CARTESIAN_POINT('Ctrl Pts',(-10.5532128312619,4.10236670737584,-0.288730954798974));
#3019=CARTESIAN_POINT('Ctrl Pts',(-10.4492171030516,4.35205864198713,-0.300139544386242));
#3020=CARTESIAN_POINT('Ctrl Pts',(-10.3452146890683,4.60176662902298,-0.311548867419403));
#3021=CARTESIAN_POINT('Ctrl Pts',(-10.232255615208,4.84774880185809,-0.322958190452565));
#3022=CARTESIAN_POINT('Ctrl Pts',(-10.1106332584103,5.08936612987593,-0.334367513485725));
#3023=CARTESIAN_POINT('Ctrl Pts',(-9.98901472143573,5.33097586935912,-0.34577647818348));
#3024=CARTESIAN_POINT('Ctrl Pts',(-9.85873356627282,5.56822080131583,-0.357185442881232));
#3025=CARTESIAN_POINT('Ctrl Pts',(-9.72012965432082,5.80048549633503,-0.368594407578986));
#3026=CARTESIAN_POINT('Ctrl Pts',(-9.58150316144324,6.03278803120823,-0.380005230990387));
#3027=CARTESIAN_POINT('Ctrl Pts',(-9.43455133726922,6.26010847874892,-0.391416054401787));
#3028=CARTESIAN_POINT('Ctrl Pts',(-9.27965880260795,6.48185814386436,-0.402826877813188));
#3029=CARTESIAN_POINT('Ctrl Pts',(-9.15306628809219,6.6630924929657,-0.412152858768331));
#3030=CARTESIAN_POINT('Ctrl Pts',(-9.0211705036743,6.84060619222795,-0.421478839723476));
#3031=CARTESIAN_POINT('Ctrl Pts',(-8.88420251258779,7.01409282839404,-0.430804820678619));
#3032=CARTESIAN_POINT('Ctrl Pts',(-8.71739796421904,7.22537109687229,-0.442162335883288));
#3033=CARTESIAN_POINT('Ctrl Pts',(-8.54303145454133,7.4307240705432,-0.453519851087958));
#3034=CARTESIAN_POINT('Ctrl Pts',(-8.36154899859485,7.62961668985392,-0.464877366292628));
#3035=CARTESIAN_POINT('Ctrl Pts',(-8.18009336786304,7.82847991052563,-0.476233202724648));
#3036=CARTESIAN_POINT('Ctrl Pts',(-7.99152407355339,8.0208844832884,-0.487589039156671));
#3037=CARTESIAN_POINT('Ctrl Pts',(-7.79632591254252,8.20633016368572,-0.498944875588691));
#3038=CARTESIAN_POINT('Ctrl Pts',(-7.60112611054586,8.39177740308197,-0.510300807486601));
#3039=CARTESIAN_POINT('Ctrl Pts',(-7.39929752469978,8.57026544412111,-0.521656739384512));
#3040=CARTESIAN_POINT('Ctrl Pts',(-7.19136114631414,8.74133155493391,-0.533012671282423));
#3041=CARTESIAN_POINT('Ctrl Pts',(-6.98343616794539,8.91238828712539,-0.544367980596559));
#3042=CARTESIAN_POINT('Ctrl Pts',(-6.76940427615555,9.07602373078416,-0.555723289910693));
#3043=CARTESIAN_POINT('Ctrl Pts',(-6.54981952486989,9.23181545968252,-0.567078599224828));
#3044=CARTESIAN_POINT('Ctrl Pts',(-6.33020000970634,9.38763185297405,-0.578435706271201));
#3045=CARTESIAN_POINT('Ctrl Pts',(-6.10502609846566,9.5356018917175,-0.589792813317572));
#3046=CARTESIAN_POINT('Ctrl Pts',(-5.87488203397847,9.67534565671103,-0.601149920363945));
#3047=CARTESIAN_POINT('Ctrl Pts',(-5.68051502402277,9.79336554926079,-0.610741507890952));
#3048=CARTESIAN_POINT('Ctrl Pts',(-5.48260360679296,9.90551868795617,-0.620333095417963));
#3049=CARTESIAN_POINT('Ctrl Pts',(-5.28151453024289,10.0116011085557,-0.629924682944971));
#3050=CARTESIAN_POINT('Ctrl Pts',(-5.04089150550625,10.1385392463897,-0.641401968744731));
#3051=CARTESIAN_POINT('Ctrl Pts',(-4.79567944317344,10.2568043268206,-0.652879254544491));
#3052=CARTESIAN_POINT('Ctrl Pts',(-4.54651791221249,10.3660854407019,-0.664356540344251));
#3053=CARTESIAN_POINT('Ctrl Pts',(-4.29737366982047,10.4753589718954,-0.675833029769683));
#3054=CARTESIAN_POINT('Ctrl Pts',(-4.04428074326148,10.5756496779574,-0.687309519195112));
#3055=CARTESIAN_POINT('Ctrl Pts',(-3.78789973537052,10.6666943372715,-0.698786008620544));
#3056=CARTESIAN_POINT('Ctrl Pts',(-3.53150689783839,10.7577431974648,-0.710263027581113));
#3057=CARTESIAN_POINT('Ctrl Pts',(-3.2718259189676,10.8395450696417,-0.721740046541682));
#3058=CARTESIAN_POINT('Ctrl Pts',(-3.00953506324803,10.9118857762112,-0.733217065502249));
#3059=CARTESIAN_POINT('Ctrl Pts',(-2.74725812092109,10.9842226454199,-0.744693475656723));
#3060=CARTESIAN_POINT('Ctrl Pts',(-2.4823718282478,11.0470992842924,-0.756169885811204));
#3061=CARTESIAN_POINT('Ctrl Pts',(-2.215568210056,11.1003517960734,-0.76764629596568));
#3062=CARTESIAN_POINT('Ctrl Pts',(-1.94874222082477,11.1536087729889,-0.779123668398049));
#3063=CARTESIAN_POINT('Ctrl Pts',(-1.67999883844182,11.1972399583244,-0.790601040830416));
#3064=CARTESIAN_POINT('Ctrl Pts',(-1.41004035516517,11.2311325647419,-0.802078413262786));
#3065=CARTESIAN_POINT('Ctrl Pts',(-1.1986175135824,11.2576761690415,-0.811067123912299));
#3066=CARTESIAN_POINT('Ctrl Pts',(-0.986449627662943,11.2782476040361,-0.820055834561813));
#3067=CARTESIAN_POINT('Ctrl Pts',(-0.773876836969112,11.2928148453432,-0.829044545211326));
#3068=CARTESIAN_POINT('Ctrl Pts',(-0.516389903443447,11.3104599742509,-0.839932465221871));
#3069=CARTESIAN_POINT('Ctrl Pts',(-0.258284281023366,11.3192965954965,-0.850820385232416));
#3070=CARTESIAN_POINT('Ctrl Pts',(-0.000149245371586559,11.3192999990161,
-0.86170830524296));
#3071=CARTESIAN_POINT('Origin',(0.,2.65544594814986E-15,-14.0250105339114));
#3072=CARTESIAN_POINT('',(-0.000257725289706324,11.3187027042973,-3.86170830458214));
#3073=CARTESIAN_POINT('',(0.000458341035442283,11.3187416017196,-3.43829169483396));
#3074=CARTESIAN_POINT('',(-5.47453699592502E-15,11.3193,-14.0250105339114));
#3075=CARTESIAN_POINT('Ctrl Pts',(0.000458250460700029,11.3168462564464,
-3.43829169425111));
#3076=CARTESIAN_POINT('Ctrl Pts',(-1.2076785755874,11.3168099978187,-3.38735370529896));
#3077=CARTESIAN_POINT('Ctrl Pts',(-4.77756648150648,10.7553620936325,-3.23685578521363));
#3078=CARTESIAN_POINT('Ctrl Pts',(-9.8017923329797,7.07118823972983,-2.98679793399515));
#3079=CARTESIAN_POINT('Ctrl Pts',(-11.5098102670674,1.76684381856381,-2.76278808894547));
#3080=CARTESIAN_POINT('Ctrl Pts',(-11.1328645408346,-2.9551265400438,-2.56366822667912));
#3081=CARTESIAN_POINT('Ctrl Pts',(-9.59620138838441,-6.69186449416158,-2.39773500812382));
#3082=CARTESIAN_POINT('Ctrl Pts',(-5.86744185923057,-10.0664525608108,-2.19031848492971));
#3083=CARTESIAN_POINT('Ctrl Pts',(-1.28964733901832,-11.5815194714609,-1.99119862266334));
#3084=CARTESIAN_POINT('Ctrl Pts',(3.51346503549586,-11.1102713121573,-1.79207876039697));
#3085=CARTESIAN_POINT('Ctrl Pts',(7.71160622853317,-8.73573278325528,-1.59295889813063));
#3086=CARTESIAN_POINT('Ctrl Pts',(10.5903778471421,-4.86276672944915,-1.39383903586423));
#3087=CARTESIAN_POINT('Ctrl Pts',(11.4288405554137,-1.13730477930367,-1.23620247823671));
#3088=CARTESIAN_POINT('Ctrl Pts',(11.1736258120243,2.79995245947261,-1.07026925968143));
#3089=CARTESIAN_POINT('Ctrl Pts',(9.39327017473165,7.31395075023383,-0.871149397415058));
#3090=CARTESIAN_POINT('Ctrl Pts',(4.87734952349848,10.7245448469883,-0.643896887122052));
#3091=CARTESIAN_POINT('Ctrl Pts',(1.2581724726644,11.3161694775277,-0.491314325178946));
#3092=CARTESIAN_POINT('Ctrl Pts',(0.000415828616857685,11.3161213467259,
-0.438291694369015));
#3093=CARTESIAN_POINT('Ctrl Pts',(-0.000149178714506223,11.3194688504436,
-0.861708308147544));
#3094=CARTESIAN_POINT('Ctrl Pts',(1.3153390675861,11.3187785176562,-0.917193674590652));
#3095=CARTESIAN_POINT('Ctrl Pts',(4.20544856433402,10.8124405145242,-1.03905232845588));
#3096=CARTESIAN_POINT('Ctrl Pts',(8.07379467451639,8.40076790347444,-1.22728426974322));
#3097=CARTESIAN_POINT('Ctrl Pts',(10.9025812603503,4.24288542336617,-1.43470079293735));
#3098=CARTESIAN_POINT('Ctrl Pts',(11.5156859980545,0.249246259896308,-1.60063401149265));
#3099=CARTESIAN_POINT('Ctrl Pts',(10.7696568505841,-4.42861322328959,-1.79975387375899));
#3100=CARTESIAN_POINT('Ctrl Pts',(7.86004087280187,-9.18128239295175,-2.02376371880865));
#3101=CARTESIAN_POINT('Ctrl Pts',(0.991160680674334,-12.0442096661381,-2.32244351220819));
#3102=CARTESIAN_POINT('Ctrl Pts',(-6.24692567286035,-10.3437360525294,-2.62112330560772));
#3103=CARTESIAN_POINT('Ctrl Pts',(-11.1214084411153,-4.72847158843859,-2.91980309900725));
#3104=CARTESIAN_POINT('Ctrl Pts',(-11.784192593146,2.68193952140458,-3.21848289240679));
#3105=CARTESIAN_POINT('Ctrl Pts',(-8.29900594570949,8.53727866836933,-3.49227270302302));
#3106=CARTESIAN_POINT('Ctrl Pts',(-4.00378419864602,10.8005806299706,-3.69139256528937));
#3107=CARTESIAN_POINT('Ctrl Pts',(-1.31510981629411,11.2741271400721,-3.8062411048813));
#3108=CARTESIAN_POINT('Ctrl Pts',(-0.36269745825693,11.3189701000199,-3.84641969612337));
#3109=CARTESIAN_POINT('Ctrl Pts',(-0.000257725289706323,11.3187027042973,
-3.86170830458214));
#3110=CARTESIAN_POINT('Origin',(0.,2.65544594814986E-15,-14.0250105339114));
#3111=CARTESIAN_POINT('',(-0.000688040895244843,11.3192476737906,-6.86170830476763));
#3112=CARTESIAN_POINT('',(0.000693671317815298,11.3226893308603,-6.43829238149638));
#3113=CARTESIAN_POINT('',(-5.47453699592502E-15,11.3193,-14.0250105339114));
#3114=CARTESIAN_POINT('',(10.2246997276241,4.85613714488407,-7.40000000000017));
#3115=CARTESIAN_POINT('Ctrl Pts',(-0.000688040895244842,11.3192476737906,
-6.86170830476763));
#3116=CARTESIAN_POINT('Ctrl Pts',(1.89304944632854,11.3152918022472,-6.94157893871199));
#3117=CARTESIAN_POINT('Ctrl Pts',(6.15190125674931,10.23857469202,-7.12100950378953));
#3118=CARTESIAN_POINT('Ctrl Pts',(9.21210853750193,6.9881693665738,-7.30044006886702));
#3119=CARTESIAN_POINT('Ctrl Pts',(10.2246997276242,4.856137144884,-7.40000000000017));
#3120=CARTESIAN_POINT('',(10.224672679439,-4.85612695469751,-7.39994498962778));
#3121=CARTESIAN_POINT('Origin',(0.,1.36881144231457E-15,-7.40000000000017));
#3122=CARTESIAN_POINT('Ctrl Pts',(10.224672679439,-4.8561269546975,-7.39994498962778));
#3123=CARTESIAN_POINT('Ctrl Pts',(11.0056272001565,-3.20001865122536,-7.32273500694782));
#3124=CARTESIAN_POINT('Ctrl Pts',(11.7145600558306,0.237332397099212,-7.17915173684573));
#3125=CARTESIAN_POINT('Ctrl Pts',(10.4426180954997,5.15242095836223,-6.96919517932152));
#3126=CARTESIAN_POINT('Ctrl Pts',(6.80528030473486,9.81328200607999,-6.72585429262436));
#3127=CARTESIAN_POINT('Ctrl Pts',(2.61933807850752,11.3091426528126,-6.5488866933493));
#3128=CARTESIAN_POINT('Ctrl Pts',(0.000693671317815298,11.3226893308603,
-6.43829238149638));
#3129=CARTESIAN_POINT('Origin',(0.,6.5023935141403E-16,-3.70000000000008));
#3130=CARTESIAN_POINT('',(0.000389649155978009,9.65119999213432,-2.47516987169532));
#3131=CARTESIAN_POINT('',(-0.000127155462142177,9.65119999916236,-1.82483012917123));
#3132=CARTESIAN_POINT('',(-1.18193111879309E-15,9.6512,-3.70000000000008));
#3133=CARTESIAN_POINT('',(6.07102811058871,-7.50255150735013,7.75740711192681E-16));
#3134=CARTESIAN_POINT('Ctrl Pts',(6.07102811058871,-7.50255150735013,-1.64313007644523E-14));
#3135=CARTESIAN_POINT('Ctrl Pts',(5.88238756182321,-7.65519851993381,-0.0120051461589666));
#3136=CARTESIAN_POINT('Ctrl Pts',(5.68798735382033,-7.80072736569756,-0.024010292317917));
#3137=CARTESIAN_POINT('Ctrl Pts',(5.48838028625445,-7.93872428501289,-0.0360154384768672));
#3138=CARTESIAN_POINT('Ctrl Pts',(5.28877772620398,-8.07671808808967,-0.0480203135362922));
#3139=CARTESIAN_POINT('Ctrl Pts',(5.08396875799574,-8.20718015575008,-0.0600251885957176));
#3140=CARTESIAN_POINT('Ctrl Pts',(4.87453577423029,-8.32973963733256,-0.0720300636551428));
#3141=CARTESIAN_POINT('Ctrl Pts',(4.66510626525765,-8.4522970854779,-0.0840347395365169));
#3142=CARTESIAN_POINT('Ctrl Pts',(4.45105312101722,-8.56695207738768,-0.0960394154178909));
#3143=CARTESIAN_POINT('Ctrl Pts',(4.23298501050195,-8.67337877305412,-0.108044091299265));
#3144=CARTESIAN_POINT('Ctrl Pts',(4.01490333621238,-8.77981208843069,-0.120049513868057));
#3145=CARTESIAN_POINT('Ctrl Pts',(3.79280643212566,-8.87801596845041,-0.132054936436849));
#3146=CARTESIAN_POINT('Ctrl Pts',(3.56732591774474,-8.9677113711686,-0.144060359005641));
#3147=CARTESIAN_POINT('Ctrl Pts',(3.34185479696298,-9.05740303714412,-0.15606528142422));
#3148=CARTESIAN_POINT('Ctrl Pts',(3.11300059212649,-9.13858683827026,-0.168070203842799));
#3149=CARTESIAN_POINT('Ctrl Pts',(2.88141407415848,-9.21103220997741,-0.180075126261378));
#3150=CARTESIAN_POINT('Ctrl Pts',(2.64982272567758,-9.28347909277556,-0.192080299082843));
#3151=CARTESIAN_POINT('Ctrl Pts',(2.41549920082509,-9.34718710338318,-0.204085471904308));
#3152=CARTESIAN_POINT('Ctrl Pts',(2.17910982875937,-9.40197541978303,-0.216090644725773));
#3153=CARTESIAN_POINT('Ctrl Pts',(2.12713182395348,-9.41402243927571,-0.218730378167072));
#3154=CARTESIAN_POINT('Ctrl Pts',(2.075053989626,-9.42563839786478,-0.22137011160837));
#3155=CARTESIAN_POINT('Ctrl Pts',(2.02288349133452,-9.43682170121309,-0.224009845049669));
#3156=CARTESIAN_POINT('Ctrl Pts',(1.77692630793958,-9.4895452496299,-0.236454836441316));
#3157=CARTESIAN_POINT('Ctrl Pts',(1.52890415070942,-9.53264844480113,-0.248899827832961));
#3158=CARTESIAN_POINT('Ctrl Pts',(1.27958385372782,-9.56599846337428,-0.261344819224608));
#3159=CARTESIAN_POINT('Ctrl Pts',(1.03026355674621,-9.59934848194743,-0.273789810616256));
#3160=CARTESIAN_POINT('Ctrl Pts',(0.779645468897358,-9.62294527939465,-0.286234802007903));
#3161=CARTESIAN_POINT('Ctrl Pts',(0.5285045434241,-9.63671854873743,-0.29867979339955));
#3162=CARTESIAN_POINT('Ctrl Pts',(0.291522361841762,-9.64971531304505,-0.31042316499145));
#3163=CARTESIAN_POINT('Ctrl Pts',(0.0540141730117861,-9.65396863120234,
-0.322166536583348));
#3164=CARTESIAN_POINT('Ctrl Pts',(-0.183359115045569,-9.64945806120373,
-0.333909908175248));
#3165=CARTESIAN_POINT('Ctrl Pts',(-0.420696078784979,-9.64494818144024,
-0.345651482724325));
#3166=CARTESIAN_POINT('Ctrl Pts',(-0.657897893866121,-9.63167709374679,
-0.357393057273403));
#3167=CARTESIAN_POINT('Ctrl Pts',(-0.894303921062912,-9.60967647409482,
-0.36913463182248));
#3168=CARTESIAN_POINT('Ctrl Pts',(-1.13068565901999,-9.58767811486883,-0.380874999998259));
#3169=CARTESIAN_POINT('Ctrl Pts',(-1.36627148433408,-9.55695204062743,-0.392615368174038));
#3170=CARTESIAN_POINT('Ctrl Pts',(-1.60040525927802,-9.51758185917385,-0.404355736349817));
#3171=CARTESIAN_POINT('Ctrl Pts',(-1.83453431836818,-9.47821247070292,-0.416095868054545));
#3172=CARTESIAN_POINT('Ctrl Pts',(-2.06721110033469,-9.43019937100885,-0.427835999759274));
#3173=CARTESIAN_POINT('Ctrl Pts',(-2.29778810852758,-9.3736775733065,-0.439576131464002));
#3174=CARTESIAN_POINT('Ctrl Pts',(-2.52837951870493,-9.31715224521724,-0.451316996464716));
#3175=CARTESIAN_POINT('Ctrl Pts',(-2.75687061267298,-9.2521172281498,-0.463057861465429));
#3176=CARTESIAN_POINT('Ctrl Pts',(-2.98262661787811,-9.17875808039001,-0.474798726466143));
#3177=CARTESIAN_POINT('Ctrl Pts',(-3.20846414466228,-9.10537244228922,-0.486543831149665));
#3178=CARTESIAN_POINT('Ctrl Pts',(-3.43156433326503,-9.02365675459626,-0.498288935833187));
#3179=CARTESIAN_POINT('Ctrl Pts',(-3.65130873608694,-8.93384608966235,-0.510034040516709));
#3180=CARTESIAN_POINT('Ctrl Pts',(-3.87109042954302,-8.84402018385491,-0.521781138344978));
#3181=CARTESIAN_POINT('Ctrl Pts',(-4.0875149343967,-8.74609667232991,-0.533528236173247));
#3182=CARTESIAN_POINT('Ctrl Pts',(-4.29998453767003,-8.64035846570029,-0.545275334001516));
#3183=CARTESIAN_POINT('Ctrl Pts',(-4.51255828724656,-8.53456842933522,-0.557028189909027));
#3184=CARTESIAN_POINT('Ctrl Pts',(-4.72117300342597,-8.42095617447919,-0.56878104581654));
#3185=CARTESIAN_POINT('Ctrl Pts',(-4.92525504896584,-8.29985085062596,-0.580533901724051));
#3186=CARTESIAN_POINT('Ctrl Pts',(-5.02264471762015,-8.24205837147309,-0.58614246341573));
#3187=CARTESIAN_POINT('Ctrl Pts',(-5.11900256031525,-8.18256017008005,-0.591751025107408));
#3188=CARTESIAN_POINT('Ctrl Pts',(-5.21426849164334,-8.12139554122661,-0.597359586799087));
#3189=CARTESIAN_POINT('Ctrl Pts',(-5.41187381920935,-7.99452482940401,-0.608993144092947));
#3190=CARTESIAN_POINT('Ctrl Pts',(-5.60493338033351,-7.86038256982721,-0.620626701386807));
#3191=CARTESIAN_POINT('Ctrl Pts',(-5.79290353648167,-7.71932186510047,-0.632260258680667));
#3192=CARTESIAN_POINT('Ctrl Pts',(-5.98077343507234,-7.57833639785824,-0.643887610989316));
#3193=CARTESIAN_POINT('Ctrl Pts',(-6.16355910647797,-7.43044002956956,-0.655514963297964));
#3194=CARTESIAN_POINT('Ctrl Pts',(-6.34074690950036,-7.27602845442908,-0.667142315606613));
#3195=CARTESIAN_POINT('Ctrl Pts',(-6.51787825696439,-7.12166607788773,-0.678765963209544));
#3196=CARTESIAN_POINT('Ctrl Pts',(-6.68941506805044,-6.96079283237387,-0.690389610812477));
#3197=CARTESIAN_POINT('Ctrl Pts',(-6.85487694465733,-6.79384453116241,-0.702013258415408));
#3198=CARTESIAN_POINT('Ctrl Pts',(-7.02030378805109,-6.62693157788449,-0.713634444945539));
#3199=CARTESIAN_POINT('Ctrl Pts',(-7.17965805215292,-6.45394634817088,-0.725255631475672));
#3200=CARTESIAN_POINT('Ctrl Pts',(-7.33249577665995,-6.27536191189512,-0.736876818005803));
#3201=CARTESIAN_POINT('Ctrl Pts',(-7.48531747046126,-6.09679620682302,-0.748496785623379));
#3202=CARTESIAN_POINT('Ctrl Pts',(-7.63162379388783,-5.91263269523334,-0.760116753240953));
#3203=CARTESIAN_POINT('Ctrl Pts',(-7.77101016805116,-5.72337858332345,-0.771736720858529));
#3204=CARTESIAN_POINT('Ctrl Pts',(-7.91042070449628,-5.53409166468327,-0.783358702768632));
#3205=CARTESIAN_POINT('Ctrl Pts',(-8.04290871424451,-5.33971262222487,-0.794980684678735));
#3206=CARTESIAN_POINT('Ctrl Pts',(-8.16811148872133,-5.14077972177554,-0.806602666588838));
#3207=CARTESIAN_POINT('Ctrl Pts',(-8.29332314456844,-4.94183270984379,-0.818225472914576));
#3208=CARTESIAN_POINT('Ctrl Pts',(-8.41124837722283,-4.73833145126367,-0.829848279240313));
#3209=CARTESIAN_POINT('Ctrl Pts',(-8.52156897793646,-4.53084137818473,-0.841471085566051));
#3210=CARTESIAN_POINT('Ctrl Pts',(-8.63193438962221,-4.3232670250002,-0.853098612943402));
#3211=CARTESIAN_POINT('Ctrl Pts',(-8.73468885769902,-4.1117008856741,-0.864726140320753));
#3212=CARTESIAN_POINT('Ctrl Pts',(-8.82956055472978,-3.89673220151962,-0.876353667698104));
#3213=CARTESIAN_POINT('Ctrl Pts',(-8.88310065520493,-3.77541630532658,-0.882915571864939));
#3214=CARTESIAN_POINT('Ctrl Pts',(-8.93413109203394,-3.65301715550458,-0.889477476031775));
#3215=CARTESIAN_POINT('Ctrl Pts',(-8.98260980348063,-3.52964340386018,-0.89603938019861));
#3216=CARTESIAN_POINT('Ctrl Pts',(-9.0702389367764,-3.30663551843124,-0.907900544774777));
#3217=CARTESIAN_POINT('Ctrl Pts',(-9.14957334750996,-3.08032680759873,-0.919761709350943));
#3218=CARTESIAN_POINT('Ctrl Pts',(-9.22038300889451,-2.85135031332338,-0.93162287392711));
#3219=CARTESIAN_POINT('Ctrl Pts',(-9.29117788835853,-2.62242161919671,-0.943481562417546));
#3220=CARTESIAN_POINT('Ctrl Pts',(-9.3534514888851,-2.39082651907039,-0.955340250907981));
#3221=CARTESIAN_POINT('Ctrl Pts',(-9.40702339770666,-2.1572139984247,-0.967198939398417));
#3222=CARTESIAN_POINT('Ctrl Pts',(-9.46058701204001,-1.92363764778562,-0.97905579181928));
#3223=CARTESIAN_POINT('Ctrl Pts',(-9.50545156239065,-1.68804477134676,-0.990912644240144));
#3224=CARTESIAN_POINT('Ctrl Pts',(-9.54148734316781,-1.45109638555419,-1.00276949666101));
#3225=CARTESIAN_POINT('Ctrl Pts',(-9.57752177604626,-1.21415686268673,-1.01462590558277));
#3226=CARTESIAN_POINT('Ctrl Pts',(-9.60472805485807,-0.97586220642441,-1.02648231450454));
#3227=CARTESIAN_POINT('Ctrl Pts',(-9.62302795065927,-0.736881605707696,
-1.0383387234263));
#3228=CARTESIAN_POINT('Ctrl Pts',(-9.64132657564948,-0.497917600668798,
-1.05019430899612));
#3229=CARTESIAN_POINT('Ctrl Pts',(-9.65072003287736,-0.258268023798671,
-1.06204989456594));
#3230=CARTESIAN_POINT('Ctrl Pts',(-9.65118206520191,-0.0186060292657796,
-1.07390548013576));
#3231=CARTESIAN_POINT('Ctrl Pts',(-9.65164412589691,0.221070681380445,-1.08576179368142));
#3232=CARTESIAN_POINT('Ctrl Pts',(-9.64317366511701,0.460759532984862,-1.09761810722708));
#3233=CARTESIAN_POINT('Ctrl Pts',(-9.62579654675638,0.699787310868754,-1.10947442077273));
#3234=CARTESIAN_POINT('Ctrl Pts',(-9.62063025207003,0.770851333864116,-1.11299935559791));
#3235=CARTESIAN_POINT('Ctrl Pts',(-9.61467704823189,0.841856940423814,-1.1165242904231));
#3236=CARTESIAN_POINT('Ctrl Pts',(-9.60793850166541,0.912786496512407,-1.12004922524828));
#3237=CARTESIAN_POINT('Ctrl Pts',(-9.58414766348796,1.16320749965542,-1.13249421663992));
#3238=CARTESIAN_POINT('Ctrl Pts',(-9.5505632132464,1.41268171392504,-1.14493920803157));
#3239=CARTESIAN_POINT('Ctrl Pts',(-9.50728877913307,1.66045822295246,-1.15738419942322));
#3240=CARTESIAN_POINT('Ctrl Pts',(-9.46401434501974,1.90823473197987,-1.16982919081486));
#3241=CARTESIAN_POINT('Ctrl Pts',(-9.41104997507066,2.15431327054053,-1.18227418220651));
#3242=CARTESIAN_POINT('Ctrl Pts',(-9.34855515240869,2.3979528774296,-1.19471917359815));
#3243=CARTESIAN_POINT('Ctrl Pts',(-9.2889299809808,2.63040498639806,-1.20659271309372));
#3244=CARTESIAN_POINT('Ctrl Pts',(-9.22062601616092,2.86065043946665,-1.21846625258929));
#3245=CARTESIAN_POINT('Ctrl Pts',(-9.14383213583519,3.08804069138794,-1.23033979208486));
#3246=CARTESIAN_POINT('Ctrl Pts',(-9.06704529920219,3.31541008660741,-1.24221224251496));
#3247=CARTESIAN_POINT('Ctrl Pts',(-8.98177019067228,3.53992454171388,-1.25408469294505));
#3248=CARTESIAN_POINT('Ctrl Pts',(-8.88824512624357,3.76095200924014,-1.26595714337515));
#3249=CARTESIAN_POINT('Ctrl Pts',(-8.7947142096796,3.98199330709778,-1.27783033669899));
#3250=CARTESIAN_POINT('Ctrl Pts',(-8.69293241114101,4.19954692566112,-1.28970353002284));
#3251=CARTESIAN_POINT('Ctrl Pts',(-8.58318614622238,4.41300090859907,-1.30157672334668));
#3252=CARTESIAN_POINT('Ctrl Pts',(-8.47344290163217,4.62644901706709,-1.31344958990821));
#3253=CARTESIAN_POINT('Ctrl Pts',(-8.35573575680293,4.83579747023896,-1.32532245646975));
#3254=CARTESIAN_POINT('Ctrl Pts',(-8.23039739621837,5.04045832641455,-1.33719532303128));
#3255=CARTESIAN_POINT('Ctrl Pts',(-8.10503993174273,5.24515037670094,-1.34906999923791));
#3256=CARTESIAN_POINT('Ctrl Pts',(-7.97204907130376,5.44515316609036,-1.36094467544453));
#3257=CARTESIAN_POINT('Ctrl Pts',(-7.83180190465692,5.63990606005209,-1.37281935165116));
#3258=CARTESIAN_POINT('Ctrl Pts',(-7.74905014218253,5.75481850789428,-1.37982591305561));
#3259=CARTESIAN_POINT('Ctrl Pts',(-7.66377292419831,5.86790374450078,-1.38683247446006));
#3260=CARTESIAN_POINT('Ctrl Pts',(-7.57605460805847,5.97905159834869,-1.39383903586451));
#3261=CARTESIAN_POINT('Ctrl Pts',(-7.42808305077948,6.16654631719251,-1.40565836673874));
#3262=CARTESIAN_POINT('Ctrl Pts',(-7.27312766367034,6.34857080025009,-1.41747769761297));
#3263=CARTESIAN_POINT('Ctrl Pts',(-7.11161772247434,6.52461146807906,-1.4292970284872));
#3264=CARTESIAN_POINT('Ctrl Pts',(-6.95013242192128,6.70062527839571,-1.44111455615409));
#3265=CARTESIAN_POINT('Ctrl Pts',(-6.78209475425548,6.87065688825681,-1.45293208382098));
#3266=CARTESIAN_POINT('Ctrl Pts',(-6.60797267378923,7.03422764647653,-1.46474961148787));
#3267=CARTESIAN_POINT('Ctrl Pts',(-6.43384946781116,7.19779946200514,-1.47656721554236));
#3268=CARTESIAN_POINT('Ctrl Pts',(-6.25364197385469,7.35491014702492,-1.48838481959684));
#3269=CARTESIAN_POINT('Ctrl Pts',(-6.06785410441151,7.5051187870397,-1.50020242365133));
#3270=CARTESIAN_POINT('Ctrl Pts',(-5.88207565760683,7.6553198088945,-1.51201942835015));
#3271=CARTESIAN_POINT('Ctrl Pts',(-5.6907176209773,7.79861930884544,-1.52383643304898));
#3272=CARTESIAN_POINT('Ctrl Pts',(-5.49431660038704,7.93461697466937,-1.53565343774781));
#3273=CARTESIAN_POINT('Ctrl Pts',(-5.29788636361344,8.07063487120661,-1.54747220031823));
#3274=CARTESIAN_POINT('Ctrl Pts',(-5.09641187534957,8.19934860185961,-1.55929096288865));
#3275=CARTESIAN_POINT('Ctrl Pts',(-4.89045936689144,8.32040074880914,-1.57110972545908));
#3276=CARTESIAN_POINT('Ctrl Pts',(-4.7635455750097,8.3949965238245,-1.57839278301634));
#3277=CARTESIAN_POINT('Ctrl Pts',(-4.63493187460105,8.4666837646967,-1.5856758405736));
#3278=CARTESIAN_POINT('Ctrl Pts',(-4.50475572397674,8.53538735543378,-1.59295889813086));
#3279=CARTESIAN_POINT('Ctrl Pts',(-4.29127117762765,8.64805895334718,-1.60490286967395));
#3280=CARTESIAN_POINT('Ctrl Pts',(-4.073547588373,8.75272249349108,-1.61684684121704));
#3281=CARTESIAN_POINT('Ctrl Pts',(-3.85219992109945,8.8490800204248,-1.62879081276013));
#3282=CARTESIAN_POINT('Ctrl Pts',(-3.6308681178892,8.94543064138148,-1.64073392827468));
#3283=CARTESIAN_POINT('Ctrl Pts',(-3.4059130024386,9.03347633082753,-1.65267704378923));
#3284=CARTESIAN_POINT('Ctrl Pts',(-3.17797043821083,9.11296687878641,-1.66462015930378));
#3285=CARTESIAN_POINT('Ctrl Pts',(-2.95001810129882,9.19246083477936,-1.6765637868609));
#3286=CARTESIAN_POINT('Ctrl Pts',(-2.71907831331823,9.26339882567148,-1.68850741441803));
#3287=CARTESIAN_POINT('Ctrl Pts',(-2.48580430044317,9.32557979001296,-1.70045104197515));
#3288=CARTESIAN_POINT('Ctrl Pts',(-2.2525423476866,9.38775753963803,-1.7123940520543));
#3289=CARTESIAN_POINT('Ctrl Pts',(-2.01694667177621,9.44117909925677,-1.72433706213345));
#3290=CARTESIAN_POINT('Ctrl Pts',(-1.77968381741044,9.48569380435861,-1.73628007221261));
#3291=CARTESIAN_POINT('Ctrl Pts',(-1.54240373363936,9.53021174200142,-1.74822394956178));
#3292=CARTESIAN_POINT('Ctrl Pts',(-1.30345649412053,9.56582148230521,-1.76016782691096));
#3293=CARTESIAN_POINT('Ctrl Pts',(-1.06351827026614,9.59242358993858,-1.77211170426013));
#3294=CARTESIAN_POINT('Ctrl Pts',(-0.929813504075856,9.60724752471708,-1.77876738963916));
#3295=CARTESIAN_POINT('Ctrl Pts',(-0.795801160254874,9.61927529456673,-1.78542307501818));
#3296=CARTESIAN_POINT('Ctrl Pts',(-0.661599053148575,9.62849667045032,-1.79207876039721));
#3297=CARTESIAN_POINT('Ctrl Pts',(-0.441471325425949,9.64362221924757,-1.80299588331362));
#3298=CARTESIAN_POINT('Ctrl Pts',(-0.220811853188334,9.65119709160937,-1.81391300623004));
#3299=CARTESIAN_POINT('Ctrl Pts',(-0.000127155963320574,9.65119999916235,
-1.82483012914645));
#3300=CARTESIAN_POINT('',(8.59772265802856,4.3846124726847,-1.45741869173044E-5));
#3301=CARTESIAN_POINT('Origin',(0.,-6.83327394865075E-17,2.22044604925031E-15));
#3302=CARTESIAN_POINT('Ctrl Pts',(8.59772265802856,4.3846124726847,-1.45741869177485E-5));
#3303=CARTESIAN_POINT('Ctrl Pts',(8.7049644509021,4.17432360491804,-0.0116953168969528));
#3304=CARTESIAN_POINT('Ctrl Pts',(8.80450854017565,3.96005661677,-0.0233760596069877));
#3305=CARTESIAN_POINT('Ctrl Pts',(8.89607176916041,3.7424014373056,-0.0350568023170226));
#3306=CARTESIAN_POINT('Ctrl Pts',(8.98762440324945,3.52477144299422,-0.0467361934337105));
#3307=CARTESIAN_POINT('Ctrl Pts',(9.07119790336678,3.30375431082888,-0.0584155845503991));
#3308=CARTESIAN_POINT('Ctrl Pts',(9.14655688575574,3.07996080748348,-0.0700949756670872));
#3309=CARTESIAN_POINT('Ctrl Pts',(9.22190868283755,2.85618864233835,-0.0817732531804621));
#3310=CARTESIAN_POINT('Ctrl Pts',(9.2890474327323,2.62964091456978,-0.0934515306938357));
#3311=CARTESIAN_POINT('Ctrl Pts',(9.347787111118,2.4009451399847,-0.10512980820721));
#3312=CARTESIAN_POINT('Ctrl Pts',(9.40653382261346,2.17222198284445,-0.116809484002118));
#3313=CARTESIAN_POINT('Ctrl Pts',(9.4568793791087,1.94135055076215,-0.128489159797026));
#3314=CARTESIAN_POINT('Ctrl Pts',(9.4986882586007,1.70897127123929,-0.140168835591934));
#3315=CARTESIAN_POINT('Ctrl Pts',(9.51878926398965,1.59724722585165,-0.145784227081668));
#3316=CARTESIAN_POINT('Ctrl Pts',(9.53691775133229,1.48517479887282,-0.151399618571403));
#3317=CARTESIAN_POINT('Ctrl Pts',(9.55306288421877,1.37282590672008,-0.157015010061137));
#3318=CARTESIAN_POINT('Ctrl Pts',(9.58884418996682,1.12383507531354,-0.169460001452785));
#3319=CARTESIAN_POINT('Ctrl Pts',(9.61488364940791,0.873463240275262,-0.181904992844432));
#3320=CARTESIAN_POINT('Ctrl Pts',(9.63110590790565,0.622463196265382,-0.19434998423608));
#3321=CARTESIAN_POINT('Ctrl Pts',(9.64732816640339,0.371463152255504,-0.206794975627728));
#3322=CARTESIAN_POINT('Ctrl Pts',(9.65373320895466,0.119835162416774,-0.219239967019376));
#3323=CARTESIAN_POINT('Ctrl Pts',(9.65030185422964,-0.131664582374825,-0.231684958411024));
#3324=CARTESIAN_POINT('Ctrl Pts',(9.64702668575637,-0.371716719558735,-0.243563486491742));
#3325=CARTESIAN_POINT('Ctrl Pts',(9.63478994058573,-0.611665319920291,-0.25544201457246));
#3326=CARTESIAN_POINT('Ctrl Pts',(9.61362268455972,-0.850835071514348,-0.267320542653178));
#3327=CARTESIAN_POINT('Ctrl Pts',(9.59245739381555,-1.08998261730281,-0.279197967867487));
#3328=CARTESIAN_POINT('Ctrl Pts',(9.56236327243162,-1.32835118380001,-0.291075393081797));
#3329=CARTESIAN_POINT('Ctrl Pts',(9.52342331782421,-1.56526986475881,-0.302952818296105));
#3330=CARTESIAN_POINT('Ctrl Pts',(9.48448112158784,-1.80220218424861,-0.314830927249794));
#3331=CARTESIAN_POINT('Ctrl Pts',(9.43669211688755,-2.03768417856177,-0.326709036203482));
#3332=CARTESIAN_POINT('Ctrl Pts',(9.38019077675174,-2.27105315475915,-0.338587145157171));
#3333=CARTESIAN_POINT('Ctrl Pts',(9.32369119798241,-2.50441485593813,-0.350464883824018));
#3334=CARTESIAN_POINT('Ctrl Pts',(9.25847989320019,-2.73566340270029,-0.362342622490864));
#3335=CARTESIAN_POINT('Ctrl Pts',(9.18474195691264,-2.96414854974049,-0.374220361157712));
#3336=CARTESIAN_POINT('Ctrl Pts',(9.11099340717513,-3.19266658372864,-0.386099809443667));
#3337=CARTESIAN_POINT('Ctrl Pts',(9.02871585780544,-3.41842016021387,-0.397979257729623));
#3338=CARTESIAN_POINT('Ctrl Pts',(8.93814398794989,-3.64077512223363,-0.409858706015578));
#3339=CARTESIAN_POINT('Ctrl Pts',(8.88491119112122,-3.77146223883971,-0.41684074423618));
#3340=CARTESIAN_POINT('Ctrl Pts',(8.82881413628678,-3.90097566848349,-0.423822782456783));
#3341=CARTESIAN_POINT('Ctrl Pts',(8.76990824517838,-4.02918984550892,-0.430804820677385));
#3342=CARTESIAN_POINT('Ctrl Pts',(8.67027618183861,-4.24604834244511,-0.442614078820271));
#3343=CARTESIAN_POINT('Ctrl Pts',(8.56258256884177,-4.45924007145596,-0.454423336963155));
#3344=CARTESIAN_POINT('Ctrl Pts',(8.44712316418135,-4.66816577352935,-0.466232595106041));
#3345=CARTESIAN_POINT('Ctrl Pts',(8.33168160089877,-4.8770591913345,-0.478040028421948));
#3346=CARTESIAN_POINT('Ctrl Pts',(8.20847677841806,-5.0816876505799,-0.489847461737856));
#3347=CARTESIAN_POINT('Ctrl Pts',(8.07785027148615,-5.28147672828832,-0.501654895053763));
#3348=CARTESIAN_POINT('Ctrl Pts',(7.94722249805416,-5.48126774306824,-0.513462442849614));
#3349=CARTESIAN_POINT('Ctrl Pts',(7.80917304856967,-5.67621904390273,-0.525269990645466));
#3350=CARTESIAN_POINT('Ctrl Pts',(7.66408732988324,-5.86578441812544,-0.537077538441318));
#3351=CARTESIAN_POINT('Ctrl Pts',(7.51900850204994,-6.05534078893166,-0.548884525437124));
#3352=CARTESIAN_POINT('Ctrl Pts',(7.36689424587436,-6.23951152031663,-0.560691512432929));
#3353=CARTESIAN_POINT('Ctrl Pts',(7.20817129323581,-6.41778217512648,-0.572498499428735));
#3354=CARTESIAN_POINT('Ctrl Pts',(7.04942305412949,-6.59608123058723,-0.584307367419011));
#3355=CARTESIAN_POINT('Ctrl Pts',(6.88406420243611,-6.76847811927241,-0.596116235409286));
#3356=CARTESIAN_POINT('Ctrl Pts',(6.71256035192161,-6.93449312940823,-0.607925103399563));
#3357=CARTESIAN_POINT('Ctrl Pts',(6.60605811409396,-7.03758685027458,-0.615258296580956));
#3358=CARTESIAN_POINT('Ctrl Pts',(6.49718694031169,-7.13822023719224,-0.62259148976235));
#3359=CARTESIAN_POINT('Ctrl Pts',(6.38606532859159,-7.23628572259003,-0.629924682943744));
#3360=CARTESIAN_POINT('Ctrl Pts',(6.2049134991974,-7.39615329295058,-0.641879345403614));
#3361=CARTESIAN_POINT('Ctrl Pts',(6.0177483151116,-7.54922170133892,-0.653834007863484));
#3362=CARTESIAN_POINT('Ctrl Pts',(5.82509848847528,-7.69505614271676,-0.665788670323355));
#3363=CARTESIAN_POINT('Ctrl Pts',(5.63246160030647,-7.84088078977393,-0.677742529901571));
#3364=CARTESIAN_POINT('Ctrl Pts',(5.43434101930111,-7.97947227854729,-0.689696389479786));
#3365=CARTESIAN_POINT('Ctrl Pts',(5.23129698520951,-8.11043730587555,-0.701650249058002));
#3366=CARTESIAN_POINT('Ctrl Pts',(5.02824447653099,-8.24140779938022,-0.713604607562583));
#3367=CARTESIAN_POINT('Ctrl Pts',(4.82026832846408,-8.36475104826672,-0.725558966067165));
#3368=CARTESIAN_POINT('Ctrl Pts',(4.6079572053067,-8.48011744223286,-0.737513324571747));
#3369=CARTESIAN_POINT('Ctrl Pts',(4.39565765802031,-8.59547754605993,-0.74946703128706));
#3370=CARTESIAN_POINT('Ctrl Pts',(4.1790238442209,-8.70286153706289,-0.761420738002373));
#3371=CARTESIAN_POINT('Ctrl Pts',(3.95866922635912,-8.80196565525435,-0.773374444717686));
#3372=CARTESIAN_POINT('Ctrl Pts',(3.73830102321219,-8.90107588340494,-0.785328888401963));
#3373=CARTESIAN_POINT('Ctrl Pts',(3.51421180197466,-8.99190510800395,-0.797283332086239));
#3374=CARTESIAN_POINT('Ctrl Pts',(3.28703643103616,-9.07419709621965,-0.809237775770516));
#3375=CARTESIAN_POINT('Ctrl Pts',(3.16157094686504,-9.11964570318013,-0.81584003225038));
#3376=CARTESIAN_POINT('Ctrl Pts',(3.03516448534052,-9.16249114658384,-0.822442288730244));
#3377=CARTESIAN_POINT('Ctrl Pts',(2.90792635696765,-9.20269665600539,-0.829044545210108));
#3378=CARTESIAN_POINT('Ctrl Pts',(2.68116289780115,-9.27435080960363,-0.840811069418096));
#3379=CARTESIAN_POINT('Ctrl Pts',(2.45171644377063,-9.33762981517244,-0.852577593626084));
#3380=CARTESIAN_POINT('Ctrl Pts',(2.22022516439441,-9.39235123168793,-0.864344117834072));
#3381=CARTESIAN_POINT('Ctrl Pts',(1.98876697695776,-9.44706482571519,-0.876108960004148));
#3382=CARTESIAN_POINT('Ctrl Pts',(1.75526482695249,-9.49322320668976,-0.887873802174224));
#3383=CARTESIAN_POINT('Ctrl Pts',(1.52036926987078,-9.53069455618176,-0.899638644344301));
#3384=CARTESIAN_POINT('Ctrl Pts',(1.28546137785532,-9.56816787338494,-0.91140410431469));
#3385=CARTESIAN_POINT('Ctrl Pts',(1.0491602155323,-9.59695319905162,-0.92316956428508));
#3386=CARTESIAN_POINT('Ctrl Pts',(0.81212489143518,-9.61697013620773,-0.934935024255469));
#3387=CARTESIAN_POINT('Ctrl Pts',(0.575093824674527,-9.63698671384428,-0.946700272909162));
#3388=CARTESIAN_POINT('Ctrl Pts',(0.337328908757241,-9.64823519569359,-0.958465521562854));
#3389=CARTESIAN_POINT('Ctrl Pts',(0.0994933941373125,-9.65068715193499,
-0.970230770216546));
#3390=CARTESIAN_POINT('Ctrl Pts',(-0.13839635726209,-9.65313966732841,-0.981998701855569));
#3391=CARTESIAN_POINT('Ctrl Pts',(-0.376356452356284,-9.64679164529152,
-0.993766633494592));
#3392=CARTESIAN_POINT('Ctrl Pts',(-0.613723311086662,-9.63166678916109,
-1.00553456513361));
#3393=CARTESIAN_POINT('Ctrl Pts',(-0.765876205785516,-9.62197170934053,
-1.01307784591457));
#3394=CARTESIAN_POINT('Ctrl Pts',(-0.917785363577133,-9.6086714143032,-1.02062112669552));
#3395=CARTESIAN_POINT('Ctrl Pts',(-1.06927686815605,-9.5917833805412,-1.02816440747647));
#3396=CARTESIAN_POINT('Ctrl Pts',(-1.31074435460317,-9.56486496637085,-1.04018790050866));
#3397=CARTESIAN_POINT('Ctrl Pts',(-1.55120101794567,-9.52882334917419,-1.05221139354085));
#3398=CARTESIAN_POINT('Ctrl Pts',(-1.7899620730219,-9.48375965623039,-1.06423488657305));
#3399=CARTESIAN_POINT('Ctrl Pts',(-2.0287056716973,-9.43869925800267,-1.07625750053845));
#3400=CARTESIAN_POINT('Ctrl Pts',(-2.265753653368,-9.38461815029581,-1.08828011450385));
#3401=CARTESIAN_POINT('Ctrl Pts',(-2.50043081491722,-9.3216686907341,-1.10030272846926));
#3402=CARTESIAN_POINT('Ctrl Pts',(-2.73510315525588,-9.25872052440688,-1.11232509544193));
#3403=CARTESIAN_POINT('Ctrl Pts',(-2.96740452030366,-9.18690443628782,-1.1243474624146));
#3404=CARTESIAN_POINT('Ctrl Pts',(-3.19667300105202,-9.10642318170779,-1.13636982938727));
#3405=CARTESIAN_POINT('Ctrl Pts',(-3.42591731389617,-9.02595041090733,-1.14839092904482));
#3406=CARTESIAN_POINT('Ctrl Pts',(-3.65212913511125,-8.93681438546391,-1.16041202870236));
#3407=CARTESIAN_POINT('Ctrl Pts',(-3.874663760194,-8.83926706155207,-1.17243312835991));
#3408=CARTESIAN_POINT('Ctrl Pts',(-4.09718521423451,-8.74172551112344,-1.18445351653082));
#3409=CARTESIAN_POINT('Ctrl Pts',(-4.31602966759426,-8.63577376076989,-1.19647390470174));
#3410=CARTESIAN_POINT('Ctrl Pts',(-4.5305731744095,-8.52171157405137,-1.20849429287265));
#3411=CARTESIAN_POINT('Ctrl Pts',(-4.64236289571152,-8.46227850029564,-1.21475761849604));
#3412=CARTESIAN_POINT('Ctrl Pts',(-4.7529852640715,-8.4006442065581,-1.22102094411944));
#3413=CARTESIAN_POINT('Ctrl Pts',(-4.86235455923398,-8.33685609689267,-1.22728426974283));
#3414=CARTESIAN_POINT('Ctrl Pts',(-5.06668265412348,-8.21768459720278,-1.23898566537128));
#3415=CARTESIAN_POINT('Ctrl Pts',(-5.26665934461813,-8.09097889319581,-1.25068706099972));
#3416=CARTESIAN_POINT('Ctrl Pts',(-5.46172641211339,-7.95708527283848,-1.26238845662817));
#3417=CARTESIAN_POINT('Ctrl Pts',(-5.65676857335037,-7.82320874808387,-1.27408835821672));
#3418=CARTESIAN_POINT('Ctrl Pts',(-5.84690212131551,-7.68214630463999,-1.28578825980527));
#3419=CARTESIAN_POINT('Ctrl Pts',(-6.03159801043082,-7.53428741690725,-1.29748816139382));
#3420=CARTESIAN_POINT('Ctrl Pts',(-6.21631453819789,-7.38641200683551,-1.30918937037581));
#3421=CARTESIAN_POINT('Ctrl Pts',(-6.39559196196434,-7.23173881538348,-1.3208905793578));
#3422=CARTESIAN_POINT('Ctrl Pts',(-6.56893358327328,-7.07069819880219,-1.33259178833979));
#3423=CARTESIAN_POINT('Ctrl Pts',(-6.74227903269625,-6.90965402576493,-1.34429325573382));
#3424=CARTESIAN_POINT('Ctrl Pts',(-6.90968820538208,-6.74224234869252,-1.35599472312786));
#3425=CARTESIAN_POINT('Ctrl Pts',(-7.0707002098945,-6.56893141856405,-1.36769619052189));
#3426=CARTESIAN_POINT('Ctrl Pts',(-7.23176444315109,-6.39556427019111,-1.37940145361395));
#3427=CARTESIAN_POINT('Ctrl Pts',(-7.38642716216332,-6.21629425984347,-1.391106716706));
#3428=CARTESIAN_POINT('Ctrl Pts',(-7.53426594961571,-6.03162482590398,-1.40281197979806));
#3429=CARTESIAN_POINT('Ctrl Pts',(-7.63358979362379,-5.90755672195276,-1.4106760305351));
#3430=CARTESIAN_POINT('Ctrl Pts',(-7.72983434564032,-5.78105220913734,-1.41854008127214));
#3431=CARTESIAN_POINT('Ctrl Pts',(-7.82288200941187,-5.6522719774282,-1.42640413200919));
#3432=CARTESIAN_POINT('Ctrl Pts',(-7.96430615088554,-5.45653752295592,-1.43835678701321));
#3433=CARTESIAN_POINT('Ctrl Pts',(-8.09839416898732,-5.25547398329844,-1.45030944201724));
#3434=CARTESIAN_POINT('Ctrl Pts',(-8.22476261595417,-5.04964764624253,-1.46226209702126));
#3435=CARTESIAN_POINT('Ctrl Pts',(-8.35111119196096,-4.84385367459919,-1.47421287251552));
#3436=CARTESIAN_POINT('Ctrl Pts',(-8.46974248022407,-4.6332986300706,-1.48616364800978));
#3437=CARTESIAN_POINT('Ctrl Pts',(-8.58031726646094,-4.41857635974215,-1.49811442350404));
#3438=CARTESIAN_POINT('Ctrl Pts',(-8.69087751855691,-4.20388231287981,-1.51006362816772));
#3439=CARTESIAN_POINT('Ctrl Pts',(-8.79338326033716,-3.98502237293903,-1.52201283283141));
#3440=CARTESIAN_POINT('Ctrl Pts',(-8.88754148327857,-3.76261449300915,-1.53396203749509));
#3441=CARTESIAN_POINT('Ctrl Pts',(-8.98169368752538,-3.54022082962951,-1.5459104783528));
#3442=CARTESIAN_POINT('Ctrl Pts',(-9.06749933250224,-3.31427992610285,-1.55785891921051));
#3443=CARTESIAN_POINT('Ctrl Pts',(-9.1447132885706,-3.08543032814555,-1.56980736006821));
#3444=CARTESIAN_POINT('Ctrl Pts',(-9.22191933002715,-2.85660418780939,-1.58175457618267));
#3445=CARTESIAN_POINT('Ctrl Pts',(-9.29053535629055,-2.62487020338604,-1.59370179229714));
#3446=CARTESIAN_POINT('Ctrl Pts',(-9.35036559067578,-2.39088367778659,-1.6056490084116));
#3447=CARTESIAN_POINT('Ctrl Pts',(-9.41019382663873,-2.15690496769865,-1.61759582547058));
#3448=CARTESIAN_POINT('Ctrl Pts',(-9.46123678978032,-1.92067412693833,-1.62954264252956));
#3449=CARTESIAN_POINT('Ctrl Pts',(-9.50334916645429,-1.68285948921842,-1.64148945958855));
#3450=CARTESIAN_POINT('Ctrl Pts',(-9.51383543626956,-1.62364201791639,-1.64446429874531));
#3451=CARTESIAN_POINT('Ctrl Pts',(-9.52376821750237,-1.56432639694183,-1.64743913790207));
#3452=CARTESIAN_POINT('Ctrl Pts',(-9.53314575980261,-1.50492304200495,-1.65041397705884));
#3453=CARTESIAN_POINT('Ctrl Pts',(-9.57008157601267,-1.27094794171104,-1.66213113160006));
#3454=CARTESIAN_POINT('Ctrl Pts',(-9.59839964121284,-1.03561029107276,-1.67384828614127));
#3455=CARTESIAN_POINT('Ctrl Pts',(-9.61802260516855,-0.799564010237362,
-1.68556544068249));
#3456=CARTESIAN_POINT('Ctrl Pts',(-9.6376476836669,-0.563492293390861,-1.69728385784759));
#3457=CARTESIAN_POINT('Ctrl Pts',(-9.64857576565917,-0.326712084542939,
-1.7090022750127));
#3458=CARTESIAN_POINT('Ctrl Pts',(-9.65078145950395,-0.0898813712338189,
-1.72072069217781));
#3459=CARTESIAN_POINT('Ctrl Pts',(-9.65105521538028,-0.0604875369001213,
-1.72217510325478));
#3460=CARTESIAN_POINT('Ctrl Pts',(-9.6511946765545,-0.031092926189341,-1.72362951433175));
#3461=CARTESIAN_POINT('Ctrl Pts',(-9.65119985048938,-0.00169879775844754,
-1.72508392540873));
#3462=CARTESIAN_POINT('Ctrl Pts',(-9.65124182632593,0.236774078410463,-1.73688347896491));
#3463=CARTESIAN_POINT('Ctrl Pts',(-9.64244077417159,0.475283406810377,-1.7486830325211));
#3464=CARTESIAN_POINT('Ctrl Pts',(-9.62481486650258,0.713162131321368,-1.76048258607728));
#3465=CARTESIAN_POINT('Ctrl Pts',(-9.60719064796444,0.951018059372552,-1.77228100885539));
#3466=CARTESIAN_POINT('Ctrl Pts',(-9.58074328069849,1.18824322095903,-1.78407943163349));
#3467=CARTESIAN_POINT('Ctrl Pts',(-9.54554295450608,1.42417384601716,-1.79587785441159));
#3468=CARTESIAN_POINT('Ctrl Pts',(-9.51034540701018,1.66008584682732,-1.80767534582797));
#3469=CARTESIAN_POINT('Ctrl Pts',(-9.4663963219777,1.89470323435975,-1.81947283724436));
#3470=CARTESIAN_POINT('Ctrl Pts',(-9.41381747703472,2.1273697255239,-1.83127032866075));
#3471=CARTESIAN_POINT('Ctrl Pts',(-9.36123914619009,2.36003394175299,-1.84306770472521));
#3472=CARTESIAN_POINT('Ctrl Pts',(-9.30003128707616,2.59074702292533,-1.85486508078968));
#3473=CARTESIAN_POINT('Ctrl Pts',(-9.23036651161242,2.81886422186384,-1.86666245685414));
#3474=CARTESIAN_POINT('Ctrl Pts',(-9.16069759890043,3.04699496821529,-1.87846053354059));
#3475=CARTESIAN_POINT('Ctrl Pts',(-9.08257085112132,3.27252925338378,-1.89025861022705));
#3476=CARTESIAN_POINT('Ctrl Pts',(-8.99620864032438,3.49483784169637,-1.9020566869135));
#3477=CARTESIAN_POINT('Ctrl Pts',(-8.90981855825775,3.71721817461302,-1.91385857113769));
#3478=CARTESIAN_POINT('Ctrl Pts',(-8.81518780333588,3.9363704650122,-1.92566045536189));
#3479=CARTESIAN_POINT('Ctrl Pts',(-8.71258728221291,4.15168451231808,-1.93746233958608));
#3480=CARTESIAN_POINT('Ctrl Pts',(-8.6099721967275,4.36702912391146,-1.94926589911287));
#3481=CARTESIAN_POINT('Ctrl Pts',(-8.4993852124011,4.57853415015123,-1.96106945863966));
#3482=CARTESIAN_POINT('Ctrl Pts',(-8.38114389710645,4.78561264792663,-1.97287301816645));
#3483=CARTESIAN_POINT('Ctrl Pts',(-8.26285333430584,4.99277739389309,-1.9846814938756));
#3484=CARTESIAN_POINT('Ctrl Pts',(-8.13690221249632,5.19551168159155,-1.99648996958475));
#3485=CARTESIAN_POINT('Ctrl Pts',(-8.00365298282642,5.3932550811633,-2.0082984452939));
#3486=CARTESIAN_POINT('Ctrl Pts',(-7.94548189077411,5.47958165526599,-2.01345353646535));
#3487=CARTESIAN_POINT('Ctrl Pts',(-7.8859204589321,5.5649574208516,-2.0186086276368));
#3488=CARTESIAN_POINT('Ctrl Pts',(-7.82500138340178,5.64933755317916,-2.02376371880826));
#3489=CARTESIAN_POINT('Ctrl Pts',(-7.68755400687075,5.83971844321731,-2.03539478430172));
#3490=CARTESIAN_POINT('Ctrl Pts',(-7.54309644776815,6.02516208022925,-2.04702584979519));
#3491=CARTESIAN_POINT('Ctrl Pts',(-7.39201139758365,6.20514535994069,-2.05865691528865));
#3492=CARTESIAN_POINT('Ctrl Pts',(-7.24100284473097,6.38503751057844,-2.07028209174495));
#3493=CARTESIAN_POINT('Ctrl Pts',(-7.08337369017326,6.55947459173823,-2.08190726820124));
#3494=CARTESIAN_POINT('Ctrl Pts',(-6.91954749152101,6.72796581089599,-2.09353244465754));
#3495=CARTESIAN_POINT('Ctrl Pts',(-6.7557707122389,6.89640620344608,-2.10515411429439));
#3496=CARTESIAN_POINT('Ctrl Pts',(-6.58580082697177,7.05890409697314,-2.11677578393125));
#3497=CARTESIAN_POINT('Ctrl Pts',(-6.41009959657345,7.21500413042217,-2.1283974535681));
#3498=CARTESIAN_POINT('Ctrl Pts',(-6.23443254678791,7.37107379644128,-2.14001686234549));
#3499=CARTESIAN_POINT('Ctrl Pts',(-6.05303660067766,7.52074788640849,-2.15163627112288));
#3500=CARTESIAN_POINT('Ctrl Pts',(-5.86640868451336,7.66360950115977,-2.16325567990027));
#3501=CARTESIAN_POINT('Ctrl Pts',(-5.67979709126822,7.80645862089617,-2.17487407241667));
#3502=CARTESIAN_POINT('Ctrl Pts',(-5.48795467965063,7.94249627240654,-2.18649246493308));
#3503=CARTESIAN_POINT('Ctrl Pts',(-5.29141026004869,8.07134678352079,-2.19811085744948));
#3504=CARTESIAN_POINT('Ctrl Pts',(-5.09482646621831,8.2002231075758,-2.20973157750712));
#3505=CARTESIAN_POINT('Ctrl Pts',(-4.89353903164491,8.32190924710407,-2.22135229756476));
#3506=CARTESIAN_POINT('Ctrl Pts',(-4.68810545396484,8.43607306111707,-2.23297301762239));
#3507=CARTESIAN_POINT('Ctrl Pts',(-4.48265414542505,8.55024672854641,-2.24459474065802));
#3508=CARTESIAN_POINT('Ctrl Pts',(-4.27305624398039,8.65689663247366,-2.25621646369365));
#3509=CARTESIAN_POINT('Ctrl Pts',(-4.05989387965743,8.75573658385862,-2.26783818672928));
#3510=CARTESIAN_POINT('Ctrl Pts',(-3.84663978163156,8.85461907068253,-2.27946491113413));
#3511=CARTESIAN_POINT('Ctrl Pts',(-3.62981842882678,8.94568476444323,-2.29109163553898));
#3512=CARTESIAN_POINT('Ctrl Pts',(-3.4100331398634,9.02869511197678,-2.30271835994384));
#3513=CARTESIAN_POINT('Ctrl Pts',(-3.28574194831697,9.07563844951447,-2.30929341069849));
#3514=CARTESIAN_POINT('Ctrl Pts',(-3.16050322678783,9.12000653843213,-2.31586846145315));
#3515=CARTESIAN_POINT('Ctrl Pts',(-3.03442845991666,9.16176322340017,-2.3224435122078));
#3516=CARTESIAN_POINT('Ctrl Pts',(-2.80508236833466,9.23772396267026,-2.33440436868969));
#3517=CARTESIAN_POINT('Ctrl Pts',(-2.57283929463497,9.30508311204798,-2.34636522517158));
#3518=CARTESIAN_POINT('Ctrl Pts',(-2.33835398830697,9.36364042802632,-2.35832608165347));
#3519=CARTESIAN_POINT('Ctrl Pts',(-2.1039550986922,9.42217616341668,-2.37028253010689));
#3520=CARTESIAN_POINT('Ctrl Pts',(-1.86731588637883,9.47191647836432,-2.38223897856031));
#3521=CARTESIAN_POINT('Ctrl Pts',(-1.62910438839404,9.51271151311314,-2.39419542701374));
#3522=CARTESIAN_POINT('Ctrl Pts',(-1.39096024563375,9.55349501290774,-2.40614849473501));
#3523=CARTESIAN_POINT('Ctrl Pts',(-1.15124496857922,9.58533823660168,-2.41810156245629));
#3524=CARTESIAN_POINT('Ctrl Pts',(-0.910636134565366,9.60814255048414,-2.43005463017756));
#3525=CARTESIAN_POINT('Ctrl Pts',(-0.670097670140404,9.63094019490993,-2.44200420204855));
#3526=CARTESIAN_POINT('Ctrl Pts',(-0.428666437129146,9.64470418284856,-2.45395377391953));
#3527=CARTESIAN_POINT('Ctrl Pts',(-0.187025559594835,9.64938769456685,-2.46590334579052));
#3528=CARTESIAN_POINT('Ctrl Pts',(-0.124563867358575,9.65059833438292,-2.46899218774548));
#3529=CARTESIAN_POINT('Ctrl Pts',(-0.0620881875275258,9.65120251455495,
-2.47208102970043));
#3530=CARTESIAN_POINT('Ctrl Pts',(0.000389648350154278,9.65119999213435,
-2.47516987165539));
#3531=CARTESIAN_POINT('Origin',(0.,6.5023935141403E-16,-3.70000000000008));
#3532=CARTESIAN_POINT('',(0.000580119459501923,9.65119998256494,-5.47516987084506));
#3533=CARTESIAN_POINT('',(-0.000219686765789755,9.65119999749968,-4.82483012948665));
#3534=CARTESIAN_POINT('',(-1.18193111879309E-15,9.6512,-3.70000000000008));
#3535=CARTESIAN_POINT('',(-7.49822974969818,-6.07636503682434,-7.40000000000017));
#3536=CARTESIAN_POINT('Ctrl Pts',(0.000580119459483885,9.65119998256494,
-5.47516987084506));
#3537=CARTESIAN_POINT('Ctrl Pts',(0.236700788637752,9.65118578969822,-5.48686914710039));
#3538=CARTESIAN_POINT('Ctrl Pts',(0.472908181040839,9.64250206229135,-5.49856842335572));
#3539=CARTESIAN_POINT('Ctrl Pts',(0.708547380546213,9.62515568962503,-5.51026769961105));
#3540=CARTESIAN_POINT('Ctrl Pts',(0.944087680956789,9.6078165973287,-5.52196206561446));
#3541=CARTESIAN_POINT('Ctrl Pts',(1.17905997109037,9.58182213632653,-5.53365643161787));
#3542=CARTESIAN_POINT('Ctrl Pts',(1.41281175743128,9.54723124146807,-5.54535079762128));
#3543=CARTESIAN_POINT('Ctrl Pts',(1.6464922570737,9.51265089570843,-5.5570415972231));
#3544=CARTESIAN_POINT('Ctrl Pts',(1.87895270468967,9.46947939060396,-5.56873239682492));
#3545=CARTESIAN_POINT('Ctrl Pts',(2.10954720263871,9.41782735241198,-5.58042319642673));
#3546=CARTESIAN_POINT('Ctrl Pts',(2.34009874479999,9.36618493610608,-5.59211181823372));
#3547=CARTESIAN_POINT('Ctrl Pts',(2.56878474372287,9.30606520322961,-5.6038004400407));
#3548=CARTESIAN_POINT('Ctrl Pts',(2.79497002109881,9.23762978372477,-5.61548906184768));
#3549=CARTESIAN_POINT('Ctrl Pts',(3.02113458283917,9.16920063201607,-5.62717661312862));
#3550=CARTESIAN_POINT('Ctrl Pts',(3.24479859846397,9.09245739906514,-5.63886416440956));
#3551=CARTESIAN_POINT('Ctrl Pts',(3.46534170845113,9.00761168588372,-5.6505517156905));
#3552=CARTESIAN_POINT('Ctrl Pts',(3.68588549964874,8.92276571063207,-5.66223930307178));
#3553=CARTESIAN_POINT('Ctrl Pts',(3.9033080915617,8.82981731168622,-5.67392689045307));
#3554=CARTESIAN_POINT('Ctrl Pts',(4.11700794382897,8.72902669433707,-5.68561447783435));
#3555=CARTESIAN_POINT('Ctrl Pts',(4.33077147547519,8.62820604288238,-5.69730554794292));
#3556=CARTESIAN_POINT('Ctrl Pts',(4.54080978353914,8.51953862725358,-5.70899661805149));
#3557=CARTESIAN_POINT('Ctrl Pts',(4.74654367546201,8.40333175454424,-5.72068768816006));
#3558=CARTESIAN_POINT('Ctrl Pts',(4.95230670335491,8.28710842465359,-5.73238041395435));
#3559=CARTESIAN_POINT('Ctrl Pts',(5.15376384422148,8.16334365523152,-5.74407313974865));
#3560=CARTESIAN_POINT('Ctrl Pts',(5.35036242477379,8.03238964216557,-5.75576586554294));
#3561=CARTESIAN_POINT('Ctrl Pts',(5.54705265707005,7.90137458001351,-5.76746404233646));
#3562=CARTESIAN_POINT('Ctrl Pts',(5.73887955943429,7.76316374260158,-5.77916221912999));
#3563=CARTESIAN_POINT('Ctrl Pts',(5.92532015594876,7.61815217027774,-5.79086039592351));
#3564=CARTESIAN_POINT('Ctrl Pts',(6.01128057302356,7.55129304479397,-5.7962539645721));
#3565=CARTESIAN_POINT('Ctrl Pts',(6.09609643294595,7.48298881477793,-5.8016475332207));
#3566=CARTESIAN_POINT('Ctrl Pts',(6.17971886757766,7.41328106560818,-5.80704110186929));
#3567=CARTESIAN_POINT('Ctrl Pts',(6.35540897668855,7.26682560647872,-5.81837294922033));
#3568=CARTESIAN_POINT('Ctrl Pts',(6.52601516439972,7.11401682696893,-5.82970479657137));
#3569=CARTESIAN_POINT('Ctrl Pts',(6.69105739254857,6.95524351907401,-5.84103664392241));
#3570=CARTESIAN_POINT('Ctrl Pts',(6.85601046379854,6.79655598156596,-5.85236236973486));
#3571=CARTESIAN_POINT('Ctrl Pts',(7.01540533377854,6.63191056218646,-5.86368809554731));
#3572=CARTESIAN_POINT('Ctrl Pts',(7.16879600775252,6.46173546651606,-5.87501382135976));
#3573=CARTESIAN_POINT('Ctrl Pts',(7.32213027532889,6.2916229493836,-5.88633538235973));
#3574=CARTESIAN_POINT('Ctrl Pts',(7.46946453126624,6.11598504947748,-5.8976569433597));
#3575=CARTESIAN_POINT('Ctrl Pts',(7.61039014106042,5.9352862897126,-5.90897850435967));
#3576=CARTESIAN_POINT('Ctrl Pts',(7.7512831836812,5.75462928848864,-5.92029744900594));
#3577=CARTESIAN_POINT('Ctrl Pts',(7.88577033434689,5.56891401499609,-5.93161639365221));
#3578=CARTESIAN_POINT('Ctrl Pts',(8.0134833884502,5.37863787803499,-5.94293533829848));
#3579=CARTESIAN_POINT('Ctrl Pts',(8.14120762033639,5.18834508760522,-5.9542552736086));
#3580=CARTESIAN_POINT('Ctrl Pts',(8.26215638611569,4.99349090236964,-5.96557520891872));
#3581=CARTESIAN_POINT('Ctrl Pts',(8.37600448201594,4.7946022105331,-5.97689514422883));
#3582=CARTESIAN_POINT('Ctrl Pts',(8.47411628743033,4.62320427472848,-5.9866504175311));
#3583=CARTESIAN_POINT('Ctrl Pts',(8.56695532931707,4.44881064000115,-5.99640569083337));
#3584=CARTESIAN_POINT('Ctrl Pts',(8.65434060894809,4.27177364385241,-6.00616096413564));
#3585=CARTESIAN_POINT('Ctrl Pts',(8.76603757117065,4.04548273130605,-6.01863027702352));
#3586=CARTESIAN_POINT('Ctrl Pts',(8.86879294527062,3.8149350828648,-6.0310995899114));
#3587=CARTESIAN_POINT('Ctrl Pts',(8.96232962952213,3.58082519145933,-6.04356890279928));
#3588=CARTESIAN_POINT('Ctrl Pts',(9.05597219271343,3.34645029913687,-6.0560523303379));
#3589=CARTESIAN_POINT('Ctrl Pts',(9.14037513176813,3.10850529288139,-6.06853575787651));
#3590=CARTESIAN_POINT('Ctrl Pts',(9.21531029485367,2.86770249669732,-6.08101918541512));
#3591=CARTESIAN_POINT('Ctrl Pts',(9.29033842995702,2.62660093660946,-6.09351810113577));
#3592=CARTESIAN_POINT('Ctrl Pts',(9.35587523539781,2.38263468997086,-6.10601701685642));
#3593=CARTESIAN_POINT('Ctrl Pts',(9.41174243431976,2.13653125182499,-6.11851593257708));
#3594=CARTESIAN_POINT('Ctrl Pts',(9.46763399018981,1.89032051764874,-6.13102029756756));
#3595=CARTESIAN_POINT('Ctrl Pts',(9.51384747456714,1.64197092934265,-6.14352466255805));
#3596=CARTESIAN_POINT('Ctrl Pts',(9.55025568618882,1.39222044533832,-6.15602902754854));
#3597=CARTESIAN_POINT('Ctrl Pts',(9.58667578341876,1.14238842927623,-6.16853747463966));
#3598=CARTESIAN_POINT('Ctrl Pts',(9.61328418144763,0.891154804704043,-6.18104592173077));
#3599=CARTESIAN_POINT('Ctrl Pts',(9.63000529746218,0.639264742380165,-6.19355436882189));
#3600=CARTESIAN_POINT('Ctrl Pts',(9.6352305519431,0.560550518059695,-6.19746318801526));
#3601=CARTESIAN_POINT('Ctrl Pts',(9.63949066756078,0.48177222635135,-6.20137200720864));
#3602=CARTESIAN_POINT('Ctrl Pts',(9.64278437852934,0.402952688526256,-6.20528082640201));
#3603=CARTESIAN_POINT('Ctrl Pts',(9.65249241967975,0.170636215111697,-6.21680186693683));
#3604=CARTESIAN_POINT('Ctrl Pts',(9.65380598723584,-0.0621606170007039,
-6.22832290747166));
#3605=CARTESIAN_POINT('Ctrl Pts',(9.64669649370636,-0.294801964568424,-6.23984394800648));
#3606=CARTESIAN_POINT('Ctrl Pts',(9.6395913497485,-0.527300982700614,-6.2513579399955));
#3607=CARTESIAN_POINT('Ctrl Pts',(9.62407343599843,-0.759644397280879,-6.26287193198451));
#3608=CARTESIAN_POINT('Ctrl Pts',(9.60016625078241,-0.991195942959005,-6.27438592397353));
#3609=CARTESIAN_POINT('Ctrl Pts',(9.57626750773619,-1.2226657225301,-6.2858958501106));
#3610=CARTESIAN_POINT('Ctrl Pts',(9.54398543255413,-1.45334388331395,-6.29740577624768));
#3611=CARTESIAN_POINT('Ctrl Pts',(9.50339548814184,-1.68259788302649,-6.30891570238475));
#3612=CARTESIAN_POINT('Ctrl Pts',(9.46281479966497,-1.9117996047612,-6.32042300385371));
#3613=CARTESIAN_POINT('Ctrl Pts',(9.41393007447933,-2.13957750854691,-6.33193030532267));
#3614=CARTESIAN_POINT('Ctrl Pts',(9.35686825423663,-2.36530714979233,-6.34343760679163));
#3615=CARTESIAN_POINT('Ctrl Pts',(9.29981231041019,-2.59101354464767,-6.35494372320036));
#3616=CARTESIAN_POINT('Ctrl Pts',(9.23458102774211,-2.81467179784531,-6.3664498396091));
#3617=CARTESIAN_POINT('Ctrl Pts',(9.16135196494593,-3.03566987901869,-6.37795595601784));
#3618=CARTESIAN_POINT('Ctrl Pts',(9.08810616936239,-3.25671845809217,-6.38946470156577));
#3619=CARTESIAN_POINT('Ctrl Pts',(9.00685903622106,-3.4751053554913,-6.4009734471137));
#3620=CARTESIAN_POINT('Ctrl Pts',(8.91783765588656,-3.69023481410759,-6.41248219266163));
#3621=CARTESIAN_POINT('Ctrl Pts',(8.82880687650225,-3.90538698650894,-6.42399215332522));
#3622=CARTESIAN_POINT('Ctrl Pts',(8.73200033487176,-4.11728074956007,-6.4355021139888));
#3623=CARTESIAN_POINT('Ctrl Pts',(8.62769292034891,-4.32534117870039,-6.44701207465238));
#3624=CARTESIAN_POINT('Ctrl Pts',(8.5233315209274,-4.53350929070519,-6.45852799236191));
#3625=CARTESIAN_POINT('Ctrl Pts',(8.41146163254479,-4.73783982867667,-6.47004391007143));
#3626=CARTESIAN_POINT('Ctrl Pts',(8.29240427186229,-4.93778217745578,-6.48155982778095));
#3627=CARTESIAN_POINT('Ctrl Pts',(8.21520737962897,-5.06742496361448,-6.48902675845448));
#3628=CARTESIAN_POINT('Ctrl Pts',(8.13498962887563,-5.19522337467026,-6.49649368912801));
#3629=CARTESIAN_POINT('Ctrl Pts',(8.0518483032848,-5.32103376618581,-6.50396061980154));
#3630=CARTESIAN_POINT('Ctrl Pts',(7.92055210288561,-5.51971265733102,-6.51575234454387));
#3631=CARTESIAN_POINT('Ctrl Pts',(7.78186739401349,-5.71357692738523,-6.52754406928619));
#3632=CARTESIAN_POINT('Ctrl Pts',(7.63617231220872,-5.90207877431815,-6.53933579402851));
#3633=CARTESIAN_POINT('Ctrl Pts',(7.4905199873608,-6.0905253018454,-6.55112405826784));
#3634=CARTESIAN_POINT('Ctrl Pts',(7.33786157033997,-6.27361232182759,-6.56291232250718));
#3635=CARTESIAN_POINT('Ctrl Pts',(7.17861694858681,-6.45082321455659,-6.57470058674651));
#3636=CARTESIAN_POINT('Ctrl Pts',(7.01940400172649,-6.6279988587731,-6.58648650621587));
#3637=CARTESIAN_POINT('Ctrl Pts',(6.85360765539356,-6.79930049644131,-6.59827242568524));
#3638=CARTESIAN_POINT('Ctrl Pts',(6.68168697998868,-6.96424587026117,-6.6100583451546));
#3639=CARTESIAN_POINT('Ctrl Pts',(6.5097879936228,-7.12917043502686,-6.62184277774482));
#3640=CARTESIAN_POINT('Ctrl Pts',(6.33176642633992,-7.28774013929431,-6.63362721033504));
#3641=CARTESIAN_POINT('Ctrl Pts',(6.14811768882842,-7.43951008631046,-6.64541164292526));
#3642=CARTESIAN_POINT('Ctrl Pts',(5.96447876481105,-7.59127192331451,-6.65719544579996));
#3643=CARTESIAN_POINT('Ctrl Pts',(5.775213491052,-7.73623454719567,-6.66897924867466));
#3644=CARTESIAN_POINT('Ctrl Pts',(5.58085054479728,-7.87399318240979,-6.68076305154936));
#3645=CARTESIAN_POINT('Ctrl Pts',(5.38645592801315,-8.01177426474664,-6.6925487745394));
#3646=CARTESIAN_POINT('Ctrl Pts',(5.18696221038873,-8.14234884591521,-6.70433449752945));
#3647=CARTESIAN_POINT('Ctrl Pts',(4.98292829372631,-8.26535462394578,-6.71612022051949));
#3648=CARTESIAN_POINT('Ctrl Pts',(4.77888380621755,-8.38836677481474,-6.72790655411913));
#3649=CARTESIAN_POINT('Ctrl Pts',(4.57029889610196,-8.50380919520777,-6.73969288771877));
#3650=CARTESIAN_POINT('Ctrl Pts',(4.35775891599159,-8.61136450686509,-6.75147922131841));
#3651=CARTESIAN_POINT('Ctrl Pts',(4.14515711267233,-8.71895110399865,-6.76326898330344));
#3652=CARTESIAN_POINT('Ctrl Pts',(3.92859819562845,-8.81864588022685,-6.77505874528848));
#3653=CARTESIAN_POINT('Ctrl Pts',(3.70869062285958,-8.91017818586775,-6.78684850727351));
#3654=CARTESIAN_POINT('Ctrl Pts',(3.61050487756811,-8.95104611749211,-6.79211247591604));
#3655=CARTESIAN_POINT('Ctrl Pts',(3.51165185434798,-8.99028749584917,-6.79737644455857));
#3656=CARTESIAN_POINT('Ctrl Pts',(3.41218695374645,-9.02788134795105,-6.80264041320109));
#3657=CARTESIAN_POINT('Ctrl Pts',(3.19233379387747,-9.1109772654683,-6.81427567481109));
#3658=CARTESIAN_POINT('Ctrl Pts',(2.96936693884204,-9.1860671054773,-6.82591093642108));
#3659=CARTESIAN_POINT('Ctrl Pts',(2.74389645117593,-9.25292892576313,-6.83754619803108));
#3660=CARTESIAN_POINT('Ctrl Pts',(2.51850690394155,-9.31976674368548,-6.84917728276139));
#3661=CARTESIAN_POINT('Ctrl Pts',(2.29061580420744,-9.37838235061497,-6.86080836749171));
#3662=CARTESIAN_POINT('Ctrl Pts',(2.06084921886131,-9.4286033927151,-6.87243945222203));
#3663=CARTESIAN_POINT('Ctrl Pts',(1.83113123227775,-9.47881381238074,-6.88406807681949));
#3664=CARTESIAN_POINT('Ctrl Pts',(1.59953884380448,-9.52063314550886,-6.89569670141696));
#3665=CARTESIAN_POINT('Ctrl Pts',(1.36671007964165,-9.55393976316608,-6.90732532601442));
#3666=CARTESIAN_POINT('Ctrl Pts',(1.13390597969758,-9.58724285255776,-6.91895271875833));
#3667=CARTESIAN_POINT('Ctrl Pts',(0.89986606174115,-9.6120349836034,-6.93058011150224));
#3668=CARTESIAN_POINT('Ctrl Pts',(0.66523610669653,-9.62824606885113,-6.94220750424614));
#3669=CARTESIAN_POINT('Ctrl Pts',(0.430606239516409,-9.64445714802811,-6.95383489263581));
#3670=CARTESIAN_POINT('Ctrl Pts',(0.195386634398454,-9.65208716800289,-6.96546228102548));
#3671=CARTESIAN_POINT('Ctrl Pts',(-0.0397734311479314,-9.65111804477464,
-6.97708966941515));
#3672=CARTESIAN_POINT('Ctrl Pts',(-0.275010552654723,-9.65014860398941,
-6.98872086780367));
#3673=CARTESIAN_POINT('Ctrl Pts',(-0.510187796004546,-9.64057438854126,
-7.00035206619219));
#3674=CARTESIAN_POINT('Ctrl Pts',(-0.744656236126821,-9.62242945050767,
-7.01198326458071));
#3675=CARTESIAN_POINT('Ctrl Pts',(-0.979161778982006,-9.60428164118451,
-7.02361630351223));
#3676=CARTESIAN_POINT('Ctrl Pts',(-1.21295799655411,-9.57756043049317,-7.03524934244375));
#3677=CARTESIAN_POINT('Ctrl Pts',(-1.44540113005639,-9.54235175484701,-7.04688238137528));
#3678=CARTESIAN_POINT('Ctrl Pts',(-1.67796870999882,-9.50712422902325,-7.058521648455));
#3679=CARTESIAN_POINT('Ctrl Pts',(-1.90918146250134,-9.4634002057152,-7.07016091553472));
#3680=CARTESIAN_POINT('Ctrl Pts',(-2.13840451831442,-9.41131699370776,-7.08180018261444));
#3681=CARTESIAN_POINT('Ctrl Pts',(-2.2665465945297,-9.38220102673437,-7.08830685727651));
#3682=CARTESIAN_POINT('Ctrl Pts',(-2.39406706926638,-9.35047362473378,-7.09481353193857));
#3683=CARTESIAN_POINT('Ctrl Pts',(-2.52085689588793,-9.31616562489388,-7.10132020660063));
#3684=CARTESIAN_POINT('Ctrl Pts',(-2.75111732940341,-9.2538595619653,-7.11313684653423));
#3685=CARTESIAN_POINT('Ctrl Pts',(-2.97913166180635,-9.18299496874821,-7.12495348646784));
#3686=CARTESIAN_POINT('Ctrl Pts',(-3.20425818924818,-9.10375696603528,-7.13677012640144));
#3687=CARTESIAN_POINT('Ctrl Pts',(-3.42929017564662,-9.02455223902531,-7.14858180398129));
#3688=CARTESIAN_POINT('Ctrl Pts',(-3.65143651132121,-8.93698121661485,-7.16039348156114));
#3689=CARTESIAN_POINT('Ctrl Pts',(-3.87007184788609,-8.84127848968686,-7.17220515914099));
#3690=CARTESIAN_POINT('Ctrl Pts',(-4.08864538889736,-8.74560281237987,-7.18401349824333));
#3691=CARTESIAN_POINT('Ctrl Pts',(-4.30370965214964,-8.64180013113876,-7.19582183734566));
#3692=CARTESIAN_POINT('Ctrl Pts',(-4.51465936537865,-8.53015312023171,-7.207630176448));
#3693=CARTESIAN_POINT('Ctrl Pts',(-4.72556367966578,-8.41853013711822,-7.21943597425225));
#3694=CARTESIAN_POINT('Ctrl Pts',(-4.93235496126779,-8.29906632643199,-7.23124177205651));
#3695=CARTESIAN_POINT('Ctrl Pts',(-5.13445174422399,-8.17209071940805,-7.24304756986077));
#3696=CARTESIAN_POINT('Ctrl Pts',(-5.33651865030034,-8.04513388376137,-7.25485162236063));
#3697=CARTESIAN_POINT('Ctrl Pts',(-5.53389220354945,-7.9106676193616,-7.2666556748605));
#3698=CARTESIAN_POINT('Ctrl Pts',(-5.72601832524778,-7.7690652963485,-7.27845972736037));
#3699=CARTESIAN_POINT('Ctrl Pts',(-5.91814622643085,-7.62746166180539,-7.29026388919014));
#3700=CARTESIAN_POINT('Ctrl Pts',(-6.10502636929754,-7.47872200227589,-7.30206805101992));
#3701=CARTESIAN_POINT('Ctrl Pts',(-6.28613533166863,-7.32326184373789,-7.31387221284969));
#3702=CARTESIAN_POINT('Ctrl Pts',(-6.46723719459302,-7.16780777921697,-7.32567591195793));
#3703=CARTESIAN_POINT('Ctrl Pts',(-6.64256811517647,-7.00563392768394,-7.33747961106617));
#3704=CARTESIAN_POINT('Ctrl Pts',(-6.8116387322843,-6.83719527444144,-7.3492833101744));
#3705=CARTESIAN_POINT('Ctrl Pts',(-6.98073377542992,-6.66873228646248,-7.36108871459137));
#3706=CARTESIAN_POINT('Ctrl Pts',(-7.14356650719538,-6.49400288811919,-7.37289411900835));
#3707=CARTESIAN_POINT('Ctrl Pts',(-7.29968446661262,-6.31349888159446,-7.38469952342532));
#3708=CARTESIAN_POINT('Ctrl Pts',(-7.36713038930496,-6.23551772353186,-7.3897996822836));
#3709=CARTESIAN_POINT('Ctrl Pts',(-7.4333235512338,-6.15645923546381,-7.39489984114189));
#3710=CARTESIAN_POINT('Ctrl Pts',(-7.49822974969817,-6.07636503682434,-7.40000000000017));
#3711=CARTESIAN_POINT('',(-7.49752652289887,6.07723271550696,-7.40000000000017));
#3712=CARTESIAN_POINT('Origin',(0.,1.36881144231457E-15,-7.40000000000017));
#3713=CARTESIAN_POINT('Ctrl Pts',(-0.000219686152743925,9.65119999749969,
-4.82483012951698));
#3714=CARTESIAN_POINT('Ctrl Pts',(0.238346309951578,9.65120542787579,-4.83663213415455));
#3715=CARTESIAN_POINT('Ctrl Pts',(0.476931887078081,9.64236092100077,-4.84843413879212));
#3716=CARTESIAN_POINT('Ctrl Pts',(0.714869673899039,9.62468819179819,-4.86023614342968));
#3717=CARTESIAN_POINT('Ctrl Pts',(0.952812103872412,9.60701511772741,-4.87203837837328));
#3718=CARTESIAN_POINT('Ctrl Pts',(1.19010643532061,9.58051349547394,-4.88384061331687));
#3719=CARTESIAN_POINT('Ctrl Pts',(1.42608886435485,9.54525704163922,-4.89564284826047));
#3720=CARTESIAN_POINT('Ctrl Pts',(1.66206468023016,9.51000157582946,-4.90744475245887));
#3721=CARTESIAN_POINT('Ctrl Pts',(1.89672838698359,9.46599181235247,-4.91924665665726));
#3722=CARTESIAN_POINT('Ctrl Pts',(2.12942406859376,9.41335299328,-4.93104856085566));
#3723=CARTESIAN_POINT('Ctrl Pts',(2.36215408716421,9.36070640673619,-4.94285220656259));
#3724=CARTESIAN_POINT('Ctrl Pts',(2.59291522382577,9.29942828333644,-4.95465585226952));
#3725=CARTESIAN_POINT('Ctrl Pts',(2.82106328060129,9.22969465404155,-4.96645949797646));
#3726=CARTESIAN_POINT('Ctrl Pts',(2.89539504737503,9.20697509226972,-4.97030518420393));
#3727=CARTESIAN_POINT('Ctrl Pts',(2.96944955113564,9.1833583848123,-4.97415087043141));
#3728=CARTESIAN_POINT('Ctrl Pts',(3.04320486337653,9.1588517620672,-4.97799655665889));
#3729=CARTESIAN_POINT('Ctrl Pts',(3.27098646490299,9.08316693873334,-4.98987334954673));
#3730=CARTESIAN_POINT('Ctrl Pts',(3.49596411551815,8.99897363632892,-5.00175014243458));
#3731=CARTESIAN_POINT('Ctrl Pts',(3.7175034893444,8.90650488388752,-5.01362693532242));
#3732=CARTESIAN_POINT('Ctrl Pts',(3.93901785581742,8.81404656931419,-5.02550238755849));
#3733=CARTESIAN_POINT('Ctrl Pts',(4.15709446560797,8.71331477643175,-5.03737783979456));
#3734=CARTESIAN_POINT('Ctrl Pts',(4.37111883396354,8.60459072701132,-5.04925329203062));
#3735=CARTESIAN_POINT('Ctrl Pts',(4.58514934690168,8.49586355615241,-5.06112908520776));
#3736=CARTESIAN_POINT('Ctrl Pts',(4.79512713840885,8.37914379305572,-5.07300487838489));
#3737=CARTESIAN_POINT('Ctrl Pts',(5.00046107711102,8.25475926095351,-5.08488067156203));
#3738=CARTESIAN_POINT('Ctrl Pts',(5.20578533118973,8.13038059547698,-5.09675590461459));
#3739=CARTESIAN_POINT('Ctrl Pts',(5.40646593451456,7.99833802770123,-5.10863113766715));
#3740=CARTESIAN_POINT('Ctrl Pts',(5.60193886904474,7.85900390300741,-5.12050637071971));
#3741=CARTESIAN_POINT('Ctrl Pts',(5.79743540364708,7.71965295605938,-5.13238303750711));
#3742=CARTESIAN_POINT('Ctrl Pts',(5.987722787628,7.57300885289625,-5.14425970429452));
#3743=CARTESIAN_POINT('Ctrl Pts',(6.1722672904814,7.41948636597261,-5.15613637108192));
#3744=CARTESIAN_POINT('Ctrl Pts',(6.28093280997982,7.32908757035256,-5.16312972036303));
#3745=CARTESIAN_POINT('Ctrl Pts',(6.38760773963706,7.23630467543357,-5.17012306964414));
#3746=CARTESIAN_POINT('Ctrl Pts',(6.49218852332214,7.14122885907211,-5.17711641892525));
#3747=CARTESIAN_POINT('Ctrl Pts',(6.66947365265907,6.98005653078652,-5.18897153023837));
#3748=CARTESIAN_POINT('Ctrl Pts',(6.84077137556436,6.81226344371187,-5.20082664155149));
#3749=CARTESIAN_POINT('Ctrl Pts',(7.0055976587923,6.63831777509362,-5.21268175286461));
#3750=CARTESIAN_POINT('Ctrl Pts',(7.17040544403961,6.46439162789844,-5.22453553371262));
#3751=CARTESIAN_POINT('Ctrl Pts',(7.32874304835056,6.28431447997197,-5.23638931456063));
#3752=CARTESIAN_POINT('Ctrl Pts',(7.48016408971741,6.09859054461784,-5.24824309540864));
#3753=CARTESIAN_POINT('Ctrl Pts',(7.63159180271323,5.91285842624517,-5.26009739853564));
#3754=CARTESIAN_POINT('Ctrl Pts',(7.77610216574698,5.72147923739469,-5.27195170166263));
#3755=CARTESIAN_POINT('Ctrl Pts',(7.91328901849839,5.52499034838188,-5.28380600478962));
#3756=CARTESIAN_POINT('Ctrl Pts',(8.05047107517789,5.32850832864859,-5.29565989348849));
#3757=CARTESIAN_POINT('Ctrl Pts',(8.18032997515309,5.12691719499491,-5.30751378218736));
#3758=CARTESIAN_POINT('Ctrl Pts',(8.30250239797132,4.92078402001963,-5.31936767088623));
#3759=CARTESIAN_POINT('Ctrl Pts',(8.42469339491453,4.71461950619334,-5.33122336175621));
#3760=CARTESIAN_POINT('Ctrl Pts',(8.5391954370385,4.50391181048153,-5.34307905262618));
#3761=CARTESIAN_POINT('Ctrl Pts',(8.64569009332286,4.28925450984422,-5.35493474349616));
#3762=CARTESIAN_POINT('Ctrl Pts',(8.70947099427257,4.16069373029185,-5.3620352560613));
#3763=CARTESIAN_POINT('Ctrl Pts',(8.77038055825063,4.03071673298407,-5.36913576862645));
#3764=CARTESIAN_POINT('Ctrl Pts',(8.82835841256285,3.89945498490889,-5.3762362811916));
#3765=CARTESIAN_POINT('Ctrl Pts',(8.92586550592761,3.67869911740362,-5.38817791562842));
#3766=CARTESIAN_POINT('Ctrl Pts',(9.0150941593382,3.45427143877762,-5.40011955006523));
#3767=CARTESIAN_POINT('Ctrl Pts',(9.09578951322287,3.22680562958864,-5.41206118450205));
#3768=CARTESIAN_POINT('Ctrl Pts',(9.17647764380442,2.99936018160272,-5.4240017500044));
#3769=CARTESIAN_POINT('Ctrl Pts',(9.2486339103896,2.76887740030824,-5.43594231550675));
#3770=CARTESIAN_POINT('Ctrl Pts',(9.31205251959941,2.53600853946163,-5.4478828810091));
#3771=CARTESIAN_POINT('Ctrl Pts',(9.37547227544898,2.30313546823105,-5.45982366240276));
#3772=CARTESIAN_POINT('Ctrl Pts',(9.43015398528181,2.06787649083936,-5.47176444379643));
#3773=CARTESIAN_POINT('Ctrl Pts',(9.47594208382369,1.83089679229036,-5.4837052251901));
#3774=CARTESIAN_POINT('Ctrl Pts',(9.52172719676261,1.59393254595085,-5.49564522798773));
#3775=CARTESIAN_POINT('Ctrl Pts',(9.55861980698895,1.35524806758035,-5.50758523078535));
#3776=CARTESIAN_POINT('Ctrl Pts',(9.58651554024857,1.11551837123942,-5.51952523358297));
#3777=CARTESIAN_POINT('Ctrl Pts',(9.61441277644521,0.875775758993669,-5.53146587967153));
#3778=CARTESIAN_POINT('Ctrl Pts',(9.6333121350748,0.634988084011964,-5.54340652576009));
#3779=CARTESIAN_POINT('Ctrl Pts',(9.64316101198931,0.393836434131447,-5.55534717184865));
#3780=CARTESIAN_POINT('Ctrl Pts',(9.64866227484964,0.25913695248383,-5.56201682905175));
#3781=CARTESIAN_POINT('Ctrl Pts',(9.65134073802574,0.124323995434516,-5.56868648625486));
#3782=CARTESIAN_POINT('Ctrl Pts',(9.65119430631091,-0.0104834074552954,
-5.57535614345796));
#3783=CARTESIAN_POINT('Ctrl Pts',(9.65093732156209,-0.247067719872531,-5.5870612592723));
#3784=CARTESIAN_POINT('Ctrl Pts',(9.64197669380655,-0.483682806745854,-5.59876637508664));
#3785=CARTESIAN_POINT('Ctrl Pts',(9.62433031414621,-0.719671761434564,-5.61047149090097));
#3786=CARTESIAN_POINT('Ctrl Pts',(9.60668652952712,-0.955626012060334,-5.62217488538443));
#3787=CARTESIAN_POINT('Ctrl Pts',(9.58035956426628,-1.19095402240418,-5.63387827986788));
#3788=CARTESIAN_POINT('Ctrl Pts',(9.54541931213804,-1.42500231419537,-5.64558167435133));
#3789=CARTESIAN_POINT('Ctrl Pts',(9.51047623638343,-1.65906952012964,-5.65728601462113));
#3790=CARTESIAN_POINT('Ctrl Pts',(9.46691852253174,-1.8918565106788,-5.66899035489092));
#3791=CARTESIAN_POINT('Ctrl Pts',(9.41486767343263,-2.12271715773751,-5.68069469516072));
#3792=CARTESIAN_POINT('Ctrl Pts',(9.36281659105352,-2.35357883946083,-5.69239908788669));
#3793=CARTESIAN_POINT('Ctrl Pts',(9.30227236467107,-2.58251387539842,-5.70410348061266));
#3794=CARTESIAN_POINT('Ctrl Pts',(9.23340727534154,-2.80888795213869,-5.71580787333863));
#3795=CARTESIAN_POINT('Ctrl Pts',(9.16452183177535,-3.03532893754893,-5.72751572549494));
#3796=CARTESIAN_POINT('Ctrl Pts',(9.08731069602367,-3.25920717089045,-5.73922357765126));
#3797=CARTESIAN_POINT('Ctrl Pts',(9.00199592922162,-3.47990383922851,-5.75093142980757));
#3798=CARTESIAN_POINT('Ctrl Pts',(8.94480639018487,-3.62784470811099,-5.75877962177982));
#3799=CARTESIAN_POINT('Ctrl Pts',(8.88397650892119,-3.77435627773993,-5.76662781375207));
#3800=CARTESIAN_POINT('Ctrl Pts',(8.81958530898146,-3.91925712573166,-5.77447600572432));
#3801=CARTESIAN_POINT('Ctrl Pts',(8.71900928964818,-4.14558542063323,-5.78673451167344));
#3802=CARTESIAN_POINT('Ctrl Pts',(8.60972303521402,-4.36802744537937,-5.79899301762256));
#3803=CARTESIAN_POINT('Ctrl Pts',(8.49204532575627,-4.58593803112309,-5.81125152357168));
#3804=CARTESIAN_POINT('Ctrl Pts',(8.37437111019546,-4.8038421470168,-5.823509665561));
#3805=CARTESIAN_POINT('Ctrl Pts',(8.24830604929772,-5.0172148872112,-5.83576780755031));
#3806=CARTESIAN_POINT('Ctrl Pts',(8.11421475306175,-5.22543590346252,-5.84802594953962));
#3807=CARTESIAN_POINT('Ctrl Pts',(7.98014746879521,-5.4336196332022,-5.86028189644142));
#3808=CARTESIAN_POINT('Ctrl Pts',(7.83805694788287,-5.63665328577776,-5.87253784334321));
#3809=CARTESIAN_POINT('Ctrl Pts',(7.68835167675483,-5.83394462902598,-5.88479379024501));
#3810=CARTESIAN_POINT('Ctrl Pts',(7.53868711404452,-6.03118232407362,-5.89704640446385));
#3811=CARTESIAN_POINT('Ctrl Pts',(7.3814120783472,-6.22268064233757,-5.90929901868268));
#3812=CARTESIAN_POINT('Ctrl Pts',(7.21697681742499,-6.40787851451245,-5.92155163290152));
#3813=CARTESIAN_POINT('Ctrl Pts',(7.05261998806177,-6.59298805187546,-5.93379840292593));
#3814=CARTESIAN_POINT('Ctrl Pts',(6.8811099112207,-6.77180297157353,-5.94604517295034));
#3815=CARTESIAN_POINT('Ctrl Pts',(6.70293610876698,-6.94379643723719,-5.95829194297475));
#3816=CARTESIAN_POINT('Ctrl Pts',(6.62871902929433,-7.01543913966675,-5.96339325131339));
#3817=CARTESIAN_POINT('Ctrl Pts',(6.55334620302783,-7.08589867897943,-5.96849455965204));
#3818=CARTESIAN_POINT('Ctrl Pts',(6.47685495751865,-7.1551388036338,-5.97359586799068));
#3819=CARTESIAN_POINT('Ctrl Pts',(6.31257559792386,-7.30384501518474,-5.98455188866192));
#3820=CARTESIAN_POINT('Ctrl Pts',(6.1431228503065,-7.4469347723671,-5.99550790933317));
#3821=CARTESIAN_POINT('Ctrl Pts',(5.96893759621369,-7.58402567324945,-6.00646393000441));
#3822=CARTESIAN_POINT('Ctrl Pts',(5.79472651280681,-7.72113690285568,-6.01742157530514));
#3823=CARTESIAN_POINT('Ctrl Pts',(5.61578179151184,-7.85224727840249,-6.02837922060586));
#3824=CARTESIAN_POINT('Ctrl Pts',(5.43257694991194,-7.9770150509627,-6.03933686590659));
#3825=CARTESIAN_POINT('Ctrl Pts',(5.24935864088835,-8.10179199522624,-6.05029531670596));
#3826=CARTESIAN_POINT('Ctrl Pts',(5.06187987995213,-8.22022521685398,-6.06125376750533));
#3827=CARTESIAN_POINT('Ctrl Pts',(4.87064247447812,-8.33201676221367,-6.0722122183047));
#3828=CARTESIAN_POINT('Ctrl Pts',(4.6793000966384,-8.44386967121169,-6.08317668432114));
#3829=CARTESIAN_POINT('Ctrl Pts',(4.484195258467,-8.54907345279292,-6.09414115033757));
#3830=CARTESIAN_POINT('Ctrl Pts',(4.2858542588805,-8.6473761749814,-6.10510561635401));
#3831=CARTESIAN_POINT('Ctrl Pts',(4.17834182010718,-8.70066200807981,-6.11104899913282));
#3832=CARTESIAN_POINT('Ctrl Pts',(4.06987888978898,-8.751920939212,-6.11699238191163));
#3833=CARTESIAN_POINT('Ctrl Pts',(3.96055169084915,-8.80111877797999,-6.12293576469044));
#3834=CARTESIAN_POINT('Ctrl Pts',(3.76006899134443,-8.89133709164438,-6.13383465751162));
#3835=CARTESIAN_POINT('Ctrl Pts',(3.55665635435081,-8.97464118364669,-6.14473355033281));
#3836=CARTESIAN_POINT('Ctrl Pts',(3.3504937967193,-9.05095866514401,-6.15563244315399));
#3837=CARTESIAN_POINT('Ctrl Pts',(3.24277844679954,-9.09083285141198,-6.16132687218834));
#3838=CARTESIAN_POINT('Ctrl Pts',(3.13431206074224,-9.1287990236161,-6.16702130122269));
#3839=CARTESIAN_POINT('Ctrl Pts',(3.02511860430643,-9.16484145361387,-6.17271573025703));
#3840=CARTESIAN_POINT('Ctrl Pts',(2.82146743731486,-9.23206235832597,-6.18333612048964));
#3841=CARTESIAN_POINT('Ctrl Pts',(2.61535247753373,-9.29256441364343,-6.19395651072224));
#3842=CARTESIAN_POINT('Ctrl Pts',(2.40729324369566,-9.34615432564952,-6.20457690095485));
#3843=CARTESIAN_POINT('Ctrl Pts',(2.19932287124681,-9.39972134958695,-6.215192755255));
#3844=CARTESIAN_POINT('Ctrl Pts',(1.98941022981856,-9.44638201086538,-6.22580860955516));
#3845=CARTESIAN_POINT('Ctrl Pts',(1.77809120699426,-9.48599246782379,-6.23642446385532));
#3846=CARTESIAN_POINT('Ctrl Pts',(1.56682386634277,-9.52559323727535,-6.24703772184205));
#3847=CARTESIAN_POINT('Ctrl Pts',(1.35415118832006,-9.55814716649928,-6.25765097982877));
#3848=CARTESIAN_POINT('Ctrl Pts',(1.14062043864496,-9.58356126160549,-6.2682642378155));
#3849=CARTESIAN_POINT('Ctrl Pts',(0.927061398287892,-9.60897872382432,-6.27887890195243));
#3850=CARTESIAN_POINT('Ctrl Pts',(0.712644422259451,-9.6272544136197,-6.28949356608936));
#3851=CARTESIAN_POINT('Ctrl Pts',(0.497923369104319,-9.63834704492943,-6.30010823022629));
#3852=CARTESIAN_POINT('Ctrl Pts',(0.283185216117935,-9.64944055962772,-6.31072373968771));
#3853=CARTESIAN_POINT('Ctrl Pts',(0.0681433038334822,-9.65334986751591,
-6.32133924914913));
#3854=CARTESIAN_POINT('Ctrl Pts',(-0.146647479007073,-9.65008580049426,
-6.33195475861056));
#3855=CARTESIAN_POINT('Ctrl Pts',(-0.36154562092614,-9.64682010199092,-6.34257557403203));
#3856=CARTESIAN_POINT('Ctrl Pts',(-0.576192017577581,-9.63637388967399,
-6.35319638945351));
#3857=CARTESIAN_POINT('Ctrl Pts',(-0.790035538697828,-9.6188099725275,-6.36381720487498));
#3858=CARTESIAN_POINT('Ctrl Pts',(-0.84385062352252,-9.61438990085013,-6.36649000075779));
#3859=CARTESIAN_POINT('Ctrl Pts',(-0.897614899451343,-9.60951931330424,
-6.36916279664059));
#3860=CARTESIAN_POINT('Ctrl Pts',(-0.951319670617135,-9.60419972326153,
-6.37183559252339));
#3861=CARTESIAN_POINT('Ctrl Pts',(-1.18992436629122,-9.58056533965468,-6.38371054579795));
#3862=CARTESIAN_POINT('Ctrl Pts',(-1.42768993627156,-9.54803070181142,-6.39558549907252));
#3863=CARTESIAN_POINT('Ctrl Pts',(-1.66394703487554,-9.50667879467529,-6.40746045234708));
#3864=CARTESIAN_POINT('Ctrl Pts',(-1.90014769703399,-9.46533676556894,-6.41933256896549));
#3865=CARTESIAN_POINT('Ctrl Pts',(-2.13484033411128,-9.41518171961528,-6.4312046855839));
#3866=CARTESIAN_POINT('Ctrl Pts',(-2.36736394245585,-9.35634808052586,-6.4430768022023));
#3867=CARTESIAN_POINT('Ctrl Pts',(-2.59984466791202,-9.29752529175997,-6.4549467293198));
#3868=CARTESIAN_POINT('Ctrl Pts',(-2.83015689448075,-9.23002717319978,-6.4668166564373));
#3869=CARTESIAN_POINT('Ctrl Pts',(-3.05765192875215,-9.15403878747508,-6.47868658355479));
#3870=CARTESIAN_POINT('Ctrl Pts',(-3.29034603482514,-9.07631379648894,-6.49082778078402));
#3871=CARTESIAN_POINT('Ctrl Pts',(-3.52009236062819,-8.98970592857632,-6.50296897801324));
#3872=CARTESIAN_POINT('Ctrl Pts',(-3.74621401589154,-8.89446693102727,-6.51511017524246));
#3873=CARTESIAN_POINT('Ctrl Pts',(-3.96725702324407,-8.80136698263462,-6.52697868356945));
#3874=CARTESIAN_POINT('Ctrl Pts',(-4.18483616194771,-8.7000195530005,-6.53884719189645));
#3875=CARTESIAN_POINT('Ctrl Pts',(-4.39833928629861,-8.5907085250637,-6.55071570022344));
#3876=CARTESIAN_POINT('Ctrl Pts',(-4.61183747984829,-8.48140002163774,-6.56258393445021));
#3877=CARTESIAN_POINT('Ctrl Pts',(-4.82125960036839,-8.36412841409136,-6.57445216867698));
#3878=CARTESIAN_POINT('Ctrl Pts',(-5.0260172724379,-8.23922398148975,-6.58632040290374));
#3879=CARTESIAN_POINT('Ctrl Pts',(-5.23078073819509,-8.11431601467492,-6.59818897294621));
#3880=CARTESIAN_POINT('Ctrl Pts',(-5.43087925566552,-7.98177493681691,-6.61005754298869));
#3881=CARTESIAN_POINT('Ctrl Pts',(-5.62575175207114,-7.84197543123341,-6.62192611303116));
#3882=CARTESIAN_POINT('Ctrl Pts',(-5.82845944365722,-7.69655503797935,-6.63427188003324));
#3883=CARTESIAN_POINT('Ctrl Pts',(-6.02551193922484,-7.54328068635833,-6.64661764703532));
#3884=CARTESIAN_POINT('Ctrl Pts',(-6.21631313303747,-7.38262233031231,-6.65896341403739));
#3885=CARTESIAN_POINT('Ctrl Pts',(-6.39980817508487,-7.22811589768022,-6.67083643741784));
#3886=CARTESIAN_POINT('Ctrl Pts',(-6.57752150883641,-7.06678059125529,-6.68270946079828));
#3887=CARTESIAN_POINT('Ctrl Pts',(-6.74895776400657,-6.89907461473315,-6.69458248417873));
#3888=CARTESIAN_POINT('Ctrl Pts',(-6.92041640907901,-6.73134673549026,-6.70645705819869));
#3889=CARTESIAN_POINT('Ctrl Pts',(-7.08559614310609,-6.55724672158508,-6.71833163221866));
#3890=CARTESIAN_POINT('Ctrl Pts',(-7.24403862261884,-6.37726946851132,-6.73020620623863));
#3891=CARTESIAN_POINT('Ctrl Pts',(-7.40253093218749,-6.19723561270948,-6.74208451480434));
#3892=CARTESIAN_POINT('Ctrl Pts',(-7.55428157203156,-6.01132103422839,-6.75396282337005));
#3893=CARTESIAN_POINT('Ctrl Pts',(-7.69887178373031,-5.82005452703678,-6.76584113193576));
#3894=CARTESIAN_POINT('Ctrl Pts',(-7.71605216816901,-5.79732800851804,-6.76725252697587));
#3895=CARTESIAN_POINT('Ctrl Pts',(-7.7331315064295,-5.77452596542204,-6.76866392201599));
#3896=CARTESIAN_POINT('Ctrl Pts',(-7.75010913532457,-5.75164931394106,-6.7700753170561));
#3897=CARTESIAN_POINT('Ctrl Pts',(-7.88642314568839,-5.56797183304306,-6.78140746003758));
#3898=CARTESIAN_POINT('Ctrl Pts',(-8.01630108188029,-5.37931492075823,-6.79273960301906));
#3899=CARTESIAN_POINT('Ctrl Pts',(-8.13936781243701,-5.18616940080676,-6.80407174600053));
#3900=CARTESIAN_POINT('Ctrl Pts',(-8.26236804377254,-4.99312824721487,-6.81539776564812));
#3901=CARTESIAN_POINT('Ctrl Pts',(-8.37856423198336,-4.7956035929948,-6.8267237852957));
#3902=CARTESIAN_POINT('Ctrl Pts',(-8.48762360487235,-4.59411656164858,-6.83804980494328));
#3903=CARTESIAN_POINT('Ctrl Pts',(-8.59664283893239,-4.39270368672991,-6.84937165609847));
#3904=CARTESIAN_POINT('Ctrl Pts',(-8.69853033935333,-4.1873316260834,-6.86069350725367));
#3905=CARTESIAN_POINT('Ctrl Pts',(-8.79299818860044,-3.97854801344276,-6.87201535840887));
#3906=CARTESIAN_POINT('Ctrl Pts',(-8.88744419049664,-3.76981268568303,-6.88333459118695));
#3907=CARTESIAN_POINT('Ctrl Pts',(-8.97447382953739,-3.55766767429341,-6.89465382396502));
#3908=CARTESIAN_POINT('Ctrl Pts',(-9.05384621895697,-3.34268306656173,-6.9059730567431));
#3909=CARTESIAN_POINT('Ctrl Pts',(-9.1332255243004,-3.12767972665901,-6.91729327579553));
#3910=CARTESIAN_POINT('Ctrl Pts',(-9.20494612982626,-2.90983659830295,-6.92861349484795));
#3911=CARTESIAN_POINT('Ctrl Pts',(-9.26881587710674,-2.68974230667067,-6.93993371390038));
#3912=CARTESIAN_POINT('Ctrl Pts',(-9.32384786288101,-2.50010282253561,-6.94968753570774));
#3913=CARTESIAN_POINT('Ctrl Pts',(-9.3730520940538,-2.30879247677725,-6.9594413575151));
#3914=CARTESIAN_POINT('Ctrl Pts',(-9.41633556418252,-2.11619611159066,-6.96919517932246));
#3915=CARTESIAN_POINT('Ctrl Pts',(-9.47166646411792,-1.86999288023308,-6.98166385932445));
#3916=CARTESIAN_POINT('Ctrl Pts',(-9.51730633247491,-1.62175581898388,-6.99413253932643));
#3917=CARTESIAN_POINT('Ctrl Pts',(-9.55314921291389,-1.37222503832379,-7.00660121932842));
#3918=CARTESIAN_POINT('Ctrl Pts',(-9.58903264914267,-1.12241191657493,-7.01908400749245));
#3919=CARTESIAN_POINT('Ctrl Pts',(-9.61509691036454,-0.871302351084481,
-7.03156679565648));
#3920=CARTESIAN_POINT('Ctrl Pts',(-9.63128781107517,-0.619642267953798,
-7.04404958382051));
#3921=CARTESIAN_POINT('Ctrl Pts',(-9.64749880398862,-0.367669885617246,
-7.05654786258115));
#3922=CARTESIAN_POINT('Ctrl Pts',(-9.65381191869316,-0.11514582281925,-7.06904614134179));
#3923=CARTESIAN_POINT('Ctrl Pts',(-9.650225013871,0.137180981402137,-7.08154442010243));
#3924=CARTESIAN_POINT('Ctrl Pts',(-9.64663654341562,0.389617922704966,-7.09404815418498));
#3925=CARTESIAN_POINT('Ctrl Pts',(-9.63313942573528,0.641857229988488,-7.10655188826754));
#3926=CARTESIAN_POINT('Ctrl Pts',(-9.60978362319828,0.893151809778219,-7.1190556223501));
#3927=CARTESIAN_POINT('Ctrl Pts',(-9.58642016289509,1.14452878258935,-7.13156345608507));
#3928=CARTESIAN_POINT('Ctrl Pts',(-9.55319157659923,1.39496020637475,-7.14407128982003));
#3929=CARTESIAN_POINT('Ctrl Pts',(-9.51019969327861,1.64370411995694,-7.156579123555));
#3930=CARTESIAN_POINT('Ctrl Pts',(-9.49675347417409,1.72150171579608,-7.16049109623294));
#3931=CARTESIAN_POINT('Ctrl Pts',(-9.48235258928653,1.79913429469926,-7.16440306891087));
#3932=CARTESIAN_POINT('Ctrl Pts',(-9.46700118755941,1.87657932279684,-7.16831504158881));
#3933=CARTESIAN_POINT('Ctrl Pts',(-9.42214798241486,2.10285558045939,-7.17974491074098));
#3934=CARTESIAN_POINT('Ctrl Pts',(-9.36915027128474,2.32766271109105,-7.19117477989314));
#3935=CARTESIAN_POINT('Ctrl Pts',(-9.30812547542845,2.55038459328784,-7.20260464904531));
#3936=CARTESIAN_POINT('Ctrl Pts',(-9.24713120866881,2.77299505359828,-7.21402880013525));
#3937=CARTESIAN_POINT('Ctrl Pts',(-9.1781179468111,2.99352204049859,-7.22545295122519));
#3938=CARTESIAN_POINT('Ctrl Pts',(-9.10125393009583,3.21136082368757,-7.23687710231513));
#3939=CARTESIAN_POINT('Ctrl Pts',(-9.02441784296308,3.42912045220142,-7.2482971022849));
#3940=CARTESIAN_POINT('Ctrl Pts',(-8.93973679463058,3.64419352646662,-7.25971710225466));
#3941=CARTESIAN_POINT('Ctrl Pts',(-8.84742869312326,3.85599104772032,-7.27113710222443));
#3942=CARTESIAN_POINT('Ctrl Pts',(-8.7551325410269,4.06776115149299,-7.28255562385946));
#3943=CARTESIAN_POINT('Ctrl Pts',(-8.65521142726012,4.27625625587632,-7.29397414549449));
#3944=CARTESIAN_POINT('Ctrl Pts',(-8.54793147750378,4.48090715100192,-7.30539266712952));
#3945=CARTESIAN_POINT('Ctrl Pts',(-8.44066192903553,4.68553820427521,-7.31681008168598));
#3946=CARTESIAN_POINT('Ctrl Pts',(-8.32603511659163,4.88632551209875,-7.32822749624244));
#3947=CARTESIAN_POINT('Ctrl Pts',(-8.20436341804116,5.08272390994317,-7.3396449107989));
#3948=CARTESIAN_POINT('Ctrl Pts',(-8.08266073528089,5.27917232146569,-7.351065232848));
#3949=CARTESIAN_POINT('Ctrl Pts',(-7.95390974762422,5.47122931966728,-7.36248555489711));
#3950=CARTESIAN_POINT('Ctrl Pts',(-7.81846706807506,5.65837734208544,-7.37390587694621));
#3951=CARTESIAN_POINT('Ctrl Pts',(-7.71531008377645,5.80091458126562,-7.38260391796419));
#3952=CARTESIAN_POINT('Ctrl Pts',(-7.6082723166847,5.94060477574895,-7.39130195898218));
#3953=CARTESIAN_POINT('Ctrl Pts',(-7.49752745070991,6.0772315708595,-7.40000000000016));
#3954=CARTESIAN_POINT('Origin',(0.,6.5023935141403E-16,-3.70000000000008));
#3955=CARTESIAN_POINT('Ctrl Pts',(-0.000127155462155035,9.65119999916236,
-1.82483012917122));
#3956=CARTESIAN_POINT('Ctrl Pts',(0.237338101983336,9.65120312778932,-1.83657737506778));
#3957=CARTESIAN_POINT('Ctrl Pts',(0.474829155994271,9.64243775725601,-1.84832462096433));
#3958=CARTESIAN_POINT('Ctrl Pts',(0.711684526545639,9.6249242373473,-1.86007186686088));
#3959=CARTESIAN_POINT('Ctrl Pts',(0.948547112162548,9.60741018394343,-1.87181947060091));
#3960=CARTESIAN_POINT('Ctrl Pts',(1.18477368732241,9.58114746622009,-1.88356707434094));
#3961=CARTESIAN_POINT('Ctrl Pts',(1.41970619826683,9.54620844893944,-1.89531467808097));
#3962=CARTESIAN_POINT('Ctrl Pts',(1.6546312856973,9.51127053567918,-1.90706191061439));
#3963=CARTESIAN_POINT('Ctrl Pts',(1.88826210518922,9.46765691496612,-1.91880914314782));
#3964=CARTESIAN_POINT('Ctrl Pts',(2.11994845724474,9.41549148895721,-1.93055637568124));
#3965=CARTESIAN_POINT('Ctrl Pts',(2.35168798521968,9.36331409010455,-1.94230630440235));
#3966=CARTESIAN_POINT('Ctrl Pts',(2.58148187187527,9.3025810264456,-1.95405623312347));
#3967=CARTESIAN_POINT('Ctrl Pts',(2.808691519267,9.23346702975635,-1.96580616184458));
#3968=CARTESIAN_POINT('Ctrl Pts',(2.9723637765213,9.18368021843099,-1.9742703154509));
#3969=CARTESIAN_POINT('Ctrl Pts',(3.13469527157695,9.12954547444584,-1.98273446905722));
#3970=CARTESIAN_POINT('Ctrl Pts',(3.29545239561557,9.07114408154956,-1.99119862266354));
#3971=CARTESIAN_POINT('Ctrl Pts',(3.52359170199316,8.98826344191059,-2.00321057015494));
#3972=CARTESIAN_POINT('Ctrl Pts',(3.74861088515323,8.896769245618,-2.01522251764633));
#3973=CARTESIAN_POINT('Ctrl Pts',(3.96986921345751,8.79691990801566,-2.02723446513773));
#3974=CARTESIAN_POINT('Ctrl Pts',(4.19110882189168,8.69707901830608,-2.03924539634151));
#3975=CARTESIAN_POINT('Ctrl Pts',(4.40858797212372,8.58888450729073,-2.0512563275453));
#3976=CARTESIAN_POINT('Ctrl Pts',(4.62168726145846,8.47264234446802,-2.06326725874909));
#3977=CARTESIAN_POINT('Ctrl Pts',(4.83478050912666,8.3564034772752,-2.07527784942597));
#3978=CARTESIAN_POINT('Ctrl Pts',(5.04349391297348,8.23211753821647,-2.08728844010286));
#3979=CARTESIAN_POINT('Ctrl Pts',(5.24723282269982,8.10013636578926,-2.09929903077974));
#3980=CARTESIAN_POINT('Ctrl Pts',(5.45094992759854,7.96816931843378,-2.11130833604257));
#3981=CARTESIAN_POINT('Ctrl Pts',(5.64969338218438,7.82850882603703,-2.12331764130539));
#3982=CARTESIAN_POINT('Ctrl Pts',(5.84289681361467,7.68155051180759,-2.13532694656821));
#3983=CARTESIAN_POINT('Ctrl Pts',(6.03608982328491,7.53460012478876,-2.1473356040263));
#3984=CARTESIAN_POINT('Ctrl Pts',(6.22374319755499,7.38035286039446,-2.15934426148439));
#3985=CARTESIAN_POINT('Ctrl Pts',(6.40532197264291,7.21924593477587,-2.17135291894248));
#3986=CARTESIAN_POINT('Ctrl Pts',(6.50091257058907,7.13443256743328,-2.17767477427162));
#3987=CARTESIAN_POINT('Ctrl Pts',(6.59482019262752,7.04771879062253,-2.18399662960077));
#3988=CARTESIAN_POINT('Ctrl Pts',(6.68697056990716,6.95917279834288,-2.19031848492991));
#3989=CARTESIAN_POINT('Ctrl Pts',(6.85764498871796,6.79517416679639,-2.2020273787615));
#3990=CARTESIAN_POINT('Ctrl Pts',(7.02230865486642,6.62486930306199,-2.21373627259308));
#3991=CARTESIAN_POINT('Ctrl Pts',(7.18050015372522,6.44872692725875,-2.22544516642466));
#3992=CARTESIAN_POINT('Ctrl Pts',(7.33867255073943,6.27260582089359,-2.23715264639095));
#3993=CARTESIAN_POINT('Ctrl Pts',(7.49037414521165,6.09064882693144,-2.24886012635724));
#3994=CARTESIAN_POINT('Ctrl Pts',(7.63518205759375,5.90335975419069,-2.26056760632353));
#3995=CARTESIAN_POINT('Ctrl Pts',(7.78000708063457,5.71604855117162,-2.27227646965824));
#3996=CARTESIAN_POINT('Ctrl Pts',(7.91793661237439,5.52340423967072,-2.28398533299296));
#3997=CARTESIAN_POINT('Ctrl Pts',(8.04858884307317,5.32596273692917,-2.29569419632768));
#3998=CARTESIAN_POINT('Ctrl Pts',(8.1792443376379,5.1285163018371,-2.30740335216533));
#3999=CARTESIAN_POINT('Ctrl Pts',(8.30262200953066,4.92627268187406,-2.31911250800297));
#4000=CARTESIAN_POINT('Ctrl Pts',(8.41838377549462,4.71979618717684,-2.33082166384062));
#4001=CARTESIAN_POINT('Ctrl Pts',(8.53418315021706,4.51325261226054,-2.3425346237565));
#4002=CARTESIAN_POINT('Ctrl Pts',(8.64236153187164,4.30247366988285,-2.35424758367238));
#4003=CARTESIAN_POINT('Ctrl Pts',(8.74262651456386,4.08804880925424,-2.36596054358826));
#4004=CARTESIAN_POINT('Ctrl Pts',(8.80961788108765,3.94478229641517,-2.37378647812426));
#4005=CARTESIAN_POINT('Ctrl Pts',(8.87307753780931,3.79988869244195,-2.38161241266027));
#4006=CARTESIAN_POINT('Ctrl Pts',(8.93293013725193,3.65354904209267,-2.38943834719627));
#4007=CARTESIAN_POINT('Ctrl Pts',(9.02430809594829,3.43012986481737,-2.40138633156874));
#4008=CARTESIAN_POINT('Ctrl Pts',(9.1073093672462,3.20325852459857,-2.4133343159412));
#4009=CARTESIAN_POINT('Ctrl Pts',(9.18169444905498,2.97357503422951,-2.42528230031366));
#4010=CARTESIAN_POINT('Ctrl Pts',(9.25606748731296,2.74392873148887,-2.43722835021011));
#4011=CARTESIAN_POINT('Ctrl Pts',(9.32182703881073,2.51147144386995,-2.44917440010656));
#4012=CARTESIAN_POINT('Ctrl Pts',(9.37878307032315,2.27685958280697,-2.461120450003));
#4013=CARTESIAN_POINT('Ctrl Pts',(9.43573143854244,2.04227928818942,-2.47306489258799));
#4014=CARTESIAN_POINT('Ctrl Pts',(9.48387858863928,1.80554526061772,-2.48500933517298));
#4015=CARTESIAN_POINT('Ctrl Pts',(9.52308506346017,1.5673264861227,-2.49695377775797));
#4016=CARTESIAN_POINT('Ctrl Pts',(9.56228898353628,1.32912323427217,-2.50889744202758));
#4017=CARTESIAN_POINT('Ctrl Pts',(9.59255334669664,1.0894356941346,-2.52084110629719));
#4018=CARTESIAN_POINT('Ctrl Pts',(9.61379007338337,0.848941614550401,-2.5327847705668));
#4019=CARTESIAN_POINT('Ctrl Pts',(9.63502462928226,0.608472117927134,-2.54472721397213));
#4020=CARTESIAN_POINT('Ctrl Pts',(9.64723336881639,0.367196514765595,-2.55666965737746));
#4021=CARTESIAN_POINT('Ctrl Pts',(9.65038012178292,0.125797238034494,-2.56861210078278));
#4022=CARTESIAN_POINT('Ctrl Pts',(9.65352677886316,-0.115594682898514,-2.58055418028395));
#4023=CARTESIAN_POINT('Ctrl Pts',(9.64761199685972,-0.357110000672893,-2.59249625978511));
#4024=CARTESIAN_POINT('Ctrl Pts',(9.63265171786789,-0.598065483251403,-2.60443833928627));
#4025=CARTESIAN_POINT('Ctrl Pts',(9.62888939395162,-0.658662787309485,-2.60744162360615));
#4026=CARTESIAN_POINT('Ctrl Pts',(9.62455523595254,-0.719224691073923,-2.61044490792603));
#4027=CARTESIAN_POINT('Ctrl Pts',(9.61965001581058,-0.779740349934152,-2.61344819224591));
#4028=CARTESIAN_POINT('Ctrl Pts',(9.60050328482735,-1.01595340601258,-2.6251710253247));
#4029=CARTESIAN_POINT('Ctrl Pts',(9.57265170072782,-1.25146228705888,-2.6368938584035));
#4030=CARTESIAN_POINT('Ctrl Pts',(9.53617410420848,-1.4856126326279,-2.64861669148229));
#4031=CARTESIAN_POINT('Ctrl Pts',(9.49969247629149,-1.71978885581064,-2.66034082013443));
#4032=CARTESIAN_POINT('Ctrl Pts',(9.45458297702681,-1.95260595600481,-2.67206494878656));
#4033=CARTESIAN_POINT('Ctrl Pts',(9.40097590312233,-2.18341785027815,-2.6837890774387));
#4034=CARTESIAN_POINT('Ctrl Pts',(9.39437787451866,-2.21182647939297,-2.68523209849106));
#4035=CARTESIAN_POINT('Ctrl Pts',(9.387651179438,-2.24020474535379,-2.68667511954343));
#4036=CARTESIAN_POINT('Ctrl Pts',(9.38079611402159,-2.26855145569973,-2.6881181405958));
#4037=CARTESIAN_POINT('Ctrl Pts',(9.32474465897424,-2.50033252038413,-2.69991721540193));
#4038=CARTESIAN_POINT('Ctrl Pts',(9.26009044364566,-2.73006931940081,-2.71171629020806));
#4039=CARTESIAN_POINT('Ctrl Pts',(9.18700797740822,-2.95711783042843,-2.72351536501419));
#4040=CARTESIAN_POINT('Ctrl Pts',(9.11393264053529,-3.18414419234587,-2.73531328879313));
#4041=CARTESIAN_POINT('Ctrl Pts',(9.03243077873439,-3.40848251884188,-2.74711121257208));
#4042=CARTESIAN_POINT('Ctrl Pts',(8.94272668704552,-3.62950421418738,-2.75890913635103));
#4043=CARTESIAN_POINT('Ctrl Pts',(8.85302976229582,-3.85050825092869,-2.77070611753081));
#4044=CARTESIAN_POINT('Ctrl Pts',(8.75513202278071,-4.06819592247126,-2.78250309871059));
#4045=CARTESIAN_POINT('Ctrl Pts',(8.64930614412027,-4.28195804104656,-2.79430007989037));
#4046=CARTESIAN_POINT('Ctrl Pts',(8.54348138756253,-4.49571789303969,-2.80609693598332));
#4047=CARTESIAN_POINT('Ctrl Pts',(8.42972878621789,-4.70555202097444,-2.81789379207626));
#4048=CARTESIAN_POINT('Ctrl Pts',(8.3083677115895,-4.9108744037103,-2.82969064816921));
#4049=CARTESIAN_POINT('Ctrl Pts',(8.18699951399885,-5.11620883729185,-2.84148819664693));
#4050=CARTESIAN_POINT('Ctrl Pts',(8.05802209701916,-5.31703075315365,-2.85328574512465));
#4051=CARTESIAN_POINT('Ctrl Pts',(7.92179954886635,-5.51278090872301,-2.86508329360237));
#4052=CARTESIAN_POINT('Ctrl Pts',(7.78553313603948,-5.70859409729893,-2.87688464097848));
#4053=CARTESIAN_POINT('Ctrl Pts',(7.6420170908745,-5.89933202788067,-2.8886859883546));
#4054=CARTESIAN_POINT('Ctrl Pts',(7.49165819802891,-6.08446537371248,-2.90048733573071));
#4055=CARTESIAN_POINT('Ctrl Pts',(7.3412780145319,-6.26962493421946,-2.91229035416444));
#4056=CARTESIAN_POINT('Ctrl Pts',(7.1840532312662,-6.44917810782286,-2.92409337259817));
#4057=CARTESIAN_POINT('Ctrl Pts',(7.02043051546386,-6.62262914691316,-2.93589639103189));
#4058=CARTESIAN_POINT('Ctrl Pts',(6.8567396873373,-6.79615238962968,-2.94770432278719));
#4059=CARTESIAN_POINT('Ctrl Pts',(6.68664580098736,-6.96356821655279,-2.95951225454249));
#4060=CARTESIAN_POINT('Ctrl Pts',(6.51063291207821,-7.12441720593088,-2.97132018629778));
#4061=CARTESIAN_POINT('Ctrl Pts',(6.43372745726722,-7.19469708577761,-2.9764794355303));
#4062=CARTESIAN_POINT('Ctrl Pts',(6.35569247010287,-7.26372379358164,-2.98163868476282));
#4063=CARTESIAN_POINT('Ctrl Pts',(6.27657037771492,-7.3314613641205,-2.98679793399534));
#4064=CARTESIAN_POINT('Ctrl Pts',(6.09818782719421,-7.48417725211234,-2.99842957831987));
#4065=CARTESIAN_POINT('Ctrl Pts',(5.91415273758237,-7.63044462269482,-3.01006122264439));
#4066=CARTESIAN_POINT('Ctrl Pts',(5.7249601876585,-7.76984506214411,-3.02169286696892));
#4067=CARTESIAN_POINT('Ctrl Pts',(5.53586321367404,-7.90917507953946,-3.03331863524107));
#4068=CARTESIAN_POINT('Ctrl Pts',(5.34161422017792,-8.04164491104201,-3.04494440351321));
#4069=CARTESIAN_POINT('Ctrl Pts',(5.14274040204445,-8.16687716310094,-3.05657017178536));
#4070=CARTESIAN_POINT('Ctrl Pts',(4.9439264520793,-8.2920717157502,-3.06819244028334));
#4071=CARTESIAN_POINT('Ctrl Pts',(4.74049070842922,-8.41003287549441,-3.07981470878131));
#4072=CARTESIAN_POINT('Ctrl Pts',(4.53298915972973,-8.52042667463154,-3.09143697727929));
#4073=CARTESIAN_POINT('Ctrl Pts',(4.32552787127455,-8.63079905474144,-3.10305699078027));
#4074=CARTESIAN_POINT('Ctrl Pts',(4.11400261647443,-8.73360686280441,-3.11467700428125));
#4075=CARTESIAN_POINT('Ctrl Pts',(3.89899451263746,-8.82856178720085,-3.12629701778223));
#4076=CARTESIAN_POINT('Ctrl Pts',(3.68400512628485,-8.92350844531671,-3.13791601970542));
#4077=CARTESIAN_POINT('Ctrl Pts',(3.46553377054206,-9.01060346319854,-3.14953502162862));
#4078=CARTESIAN_POINT('Ctrl Pts',(3.24418285214369,-9.08960610047855,-3.16115402355181));
#4079=CARTESIAN_POINT('Ctrl Pts',(3.02278751868168,-9.1686245899953,-3.17277535688034));
#4080=CARTESIAN_POINT('Ctrl Pts',(2.79851174974304,-9.2395473505988,-3.18439669020886));
#4081=CARTESIAN_POINT('Ctrl Pts',(2.57197559286025,-9.30218270029842,-3.19601802353738));
#4082=CARTESIAN_POINT('Ctrl Pts',(2.34541984888234,-9.36482346566575,-3.20764036168634));
#4083=CARTESIAN_POINT('Ctrl Pts',(2.11660361728654,-9.41917531400794,-3.2192626998353));
#4084=CARTESIAN_POINT('Ctrl Pts',(1.8861600762545,-9.46509702046121,-3.23088503798426));
#4085=CARTESIAN_POINT('Ctrl Pts',(1.65561738259205,-9.51103848558494,-3.24251237686093));
#4086=CARTESIAN_POINT('Ctrl Pts',(1.42344627523238,-9.54854250408802,-3.25413971573759));
#4087=CARTESIAN_POINT('Ctrl Pts',(1.19028932009253,-9.57751913464409,-3.26576705461425));
#4088=CARTESIAN_POINT('Ctrl Pts',(1.05854004372372,-9.59389286926023,-3.27233727887446));
#4089=CARTESIAN_POINT('Ctrl Pts',(0.92647611616772,-9.60754474092006,-3.27890750313466));
#4090=CARTESIAN_POINT('Ctrl Pts',(0.794214133954947,-9.61846585217342,-3.28547772739487));
#4091=CARTESIAN_POINT('Ctrl Pts',(0.55795213630217,-9.63797443293216,-3.29721423914807));
#4092=CARTESIAN_POINT('Ctrl Pts',(0.320908467583317,-9.64877875872858,-3.30895075090128));
#4093=CARTESIAN_POINT('Ctrl Pts',(0.0837416394101981,-9.65083668796799,
-3.32068726265449));
#4094=CARTESIAN_POINT('Ctrl Pts',(-0.153355747966317,-9.65289401466004,
-3.33242033803874));
#4095=CARTESIAN_POINT('Ctrl Pts',(-0.390575932727084,-9.64621005299846,
-3.344153413423));
#4096=CARTESIAN_POINT('Ctrl Pts',(-0.627259000013386,-9.63079475364843,
-3.35588648880725));
#4097=CARTESIAN_POINT('Ctrl Pts',(-0.863897717294219,-9.61538234283885,
-3.36761736563136));
#4098=CARTESIAN_POINT('Ctrl Pts',(-1.09999922835883,-9.59124187817004,-3.37934824245548));
#4099=CARTESIAN_POINT('Ctrl Pts',(-1.33490635904704,-9.55843535588204,-3.39107911927959));
#4100=CARTESIAN_POINT('Ctrl Pts',(-1.56978950647466,-9.52563218303418,-3.40280879841901));
#4101=CARTESIAN_POINT('Ctrl Pts',(-1.80347822946593,-9.48416475884123,-3.41453847755842));
#4102=CARTESIAN_POINT('Ctrl Pts',(-2.0353222609041,-9.434146741188,-3.42626815669784));
#4103=CARTESIAN_POINT('Ctrl Pts',(-2.26716238922294,-9.38412956559351,-3.43799763836684));
#4104=CARTESIAN_POINT('Ctrl Pts',(-2.49715760438558,-9.32556214583145,-3.44972712003584));
#4105=CARTESIAN_POINT('Ctrl Pts',(-2.72466866752673,-9.25860907978073,-3.46145660170484));
#4106=CARTESIAN_POINT('Ctrl Pts',(-2.95223637823136,-9.19163934320855,-3.47318900387602));
#4107=CARTESIAN_POINT('Ctrl Pts',(-3.17731842168836,-9.11627986805151,-3.48492140604721));
#4108=CARTESIAN_POINT('Ctrl Pts',(-3.39929029922561,-9.03274525831381,-3.4966538082184));
#4109=CARTESIAN_POINT('Ctrl Pts',(-3.62128584262894,-8.94920174240787,-3.50838746125731));
#4110=CARTESIAN_POINT('Ctrl Pts',(-3.84017028783217,-8.85748145809847,-3.52012111429623));
#4111=CARTESIAN_POINT('Ctrl Pts',(-4.05533826109388,-8.75784751112441,-3.53185476733515));
#4112=CARTESIAN_POINT('Ctrl Pts',(-4.27059280035551,-8.65817347959634,-3.54359314103668));
#4113=CARTESIAN_POINT('Ctrl Pts',(-4.48212761708136,-8.5505795470987,-3.55533151473822));
#4114=CARTESIAN_POINT('Ctrl Pts',(-4.68935991562075,-8.43537580797497,-3.56706988843975));
#4115=CARTESIAN_POINT('Ctrl Pts',(-4.78991641573706,-8.37947484616426,-3.5727657658913));
#4116=CARTESIAN_POINT('Ctrl Pts',(-4.88946024633115,-8.32178281550815,-3.57846164334285));
#4117=CARTESIAN_POINT('Ctrl Pts',(-4.98792707319567,-8.262338951682,-3.5841575207944));
#4118=CARTESIAN_POINT('Ctrl Pts',(-5.19055812901941,-8.14001173476146,-3.5958788456162));
#4119=CARTESIAN_POINT('Ctrl Pts',(-5.38875019099293,-8.01018839877394,-3.60760017043799));
#4120=CARTESIAN_POINT('Ctrl Pts',(-5.58194510788486,-7.87321727456827,-3.61932149525979));
#4121=CARTESIAN_POINT('Ctrl Pts',(-5.77506719367814,-7.73629778607652,-3.63103840134749));
#4122=CARTESIAN_POINT('Ctrl Pts',(-5.96319565637108,-7.59223605613042,-3.6427553074352));
#4123=CARTESIAN_POINT('Ctrl Pts',(-6.14580156596253,-7.44142355680769,-3.65447221352291));
#4124=CARTESIAN_POINT('Ctrl Pts',(-6.3283643002076,-7.29064671559654,-3.66618634926502));
#4125=CARTESIAN_POINT('Ctrl Pts',(-6.50540686191102,-7.13312247576733,-3.67790048500712));
#4126=CARTESIAN_POINT('Ctrl Pts',(-6.67643284703174,-6.96928302475051,-3.68961462074923));
#4127=CARTESIAN_POINT('Ctrl Pts',(-6.84743363447844,-6.80546771259818,-3.70132703061924));
#4128=CARTESIAN_POINT('Ctrl Pts',(-7.01241940375372,-6.63533924809853,-3.71303944048926));
#4129=CARTESIAN_POINT('Ctrl Pts',(-7.17092945441593,-6.45936778638514,-3.72475185035928));
#4130=CARTESIAN_POINT('Ctrl Pts',(-7.32943027021964,-6.28340657683899,-3.73646357785965));
#4131=CARTESIAN_POINT('Ctrl Pts',(-7.48145592552865,-6.10160326678206,-3.74817530536001));
#4132=CARTESIAN_POINT('Ctrl Pts',(-7.6265843658296,-5.9144629807687,-3.75988703286038));
#4133=CARTESIAN_POINT('Ctrl Pts',(-7.77174133510142,-5.72728590720526,-3.77160106262164));
#4134=CARTESIAN_POINT('Ctrl Pts',(-7.90999819915728,-5.53476999053538,-3.7833150923829));
#4135=CARTESIAN_POINT('Ctrl Pts',(-8.04097405074547,-5.33745236561771,-3.79502912214416));
#4136=CARTESIAN_POINT('Ctrl Pts',(-8.17196013859835,-5.14011931957152,-3.80674406740173));
#4137=CARTESIAN_POINT('Ctrl Pts',(-8.29566391976176,-4.93798406154194,-3.81845901265931));
#4138=CARTESIAN_POINT('Ctrl Pts',(-8.41174830456026,-4.73161197698285,-3.83017395791688));
#4139=CARTESIAN_POINT('Ctrl Pts',(-8.52787554601329,-4.52516370287297,-3.84189322816065));
#4140=CARTESIAN_POINT('Ctrl Pts',(-8.63637762833589,-4.31447573200249,-3.85361249840442));
#4141=CARTESIAN_POINT('Ctrl Pts',(-8.73696322027819,-4.10013842784681,-3.86533176864819));
#4142=CARTESIAN_POINT('Ctrl Pts',(-8.78704613569205,-3.99341700913487,-3.87116695049677));
#4143=CARTESIAN_POINT('Ctrl Pts',(-8.83516714211353,-3.8857912099689,-3.87700213234536));
#4144=CARTESIAN_POINT('Ctrl Pts',(-8.88129468869582,-3.77733584587649,-3.88283731419394));
#4145=CARTESIAN_POINT('Ctrl Pts',(-8.97346145260236,-3.56063279797276,-3.89449650414957));
#4146=CARTESIAN_POINT('Ctrl Pts',(-9.05772499610173,-3.34047931084227,-3.90615569410521));
#4147=CARTESIAN_POINT('Ctrl Pts',(-9.13383773481521,-3.11747809520222,-3.91781488406084));
#4148=CARTESIAN_POINT('Ctrl Pts',(-9.20992130625564,-2.89456233618164,-3.92946960608137));
#4149=CARTESIAN_POINT('Ctrl Pts',(-9.27786021009273,-2.66880130751218,-3.9411243281019));
#4150=CARTESIAN_POINT('Ctrl Pts',(-9.33745575918545,-2.44081572128141,-3.95277905012243));
#4151=CARTESIAN_POINT('Ctrl Pts',(-9.39703759763984,-2.21288258574478,-3.96443109084073));
#4152=CARTESIAN_POINT('Ctrl Pts',(-9.44827983571779,-1.98272620120762,-3.97608313155904));
#4153=CARTESIAN_POINT('Ctrl Pts',(-9.49103397075501,-1.75098132656357,-3.98773517227734));
#4154=CARTESIAN_POINT('Ctrl Pts',(-9.5337825987646,-1.51926630225861,-3.99938571213239));
#4155=CARTESIAN_POINT('Ctrl Pts',(-9.56804525158482,-1.28596348848554,-4.01103625198744));
#4156=CARTESIAN_POINT('Ctrl Pts',(-9.59372459695827,-1.05171754654844,-4.02268679184249));
#4157=CARTESIAN_POINT('Ctrl Pts',(-9.61940323406334,-0.817478065406639,
-4.03433701036112));
#4158=CARTESIAN_POINT('Ctrl Pts',(-9.63649900449171,-0.582295803625919,
-4.04598722887974));
#4159=CARTESIAN_POINT('Ctrl Pts',(-9.64496638437067,-0.346821112909486,
-4.05763744739837));
#4160=CARTESIAN_POINT('Ctrl Pts',(-9.65343609097071,-0.111281716943758,
-4.06929086723894));
#4161=CARTESIAN_POINT('Ctrl Pts',(-9.6532726562078,0.124549971291032,-4.08094428707951));
#4162=CARTESIAN_POINT('Ctrl Pts',(-9.6444826594049,0.360021766617111,-4.09259770692007));
#4163=CARTESIAN_POINT('Ctrl Pts',(-9.63569154680457,0.595523452605249,-4.10425260603944));
#4164=CARTESIAN_POINT('Ctrl Pts',(-9.61827170214613,0.830664857452171,-4.1159075051588));
#4165=CARTESIAN_POINT('Ctrl Pts',(-9.59228176216516,1.06479671075455,-4.12756240427817));
#4166=CARTESIAN_POINT('Ctrl Pts',(-9.5662794672428,1.29903986424949,-4.13922284383339));
#4167=CARTESIAN_POINT('Ctrl Pts',(-9.53169897132392,1.53227221175529,-4.15088328338862));
#4168=CARTESIAN_POINT('Ctrl Pts',(-9.48865061638728,1.76385116155907,-4.16254372294384));
#4169=CARTESIAN_POINT('Ctrl Pts',(-9.46530178255536,1.88945638911998,-4.16886818449372));
#4170=CARTESIAN_POINT('Ctrl Pts',(-9.43946274006941,2.01457537347006,-4.17519264604359));
#4171=CARTESIAN_POINT('Ctrl Pts',(-9.41115735477217,2.13910698276586,-4.18151710759347));
#4172=CARTESIAN_POINT('Ctrl Pts',(-9.35858459495697,2.37040467810403,-4.19326379093766));
#4173=CARTESIAN_POINT('Ctrl Pts',(-9.29746537688754,2.59983073655532,-4.20501047428186));
#4174=CARTESIAN_POINT('Ctrl Pts',(-9.22795659266321,2.82674345562585,-4.21675715762606));
#4175=CARTESIAN_POINT('Ctrl Pts',(-9.15847286408246,3.05357438008185,-4.22849960667506));
#4176=CARTESIAN_POINT('Ctrl Pts',(-9.08060569023701,3.27789349677665,-4.24024205572406));
#4177=CARTESIAN_POINT('Ctrl Pts',(-8.99456208012695,3.4990733668705,-4.25198450477306));
#4178=CARTESIAN_POINT('Ctrl Pts',(-8.90853834096292,3.72020215759589,-4.26372424201614));
#4179=CARTESIAN_POINT('Ctrl Pts',(-8.81434203862046,3.93819287869597,-4.27546397925921));
#4180=CARTESIAN_POINT('Ctrl Pts',(-8.71222903265858,4.15243623942632,-4.28720371650229));
#4181=CARTESIAN_POINT('Ctrl Pts',(-8.61013106903517,4.36664803981703,-4.29894172435645));
#4182=CARTESIAN_POINT('Ctrl Pts',(-8.50011885403974,4.57711332028454,-4.3106797322106));
#4183=CARTESIAN_POINT('Ctrl Pts',(-8.38249549256281,4.78324479377381,-4.32241774006476));
#4184=CARTESIAN_POINT('Ctrl Pts',(-8.26487962565855,4.9893631332454,-4.33415500001177));
#4185=CARTESIAN_POINT('Ctrl Pts',(-8.13965372426548,5.19114796570207,-4.34589225995877));
#4186=CARTESIAN_POINT('Ctrl Pts',(-8.00716622561786,5.38803772029527,-4.35762951990578));
#4187=CARTESIAN_POINT('Ctrl Pts',(-7.87465561256022,5.58496182522764,-4.36936882759194));
#4188=CARTESIAN_POINT('Ctrl Pts',(-7.73488103039928,5.77698890402929,-4.38110813527811));
#4189=CARTESIAN_POINT('Ctrl Pts',(-7.58823422560305,5.96358640227393,-4.39284744296427));
#4190=CARTESIAN_POINT('Ctrl Pts',(-7.44157813963325,6.15019571014354,-4.404587493623));
#4191=CARTESIAN_POINT('Ctrl Pts',(-7.28804914456135,6.33137452590675,-4.41632754428172));
#4192=CARTESIAN_POINT('Ctrl Pts',(-7.12807959490396,6.50662298959405,-4.42806759494045));
#4193=CARTESIAN_POINT('Ctrl Pts',(-6.96805672217908,6.68192986930913,-4.4398115589409));
#4194=CARTESIAN_POINT('Ctrl Pts',(-6.80158920132722,6.85130223380326,-4.45155552294136));
#4195=CARTESIAN_POINT('Ctrl Pts',(-6.62914749688359,7.01427579330625,-4.46329948694181));
#4196=CARTESIAN_POINT('Ctrl Pts',(-6.54644348315743,7.09243883133481,-4.46893195829221));
#4197=CARTESIAN_POINT('Ctrl Pts',(-6.46236581558307,7.1691305581543,-4.47456442964261));
#4198=CARTESIAN_POINT('Ctrl Pts',(-6.37696925440017,7.24430290424378,-4.48019690099301));
#4199=CARTESIAN_POINT('Ctrl Pts',(-6.19949445643852,7.40052929965987,-4.49190254465231));
#4200=CARTESIAN_POINT('Ctrl Pts',(-6.01622519866841,7.55027518101909,-4.50360818831162));
#4201=CARTESIAN_POINT('Ctrl Pts',(-5.82766159314387,7.69311522049396,-4.51531383197093));
#4202=CARTESIAN_POINT('Ctrl Pts',(-5.63915342068136,7.83591326851059,-4.52701603445892));
#4203=CARTESIAN_POINT('Ctrl Pts',(-5.4453542395804,7.97180934872256,-4.5387182369469));
#4204=CARTESIAN_POINT('Ctrl Pts',(-5.24679644800744,8.10041903071541,-4.55042043943489));
#4205=CARTESIAN_POINT('Ctrl Pts',(-5.04827876598161,8.2290027329869,-4.56212027802651));
#4206=CARTESIAN_POINT('Ctrl Pts',(-4.8450046378395,8.35030281528274,-4.57382011661813));
#4207=CARTESIAN_POINT('Ctrl Pts',(-4.63753534174845,8.46397822504489,-4.58551995520976));
#4208=CARTESIAN_POINT('Ctrl Pts',(-4.43007019879876,8.57765135924119,-4.59721955959282));
#4209=CARTESIAN_POINT('Ctrl Pts',(-4.21841031101797,8.68369998185171,-4.60891916397589));
#4210=CARTESIAN_POINT('Ctrl Pts',(-4.00314239798613,8.78182853291077,-4.62061876835896));
#4211=CARTESIAN_POINT('Ctrl Pts',(-3.78788283284409,8.87995327863575,-4.63231791904223));
#4212=CARTESIAN_POINT('Ctrl Pts',(-3.56901578940787,8.97015844632879,-4.64401706972551));
#4213=CARTESIAN_POINT('Ctrl Pts',(-3.34714947310498,9.05219596808935,-4.65571622040878));
#4214=CARTESIAN_POINT('Ctrl Pts',(-3.12524331652767,9.13424822123155,-4.66741747189483));
#4215=CARTESIAN_POINT('Ctrl Pts',(-2.90033708614588,9.2081297967286,-4.67911872338088));
#4216=CARTESIAN_POINT('Ctrl Pts',(-2.6730567999833,9.2736416139542,-4.69081997486694));
#4217=CARTESIAN_POINT('Ctrl Pts',(-2.58638375800892,9.29862446037736,-4.69528223192551));
#4218=CARTESIAN_POINT('Ctrl Pts',(-2.49936562388266,9.32239063552912,-4.69974448898408));
#4219=CARTESIAN_POINT('Ctrl Pts',(-2.41203765439727,9.34493102134894,-4.70420674604265));
#4220=CARTESIAN_POINT('Ctrl Pts',(-2.16473932802155,9.408761655703,-4.71684311797419));
#4221=CARTESIAN_POINT('Ctrl Pts',(-1.91495468829129,9.46275904169281,-4.72947948990572));
#4222=CARTESIAN_POINT('Ctrl Pts',(-1.66343553623531,9.50676830772632,-4.74211586183726));
#4223=CARTESIAN_POINT('Ctrl Pts',(-1.41953500626068,9.5494445143755,-4.75436947268902));
#4224=CARTESIAN_POINT('Ctrl Pts',(-1.17400365314449,9.58272874141813,-4.76662308354078));
#4225=CARTESIAN_POINT('Ctrl Pts',(-0.927534665396553,9.60652595293885,-4.77887669439254));
#4226=CARTESIAN_POINT('Ctrl Pts',(-0.68398674938364,9.63004112750807,-4.79098507936157));
#4227=CARTESIAN_POINT('Ctrl Pts',(-0.439516842782361,9.64429285295132,-4.80309346433059));
#4228=CARTESIAN_POINT('Ctrl Pts',(-0.194825527125193,9.64923336094533,-4.81520184929963));
#4229=CARTESIAN_POINT('Ctrl Pts',(-0.129968087356382,9.65054288310303,-4.81841127602863));
#4230=CARTESIAN_POINT('Ctrl Pts',(-0.0650951132753313,9.65119852076386,
-4.82162070275764));
#4231=CARTESIAN_POINT('Ctrl Pts',(-0.000219686765818132,9.65119999749967,
-4.82483012948665));
#4232=CARTESIAN_POINT('Ctrl Pts',(0.000389649155979191,9.65119999213432,
-2.47516987169541));
#4233=CARTESIAN_POINT('Ctrl Pts',(0.246405654040567,9.65119005969807,-2.48733265785475));
#4234=CARTESIAN_POINT('Ctrl Pts',(0.492374086353852,9.6417688145083,-2.49949544401409));
#4235=CARTESIAN_POINT('Ctrl Pts',(0.737574942006874,9.62297483343501,-2.51165823017344));
#4236=CARTESIAN_POINT('Ctrl Pts',(0.97895027122028,9.60447406859586,-2.52363125737004));
#4237=CARTESIAN_POINT('Ctrl Pts',(1.21958153187816,9.5768909185522,-2.53560428456664));
#4238=CARTESIAN_POINT('Ctrl Pts',(1.45878751645912,9.54031448233354,-2.54757731176324));
#4239=CARTESIAN_POINT('Ctrl Pts',(1.70368021820487,9.50286850328954,-2.55983497740395));
#4240=CARTESIAN_POINT('Ctrl Pts',(1.94707874827809,9.4559963987087,-2.57209264304467));
#4241=CARTESIAN_POINT('Ctrl Pts',(2.18826253225471,9.39984938868332,-2.58435030868538));
#4242=CARTESIAN_POINT('Ctrl Pts',(2.42944631623132,9.34370237865794,-2.59660797432609));
#4243=CARTESIAN_POINT('Ctrl Pts',(2.66841506745504,9.27828054685382,-2.60886563996681));
#4244=CARTESIAN_POINT('Ctrl Pts',(2.90446303258663,9.20379030249699,-2.62112330560752));
#4245=CARTESIAN_POINT('Ctrl Pts',(3.1301809863,9.13255992557568,-2.63284454711105));
#4246=CARTESIAN_POINT('Ctrl Pts',(3.3533478596432,9.05299972630384,-2.64456578861458));
#4247=CARTESIAN_POINT('Ctrl Pts',(3.57333923320651,8.96531695839177,-2.65628703011812));
#4248=CARTESIAN_POINT('Ctrl Pts',(3.79324760741892,8.87766727183515,-2.66800384937808));
#4249=CARTESIAN_POINT('Ctrl Pts',(4.00998260210991,8.78190124103948,-2.67972066863804));
#4250=CARTESIAN_POINT('Ctrl Pts',(4.22293805064008,8.67827492422636,-2.69143748789801));
#4251=CARTESIAN_POINT('Ctrl Pts',(4.43584311167966,8.57467312648567,-2.70315153483576));
#4252=CARTESIAN_POINT('Ctrl Pts',(4.64497014866546,8.46321488149847,-2.71486558177351));
#4253=CARTESIAN_POINT('Ctrl Pts',(4.84973503026263,8.34420347164686,-2.72657962871126));
#4254=CARTESIAN_POINT('Ctrl Pts',(5.05446971257244,8.22520961392498,-2.73829194802919));
#4255=CARTESIAN_POINT('Ctrl Pts',(5.25484327115585,8.09866496122733,-2.75000426734711));
#4256=CARTESIAN_POINT('Ctrl Pts',(5.45029734488895,7.96491809702375,-2.76171658666504));
#4257=CARTESIAN_POINT('Ctrl Pts',(5.64574000593919,7.83117904238134,-2.77342822209347));
#4258=CARTESIAN_POINT('Ctrl Pts',(5.83626351492796,7.69023878092399,-2.78513985752191));
#4259=CARTESIAN_POINT('Ctrl Pts',(6.0213388460927,7.54248897516828,-2.79685149295035));
#4260=CARTESIAN_POINT('Ctrl Pts',(6.20645053221152,7.39471014643381,-2.80856542893373));
#4261=CARTESIAN_POINT('Ctrl Pts',(6.38611167220265,7.24011928078805,-2.82027936491712));
#4262=CARTESIAN_POINT('Ctrl Pts',(6.55982570302741,7.07914883202076,-2.8319933009005));
#4263=CARTESIAN_POINT('Ctrl Pts',(6.73355329734651,6.9181658147709,-2.84370815150145));
#4264=CARTESIAN_POINT('Ctrl Pts',(6.90133264397836,6.75080242132797,-2.8554230021024));
#4265=CARTESIAN_POINT('Ctrl Pts',(7.06270312239184,6.57752887070491,-2.86713785270335));
#4266=CARTESIAN_POINT('Ctrl Pts',(7.22413316650569,6.40419136067304,-2.87885702753565));
#4267=CARTESIAN_POINT('Ctrl Pts',(7.37914941735761,6.22493954899499,-2.89057620236794));
#4268=CARTESIAN_POINT('Ctrl Pts',(7.52732985320879,6.04027869563911,-2.90229537720024));
#4269=CARTESIAN_POINT('Ctrl Pts',(7.60112065290876,5.9483214007092,-2.90813128446918));
#4270=CARTESIAN_POINT('Ctrl Pts',(7.67321690958211,5.8550232688585,-2.91396719173812));
#4271=CARTESIAN_POINT('Ctrl Pts',(7.7435703405621,5.76044961967093,-2.91980309900706));
#4272=CARTESIAN_POINT('Ctrl Pts',(7.8841251131701,5.57150676967619,-2.93146229753827));
#4273=CARTESIAN_POINT('Ctrl Pts',(8.0178100331632,5.37735125500689,-2.94312149606948));
#4274=CARTESIAN_POINT('Ctrl Pts',(8.14424269072947,5.17851063863923,-2.95478069460069));
#4275=CARTESIAN_POINT('Ctrl Pts',(8.27062690236651,4.97974621317518,-2.96643542560968));
#4276=CARTESIAN_POINT('Ctrl Pts',(8.38976423766825,4.77630051916783,-2.97809015661867));
#4277=CARTESIAN_POINT('Ctrl Pts',(8.50131557773077,4.56873011764014,-2.98974488762766));
#4278=CARTESIAN_POINT('Ctrl Pts',(8.61284125638448,4.36120746586541,-3.00139693756786));
#4279=CARTESIAN_POINT('Ctrl Pts',(8.71678428072015,4.14956226136978,-3.01304898750805));
#4280=CARTESIAN_POINT('Ctrl Pts',(8.812851004075,3.93437652239517,-3.02470103744824));
#4281=CARTESIAN_POINT('Ctrl Pts',(8.90890535508873,3.7192184969854,-3.03635158673211));
#4282=CARTESIAN_POINT('Ctrl Pts',(8.99708530818445,3.50052111847344,-3.04800213601597));
#4283=CARTESIAN_POINT('Ctrl Pts',(9.07714462205823,3.27888806613453,-3.05965268529984));
#4284=CARTESIAN_POINT('Ctrl Pts',(9.15720172903664,3.05726112327786,-3.07130291342752));
#4285=CARTESIAN_POINT('Ctrl Pts',(9.22913854319946,2.83269894795655,-3.08295314155521));
#4286=CARTESIAN_POINT('Ctrl Pts',(9.29275783943685,2.60582293672937,-3.0946033696829));
#4287=CARTESIAN_POINT('Ctrl Pts',(9.35639461849066,2.37888457914051,-3.10625679933609));
#4288=CARTESIAN_POINT('Ctrl Pts',(9.41170922966515,2.14963140088734,-3.11791022898928));
#4289=CARTESIAN_POINT('Ctrl Pts',(9.45855465781704,1.91869883647424,-3.12956365864247));
#4290=CARTESIAN_POINT('Ctrl Pts',(9.50540603292278,1.68773695553316,-3.14121856768033));
#4291=CARTESIAN_POINT('Ctrl Pts',(9.54378602439841,1.45509555529816,-3.1528734767182));
#4292=CARTESIAN_POINT('Ctrl Pts',(9.5735988994703,1.22141948243058,-3.16452838575606));
#4293=CARTESIAN_POINT('Ctrl Pts',(9.60342594703021,0.987632324290834,-3.17618883532158));
#4294=CARTESIAN_POINT('Ctrl Pts',(9.62467770472844,0.752809806094302,-3.18784928488709));
#4295=CARTESIAN_POINT('Ctrl Pts',(9.63731026523383,0.517602445530088,-3.1995097344526));
#4296=CARTESIAN_POINT('Ctrl Pts',(9.64416190402886,0.390030851803389,-3.20583412043727));
#4297=CARTESIAN_POINT('Ctrl Pts',(9.64847889020038,0.262346102754275,-3.21215850642193));
#4298=CARTESIAN_POINT('Ctrl Pts',(9.65026063126076,0.134652102615243,-3.2184828924066));
#4299=CARTESIAN_POINT('Ctrl Pts',(9.65356994970319,-0.102520469227712,-3.23022949669245));
#4300=CARTESIAN_POINT('Ctrl Pts',(9.64813247452312,-0.339884267662193,-3.2419761009783));
#4301=CARTESIAN_POINT('Ctrl Pts',(9.63394974931037,-0.576778699123464,-3.25372270526415));
#4302=CARTESIAN_POINT('Ctrl Pts',(9.6197721365661,-0.813587736889784,-3.26546507523374));
#4303=CARTESIAN_POINT('Ctrl Pts',(9.59685558319955,-1.04992745652632,-3.27720744520333));
#4304=CARTESIAN_POINT('Ctrl Pts',(9.56525369864278,-1.28513933898257,-3.28894981517292));
#4305=CARTESIAN_POINT('Ctrl Pts',(9.53365911183647,-1.52029690450032,-3.30068947350405));
#4306=CARTESIAN_POINT('Ctrl Pts',(9.49338323483352,-1.75432686569543,-3.31242913183517));
#4307=CARTESIAN_POINT('Ctrl Pts',(9.44453142582253,-1.98657685143331,-3.3241687901663));
#4308=CARTESIAN_POINT('Ctrl Pts',(9.39568681173356,-2.21879263126213,-3.33590671947391));
#4309=CARTESIAN_POINT('Ctrl Pts',(9.33826884622306,-2.44922867554479,-3.34764464878153));
#4310=CARTESIAN_POINT('Ctrl Pts',(9.27243398297481,-2.6772428861375,-3.35938257808915));
#4311=CARTESIAN_POINT('Ctrl Pts',(9.20660331137452,-2.90524257926555,-3.37111976005311));
#4312=CARTESIAN_POINT('Ctrl Pts',(9.13235689257517,-3.13082046843978,-3.38285694201707));
#4313=CARTESIAN_POINT('Ctrl Pts',(9.0499012897007,-3.35334878691043,-3.39459412398103));
#4314=CARTESIAN_POINT('Ctrl Pts',(8.96743129172867,-3.57591595437061,-3.406333355022));
#4315=CARTESIAN_POINT('Ctrl Pts',(8.87674934425304,-3.79543221475223,-3.41807258606296));
#4316=CARTESIAN_POINT('Ctrl Pts',(8.77811092979293,-4.01128781618196,-3.42981181710392));
#4317=CARTESIAN_POINT('Ctrl Pts',(8.67946626534622,-4.22715709478427,-3.44155179197311));
#4318=CARTESIAN_POINT('Ctrl Pts',(8.57286425114249,-4.43936498940141,-3.45329176684229));
#4319=CARTESIAN_POINT('Ctrl Pts',(8.45860752878558,-4.64732397342513,-3.46503174171148));
#4320=CARTESIAN_POINT('Ctrl Pts',(8.34431270359841,-4.85535230851813,-3.47677563167871));
#4321=CARTESIAN_POINT('Ctrl Pts',(8.22235821004906,-5.05912864833638,-3.48851952164593));
#4322=CARTESIAN_POINT('Ctrl Pts',(8.09309209733803,-5.25809107414513,-3.50026341161316));
#4323=CARTESIAN_POINT('Ctrl Pts',(8.03108812509767,-5.35352568162264,-3.50589650301082));
#4324=CARTESIAN_POINT('Ctrl Pts',(7.96740258332868,-5.4478531374423,-3.51152959440848));
#4325=CARTESIAN_POINT('Ctrl Pts',(7.90207740311877,-5.54101382015238,-3.51716268580614));
#4326=CARTESIAN_POINT('Ctrl Pts',(7.76632540417024,-5.73461066689151,-3.52886879078795));
#4327=CARTESIAN_POINT('Ctrl Pts',(7.62341662643313,-5.92327141160637,-3.54057489576975));
#4328=CARTESIAN_POINT('Ctrl Pts',(7.47373713723945,-6.10646498749054,-3.55228100075156));
#4329=CARTESIAN_POINT('Ctrl Pts',(7.32410165119772,-6.28960470766742,-3.56398366434323));
#4330=CARTESIAN_POINT('Ctrl Pts',(7.16769961076602,-6.46728023933133,-3.57568632793491));
#4331=CARTESIAN_POINT('Ctrl Pts',(7.00495808311986,-6.6389926716132,-3.58738899152659));
#4332=CARTESIAN_POINT('Ctrl Pts',(6.8422494468253,-6.8106703994526,-3.59908928991727));
#4333=CARTESIAN_POINT('Ctrl Pts',(6.67320408192231,-6.97638722055298,-3.61078958830795));
#4334=CARTESIAN_POINT('Ctrl Pts',(6.49828732861391,-7.135679591656,-3.62248988669863));
#4335=CARTESIAN_POINT('Ctrl Pts',(6.32337414393155,-7.29496871289933,-3.63418994638154));
#4336=CARTESIAN_POINT('Ctrl Pts',(6.14259002443805,-7.4478334460274,-3.64589000606444));
#4337=CARTESIAN_POINT('Ctrl Pts',(5.95643573875034,-7.59384847953511,-3.65759006574735));
#4338=CARTESIAN_POINT('Ctrl Pts',(5.7702887217609,-7.73985781164724,-3.6692896685823));
#4339=CARTESIAN_POINT('Ctrl Pts',(5.57877218913895,-7.87901779887984,-3.68098927141726));
#4340=CARTESIAN_POINT('Ctrl Pts',(5.3824189643321,-8.01094423475773,-3.69268887425222));
#4341=CARTESIAN_POINT('Ctrl Pts',(5.18603059777018,-8.14289428179099,-3.70439057099002));
#4342=CARTESIAN_POINT('Ctrl Pts',(4.98480405303276,-8.26760802766133,-3.71609226772783));
#4343=CARTESIAN_POINT('Ctrl Pts',(4.77930098997372,-8.38474468825594,-3.72779396446564));
#4344=CARTESIAN_POINT('Ctrl Pts',(4.70098367599436,-8.42938552469762,-3.73225348659569));
#4345=CARTESIAN_POINT('Ctrl Pts',(4.6220455268111,-8.47292634740208,-3.73671300872575));
#4346=CARTESIAN_POINT('Ctrl Pts',(4.54251860437089,-8.51535003208584,-3.7411725308558));
#4347=CARTESIAN_POINT('Ctrl Pts',(4.31723531279795,-8.63552753968893,-3.75380543294071));
#4348=CARTESIAN_POINT('Ctrl Pts',(4.0872248724564,-8.74673753311588,-3.76643833502562));
#4349=CARTESIAN_POINT('Ctrl Pts',(3.85318114181366,-8.84865280866933,-3.77907123711053));
#4350=CARTESIAN_POINT('Ctrl Pts',(3.62610007412561,-8.94753616488161,-3.79132831780891));
#4351=CARTESIAN_POINT('Ctrl Pts',(3.39522236917434,-9.03766975996981,-3.8035853985073));
#4352=CARTESIAN_POINT('Ctrl Pts',(3.16120012513232,-9.11879790371864,-3.81584247920569));
#4353=CARTESIAN_POINT('Ctrl Pts',(2.93588603223925,-9.19690720564287,-3.82764346432306));
#4354=CARTESIAN_POINT('Ctrl Pts',(2.70764176832104,-9.26667326755252,-3.83944444944043));
#4355=CARTESIAN_POINT('Ctrl Pts',(2.47710350981772,-9.32789470575482,-3.8512454345578));
#4356=CARTESIAN_POINT('Ctrl Pts',(2.24660292530627,-9.38910613930113,-3.86304449118738));
#4357=CARTESIAN_POINT('Ctrl Pts',(2.01380936883538,-9.44177566376217,-3.87484354781696));
#4358=CARTESIAN_POINT('Ctrl Pts',(1.77937283596307,-9.48575214469768,-3.88664260444654));
#4359=CARTESIAN_POINT('Ctrl Pts',(1.54493591332382,-9.52972869874714,-3.89844168069287));
#4360=CARTESIAN_POINT('Ctrl Pts',(1.30885628722952,-9.56501212477316,-3.9102407569392));
#4361=CARTESIAN_POINT('Ctrl Pts',(1.07179395242805,-9.59150244557851,-3.92203983318552));
#4362=CARTESIAN_POINT('Ctrl Pts',(0.834743662254629,-9.61799142046756,-3.93383830994613));
#4363=CARTESIAN_POINT('Ctrl Pts',(0.596711045430783,-9.6356881525436,-3.94563678670673));
#4364=CARTESIAN_POINT('Ctrl Pts',(0.3583617844061,-9.64454448232146,-3.95743526346734));
#4365=CARTESIAN_POINT('Ctrl Pts',(0.11997459667739,-9.65340222133968,-3.96923561762976));
#4366=CARTESIAN_POINT('Ctrl Pts',(-0.118729052171844,-9.65341673579913,
-3.98103597179219));
#4367=CARTESIAN_POINT('Ctrl Pts',(-0.357081619273148,-9.64459196426563,
-3.99283632595461));
#4368=CARTESIAN_POINT('Ctrl Pts',(-0.506054340083464,-9.63907639444458,
-4.00021166446043));
#4369=CARTESIAN_POINT('Ctrl Pts',(-0.654889900168615,-9.63010890498959,
-4.00758700296624));
#4370=CARTESIAN_POINT('Ctrl Pts',(-0.803425761110154,-9.61770079002173,
-4.01496234147205));
#4371=CARTESIAN_POINT('Ctrl Pts',(-1.04260880729269,-9.59772035757542,-4.02683863800587));
#4372=CARTESIAN_POINT('Ctrl Pts',(-1.2810681375784,-9.56881137862391,-4.03871493453969));
#4373=CARTESIAN_POINT('Ctrl Pts',(-1.5181324641112,-9.53105110999892,-4.05059123107351));
#4374=CARTESIAN_POINT('Ctrl Pts',(-1.75516994801706,-9.49329511694258,-4.06246618286262));
#4375=CARTESIAN_POINT('Ctrl Pts',(-1.99081247075898,-9.44668987897074,-4.07434113465174));
#4376=CARTESIAN_POINT('Ctrl Pts',(-2.22439669128956,-9.3913641607479,-4.08621608644085));
#4377=CARTESIAN_POINT('Ctrl Pts',(-2.4579875744911,-9.33603686443448,-4.09809137694675));
#4378=CARTESIAN_POINT('Ctrl Pts',(-2.68951976864798,-9.27198865197206,-4.10996666745265));
#4379=CARTESIAN_POINT('Ctrl Pts',(-2.91834166799923,-9.19939907541897,-4.12184195795855));
#4380=CARTESIAN_POINT('Ctrl Pts',(-3.14715277032157,-9.1268129240265,-4.13371668812536));
#4381=CARTESIAN_POINT('Ctrl Pts',(-3.37325357037885,-9.04568629874779,-4.14559141829217));
#4382=CARTESIAN_POINT('Ctrl Pts',(-3.59600834167496,-8.95624840246206,-4.15746614845898));
#4383=CARTESIAN_POINT('Ctrl Pts',(-3.81879006647836,-8.86679968411861,-4.16934231547773));
#4384=CARTESIAN_POINT('Ctrl Pts',(-4.03822469671615,-8.76903778751473,-4.18121848249649));
#4385=CARTESIAN_POINT('Ctrl Pts',(-4.25369596332114,-8.66324027668778,-4.19309464951524));
#4386=CARTESIAN_POINT('Ctrl Pts',(-4.38062285492021,-8.60091851379212,-4.20009050092296));
#4387=CARTESIAN_POINT('Ctrl Pts',(-4.50617485348561,-8.53580930347576,-4.20708635233068));
#4388=CARTESIAN_POINT('Ctrl Pts',(-4.63022972572666,-8.46797697959774,-4.2140822037384));
#4389=CARTESIAN_POINT('Ctrl Pts',(-4.84045890329103,-8.35302515704096,-4.2259377001106));
#4390=CARTESIAN_POINT('Ctrl Pts',(-5.04642573563938,-8.23022947450875,-4.2377931964828));
#4391=CARTESIAN_POINT('Ctrl Pts',(-5.24754961089838,-8.09993114298883,-4.249648692855));
#4392=CARTESIAN_POINT('Ctrl Pts',(-5.44865092513759,-7.96964742765125,-4.2615028593399));
#4393=CARTESIAN_POINT('Ctrl Pts',(-5.64491013346616,-7.83186289516898,-4.27335702582479));
#4394=CARTESIAN_POINT('Ctrl Pts',(-5.83577474260617,-7.68696263771068,-4.28521119230969));
#4395=CARTESIAN_POINT('Ctrl Pts',(-6.02664772803769,-7.54205602115415,-4.29706587902699));
#4396=CARTESIAN_POINT('Ctrl Pts',(-6.21212541780239,-7.39003322180393,-4.30892056574428));
#4397=CARTESIAN_POINT('Ctrl Pts',(-6.39168661262896,-7.23132101942237,-4.32077525246158));
#4398=CARTESIAN_POINT('Ctrl Pts',(-6.57124150135034,-7.07261439093913,-4.33262952284783));
#4399=CARTESIAN_POINT('Ctrl Pts',(-6.74488010283175,-6.90721901451909,-4.34448379323407));
#4400=CARTESIAN_POINT('Ctrl Pts',(-6.91211586869828,-6.73560061595768,-4.35633806362031));
#4401=CARTESIAN_POINT('Ctrl Pts',(-7.07937698147425,-6.56395620623779,-4.36819413068633));
#4402=CARTESIAN_POINT('Ctrl Pts',(-7.24023312466807,-6.38608708868834,-4.38005019775235));
#4403=CARTESIAN_POINT('Ctrl Pts',(-7.3942351451137,-6.20249530904824,-4.39190626481837));
#4404=CARTESIAN_POINT('Ctrl Pts',(-7.48644100032276,-6.09257313398791,-4.39900486521384));
#4405=CARTESIAN_POINT('Ctrl Pts',(-7.57619052925322,-5.98060018142483,-4.40610346560931));
#4406=CARTESIAN_POINT('Ctrl Pts',(-7.66339420174298,-5.8666899311871,-4.41320206600478));
#4407=CARTESIAN_POINT('Ctrl Pts',(-7.81008502344479,-5.67507428323839,-4.42514307141446));
#4408=CARTESIAN_POINT('Ctrl Pts',(-7.94959416599268,-5.47794308728481,-4.43708407682414));
#4409=CARTESIAN_POINT('Ctrl Pts',(-8.08152489716344,-5.27585223224907,-4.44902508223382));
#4410=CARTESIAN_POINT('Ctrl Pts',(-8.21344381277846,-5.07377947622437,-4.46096501822158));
#4411=CARTESIAN_POINT('Ctrl Pts',(-8.33778552523868,-4.86674817409377,-4.47290495420935));
#4412=CARTESIAN_POINT('Ctrl Pts',(-8.45419685780422,-4.6553428369448,-4.48484489019712));
#4413=CARTESIAN_POINT('Ctrl Pts',(-8.57061034075529,-4.44393359465217,-4.49678504674301));
#4414=CARTESIAN_POINT('Ctrl Pts',(-8.67909301907445,-4.22815039109348,-4.50872520328891));
#4415=CARTESIAN_POINT('Ctrl Pts',(-8.77933725759916,-4.00860309301522,-4.5206653598348));
#4416=CARTESIAN_POINT('Ctrl Pts',(-8.87957499463779,-3.78907003399671,-4.53260474198446));
#4417=CARTESIAN_POINT('Ctrl Pts',(-8.97157524842973,-3.5657736140224,-4.54454412413411));
#4418=CARTESIAN_POINT('Ctrl Pts',(-9.05507782669918,-3.33934529397918,-4.55648350628377));
#4419=CARTESIAN_POINT('Ctrl Pts',(-9.13858498045126,-3.11290456690774,-4.56842354264598));
#4420=CARTESIAN_POINT('Ctrl Pts',(-9.21359343413329,-2.8833318496287,-4.5803635790082));
#4421=CARTESIAN_POINT('Ctrl Pts',(-9.27989188444158,-2.65127668361402,-4.59230361537041));
#4422=CARTESIAN_POINT('Ctrl Pts',(-9.31694322674468,-2.52159106729519,-4.59897638633732));
#4423=CARTESIAN_POINT('Ctrl Pts',(-9.35127513673984,-2.3911304306026,-4.60564915730422));
#4424=CARTESIAN_POINT('Ctrl Pts',(-9.38285753986668,-2.26001013859827,-4.61232192827113));
#4425=CARTESIAN_POINT('Ctrl Pts',(-9.43826328690018,-2.02998274959386,-4.62402812614087));
#4426=CARTESIAN_POINT('Ctrl Pts',(-9.48521528208525,-1.7978778618179,-4.63573432401062));
#4427=CARTESIAN_POINT('Ctrl Pts',(-9.52357638730388,-1.56433827389987,-4.64744052188037));
#4428=CARTESIAN_POINT('Ctrl Pts',(-9.56193185463504,-1.33083300902618,-4.65914499930369));
#4429=CARTESIAN_POINT('Ctrl Pts',(-9.59169890464507,-1.09589375359491,-4.67084947672702));
#4430=CARTESIAN_POINT('Ctrl Pts',(-9.61279174941488,-0.860172205073604,
-4.68255395415034));
#4431=CARTESIAN_POINT('Ctrl Pts',(-9.63388628936508,-0.624431712187529,
-4.69425937223391));
#4432=CARTESIAN_POINT('Ctrl Pts',(-9.64630520137611,-0.38790909185148,-4.70596479031748));
#4433=CARTESIAN_POINT('Ctrl Pts',(-9.65001458749314,-0.151261036521634,
-4.71767020840105));
#4434=CARTESIAN_POINT('Ctrl Pts',(-9.65372398893304,0.0853879963625457,
-4.72937567483778));
#4435=CARTESIAN_POINT('Ctrl Pts',(-9.64872379094917,0.322162172497773,-4.74108114127452));
#4436=CARTESIAN_POINT('Ctrl Pts',(-9.63503222806578,0.558404337495418,-4.75278660771125));
#4437=CARTESIAN_POINT('Ctrl Pts',(-9.6213366335766,0.794716066157251,-4.76449552092954));
#4438=CARTESIAN_POINT('Ctrl Pts',(-9.59894457702883,1.03049517824192,-4.77620443414783));
#4439=CARTESIAN_POINT('Ctrl Pts',(-9.56792632234633,1.26508787447835,-4.78791334736612));
#4440=CARTESIAN_POINT('Ctrl Pts',(-9.54714980708352,1.42222175527825,-4.79575616175657));
#4441=CARTESIAN_POINT('Ctrl Pts',(-9.522504195888,1.57882343356109,-4.80359897614703));
#4442=CARTESIAN_POINT('Ctrl Pts',(-9.49402353485798,1.7346984059377,-4.81144179053748));
#4443=CARTESIAN_POINT('Ctrl Pts',(-9.44951965965216,1.97826860646947,-4.82369697072896));
#4444=CARTESIAN_POINT('Ctrl Pts',(-9.39564081105869,2.22011156565347,-4.83595215092043));
#4445=CARTESIAN_POINT('Ctrl Pts',(-9.33254494743259,2.45952561363985,-4.84820733111191));
#4446=CARTESIAN_POINT('Ctrl Pts',(-9.26945095335929,2.69893256770311,-4.86046214817805));
#4447=CARTESIAN_POINT('Ctrl Pts',(-9.19714055042239,2.93591052790892,-4.87271696524419));
#4448=CARTESIAN_POINT('Ctrl Pts',(-9.1158220797627,3.16977116683694,-4.88497178231034));
#4449=CARTESIAN_POINT('Ctrl Pts',(-9.03451786785432,3.40359079957457,-4.89722445056099));
#4450=CARTESIAN_POINT('Ctrl Pts',(-8.94420882143925,3.63429398195443,-4.90947711881165));
#4451=CARTESIAN_POINT('Ctrl Pts',(-8.84515254187748,3.86120938967551,-4.92172978706231));
#4452=CARTESIAN_POINT('Ctrl Pts',(-8.74612285282755,4.08806388458156,-4.93397916622598));
#4453=CARTESIAN_POINT('Ctrl Pts',(-8.63835071442895,4.31113242102486,-4.94622854538965));
#4454=CARTESIAN_POINT('Ctrl Pts',(-8.52214164698802,4.52976414272005,-4.95847792455332));
#4455=CARTESIAN_POINT('Ctrl Pts',(-8.4059871071371,4.74829327809262,-4.97072155606632));
#4456=CARTESIAN_POINT('Ctrl Pts',(-8.281403656454,4.9623895506939,-4.98296518757931));
#4457=CARTESIAN_POINT('Ctrl Pts',(-8.14874304034452,5.17142613815926,-4.99520881909231));
#4458=CARTESIAN_POINT('Ctrl Pts',(-8.09329335950328,5.25879956064909,-5.00032643032949));
#4459=CARTESIAN_POINT('Ctrl Pts',(-8.03643308088299,5.34528930910308,-5.00544404156667));
#4460=CARTESIAN_POINT('Ctrl Pts',(-7.97819023919322,5.43085094135735,-5.01056165280385));
#4461=CARTESIAN_POINT('Ctrl Pts',(-7.85341289800097,5.61415506373558,-5.02152543659092));
#4462=CARTESIAN_POINT('Ctrl Pts',(-7.72227754171035,5.79321102097813,-5.03248922037798));
#4463=CARTESIAN_POINT('Ctrl Pts',(-7.58512315797364,5.96754288785359,-5.04345300416505));
#4464=CARTESIAN_POINT('Ctrl Pts',(-7.44794867971208,6.14190029613675,-5.05441839425897));
#4465=CARTESIAN_POINT('Ctrl Pts',(-7.30475362307415,6.31153195362029,-5.06538378435288));
#4466=CARTESIAN_POINT('Ctrl Pts',(-7.1559182579375,6.47599377128459,-5.0763491744468));
#4467=CARTESIAN_POINT('Ctrl Pts',(-7.00707204643331,6.64046757409313,-5.0873153636428));
#4468=CARTESIAN_POINT('Ctrl Pts',(-6.85258494641686,6.7997705326318,-5.09828155283881));
#4469=CARTESIAN_POINT('Ctrl Pts',(-6.69287503070536,6.95349446417847,-5.10924774203481));
#4470=CARTESIAN_POINT('Ctrl Pts',(-6.53307791602798,7.10730232644293,-5.12021991858829));
#4471=CARTESIAN_POINT('Ctrl Pts',(-6.36805254635475,7.25552484151153,-5.13119209514176));
#4472=CARTESIAN_POINT('Ctrl Pts',(-6.19825163273136,7.39779278821346,-5.14216427169524));
#4473=CARTESIAN_POINT('Ctrl Pts',(-6.10675334879547,7.474454760782,-5.14807669763137));
#4474=CARTESIAN_POINT('Ctrl Pts',(-6.01386896854235,7.54938843019873,-5.1539891235675));
#4475=CARTESIAN_POINT('Ctrl Pts',(-5.91967298217004,7.62254112643324,-5.15990154950362));
#4476=CARTESIAN_POINT('Ctrl Pts',(-5.74548713331006,7.75781402903484,-5.17083472160753));
#4477=CARTESIAN_POINT('Ctrl Pts',(-5.5667973942153,7.88701865141562,-5.18176789371144));
#4478=CARTESIAN_POINT('Ctrl Pts',(-5.38376507093606,8.01003964415713,-5.19270106581534));
#4479=CARTESIAN_POINT('Ctrl Pts',(-5.28900845782314,8.07372813592254,-5.19836121556696));
#4480=CARTESIAN_POINT('Ctrl Pts',(-5.19308743274515,8.13575862976917,-5.20402136531858));
#4481=CARTESIAN_POINT('Ctrl Pts',(-5.09602153735288,8.19611041475379,-5.2096815150702));
#4482=CARTESIAN_POINT('Ctrl Pts',(-4.91381424403029,8.30939979764976,-5.22030646796302));
#4483=CARTESIAN_POINT('Ctrl Pts',(-4.72762958721627,8.41673220515641,-5.23093142085584));
#4484=CARTESIAN_POINT('Ctrl Pts',(-4.53792750542033,8.5177975671854,-5.24155637374867));
#4485=CARTESIAN_POINT('Ctrl Pts',(-4.3483060921667,8.61881995237748,-5.2521768085073));
#4486=CARTESIAN_POINT('Ctrl Pts',(-4.15517055090732,8.71358042118592,-5.26279724326593));
#4487=CARTESIAN_POINT('Ctrl Pts',(-3.95900834121911,8.80181313106325,-5.27341767802456));
#4488=CARTESIAN_POINT('Ctrl Pts',(-3.76289377008052,8.89002441337646,-5.28403553358045));
#4489=CARTESIAN_POINT('Ctrl Pts',(-3.56375432673767,8.97171094175634,-5.29465338913635));
#4490=CARTESIAN_POINT('Ctrl Pts',(-3.36210047092582,9.04665362791128,-5.30527124469224));
#4491=CARTESIAN_POINT('Ctrl Pts',(-3.16041953810926,9.12160637697059,-5.31589052595717));
#4492=CARTESIAN_POINT('Ctrl Pts',(-2.95622385968328,9.18981334240778,-5.32650980722211));
#4493=CARTESIAN_POINT('Ctrl Pts',(-2.7500424494039,9.25110414850447,-5.33712908848704));
#4494=CARTESIAN_POINT('Ctrl Pts',(-2.54384434654436,9.31239991674441,-5.34774922949584));
#4495=CARTESIAN_POINT('Ctrl Pts',(-2.33566054511441,9.36677831567669,-5.35836937050464));
#4496=CARTESIAN_POINT('Ctrl Pts',(-2.12603330446286,9.41411938676766,-5.36898951151345));
#4497=CARTESIAN_POINT('Ctrl Pts',(-1.91630113400759,9.4614841546324,-5.37961496847884));
#4498=CARTESIAN_POINT('Ctrl Pts',(-1.70512444118122,9.50180449501045,-5.39024042544424));
#4499=CARTESIAN_POINT('Ctrl Pts',(-1.49305404574312,9.53501185402987,-5.40086588240963));
#4500=CARTESIAN_POINT('Ctrl Pts',(-1.44025996976018,9.54327869312187,-5.40351104738528));
#4501=CARTESIAN_POINT('Ctrl Pts',(-1.38741052989518,9.55110496316811,-5.40615621236093));
#4502=CARTESIAN_POINT('Ctrl Pts',(-1.3345142581733,9.55849010747682,-5.40880137733657));
#4503=CARTESIAN_POINT('Ctrl Pts',(-1.00239013435211,9.6048598137525,-5.4254097898258));
#4504=CARTESIAN_POINT('Ctrl Pts',(-0.668121763584426,9.63387690644905,-5.44201820231502));
#4505=CARTESIAN_POINT('Ctrl Pts',(-0.333195444473973,9.64544671001721,-5.45862661480425));
#4506=CARTESIAN_POINT('Ctrl Pts',(-0.221991321446508,9.64928818136772,-5.46414103346997));
#4507=CARTESIAN_POINT('Ctrl Pts',(-0.110714648470354,9.65120667231986,-5.46965545213569));
#4508=CARTESIAN_POINT('Ctrl Pts',(0.000580118578542335,9.65119998256499,
-5.47516987080141));
#4509=CARTESIAN_POINT('Origin',(0.,2.65544594814986E-15,-14.0250105339114));
#4510=CARTESIAN_POINT('Ctrl Pts',(0.000677208084157883,11.3192999797421,
-6.4382916947627));
#4511=CARTESIAN_POINT('Ctrl Pts',(-0.376931888390047,11.3193225712392,-6.42233920037787));
#4512=CARTESIAN_POINT('Ctrl Pts',(-0.754362672187854,11.3004454190585,-6.40638670599304));
#4513=CARTESIAN_POINT('Ctrl Pts',(-1.13007017743778,11.2627480609337,-6.39043421160821));
#4514=CARTESIAN_POINT('Ctrl Pts',(-1.27607954351644,11.2480979214349,-6.38423467191322));
#4515=CARTESIAN_POINT('Ctrl Pts',(-1.4218286759793,11.230605928249,-6.37803513221823));
#4516=CARTESIAN_POINT('Ctrl Pts',(-1.56722682105812,11.2102788806236,-6.37183559252324));
#4517=CARTESIAN_POINT('Ctrl Pts',(-1.80668435773557,11.1768020797356,-6.36162551382457));
#4518=CARTESIAN_POINT('Ctrl Pts',(-2.04532189847496,11.1356131795605,-6.35141543512589));
#4519=CARTESIAN_POINT('Ctrl Pts',(-2.28256506422559,11.0867691063527,-6.34120535642721));
#4520=CARTESIAN_POINT('Ctrl Pts',(-2.51970818651868,11.0379456302818,-6.33099958323328));
#4521=CARTESIAN_POINT('Ctrl Pts',(-2.75545776048371,10.9814734748034,-6.32079381003934));
#4522=CARTESIAN_POINT('Ctrl Pts',(-2.98924631005198,10.9174611969927,-6.31058803684541));
#4523=CARTESIAN_POINT('Ctrl Pts',(-3.22297565768155,10.8534651289192,-6.30038484804476));
#4524=CARTESIAN_POINT('Ctrl Pts',(-3.4547446306569,10.7819328320305,-6.29018165924412));
#4525=CARTESIAN_POINT('Ctrl Pts',(-3.68399755427695,10.7030236153192,-6.27997847044348));
#4526=CARTESIAN_POINT('Ctrl Pts',(-3.91327540443753,10.6241058188535,-6.2697741722559));
#4527=CARTESIAN_POINT('Ctrl Pts',(-4.14003632372698,10.5378096077168,-6.25956987406831));
#4528=CARTESIAN_POINT('Ctrl Pts',(-4.36374091808237,10.444343813273,-6.24936557588073));
#4529=CARTESIAN_POINT('Ctrl Pts',(-4.58745623851804,10.3508735373762,-6.23916078842237));
#4530=CARTESIAN_POINT('Ctrl Pts',(-4.80811462072645,10.250233136391,-6.228956000964));
#4531=CARTESIAN_POINT('Ctrl Pts',(-5.02519796910026,10.1426790278186,-6.21875121350564));
#4532=CARTESIAN_POINT('Ctrl Pts',(-5.24238907656106,10.0350715299252,-6.20854136044188));
#4533=CARTESIAN_POINT('Ctrl Pts',(-5.45600129562277,9.92054363543433,-6.19833150737813));
#4534=CARTESIAN_POINT('Ctrl Pts',(-5.6655418485744,9.79939733106339,-6.18812165431438));
#4535=CARTESIAN_POINT('Ctrl Pts',(-5.77093565543855,9.73846368349339,-6.18298634629522));
#4536=CARTESIAN_POINT('Ctrl Pts',(-5.87529983321479,9.67585637566499,-6.17785103827605));
#4537=CARTESIAN_POINT('Ctrl Pts',(-5.97857453261818,9.6116179204091,-6.17271573025689));
#4538=CARTESIAN_POINT('Ctrl Pts',(-6.18985729310421,9.48019678595671,-6.16220974901944));
#4539=CARTESIAN_POINT('Ctrl Pts',(-6.39651421066989,9.34199608500128,-6.151703767782));
#4540=CARTESIAN_POINT('Ctrl Pts',(-6.59839305505457,9.1971605173014,-6.14119778654455));
#4541=CARTESIAN_POINT('Ctrl Pts',(-6.71536502193513,9.11324037559583,-6.13511044592647));
#4542=CARTESIAN_POINT('Ctrl Pts',(-6.83073245030195,9.02709186889513,-6.12902310530838));
#4543=CARTESIAN_POINT('Ctrl Pts',(-6.94446129981563,8.93873647365012,-6.1229357646903));
#4544=CARTESIAN_POINT('Ctrl Pts',(-7.14145168412423,8.78569559317451,-6.11239184753207));
#4545=CARTESIAN_POINT('Ctrl Pts',(-7.33354685377558,8.62601009359878,-6.10184793037384));
#4546=CARTESIAN_POINT('Ctrl Pts',(-7.52025782816013,8.46003987508311,-6.0913040132156));
#4547=CARTESIAN_POINT('Ctrl Pts',(-7.70688196370297,8.29414684893164,-6.08076500000882));
#4548=CARTESIAN_POINT('Ctrl Pts',(-7.8881266431962,8.12197514889647,-6.07022598680204));
#4549=CARTESIAN_POINT('Ctrl Pts',(-8.06353510737546,7.94392560779137,-6.05968697359525));
#4550=CARTESIAN_POINT('Ctrl Pts',(-8.23889433248873,7.76592604713131,-6.04915091880424));
#4551=CARTESIAN_POINT('Ctrl Pts',(-8.40842037164151,7.58205217103414,-6.03861486401323));
#4552=CARTESIAN_POINT('Ctrl Pts',(-8.57169224236361,7.39274269755167,-6.02807880922221));
#4553=CARTESIAN_POINT('Ctrl Pts',(-8.73496600660739,7.20343102858023,-6.01754263224084));
#4554=CARTESIAN_POINT('Ctrl Pts',(-8.89198523349112,7.00868388526726,-6.00700645525948));
#4555=CARTESIAN_POINT('Ctrl Pts',(-9.04236785855375,6.80897466587989,-5.9964702782781));
#4556=CARTESIAN_POINT('Ctrl Pts',(-9.15119651218164,6.66444942266144,-5.98884547484892));
#4557=CARTESIAN_POINT('Ctrl Pts',(-9.25655031159825,6.51732622541409,-5.98122067141973));
#4558=CARTESIAN_POINT('Ctrl Pts',(-9.35829812466556,6.36779464963194,-5.97359586799054));
#4559=CARTESIAN_POINT('Ctrl Pts',(-9.51529398739728,6.13706891668647,-5.9618308721991));
#4560=CARTESIAN_POINT('Ctrl Pts',(-9.66371591771772,5.90059004969821,-5.95006587640766));
#4561=CARTESIAN_POINT('Ctrl Pts',(-9.80317727261983,5.65899883827432,-5.93830088061622));
#4562=CARTESIAN_POINT('Ctrl Pts',(-9.94269047645916,5.41731780807903,-5.92653151083509));
#4563=CARTESIAN_POINT('Ctrl Pts',(-10.073236337413,5.17052083184629,-5.91476214105396));
#4564=CARTESIAN_POINT('Ctrl Pts',(-10.1944737891058,4.91927399656031,-5.90299277127283));
#4565=CARTESIAN_POINT('Ctrl Pts',(-10.3157653394869,4.66791504967811,-5.89121814975258));
#4566=CARTESIAN_POINT('Ctrl Pts',(-10.4277400790609,4.41210247730387,-5.87944352823234));
#4567=CARTESIAN_POINT('Ctrl Pts',(-10.5301039969472,4.15252481069971,-5.86766890671209));
#4568=CARTESIAN_POINT('Ctrl Pts',(-10.632477147249,3.89292373224378,-5.85589322321414));
#4569=CARTESIAN_POINT('Ctrl Pts',(-10.7252376644658,3.62955709195314,-5.8441175397162));
#4570=CARTESIAN_POINT('Ctrl Pts',(-10.8081402408865,3.36313202585464,-5.83234185621825));
#4571=CARTESIAN_POINT('Ctrl Pts',(-10.8910490695459,3.09668686685729,-5.82056528463713));
#4572=CARTESIAN_POINT('Ctrl Pts',(-10.964098405086,2.8271830363255,-5.80878871305601));
#4573=CARTESIAN_POINT('Ctrl Pts',(-11.0270927450564,2.55534304584054,-5.79701214147489));
#4574=CARTESIAN_POINT('Ctrl Pts',(-11.0672756055015,2.38194161951868,-5.78950009622465));
#4575=CARTESIAN_POINT('Ctrl Pts',(-11.1033681802736,2.20758992600598,-5.78198805097441));
#4576=CARTESIAN_POINT('Ctrl Pts',(-11.135330494769,2.03247810868109,-5.77447600572417));
#4577=CARTESIAN_POINT('Ctrl Pts',(-11.1832030529285,1.77019889668917,-5.76322460454075));
#4578=CARTESIAN_POINT('Ctrl Pts',(-11.2218159119116,1.50616684762811,-5.75197320335733));
#4579=CARTESIAN_POINT('Ctrl Pts',(-11.2510590722287,1.24105690571359,-5.74072180217391));
#4580=CARTESIAN_POINT('Ctrl Pts',(-11.2802953811862,0.976009076222734,-5.72947303707344));
#4581=CARTESIAN_POINT('Ctrl Pts',(-11.3001663420874,0.70988413731192,-5.71822427197296));
#4582=CARTESIAN_POINT('Ctrl Pts',(-11.3106136540718,0.443363573521216,-5.70697550687249));
#4583=CARTESIAN_POINT('Ctrl Pts',(-11.3210603119789,0.176859695844771,-5.69572744602604));
#4584=CARTESIAN_POINT('Ctrl Pts',(-11.3220844841601,-0.0900394764039059,
-5.68447938517959));
#4585=CARTESIAN_POINT('Ctrl Pts',(-11.3136799244796,-0.356649767177647,
-5.67323132433315));
#4586=CARTESIAN_POINT('Ctrl Pts',(-11.3052760570242,-0.62323809911489,-5.66198418991129));
#4587=CARTESIAN_POINT('Ctrl Pts',(-11.2874450184024,-0.889537315981633,
-5.65073705548943));
#4588=CARTESIAN_POINT('Ctrl Pts',(-11.2602326692298,-1.15486480802306,-5.63948992106757));
#4589=CARTESIAN_POINT('Ctrl Pts',(-11.2330155313972,-1.42023899074633,-5.62824080744495));
#4590=CARTESIAN_POINT('Ctrl Pts',(-11.1964138105025,-1.68464082675248,-5.61699169382232));
#4591=CARTESIAN_POINT('Ctrl Pts',(-11.1505252419839,-1.94739295415153,-5.6057425801997));
#4592=CARTESIAN_POINT('Ctrl Pts',(-11.1092067247732,-2.18397754697228,-5.5956137679524));
#4593=CARTESIAN_POINT('Ctrl Pts',(-11.0603597017459,-2.41922459003032,-5.58548495570511));
#4594=CARTESIAN_POINT('Ctrl Pts',(-11.0040910596419,-2.6526463090865,-5.57535614345781));
#4595=CARTESIAN_POINT('Ctrl Pts',(-10.9403532461411,-2.91705272516324,-5.56388281974033));
#4596=CARTESIAN_POINT('Ctrl Pts',(-10.8670794314068,-3.17916934127337,-5.55240949602285));
#4597=CARTESIAN_POINT('Ctrl Pts',(-10.7844595660663,-3.43831126541528,-5.54093617230538));
#4598=CARTESIAN_POINT('Ctrl Pts',(-10.7018436259332,-3.69744087792015,-5.52946339367684));
#4599=CARTESIAN_POINT('Ctrl Pts',(-10.6098826012168,-3.95359583397914,-5.5179906150483));
#4600=CARTESIAN_POINT('Ctrl Pts',(-10.5088161142421,-4.20610703228597,-5.50651783641977));
#4601=CARTESIAN_POINT('Ctrl Pts',(-10.4077413041001,-4.45863902574486,-5.49504411296907));
#4602=CARTESIAN_POINT('Ctrl Pts',(-10.2975596274513,-4.70752642030843,-5.48357038951838));
#4603=CARTESIAN_POINT('Ctrl Pts',(-10.178559173481,-4.95211930812923,-5.47209666606768));
#4604=CARTESIAN_POINT('Ctrl Pts',(-10.0595625605293,-5.19670430114104,-5.46062331295831));
#4605=CARTESIAN_POINT('Ctrl Pts',(-9.93174785402203,-5.43699483208121,-5.44914995984894));
#4606=CARTESIAN_POINT('Ctrl Pts',(-9.79544994057744,-5.67236396501859,-5.43767660673958));
#4607=CARTESIAN_POINT('Ctrl Pts',(-9.65913577560608,-5.90776116227234,-5.42620188560116));
#4608=CARTESIAN_POINT('Ctrl Pts',(-9.51433651130423,-6.1382355639634,-5.41472716446274));
#4609=CARTESIAN_POINT('Ctrl Pts',(-9.36143215324482,-6.36318635042178,-5.40325244332432));
#4610=CARTESIAN_POINT('Ctrl Pts',(-9.24143246354069,-6.53972824181259,-5.3942470559467));
#4611=CARTESIAN_POINT('Ctrl Pts',(-9.11644164104281,-6.71286854410549,-5.38524166856907));
#4612=CARTESIAN_POINT('Ctrl Pts',(-8.98666193895213,-6.88232952458608,-5.37623628119145));
#4613=CARTESIAN_POINT('Ctrl Pts',(-8.82247798478674,-7.09671415795969,-5.36484358969478));
#4614=CARTESIAN_POINT('Ctrl Pts',(-8.65060209073159,-7.30524321350355,-5.35345089819811));
#4615=CARTESIAN_POINT('Ctrl Pts',(-8.47147610968125,-7.50737271041606,-5.34205820670143));
#4616=CARTESIAN_POINT('Ctrl Pts',(-8.29237228926799,-7.70947720080302,-5.33066692465581));
#4617=CARTESIAN_POINT('Ctrl Pts',(-8.10602035033136,-7.90518351337196,-5.31927564261019));
#4618=CARTESIAN_POINT('Ctrl Pts',(-7.91290136201197,-8.0939819943628,-5.30788436056456));
#4619=CARTESIAN_POINT('Ctrl Pts',(-7.71977800519778,-8.28278474611535,-5.29649282083968));
#4620=CARTESIAN_POINT('Ctrl Pts',(-7.51988748233985,-8.46467916488413,-5.28510128111481));
#4621=CARTESIAN_POINT('Ctrl Pts',(-7.31374754867538,-8.63919262918966,-5.27370974138993));
#4622=CARTESIAN_POINT('Ctrl Pts',(-7.10761830584661,-8.81369704287243,-5.26231879245344));
#4623=CARTESIAN_POINT('Ctrl Pts',(-6.89524050481911,-8.98082109502634,-5.25092784351696));
#4624=CARTESIAN_POINT('Ctrl Pts',(-6.67716551336873,-9.14013201201598,-5.23953689458048));
#4625=CARTESIAN_POINT('Ctrl Pts',(-6.45905973310878,-9.29946542123847,-5.22814433741851));
#4626=CARTESIAN_POINT('Ctrl Pts',(-6.23525537024731,-9.4509833318194,-5.21675178025655));
#4627=CARTESIAN_POINT('Ctrl Pts',(-6.00633457169201,-9.59429504981462,-5.20535922309458));
#4628=CARTESIAN_POINT('Ctrl Pts',(-5.81716529822091,-9.71272104581037,-5.19594495503808));
#4629=CARTESIAN_POINT('Ctrl Pts',(-5.6245028363089,-9.82554410216013,-5.18653068698159));
#4630=CARTESIAN_POINT('Ctrl Pts',(-5.42868978845833,-9.93256662050088,-5.17711641892509));
#4631=CARTESIAN_POINT('Ctrl Pts',(-5.19132504531817,-10.0622994082544,-5.16570443518033));
#4632=CARTESIAN_POINT('Ctrl Pts',(-4.94928824311124,-10.1835303720209,-5.15429245143557));
#4633=CARTESIAN_POINT('Ctrl Pts',(-4.70320635317981,-10.2959410686643,-5.14288046769081));
#4634=CARTESIAN_POINT('Ctrl Pts',(-4.45714911506008,-10.4083405043111,-5.13146962716741));
#4635=CARTESIAN_POINT('Ctrl Pts',(-4.20704783998135,-10.511921327168,-5.12005878664402));
#4636=CARTESIAN_POINT('Ctrl Pts',(-3.95355136510785,-10.6064124044586,-5.10864794612063));
#4637=CARTESIAN_POINT('Ctrl Pts',(-3.70004332071291,-10.7009077943005,-5.09723658480907));
#4638=CARTESIAN_POINT('Ctrl Pts',(-3.44314001475607,-10.7863125142311,-5.08582522349751));
#4639=CARTESIAN_POINT('Ctrl Pts',(-3.18350876609972,-10.8624041733939,-5.07441386218595));
#4640=CARTESIAN_POINT('Ctrl Pts',(-2.92388844348255,-10.9384926303981,-5.06300298109771));
#4641=CARTESIAN_POINT('Ctrl Pts',(-2.66154066282798,-11.0052687364899,-5.05159210000947));
#4642=CARTESIAN_POINT('Ctrl Pts',(-2.39714727356081,-11.0625601665645,-5.04018121892123));
#4643=CARTESIAN_POINT('Ctrl Pts',(-2.13271570609076,-11.1198598694778,-5.02876869011051));
#4644=CARTESIAN_POINT('Ctrl Pts',(-1.86623819905285,-11.1676721018453,-5.01735616129978));
#4645=CARTESIAN_POINT('Ctrl Pts',(-1.59840765339831,-11.2058754884907,-5.00594363248905));
#4646=CARTESIAN_POINT('Ctrl Pts',(-1.37978591778298,-11.2370597235615,-4.99662794054561));
#4647=CARTESIAN_POINT('Ctrl Pts',(-1.1602629214737,-11.2618425740647,-4.98731224860218));
#4648=CARTESIAN_POINT('Ctrl Pts',(-0.940218996587869,-11.2801835414347,
-4.97799655665874));
#4649=CARTESIAN_POINT('Ctrl Pts',(-0.672379563926516,-11.3025083308939,
-4.96665741313876));
#4650=CARTESIAN_POINT('Ctrl Pts',(-0.403710876665685,-11.3152921387309,
-4.95531826961879));
#4651=CARTESIAN_POINT('Ctrl Pts',(-0.134906297590538,-11.3184960476589,
-4.94397912609882));
#4652=CARTESIAN_POINT('Ctrl Pts',(0.133862740610555,-11.3216995329716,-4.93264148182069));
#4653=CARTESIAN_POINT('Ctrl Pts',(0.40276736206123,-11.315325645104,-4.92130383754255));
#4654=CARTESIAN_POINT('Ctrl Pts',(0.671113203458499,-11.2993875744725,-4.90996619326442));
#4655=CARTESIAN_POINT('Ctrl Pts',(0.939470832049061,-11.2834488037552,-4.89862805097594));
#4656=CARTESIAN_POINT('Ctrl Pts',(1.2072693589933,-11.2579450236015,-4.88728990868747));
#4657=CARTESIAN_POINT('Ctrl Pts',(1.47381714401099,-11.2229414823396,-4.87595176639899));
#4658=CARTESIAN_POINT('Ctrl Pts',(1.74035615890835,-11.1879390927859,-4.86461399716509));
#4659=CARTESIAN_POINT('Ctrl Pts',(2.00564424380408,-11.1434376038631,-4.8532762279312));
#4660=CARTESIAN_POINT('Ctrl Pts',(2.26899671436572,-11.0895539315248,-4.8419384586973));
#4661=CARTESIAN_POINT('Ctrl Pts',(2.53240309530331,-11.0356592287639,-4.83059836853055));
#4662=CARTESIAN_POINT('Ctrl Pts',(2.7938728023645,-10.972378557732,-4.8192582783638));
#4663=CARTESIAN_POINT('Ctrl Pts',(3.05273165439091,-10.8998799046723,-4.80791818819704));
#4664=CARTESIAN_POINT('Ctrl Pts',(3.27370719740881,-10.837991237924,-4.79823769026215));
#4665=CARTESIAN_POINT('Ctrl Pts',(3.49278024158918,-10.7693860871209,-4.78855719232726));
#4666=CARTESIAN_POINT('Ctrl Pts',(3.70953987715724,-10.6941977908481,-4.77887669439237));
#4667=CARTESIAN_POINT('Ctrl Pts',(3.98820031558141,-10.5975377113604,-4.76643170300072));
#4668=CARTESIAN_POINT('Ctrl Pts',(4.26305671802479,-10.489989927014,-4.75398671160907));
#4669=CARTESIAN_POINT('Ctrl Pts',(4.53330878065017,-10.3718688764022,-4.74154172021743));
#4670=CARTESIAN_POINT('Ctrl Pts',(4.80356084327555,-10.2537478257904,-4.72909672882578));
#4671=CARTESIAN_POINT('Ctrl Pts',(5.0692083812747,-10.1250535845744,-4.71665173743413));
#4672=CARTESIAN_POINT('Ctrl Pts',(5.32947363334415,-9.98615357790424,-4.70420674604249));
#4673=CARTESIAN_POINT('Ctrl Pts',(5.56463434013889,-9.86065152381664,-4.69296216787293));
#4674=CARTESIAN_POINT('Ctrl Pts',(5.79540144745311,-9.72681687377936,-4.68171758970337));
#4675=CARTESIAN_POINT('Ctrl Pts',(6.02117968777196,-9.58498553246495,-4.67047301153382));
#4676=CARTESIAN_POINT('Ctrl Pts',(6.24692293527283,-9.44317617324369,-4.65923017613397));
#4677=CARTESIAN_POINT('Ctrl Pts',(6.46767862067046,-9.29337274628752,-4.64798734073412));
#4678=CARTESIAN_POINT('Ctrl Pts',(6.68287873090635,-9.13595557990512,-4.63674450533427));
#4679=CARTESIAN_POINT('Ctrl Pts',(6.89806373098097,-8.97854946648533,-4.62550245934412));
#4680=CARTESIAN_POINT('Ctrl Pts',(7.10769370754816,-8.81353084739373,-4.61426041335397));
#4681=CARTESIAN_POINT('Ctrl Pts',(7.31123126932721,-8.64132222616494,-4.60301836736383));
#4682=CARTESIAN_POINT('Ctrl Pts',(7.51480419317761,-8.46908368587109,-4.5917743682107));
#4683=CARTESIAN_POINT('Ctrl Pts',(7.71228237013024,-8.28965282702255,-4.58053036905756));
#4684=CARTESIAN_POINT('Ctrl Pts',(7.90316197235321,-8.10349204533146,-4.56928636990443));
#4685=CARTESIAN_POINT('Ctrl Pts',(8.09405336646143,-7.91731976326761,-4.5580416761357));
#4686=CARTESIAN_POINT('Ctrl Pts',(8.27834517272313,-7.72441692749672,-4.54679698236698));
#4687=CARTESIAN_POINT('Ctrl Pts',(8.45557041165698,-7.52528281883885,-4.53555228859825));
#4688=CARTESIAN_POINT('Ctrl Pts',(8.63285907808268,-7.32607744168033,-4.5243035704438));
#4689=CARTESIAN_POINT('Ctrl Pts',(8.80307593627098,-7.12063654598344,-4.51305485228934));
#4690=CARTESIAN_POINT('Ctrl Pts',(8.96579332496959,-6.90949365322314,-4.50180613413489));
#4691=CARTESIAN_POINT('Ctrl Pts',(9.06998884130528,-6.77428903306714,-4.49460305642087));
#4692=CARTESIAN_POINT('Ctrl Pts',(9.17111005987925,-6.6367470163284,-4.48739997870685));
#4693=CARTESIAN_POINT('Ctrl Pts',(9.2690537604342,-6.4970143047542,-4.48019690099283));
#4694=CARTESIAN_POINT('Ctrl Pts',(9.42250500478801,-6.27809100140235,-4.46891162963663));
#4695=CARTESIAN_POINT('Ctrl Pts',(9.56823435871287,-6.05367493008959,-4.45762635828043));
#4696=CARTESIAN_POINT('Ctrl Pts',(9.705857169678,-5.82433593569346,-4.44634108692422));
#4697=CARTESIAN_POINT('Ctrl Pts',(9.84344248324019,-5.59505942815269,-4.43505889040978));
#4698=CARTESIAN_POINT('Ctrl Pts',(9.97292551933269,-5.36086291325355,-4.42377669389535));
#4699=CARTESIAN_POINT('Ctrl Pts',(10.093965820673,-5.12234384838474,-4.41249449738091));
#4700=CARTESIAN_POINT('Ctrl Pts',(10.2149844241523,-4.88386754079161,-4.40121432332949));
#4701=CARTESIAN_POINT('Ctrl Pts',(10.3275631877048,-4.64107047788171,-4.38993414927806));
#4702=CARTESIAN_POINT('Ctrl Pts',(10.4314078339352,-4.39457427882553,-4.37865397522664));
#4703=CARTESIAN_POINT('Ctrl Pts',(10.5352418835359,-4.1481032330061,-4.36737495223916));
#4704=CARTESIAN_POINT('Ctrl Pts',(10.6303434870212,-3.89793406103109,-4.35609592925169));
#4705=CARTESIAN_POINT('Ctrl Pts',(10.7164662728521,-3.64470892017767,-4.34481690626422));
#4706=CARTESIAN_POINT('Ctrl Pts',(10.8025869188864,-3.39149007092654,-4.33353816351404));
#4707=CARTESIAN_POINT('Ctrl Pts',(10.8797291035791,-3.13521566802873,-4.32225942076385));
#4708=CARTESIAN_POINT('Ctrl Pts',(10.9476957991805,-2.87654465958826,-4.31098067801366));
#4709=CARTESIAN_POINT('Ctrl Pts',(11.0156788308166,-2.61781147865967,-4.29969922437792));
#4710=CARTESIAN_POINT('Ctrl Pts',(11.0744818925995,-2.35668080963387,-4.28841777074219));
#4711=CARTESIAN_POINT('Ctrl Pts',(11.1239583637843,-2.09382492362518,-4.27713631710645));
#4712=CARTESIAN_POINT('Ctrl Pts',(11.1734390357625,-1.83094671987121,-4.26585390562034));
#4713=CARTESIAN_POINT('Ctrl Pts',(11.2135914882312,-1.56634328097588,-4.25457149413423));
#4714=CARTESIAN_POINT('Ctrl Pts',(11.2443204728956,-1.30069581102571,-4.24328908264811));
#4715=CARTESIAN_POINT('Ctrl Pts',(11.2750622907511,-1.03493740006137,-4.23200195934535));
#4716=CARTESIAN_POINT('Ctrl Pts',(11.2963727436517,-0.768134363394344,-4.22071483604259));
#4717=CARTESIAN_POINT('Ctrl Pts',(11.3082084416834,-0.500973381966958,-4.20942771273982));
#4718=CARTESIAN_POINT('Ctrl Pts',(11.317964145463,-0.280763015895679,-4.20012417769098));
#4719=CARTESIAN_POINT('Ctrl Pts',(11.3212835896624,-0.0603096156938204,
-4.19082064264214));
#4720=CARTESIAN_POINT('Ctrl Pts',(11.3181691042461,0.160001930269248,-4.18151710759329));
#4721=CARTESIAN_POINT('Ctrl Pts',(11.3144179379632,0.425350818601531,-4.17031169086409));
#4722=CARTESIAN_POINT('Ctrl Pts',(11.3013296094257,0.690663936923823,-4.15910627413489));
#4723=CARTESIAN_POINT('Ctrl Pts',(11.2789194608248,0.955263464300198,-4.14790085740569));
#4724=CARTESIAN_POINT('Ctrl Pts',(11.2565189598674,1.21974908070145,-4.13670026464559));
#4725=CARTESIAN_POINT('Ctrl Pts',(11.2248046731063,1.48352143496812,-4.1254996718855));
#4726=CARTESIAN_POINT('Ctrl Pts',(11.1838439551889,1.74590574659269,-4.11429907912541));
#4727=CARTESIAN_POINT('Ctrl Pts',(11.1428939865773,2.00822120080065,-4.10310142573268));
#4728=CARTESIAN_POINT('Ctrl Pts',(11.0927024726366,2.26914905711697,-4.09190377233994));
#4729=CARTESIAN_POINT('Ctrl Pts',(11.0333884090628,2.52802150005842,-4.08070611894721));
#4730=CARTESIAN_POINT('Ctrl Pts',(10.9740843646312,2.78685021509416,-4.06951035702631));
#4731=CARTESIAN_POINT('Ctrl Pts',(10.9056609095563,3.04362393123673,-4.0583145951054));
#4732=CARTESIAN_POINT('Ctrl Pts',(10.8282879831166,3.29768583171496,-4.0471188331845));
#4733=CARTESIAN_POINT('Ctrl Pts',(10.7509208936886,3.55172856576928,-4.03592391587161));
#4734=CARTESIAN_POINT('Ctrl Pts',(10.6646057640295,3.80305961931721,-4.02472899855872));
#4735=CARTESIAN_POINT('Ctrl Pts',(10.569562459464,4.05103713948519,-4.01353408124584));
#4736=CARTESIAN_POINT('Ctrl Pts',(10.4744993965116,4.29906621126786,-4.00233683664109));
#4737=CARTESIAN_POINT('Ctrl Pts',(10.3707046316834,4.54374008829408,-3.99113959203634));
#4738=CARTESIAN_POINT('Ctrl Pts',(10.2584467828058,4.78443539974597,-3.9799423474316));
#4739=CARTESIAN_POINT('Ctrl Pts',(10.1461808588507,5.02514802520563,-3.96874429737211));
#4740=CARTESIAN_POINT('Ctrl Pts',(10.0254507597123,5.26188125627104,-3.95754624731263));
#4741=CARTESIAN_POINT('Ctrl Pts',(9.89657205936107,5.49403439776944,-3.94634819725314));
#4742=CARTESIAN_POINT('Ctrl Pts',(9.76763569779413,5.72629140617788,-3.93514513710914));
#4743=CARTESIAN_POINT('Ctrl Pts',(9.63054358767432,5.95396397958784,-3.92394207696514));
#4744=CARTESIAN_POINT('Ctrl Pts',(9.48565662601848,6.17647722114084,-3.91273901682115));
#4745=CARTESIAN_POINT('Ctrl Pts',(9.3567523568178,6.37444470187248,-3.90277178261201));
#4746=CARTESIAN_POINT('Ctrl Pts',(9.22167880512119,6.5683285950143,-3.89280454840288));
#4747=CARTESIAN_POINT('Ctrl Pts',(9.0807184716824,6.75774404132372,-3.88283731419375));
#4748=CARTESIAN_POINT('Ctrl Pts',(8.9214527489045,6.97175735433043,-3.87157571512054));
#4749=CARTESIAN_POINT('Ctrl Pts',(8.75457389809883,7.18019670780696,-3.86031411604732));
#4750=CARTESIAN_POINT('Ctrl Pts',(8.58049905091807,7.38251911797011,-3.84905251697411));
#4751=CARTESIAN_POINT('Ctrl Pts',(8.40647848394354,7.58477843974153,-3.83779442950484));
#4752=CARTESIAN_POINT('Ctrl Pts',(8.22526658216952,7.78092441287271,-3.82653634203557));
#4753=CARTESIAN_POINT('Ctrl Pts',(8.03732065013122,7.97044724322132,-3.81527825456631));
#4754=CARTESIAN_POINT('Ctrl Pts',(7.84941213336468,8.15993234437768,-3.80402240829693));
#4755=CARTESIAN_POINT('Ctrl Pts',(7.65477245921424,8.34279673503722,-3.79276656202755));
#4756=CARTESIAN_POINT('Ctrl Pts',(7.45389646378207,8.51856678069833,-3.78151071575817));
#4757=CARTESIAN_POINT('Ctrl Pts',(7.25304392842037,8.69431629838322,-3.7702561840458));
#4758=CARTESIAN_POINT('Ctrl Pts',(7.04595673668527,8.86297294024228,-3.75900165233342));
#4759=CARTESIAN_POINT('Ctrl Pts',(6.83316434825775,9.02410203176467,-3.74774712062105));
#4760=CARTESIAN_POINT('Ctrl Pts',(6.62037930710318,9.18522555983892,-3.73649297750394));
#4761=CARTESIAN_POINT('Ctrl Pts',(6.40188968643911,9.33882188752242,-3.72523883438684));
#4762=CARTESIAN_POINT('Ctrl Pts',(6.17825645046359,9.48449786347728,-3.71398469126974));
#4763=CARTESIAN_POINT('Ctrl Pts',(5.95456967520144,9.63020871523134,-3.7027278538358));
#4764=CARTESIAN_POINT('Ctrl Pts',(5.72573705731065,9.7679952701886,-3.69147101640186));
#4765=CARTESIAN_POINT('Ctrl Pts',(5.49234809619793,9.89750801364621,-3.68021417896791));
#4766=CARTESIAN_POINT('Ctrl Pts',(5.25893903908399,10.0270319088234,-3.66895637226183));
#4767=CARTESIAN_POINT('Ctrl Pts',(5.0209731026866,10.1482804372676,-3.65769856555573));
#4768=CARTESIAN_POINT('Ctrl Pts',(4.77906443563592,10.2609500344773,-3.64644075884965));
#4769=CARTESIAN_POINT('Ctrl Pts',(4.53705060657692,10.3736686111687,-3.63517805817437));
#4770=CARTESIAN_POINT('Ctrl Pts',(4.29109087600697,10.4778006847491,-3.62391535749909));
#4771=CARTESIAN_POINT('Ctrl Pts',(4.04182091137789,10.5730901921032,-3.61265265682382));
#4772=CARTESIAN_POINT('Ctrl Pts',(3.8315995279816,10.6534524294427,-3.60315427814728));
#4773=CARTESIAN_POINT('Ctrl Pts',(3.61902422513255,10.7275263088743,-3.59365589947074));
#4774=CARTESIAN_POINT('Ctrl Pts',(3.40448566374955,10.7951854942527,-3.5841575207942));
#4775=CARTESIAN_POINT('Ctrl Pts',(3.14443046435803,10.8771992955517,-3.5726439600399));
#4776=CARTESIAN_POINT('Ctrl Pts',(2.88135487374405,10.9498294008069,-3.5611303992856));
#4777=CARTESIAN_POINT('Ctrl Pts',(2.61594436337908,11.0128737202288,-3.5496168385313));
#4778=CARTESIAN_POINT('Ctrl Pts',(2.35065479759144,11.075889311065,-3.53810852437683));
#4779=CARTESIAN_POINT('Ctrl Pts',(2.08303268555299,11.1293277814329,-3.52660021022236));
#4780=CARTESIAN_POINT('Ctrl Pts',(1.81377629836741,11.1730375471257,-3.51509189606789));
#4781=CARTESIAN_POINT('Ctrl Pts',(1.54460938845968,11.2167327875146,-3.50358740627069));
#4782=CARTESIAN_POINT('Ctrl Pts',(1.27380953964898,11.2507057365969,-3.4920829164735));
#4783=CARTESIAN_POINT('Ctrl Pts',(1.00208433648574,11.274856073253,-3.48057842667631));
#4784=CARTESIAN_POINT('Ctrl Pts',(0.730462148045434,11.2989972541878,-3.46907829838778));
#4785=CARTESIAN_POINT('Ctrl Pts',(0.457915560179999,11.3133232366982,-3.45757817009925));
#4786=CARTESIAN_POINT('Ctrl Pts',(0.185157579060366,11.3177855237196,-3.44607804181073));
#4787=CARTESIAN_POINT('Ctrl Pts',(0.123599186505681,11.31879261145,-3.44348259287571));
#4788=CARTESIAN_POINT('Ctrl Pts',(0.0620300428417354,11.3192974974143,-3.44088714394069));
#4789=CARTESIAN_POINT('Ctrl Pts',(0.000458367719730599,11.3192999907194,
-3.43829169500568));
#4790=CARTESIAN_POINT('Ctrl Pts',(-0.000257725289706324,11.3187027042973,
-3.86170830458214));
#4791=CARTESIAN_POINT('Ctrl Pts',(1.21078234105348,11.3178092400765,-3.91279298354549));
#4792=CARTESIAN_POINT('Ctrl Pts',(3.99610611884285,10.870859782749,-4.03025094993096));
#4793=CARTESIAN_POINT('Ctrl Pts',(7.84023720816093,8.62078085811884,-4.21408220373856));
#4794=CARTESIAN_POINT('Ctrl Pts',(10.6597075494052,4.70586810987947,-4.41320206600492));
#4795=CARTESIAN_POINT('Ctrl Pts',(11.6532719656267,-0.0142402433367533,
-4.61232192827128));
#4796=CARTESIAN_POINT('Ctrl Pts',(10.6469724407381,-4.73514600641263,-4.81144179053763));
#4797=CARTESIAN_POINT('Ctrl Pts',(8.05535615744596,-8.31231483726148,-4.99396833094847));
#4798=CARTESIAN_POINT('Ctrl Pts',(5.3838373544631,-10.0596927248346,-5.12671490579269));
#4799=CARTESIAN_POINT('Ctrl Pts',(2.45346721272334,-11.1902602057638,-5.25946148063695));
#4800=CARTESIAN_POINT('Ctrl Pts',(-2.76429599250566,-11.8072419045726,-5.47517466475883));
#4801=CARTESIAN_POINT('Ctrl Pts',(-8.70373356134258,-8.42424427587243,-5.74066781444731));
#4802=CARTESIAN_POINT('Ctrl Pts',(-11.3625100203995,-2.54731777368186,-6.00616096413576));
#4803=CARTESIAN_POINT('Ctrl Pts',(-11.4491128470103,3.06947699209557,-6.23846747011317));
#4804=CARTESIAN_POINT('Ctrl Pts',(-8.23101223059647,8.85182472850865,-6.50396061980167));
#4805=CARTESIAN_POINT('Ctrl Pts',(-3.29418455381266,11.1511829227137,-6.72276977925683));
#4806=CARTESIAN_POINT('Ctrl Pts',(-0.467522449765971,11.3202228548629,-6.84201900757882));
#4807=CARTESIAN_POINT('Ctrl Pts',(-0.000688040895244844,11.3192476737906,
-6.86170830476763));
#4808=CARTESIAN_POINT('Origin',(-12.7493513901102,8.09098442333526,-7.40000000000017));
#4809=CARTESIAN_POINT('',(-12.9710206199644,7.53343375071814,-5.40000000000018));
#4810=CARTESIAN_POINT('',(-12.3392466260547,8.52895026960519,-5.40000000000018));
#4811=CARTESIAN_POINT('Ctrl Pts',(-12.9710206199644,7.5334337507181,-5.40000000000017));
#4812=CARTESIAN_POINT('Ctrl Pts',(-12.9710206199644,7.5334337507181,-5.6418449519076));
#4813=CARTESIAN_POINT('Ctrl Pts',(-12.9305302764079,7.51523360913332,-5.86043666394614));
#4814=CARTESIAN_POINT('Ctrl Pts',(-12.8207385644866,7.49345418985441,-6.17195716963119));
#4815=CARTESIAN_POINT('Ctrl Pts',(-12.7633212528017,7.48751850746784,-6.28392184216093));
#4816=CARTESIAN_POINT('Ctrl Pts',(-12.6529852592502,7.49709114915237,-6.4443884599414));
#4817=CARTESIAN_POINT('Ctrl Pts',(-12.6023838894491,7.50634441437945,-6.50471201785752));
#4818=CARTESIAN_POINT('Ctrl Pts',(-12.508845152654,7.53977014268536,-6.59358429611561));
#4819=CARTESIAN_POINT('Ctrl Pts',(-12.4683585244212,7.55866901147232,-6.62601218852704));
#4820=CARTESIAN_POINT('Ctrl Pts',(-12.3842858867116,7.61205325625463,-6.68073387604062));
#4821=CARTESIAN_POINT('Ctrl Pts',(-12.3418244075871,7.64688459893941,-6.70146852292256));
#4822=CARTESIAN_POINT('Ctrl Pts',(-12.2908537928814,7.70351770444453,-6.71664584455102));
#4823=CARTESIAN_POINT('Ctrl Pts',(-12.2788722490056,7.71814154266576,-6.7193484722645));
#4824=CARTESIAN_POINT('Ctrl Pts',(-12.2620285967716,7.74083926436593,-6.72178626608947));
#4825=CARTESIAN_POINT('Ctrl Pts',(-12.2566888634148,7.74839210242463,-6.7223313998715));
#4826=CARTESIAN_POINT('Ctrl Pts',(-12.2475178823604,7.76202476816747,-6.72284943402956));
#4827=CARTESIAN_POINT('Ctrl Pts',(-12.2436224110593,7.76804530203663,-6.72292390377947));
#4828=CARTESIAN_POINT('Ctrl Pts',(-12.2357027755473,7.78078079519157,-6.7227618322019));
#4829=CARTESIAN_POINT('Ctrl Pts',(-12.2317027162764,7.787502995971,-6.72249669176143));
#4830=CARTESIAN_POINT('Ctrl Pts',(-12.2216673782799,7.80514312476404,-6.7213395257757));
#4831=CARTESIAN_POINT('Ctrl Pts',(-12.2158535509105,7.8161500753925,-6.72016983074936));
#4832=CARTESIAN_POINT('Ctrl Pts',(-12.1946455063749,7.85949627823102,-6.71385351924498));
#4833=CARTESIAN_POINT('Ctrl Pts',(-12.1821365657668,7.89239160375858,-6.70544257115751));
#4834=CARTESIAN_POINT('Ctrl Pts',(-12.1590346324629,7.97279422130705,-6.67654393035394));
#4835=CARTESIAN_POINT('Ctrl Pts',(-12.1520719575101,8.01908765002959,-6.65279692783984));
#4836=CARTESIAN_POINT('Ctrl Pts',(-12.1477810742577,8.11021650967849,-6.59228706282949));
#4837=CARTESIAN_POINT('Ctrl Pts',(-12.151322894279,8.15381941976188,-6.5550784219551));
#4838=CARTESIAN_POINT('Ctrl Pts',(-12.1681949535235,8.251540380428,-6.45279012089834));
#4839=CARTESIAN_POINT('Ctrl Pts',(-12.1852774176599,8.30016550130971,-6.38325220661659));
#4840=CARTESIAN_POINT('Ctrl Pts',(-12.2372435616186,8.41397810595829,-6.1734466942082));
#4841=CARTESIAN_POINT('Ctrl Pts',(-12.2786567826449,8.46537312677201,-6.01059569961712));
#4842=CARTESIAN_POINT('Ctrl Pts',(-12.3268561301914,8.51806010294483,-5.69012285335691));
#4843=CARTESIAN_POINT('Ctrl Pts',(-12.3392466260547,8.52895026960521,-5.54690462051326));
#4844=CARTESIAN_POINT('Ctrl Pts',(-12.3392466260547,8.52895026960521,-5.40000000000018));
#4845=CARTESIAN_POINT('',(-12.9710206199645,7.53343375071809,3.));
#4846=CARTESIAN_POINT('',(-12.9710206199644,7.53343375071811,-7.40000000000017));
#4847=CARTESIAN_POINT('',(-12.3392466260547,8.52895026960527,3.));
#4848=CARTESIAN_POINT('Ctrl Pts',(-12.3392466260547,8.52895026960528,3.));
#4849=CARTESIAN_POINT('Ctrl Pts',(-12.3392466260547,8.52895026960528,3.10565605342977));
#4850=CARTESIAN_POINT('Ctrl Pts',(-12.332918502429,8.52330423043686,3.21321926522853));
#4851=CARTESIAN_POINT('Ctrl Pts',(-12.2991881564343,8.48882776005782,3.50462837423992));
#4852=CARTESIAN_POINT('Ctrl Pts',(-12.2624679296419,8.44854193090862,3.66920167867707));
#4853=CARTESIAN_POINT('Ctrl Pts',(-12.2034787081627,8.34485580045932,3.91102175016715));
#4854=CARTESIAN_POINT('Ctrl Pts',(-12.1813143919513,8.29353103579481,3.99578853461156));
#4855=CARTESIAN_POINT('Ctrl Pts',(-12.1564219446777,8.19251369592249,4.11819234680604));
#4856=CARTESIAN_POINT('Ctrl Pts',(-12.14933500697,8.14450146812045,4.16474641581267));
#4857=CARTESIAN_POINT('Ctrl Pts',(-12.1493634173604,8.05153730934434,4.23304513661105));
#4858=CARTESIAN_POINT('Ctrl Pts',(-12.1532203325717,8.00962532611456,4.2578028103008));
#4859=CARTESIAN_POINT('Ctrl Pts',(-12.1719265448749,7.9218104371282,4.29692260056934));
#4860=CARTESIAN_POINT('Ctrl Pts',(-12.1867271912352,7.87690713517603,4.31070649111199));
#4861=CARTESIAN_POINT('Ctrl Pts',(-12.213466974698,7.8207838664134,4.31961594449004));
#4862=CARTESIAN_POINT('Ctrl Pts',(-12.219679927891,7.80879310008168,4.32101104873136));
#4863=CARTESIAN_POINT('Ctrl Pts',(-12.2302684245935,7.78995669000946,4.32237415998889));
#4864=CARTESIAN_POINT('Ctrl Pts',(-12.234360888203,7.78300718032684,4.32269101790769));
#4865=CARTESIAN_POINT('Ctrl Pts',(-12.2423336717331,7.7700736706311,4.3229254005367));
#4866=CARTESIAN_POINT('Ctrl Pts',(-12.2461788428143,7.76407748342899,4.32288566231771));
#4867=CARTESIAN_POINT('Ctrl Pts',(-12.2550315482216,7.75079927354581,4.32246074825297));
#4868=CARTESIAN_POINT('Ctrl Pts',(-12.2600906264152,7.74356294674569,4.32199527340074));
#4869=CARTESIAN_POINT('Ctrl Pts',(-12.2753446612501,7.72273656323843,4.31996007923225));
#4870=CARTESIAN_POINT('Ctrl Pts',(-12.2859141672276,7.70952916040893,4.31777223548773));
#4871=CARTESIAN_POINT('Ctrl Pts',(-12.3331815824927,7.65527192529014,4.30484225416823));
#4872=CARTESIAN_POINT('Ctrl Pts',(-12.3733961809615,7.62070833401947,4.28631126263274));
#4873=CARTESIAN_POINT('Ctrl Pts',(-12.4538553066112,7.56669379378528,4.23647799546961));
#4874=CARTESIAN_POINT('Ctrl Pts',(-12.4929845868601,7.54700680050281,4.20660589217608));
#4875=CARTESIAN_POINT('Ctrl Pts',(-12.5811159378968,7.51250839161862,4.12678555422135));
#4876=CARTESIAN_POINT('Ctrl Pts',(-12.6284070759664,7.50174390917595,4.07393732488752));
#4877=CARTESIAN_POINT('Ctrl Pts',(-12.733701528198,7.48784637431623,3.93244905999924));
#4878=CARTESIAN_POINT('Ctrl Pts',(-12.7904468333924,7.49049127020431,3.83319918956756));
#4879=CARTESIAN_POINT('Ctrl Pts',(-12.9192489409638,7.50966272365314,3.51885984214019));
#4880=CARTESIAN_POINT('Ctrl Pts',(-12.9710206199645,7.53343375071811,3.27395542593033));
#4881=CARTESIAN_POINT('Ctrl Pts',(-12.9710206199645,7.53343375071811,3.00000000000001));
#4882=CARTESIAN_POINT('',(-12.3392466260547,8.52895026960523,-7.40000000000017));
#4883=CARTESIAN_POINT('Origin',(-7.27448031633859,13.2322305728989,-7.40000000000017));
#4884=CARTESIAN_POINT('',(-7.73733262825118,12.8504351599392,-5.40000000000018));
#4885=CARTESIAN_POINT('',(-6.70411111650733,13.418453492766,-5.40000000000018));
#4886=CARTESIAN_POINT('Ctrl Pts',(-7.73733262825121,12.8504351599391,-5.40000000000017));
#4887=CARTESIAN_POINT('Ctrl Pts',(-7.73733262825121,12.8504351599391,-5.64184495190813));
#4888=CARTESIAN_POINT('Ctrl Pts',(-7.71061865479291,12.8149798825165,-5.86043666394687));
#4889=CARTESIAN_POINT('Ctrl Pts',(-7.62489975948031,12.743001871311,-6.17195716963128));
#4890=CARTESIAN_POINT('Ctrl Pts',(-7.57744412249875,12.7101393923238,-6.28392184216104));
#4891=CARTESIAN_POINT('Ctrl Pts',(-7.47614429899771,12.6653731918985,-6.44438845994165));
#4892=CARTESIAN_POINT('Ctrl Pts',(-7.42734418610105,12.6491044942129,-6.50471201785772));
#4893=CARTESIAN_POINT('Ctrl Pts',(-7.3292725987838,12.6333330530909,-6.59358429611574));
#4894=CARTESIAN_POINT('Ctrl Pts',(-7.28468929653647,12.6303896761511,-6.62601218852716));
#4895=CARTESIAN_POINT('Ctrl Pts',(-7.18529782643968,12.6366683443549,-6.68073387604068));
#4896=CARTESIAN_POINT('Ctrl Pts',(-7.13130842132597,12.6467353090484,-6.70146852292262));
#4897=CARTESIAN_POINT('Ctrl Pts',(-7.05935932452061,12.6718079968085,-6.71664584455106));
#4898=CARTESIAN_POINT('Ctrl Pts',(-7.04181472979245,12.6788508111461,-6.71934847226453));
#4899=CARTESIAN_POINT('Ctrl Pts',(-7.0161198140007,12.6906264849447,-6.7217862660895));
#4900=CARTESIAN_POINT('Ctrl Pts',(-7.00780196250581,12.6946726512254,-6.72233139987153));
#4901=CARTESIAN_POINT('Ctrl Pts',(-6.99319778373584,12.7022008934647,-6.72284943402959));
#4902=CARTESIAN_POINT('Ctrl Pts',(-6.98688374190123,12.7056000698999,-6.72292390377949));
#4903=CARTESIAN_POINT('Ctrl Pts',(-6.97380834177971,12.7129449541198,-6.72276183220193));
#4904=CARTESIAN_POINT('Ctrl Pts',(-6.96706461819648,12.7169086203171,-6.72249669176145));
#4905=CARTESIAN_POINT('Ctrl Pts',(-6.94977238761605,12.7275322220646,-6.72133952577573));
#4906=CARTESIAN_POINT('Ctrl Pts',(-6.93937505294971,12.7343768537313,-6.7201698307494));
#4907=CARTESIAN_POINT('Ctrl Pts',(-6.89990810937653,12.7621443674578,-6.71385351924498));
#4908=CARTESIAN_POINT('Ctrl Pts',(-6.87309899722768,12.7849445328629,-6.70544257115748));
#4909=CARTESIAN_POINT('Ctrl Pts',(-6.81412036234023,12.8442724424656,-6.67654393035388));
#4910=CARTESIAN_POINT('Ctrl Pts',(-6.78571689439426,12.8814853890572,-6.65279692783976));
#4911=CARTESIAN_POINT('Ctrl Pts',(-6.73805510178438,12.9592750687403,-6.59228706282938));
#4912=CARTESIAN_POINT('Ctrl Pts',(-6.72015296019437,12.9991908749241,-6.55507842195498));
#4913=CARTESIAN_POINT('Ctrl Pts',(-6.68786062657877,13.0929525820668,-6.45279012089807));
#4914=CARTESIAN_POINT('Ctrl Pts',(-6.67940477337469,13.1437926401739,-6.38325220661625));
#4915=CARTESIAN_POINT('Ctrl Pts',(-6.67011341201338,13.2685622666818,-6.17344669420745));
#4916=CARTESIAN_POINT('Ctrl Pts',(-6.68164435413341,13.3335510381277,-6.010595699616));
#4917=CARTESIAN_POINT('Ctrl Pts',(-6.69849962001355,13.4029412000688,-5.69012285335572));
#4918=CARTESIAN_POINT('Ctrl Pts',(-6.7041111165073,13.418453492766,-5.54690462051262));
#4919=CARTESIAN_POINT('Ctrl Pts',(-6.7041111165073,13.418453492766,-5.40000000000018));
#4920=CARTESIAN_POINT('',(-7.73733262825126,12.8504351599391,3.));
#4921=CARTESIAN_POINT('',(-7.73733262825122,12.8504351599391,-7.40000000000017));
#4922=CARTESIAN_POINT('',(-6.70411111650728,13.418453492766,3.));
#4923=CARTESIAN_POINT('Ctrl Pts',(-6.70411111650733,13.4184534927661,3.));
#4924=CARTESIAN_POINT('Ctrl Pts',(-6.70411111650733,13.4184534927661,3.10565605343004));
#4925=CARTESIAN_POINT('Ctrl Pts',(-6.7012857396155,13.4104572341201,3.21321926522908));
#4926=CARTESIAN_POINT('Ctrl Pts',(-6.68833677837521,13.3639955547108,3.50462837424048));
#4927=CARTESIAN_POINT('Ctrl Pts',(-6.67556644455119,13.3110027093452,3.66920167867753));
#4928=CARTESIAN_POINT('Ctrl Pts',(-6.67382497001576,13.1917235864242,3.91102175016808));
#4929=CARTESIAN_POINT('Ctrl Pts',(-6.67912812561076,13.1360696115282,3.99578853461224));
#4930=CARTESIAN_POINT('Ctrl Pts',(-6.70598018241366,13.0355554138667,4.11819234680625));
#4931=CARTESIAN_POINT('Ctrl Pts',(-6.72289991870477,12.9900678196412,4.16474641581285));
#4932=CARTESIAN_POINT('Ctrl Pts',(-6.76771063996984,12.908616393111,4.23304513661115));
#4933=CARTESIAN_POINT('Ctrl Pts',(-6.79128173244375,12.8737467253067,4.2578028103009));
#4934=CARTESIAN_POINT('Ctrl Pts',(-6.84997925665334,12.8058057379862,4.29692260056941));
#4935=CARTESIAN_POINT('Ctrl Pts',(-6.88458149262262,12.7735869402927,4.31070649111204));
#4936=CARTESIAN_POINT('Ctrl Pts',(-6.93505133442302,12.7372877338979,4.3196159444901));
#4937=CARTESIAN_POINT('Ctrl Pts',(-6.94627238254441,12.7297732582904,4.3210110487314));
#4938=CARTESIAN_POINT('Ctrl Pts',(-6.96462566269539,12.7183678335059,4.3223741599889));
#4939=CARTESIAN_POINT('Ctrl Pts',(-6.97155986771708,12.7142494911279,4.32269101790772));
#4940=CARTESIAN_POINT('Ctrl Pts',(-6.98477723699813,12.7067566879435,4.32292540053673));
#4941=CARTESIAN_POINT('Ctrl Pts',(-6.99103547131771,12.7033546143394,4.32288566231774));
#4942=CARTESIAN_POINT('Ctrl Pts',(-7.00518998259927,12.6959836536755,4.322460748253));
#4943=CARTESIAN_POINT('Ctrl Pts',(-7.01310941363807,12.6920796416689,4.32199527340078));
#4944=CARTESIAN_POINT('Ctrl Pts',(-7.03650981303451,12.6811780300069,4.31996007923228));
#4945=CARTESIAN_POINT('Ctrl Pts',(-7.05213465656579,12.6746961930195,4.31777223548776));
#4946=CARTESIAN_POINT('Ctrl Pts',(-7.11969403067608,12.6499214664134,4.30484225416826));
#4947=CARTESIAN_POINT('Ctrl Pts',(-7.17158548903437,12.6390066910615,4.28631126263274));
#4948=CARTESIAN_POINT('Ctrl Pts',(-7.26811406152441,12.6304348680316,4.23647799546966));
#4949=CARTESIAN_POINT('Ctrl Pts',(-7.31188759253763,12.632033698833,4.20660589217619));
#4950=CARTESIAN_POINT('Ctrl Pts',(-7.40573741940315,12.6442601148424,4.12678555422135));
#4951=CARTESIAN_POINT('Ctrl Pts',(-7.45236478856692,12.6576098064881,4.07393732488748));
#4952=CARTESIAN_POINT('Ctrl Pts',(-7.55133020890856,12.6961572930795,3.93244905999941));
#4953=CARTESIAN_POINT('Ctrl Pts',(-7.59978231059984,12.7258122922796,3.83319918956779));
#4954=CARTESIAN_POINT('Ctrl Pts',(-7.70341653973164,12.8046632535576,3.51885984214011));
#4955=CARTESIAN_POINT('Ctrl Pts',(-7.73733262825129,12.8504351599392,3.27395542593024));
#4956=CARTESIAN_POINT('Ctrl Pts',(-7.73733262825129,12.8504351599392,3.00000000000001));
#4957=CARTESIAN_POINT('',(-6.70411111650731,13.418453492766,-7.40000000000017));
#4958=CARTESIAN_POINT('Origin',(1.89253178451961,-14.9809316549987,-7.40000000000017));
#4959=CARTESIAN_POINT('',(2.46342924618787,-14.7963345578906,-5.40000000000018));
#4960=CARTESIAN_POINT('',(1.29366268516588,-14.9441104404715,-5.40000000000018));
#4961=CARTESIAN_POINT('Ctrl Pts',(2.46342924618786,-14.7963345578906,-5.40000000000017));
#4962=CARTESIAN_POINT('Ctrl Pts',(2.46342924618786,-14.7963345578906,-5.64184495190758));
#4963=CARTESIAN_POINT('Ctrl Pts',(2.45164317996326,-14.7535350051128,-5.86043666394611));
#4964=CARTESIAN_POINT('Ctrl Pts',(2.39844063988339,-14.6550563127992,-6.17195716963136));
#4965=CARTESIAN_POINT('Ctrl Pts',(2.36641498987227,-14.6070319674326,-6.28392184216104));
#4966=CARTESIAN_POINT('Ctrl Pts',(2.28870833346356,-14.5281184547014,-6.44438845994134));
#4967=CARTESIAN_POINT('Ctrl Pts',(2.24932404304181,-14.4950276824063,-6.50471201785748));
#4968=CARTESIAN_POINT('Ctrl Pts',(2.16394524192874,-14.4442612080902,-6.59358429611556));
#4969=CARTESIAN_POINT('Ctrl Pts',(2.12357626515528,-14.4251123172254,-6.62601218852701));
#4970=CARTESIAN_POINT('Ctrl Pts',(2.0288530814374,-14.394361634814,-6.68073387604059));
#4971=CARTESIAN_POINT('Ctrl Pts',(1.97494910520089,-14.3838468362631,-6.70146852292254));
#4972=CARTESIAN_POINT('Ctrl Pts',(1.89882265484404,-14.3806726027029,-6.71664584455101));
#4973=CARTESIAN_POINT('Ctrl Pts',(1.87991747033369,-14.3807622497821,-6.71934847226448));
#4974=CARTESIAN_POINT('Ctrl Pts',(1.85169202717409,-14.3822520650034,-6.72178626608944));
#4975=CARTESIAN_POINT('Ctrl Pts',(1.84246879128876,-14.3829520899084,-6.72233139987148));
#4976=CARTESIAN_POINT('Ctrl Pts',(1.8261188384657,-14.3845755157455,-6.72284943402955));
#4977=CARTESIAN_POINT('Ctrl Pts',(1.8189968705323,-14.3854116362404,-6.72292390377945));
#4978=CARTESIAN_POINT('Ctrl Pts',(1.8041358387379,-14.3874273610587,-6.72276183220189));
#4979=CARTESIAN_POINT('Ctrl Pts',(1.79640656027709,-14.3886301544593,-6.72249669176142));
#4980=CARTESIAN_POINT('Ctrl Pts',(1.77641784225355,-14.3921420349122,-6.72133952577569));
#4981=CARTESIAN_POINT('Ctrl Pts',(1.76423096799424,-14.3946784983174,-6.72016983074936));
#4982=CARTESIAN_POINT('Ctrl Pts',(1.71731362832043,-14.4059673287031,-6.71385351924497));
#4983=CARTESIAN_POINT('Ctrl Pts',(1.68399384554611,-14.4172972939533,-6.70544257115751));
#4984=CARTESIAN_POINT('Ctrl Pts',(1.60731683747378,-14.4507475056729,-6.67654393035399));
#4985=CARTESIAN_POINT('Ctrl Pts',(1.5672089615418,-14.4748912144521,-6.65279692783991));
#4986=CARTESIAN_POINT('Ctrl Pts',(1.49425785646097,-14.5296727533815,-6.59228706282958));
#4987=CARTESIAN_POINT('Ctrl Pts',(1.46291887786711,-14.5601953135215,-6.5550784219552));
#4988=CARTESIAN_POINT('Ctrl Pts',(1.39837823889601,-14.6354851432321,-6.45279012089855));
#4989=CARTESIAN_POINT('Ctrl Pts',(1.3718007117696,-14.6796422266228,-6.38325220661689));
#4990=CARTESIAN_POINT('Ctrl Pts',(1.31723105950708,-14.7922297132577,-6.17344669420865));
#4991=CARTESIAN_POINT('Ctrl Pts',(1.30402829593229,-14.8568995677048,-6.0105956996178));
#4992=CARTESIAN_POINT('Ctrl Pts',(1.29415570348563,-14.9276217458425,-5.69012285335767));
#4993=CARTESIAN_POINT('Ctrl Pts',(1.29366268516588,-14.9441104404715,-5.54690462051371));
#4994=CARTESIAN_POINT('Ctrl Pts',(1.29366268516588,-14.9441104404715,-5.40000000000018));
#4995=CARTESIAN_POINT('',(2.46342924618791,-14.7963345578906,3.));
#4996=CARTESIAN_POINT('',(2.46342924618787,-14.7963345578906,-7.40000000000017));
#4997=CARTESIAN_POINT('',(1.29366268516585,-14.9441104404716,3.));
#4998=CARTESIAN_POINT('Ctrl Pts',(1.29366268516588,-14.9441104404716,3.));
#4999=CARTESIAN_POINT('Ctrl Pts',(1.29366268516588,-14.9441104404716,3.10565605342966));
#5000=CARTESIAN_POINT('Ctrl Pts',(1.29397933530527,-14.9356356166031,3.21321926522836));
#5001=CARTESIAN_POINT('Ctrl Pts',(1.29904338057688,-14.8876698090293,3.50462837423961));
#5002=CARTESIAN_POINT('Ctrl Pts',(1.30667779196604,-14.8336972340615,3.66920167867682));
#5003=CARTESIAN_POINT('Ctrl Pts',(1.34896818366203,-14.7221532307779,3.91102175016734));
#5004=CARTESIAN_POINT('Ctrl Pts',(1.37438652764892,-14.6723596953546,3.99578853461167));
#5005=CARTESIAN_POINT('Ctrl Pts',(1.43635468271465,-14.5887888592701,4.11819234680595));
#5006=CARTESIAN_POINT('Ctrl Pts',(1.46883135594252,-14.5527241341133,4.1647464158126));
#5007=CARTESIAN_POINT('Ctrl Pts',(1.54047958084745,-14.4934884397046,4.233045136611));
#5008=CARTESIAN_POINT('Ctrl Pts',(1.57523180923912,-14.4697445403826,4.25780281030075));
#5009=CARTESIAN_POINT('Ctrl Pts',(1.65481813259532,-14.4281826077874,4.29692260056928));
#5010=CARTESIAN_POINT('Ctrl Pts',(1.69885100844771,-14.4109642599264,4.31070649111196));
#5011=CARTESIAN_POINT('Ctrl Pts',(1.75913930971713,-14.3957932993009,4.31961594449003));
#5012=CARTESIAN_POINT('Ctrl Pts',(1.77233863937914,-14.3929372598976,4.32101104873134));
#5013=CARTESIAN_POINT('Ctrl Pts',(1.79360170459981,-14.3890890571672,4.32237415998888));
#5014=CARTESIAN_POINT('Ctrl Pts',(1.80156502832285,-14.3878125703852,4.32269101790767));
#5015=CARTESIAN_POINT('Ctrl Pts',(1.81661251230606,-14.3857115763252,4.32292540053667));
#5016=CARTESIAN_POINT('Ctrl Pts',(1.82368365824324,-14.3848522179944,4.32288566231769));
#5017=CARTESIAN_POINT('Ctrl Pts',(1.83955762159945,-14.3832094952247,4.32246074825295));
#5018=CARTESIAN_POINT('Ctrl Pts',(1.84835808503455,-14.382494973669,4.32199527340072));
#5019=CARTESIAN_POINT('Ctrl Pts',(1.87412837707034,-14.3809731730478,4.31996007923223));
#5020=CARTESIAN_POINT('Ctrl Pts',(1.89104211252298,-14.3806984019673,4.31777223548771));
#5021=CARTESIAN_POINT('Ctrl Pts',(1.96297741512174,-14.3825337080987,4.30484225416822));
#5022=CARTESIAN_POINT('Ctrl Pts',(2.0152428697158,-14.391487926524,4.28631126263274));
#5023=CARTESIAN_POINT('Ctrl Pts',(2.10814836515203,-14.4190525845987,4.23647799546963));
#5024=CARTESIAN_POINT('Ctrl Pts',(2.14825939611884,-14.4366532514065,4.20660589217615));
#5025=CARTESIAN_POINT('Ctrl Pts',(2.23101791441864,-14.4825695110531,4.12678555422136));
#5026=CARTESIAN_POINT('Ctrl Pts',(2.26945659660039,-14.5121464198554,4.0739373248875));
#5027=CARTESIAN_POINT('Ctrl Pts',(2.34728204109161,-14.5844185675728,3.93244905999928));
#5028=CARTESIAN_POINT('Ctrl Pts',(2.38141493262059,-14.6298274967798,3.83319918956762));
#5029=CARTESIAN_POINT('Ctrl Pts',(2.44874462715119,-14.7412915707076,3.51885984214036));
#5030=CARTESIAN_POINT('Ctrl Pts',(2.46342924618791,-14.7963345578906,3.27395542593056));
#5031=CARTESIAN_POINT('Ctrl Pts',(2.46342924618791,-14.7963345578906,3.00000000000001));
#5032=CARTESIAN_POINT('',(1.29366268516588,-14.9441104404715,-7.40000000000017));
#5033=CARTESIAN_POINT('Origin',(-3.75521721225366,-14.6256054061346,-7.40000000000017));
#5034=CARTESIAN_POINT('',(-3.15645545274141,-14.6641327385857,-5.40000000000018));
#5035=CARTESIAN_POINT('',(-4.29847682583072,-14.3709114873691,-5.40000000000018));
#5036=CARTESIAN_POINT('Ctrl Pts',(-3.15645545274141,-14.6641327385856,-5.40000000000017));
#5037=CARTESIAN_POINT('Ctrl Pts',(-3.15645545274141,-14.6641327385856,-5.64184495190772));
#5038=CARTESIAN_POINT('Ctrl Pts',(-3.15165829375674,-14.6199999804494,-5.86043666394632));
#5039=CARTESIAN_POINT('Ctrl Pts',(-3.16487233995564,-14.5088516467066,-6.1719571696315));
#5040=CARTESIAN_POINT('Ctrl Pts',(-3.17697009562524,-14.4524103115499,-6.28392184216114));
#5041=CARTESIAN_POINT('Ctrl Pts',(-3.2201699159761,-14.3504326548625,-6.4443884599414));
#5042=CARTESIAN_POINT('Ctrl Pts',(-3.24460697737452,-14.3051673085883,-6.50471201785752));
#5043=CARTESIAN_POINT('Ctrl Pts',(-3.30530179339381,-14.2265358015292,-6.5935842961156));
#5044=CARTESIAN_POINT('Ctrl Pts',(-3.33578674187313,-14.1938708015552,-6.62601218852703));
#5045=CARTESIAN_POINT('Ctrl Pts',(-3.412538049555,-14.1304096104891,-6.68073387604057));
#5046=CARTESIAN_POINT('Ctrl Pts',(-3.45878594364246,-14.1007898209026,-6.70146852292252));
#5047=CARTESIAN_POINT('Ctrl Pts',(-3.52839801382894,-14.0698144776925,-6.71664584455098));
#5048=CARTESIAN_POINT('Ctrl Pts',(-3.54600861113895,-14.0629383668475,-6.71934847226446));
#5049=CARTESIAN_POINT('Ctrl Pts',(-3.57280040205451,-14.0539330833711,-6.72178626608942));
#5050=CARTESIAN_POINT('Ctrl Pts',(-3.58163364625947,-14.0511886504828,-6.72233139987146));
#5051=CARTESIAN_POINT('Ctrl Pts',(-3.59743307084971,-14.0466792545833,-6.72284943402952));
#5052=CARTESIAN_POINT('Ctrl Pts',(-3.60436270565065,-14.0448348884991,-6.72292390377943));
#5053=CARTESIAN_POINT('Ctrl Pts',(-3.61892218136633,-14.0412383513554,-6.72276183220186));
#5054=CARTESIAN_POINT('Ctrl Pts',(-3.62655146051471,-14.0395113432007,-6.72249669176138));
#5055=CARTESIAN_POINT('Ctrl Pts',(-3.64642930993671,-14.0354182691859,-6.72133952577566));
#5056=CARTESIAN_POINT('Ctrl Pts',(-3.65869411351594,-14.0332903255821,-6.72016983074933));
#5057=CARTESIAN_POINT('Ctrl Pts',(-3.70647244836118,-14.0265149899473,-6.71385351924494));
#5058=CARTESIAN_POINT('Ctrl Pts',(-3.74162323728935,-14.0247834950936,-6.70544257115746));
#5059=CARTESIAN_POINT('Ctrl Pts',(-3.82522956062977,-14.0276580261006,-6.67654393035392));
#5060=CARTESIAN_POINT('Ctrl Pts',(-3.87140881256471,-14.035341584919,-6.65279692783983));
#5061=CARTESIAN_POINT('Ctrl Pts',(-3.95940346420222,-14.0594210787507,-6.59228706282947));
#5062=CARTESIAN_POINT('Ctrl Pts',(-3.99977781338886,-14.0762635899815,-6.55507842195508));
#5063=CARTESIAN_POINT('Ctrl Pts',(-4.08750221677234,-14.1225073094217,-6.45279012089835));
#5064=CARTESIAN_POINT('Ctrl Pts',(-4.1284686831186,-14.153779686959,-6.38325220661663));
#5065=CARTESIAN_POINT('Ctrl Pts',(-4.22065248079076,-14.2383724558081,-6.17344669420827));
#5066=CARTESIAN_POINT('Ctrl Pts',(-4.25673466115185,-14.2936407043837,-6.01059569961723));
#5067=CARTESIAN_POINT('Ctrl Pts',(-4.29194853565526,-14.3557621789686,-5.69012285335699));
#5068=CARTESIAN_POINT('Ctrl Pts',(-4.29847682583069,-14.3709114873691,-5.54690462051333));
#5069=CARTESIAN_POINT('Ctrl Pts',(-4.29847682583069,-14.3709114873691,-5.40000000000018));
#5070=CARTESIAN_POINT('',(-3.15645545274139,-14.6641327385857,3.));
#5071=CARTESIAN_POINT('',(-3.15645545274142,-14.6641327385857,-7.40000000000017));
#5072=CARTESIAN_POINT('',(-4.29847682583076,-14.3709114873691,3.));
#5073=CARTESIAN_POINT('Ctrl Pts',(-4.29847682583073,-14.3709114873692,3.));
#5074=CARTESIAN_POINT('Ctrl Pts',(-4.29847682583073,-14.3709114873692,3.10565605342936));
#5075=CARTESIAN_POINT('Ctrl Pts',(-4.29506262123121,-14.3631483621052,3.21321926522775));
#5076=CARTESIAN_POINT('Ctrl Pts',(-4.27269679955702,-14.3204150814969,3.50462837423874));
#5077=CARTESIAN_POINT('Ctrl Pts',(-4.24572987334657,-14.2730430646867,3.66920167867612));
#5078=CARTESIAN_POINT('Ctrl Pts',(-4.16534717525519,-14.1849002048176,3.91102175016707));
#5079=CARTESIAN_POINT('Ctrl Pts',(-4.12338357375165,-14.147960462942,3.99578853461143));
#5080=CARTESIAN_POINT('Ctrl Pts',(-4.03500256364663,-14.0930702640088,4.11819234680573));
#5081=CARTESIAN_POINT('Ctrl Pts',(-3.99153020572342,-14.0714935913927,4.16474641581241));
#5082=CARTESIAN_POINT('Ctrl Pts',(-3.90310725744405,-14.04279310635,4.23304513661085));
#5083=CARTESIAN_POINT('Ctrl Pts',(-3.86205474033634,-14.0335097356085,4.25780281030064));
#5084=CARTESIAN_POINT('Ctrl Pts',(-3.772757280436,-14.0241641076587,4.29692260056925));
#5085=CARTESIAN_POINT('Ctrl Pts',(-3.72547805125809,-14.0243644754183,4.31070649111193));
#5086=CARTESIAN_POINT('Ctrl Pts',(-3.66383860326961,-14.0324524768973,4.31961594449));
#5087=CARTESIAN_POINT('Ctrl Pts',(-3.65051479869256,-14.0346559959449,4.32101104873132));
#5088=CARTESIAN_POINT('Ctrl Pts',(-3.62932828272388,-14.0389054839063,4.32237415998884));
#5089=CARTESIAN_POINT('Ctrl Pts',(-3.62145426545095,-14.0406501314953,4.32269101790765));
#5090=CARTESIAN_POINT('Ctrl Pts',(-3.6066900411729,-14.0442360249317,4.32292540053665));
#5091=CARTESIAN_POINT('Ctrl Pts',(-3.59979910505102,-14.0460400761978,4.32288566231766));
#5092=CARTESIAN_POINT('Ctrl Pts',(-3.58443514059992,-14.0503563068535,4.32246074825293));
#5093=CARTESIAN_POINT('Ctrl Pts',(-3.57598964370497,-14.0529316281778,4.3219952734007));
#5094=CARTESIAN_POINT('Ctrl Pts',(-3.5514688199627,-14.0610033709723,4.31996007923221));
#5095=CARTESIAN_POINT('Ctrl Pts',(-3.53564167646919,-14.0669742565804,4.31777223548769));
#5096=CARTESIAN_POINT('Ctrl Pts',(-3.46943354485621,-14.0951618321571,4.3048422541682));
#5097=CARTESIAN_POINT('Ctrl Pts',(-3.42413462180284,-14.1227274509918,4.2863112626327));
#5098=CARTESIAN_POINT('Ctrl Pts',(-3.34790050416013,-14.1825572158607,4.23647799546959));
#5099=CARTESIAN_POINT('Ctrl Pts',(-3.31708544833801,-14.2136877573269,4.20660589217609));
#5100=CARTESIAN_POINT('Ctrl Pts',(-3.25704142655929,-14.2868450583962,4.12678555422133));
#5101=CARTESIAN_POINT('Ctrl Pts',(-3.23219003004082,-14.3284951954098,4.0739373248875));
#5102=CARTESIAN_POINT('Ctrl Pts',(-3.18643491379898,-14.424341595883,3.93244905999897));
#5103=CARTESIAN_POINT('Ctrl Pts',(-3.17141509561227,-14.479126905935,3.83319918956719));
#5104=CARTESIAN_POINT('Ctrl Pts',(-3.14984619119079,-14.6075492945757,3.51885984214038));
#5105=CARTESIAN_POINT('Ctrl Pts',(-3.15645545274138,-14.6641327385857,3.27395542593055));
#5106=CARTESIAN_POINT('Ctrl Pts',(-3.15645545274138,-14.6641327385857,3.00000000000001));
#5107=CARTESIAN_POINT('',(-4.29847682583072,-14.3709114873691,-7.40000000000017));
#5108=CARTESIAN_POINT('Origin',(14.8325371544701,2.82945778700114,-7.40000000000017));
#5109=CARTESIAN_POINT('',(14.6124573693499,3.38763776530685,-5.40000000000018));
#5110=CARTESIAN_POINT('',(14.8333919000773,2.22945839582652,-5.40000000000018));
#5111=CARTESIAN_POINT('Ctrl Pts',(14.6124573693498,3.3876377653069,-5.40000000000017));
#5112=CARTESIAN_POINT('Ctrl Pts',(14.6124573693498,3.3876377653069,-5.64184495190811));
#5113=CARTESIAN_POINT('Ctrl Pts',(14.5704823249341,3.3731875500371,-5.86043666394682));
#5114=CARTESIAN_POINT('Ctrl Pts',(14.4755385729564,3.31390646476419,-6.17195716963164));
#5115=CARTESIAN_POINT('Ctrl Pts',(14.4296198998678,3.27892853646219,-6.28392184216128));
#5116=CARTESIAN_POINT('Ctrl Pts',(14.3557413462547,3.1964201959272,-6.44438845994153));
#5117=CARTESIAN_POINT('Ctrl Pts',(14.3251888310967,3.15503583462208,-6.50471201785767));
#5118=CARTESIAN_POINT('Ctrl Pts',(14.2798835120999,3.06663785577307,-6.59358429611573));
#5119=CARTESIAN_POINT('Ctrl Pts',(14.2633071962215,3.02514616914805,-6.62601218852715));
#5120=CARTESIAN_POINT('Ctrl Pts',(14.2385649111746,2.92867904867129,-6.6807338760407));
#5121=CARTESIAN_POINT('Ctrl Pts',(14.2314555198494,2.87422120995494,-6.70146852292263));
#5122=CARTESIAN_POINT('Ctrl Pts',(14.2330675692819,2.79804566598416,-6.71664584455107));
#5123=CARTESIAN_POINT('Ctrl Pts',(14.2343441058202,2.77918341552363,-6.71934847226455));
#5124=CARTESIAN_POINT('Ctrl Pts',(14.2376032714715,2.7511072151002,-6.72178626608952));
#5125=CARTESIAN_POINT('Ctrl Pts',(14.2388810468102,2.74194613409159,-6.72233139987155));
#5126=CARTESIAN_POINT('Ctrl Pts',(14.2415278912193,2.7257303799175,-6.72284943402961));
#5127=CARTESIAN_POINT('Ctrl Pts',(14.242809553888,2.7186749660012,-6.72292390377952));
#5128=CARTESIAN_POINT('Ctrl Pts',(14.2457544330409,2.70396982746688,-6.72276183220195));
#5129=CARTESIAN_POINT('Ctrl Pts',(14.2474401784137,2.69633132499403,-6.72249669176148));
#5130=CARTESIAN_POINT('Ctrl Pts',(14.2522002309621,2.67660256293773,-6.72133952577575));
#5131=CARTESIAN_POINT('Ctrl Pts',(14.2554969094023,2.66459900254593,-6.72016983074943));
#5132=CARTESIAN_POINT('Ctrl Pts',(14.2697094279931,2.61848307504942,-6.71385351924502));
#5133=CARTESIAN_POINT('Ctrl Pts',(14.283109202616,2.58594045565949,-6.70544257115754));
#5134=CARTESIAN_POINT('Ctrl Pts',(14.3213079971566,2.51151510831959,-6.67654393035397));
#5135=CARTESIAN_POINT('Ctrl Pts',(14.3479224582086,2.47300237213661,-6.65279692783986));
#5136=CARTESIAN_POINT('Ctrl Pts',(14.4071765360729,2.40363498068759,-6.59228706282949));
#5137=CARTESIAN_POINT('Ctrl Pts',(14.4396066576601,2.37427436981782,-6.55507842195507));
#5138=CARTESIAN_POINT('Ctrl Pts',(14.5188004603419,2.31458857457763,-6.45279012089832));
#5139=CARTESIAN_POINT('Ctrl Pts',(14.5645392265514,2.29083613833696,-6.38325220661659));
#5140=CARTESIAN_POINT('Ctrl Pts',(14.6803310043158,2.24344359359625,-6.17344669420795));
#5141=CARTESIAN_POINT('Ctrl Pts',(14.7457022559617,2.23432753641816,-6.01059569961673));
#5142=CARTESIAN_POINT('Ctrl Pts',(14.8169047852444,2.22891510758509,-5.69012285335649));
#5143=CARTESIAN_POINT('Ctrl Pts',(14.8333919000773,2.22945839582649,-5.54690462051304));
#5144=CARTESIAN_POINT('Ctrl Pts',(14.8333919000773,2.22945839582649,-5.40000000000018));
#5145=CARTESIAN_POINT('',(14.6124573693499,3.38763776530693,3.));
#5146=CARTESIAN_POINT('',(14.6124573693499,3.38763776530689,-7.40000000000017));
#5147=CARTESIAN_POINT('',(14.8333919000774,2.22945839582646,3.));
#5148=CARTESIAN_POINT('Ctrl Pts',(14.8333919000774,2.22945839582649,3.));
#5149=CARTESIAN_POINT('Ctrl Pts',(14.8333919000774,2.22945839582649,3.10565605342984));
#5150=CARTESIAN_POINT('Ctrl Pts',(14.8249139167111,2.22924228253555,3.2132192652287));
#5151=CARTESIAN_POINT('Ctrl Pts',(14.7767247846682,2.23128453709339,3.50462837424002));
#5152=CARTESIAN_POINT('Ctrl Pts',(14.7223793435908,2.23551491769303,3.66920167867716));
#5153=CARTESIAN_POINT('Ctrl Pts',(14.6084000112525,2.27071795304472,3.91102175016708));
#5154=CARTESIAN_POINT('Ctrl Pts',(14.5571087009726,2.29295957777751,3.99578853461154));
#5155=CARTESIAN_POINT('Ctrl Pts',(14.469811760192,2.34955799662942,4.11819234680612));
#5156=CARTESIAN_POINT('Ctrl Pts',(14.4317789733475,2.37970606173199,4.16474641581275));
#5157=CARTESIAN_POINT('Ctrl Pts',(14.3681613377856,2.44749346520492,4.23304513661109));
#5158=CARTESIAN_POINT('Ctrl Pts',(14.3422821811496,2.48068622623818,4.25780281030085));
#5159=CARTESIAN_POINT('Ctrl Pts',(14.2958049949434,2.55750580882476,4.2969226005694));
#5160=CARTESIAN_POINT('Ctrl Pts',(14.2758557764077,2.60037064684736,4.31070649111204));
#5161=CARTESIAN_POINT('Ctrl Pts',(14.2569292184493,2.65958739042624,4.31961594449009));
#5162=CARTESIAN_POINT('Ctrl Pts',(14.2532500220204,2.67258134202835,4.32101104873141));
#5163=CARTESIAN_POINT('Ctrl Pts',(14.2480742939271,2.693560818798,4.32237415998893));
#5164=CARTESIAN_POINT('Ctrl Pts',(14.2463003047664,2.70142827745261,4.32269101790774));
#5165=CARTESIAN_POINT('Ctrl Pts',(14.2432586172014,2.71631414615509,4.32292540053675));
#5166=CARTESIAN_POINT('Ctrl Pts',(14.2419569536908,2.72331737924503,4.32288566231776));
#5167=CARTESIAN_POINT('Ctrl Pts',(14.2393207380531,2.73905687154432,4.32246074825302));
#5168=CARTESIAN_POINT('Ctrl Pts',(14.2380550407713,2.74779510409541,4.32199527340079));
#5169=CARTESIAN_POINT('Ctrl Pts',(14.2349181130507,2.77341898969492,4.3199600792323));
#5170=CARTESIAN_POINT('Ctrl Pts',(14.2335818619319,2.79028209673533,4.31777223548777));
#5171=CARTESIAN_POINT('Ctrl Pts',(14.2308966914832,2.86219069127194,4.30484225416829));
#5172=CARTESIAN_POINT('Ctrl Pts',(14.2365514657564,2.91491525195717,4.2863112626328));
#5173=CARTESIAN_POINT('Ctrl Pts',(14.2582281469495,3.00936821882157,4.23647799546968));
#5174=CARTESIAN_POINT('Ctrl Pts',(14.2732754903885,3.05050525484418,4.2066058921762));
#5175=CARTESIAN_POINT('Ctrl Pts',(14.3139046944258,3.13598357391058,4.1267855542214));
#5176=CARTESIAN_POINT('Ctrl Pts',(14.3410096551306,3.17620355560329,4.07393732488753));
#5177=CARTESIAN_POINT('Ctrl Pts',(14.4082524901812,3.25841343505998,3.93244905999935));
#5178=CARTESIAN_POINT('Ctrl Pts',(14.451428593247,3.29533022338063,3.8331991895677));
#5179=CARTESIAN_POINT('Ctrl Pts',(14.5584450517872,3.36952594524991,3.51885984214022));
#5180=CARTESIAN_POINT('Ctrl Pts',(14.6124573693499,3.38763776530695,3.27395542593038));
#5181=CARTESIAN_POINT('Ctrl Pts',(14.6124573693499,3.38763776530695,3.00000000000001));
#5182=CARTESIAN_POINT('',(14.8333919000773,2.22945839582649,-7.40000000000017));
#5183=CARTESIAN_POINT('Origin',(14.3609530750645,-4.66615651076497,-7.40000000000017));
#5184=CARTESIAN_POINT('',(14.4370009445798,-4.07099542203173,-5.40000000000018));
#5185=CARTESIAN_POINT('',(14.0726501831926,-5.19235176211021,-5.40000000000018));
#5186=CARTESIAN_POINT('Ctrl Pts',(14.4370009445798,-4.07099542203168,-5.40000000000017));
#5187=CARTESIAN_POINT('Ctrl Pts',(14.4370009445798,-4.07099542203168,-5.64184495190772));
#5188=CARTESIAN_POINT('Ctrl Pts',(14.3932564884655,-4.06343661033283,-5.86043666394637));
#5189=CARTESIAN_POINT('Ctrl Pts',(14.281497763744,-4.06964552000949,-6.1719571696315));
#5190=CARTESIAN_POINT('Ctrl Pts',(14.2244081783057,-4.0781754227643,-6.28392184216117));
#5191=CARTESIAN_POINT('Ctrl Pts',(14.1199192120657,-4.11488676809402,-6.44438845994152));
#5192=CARTESIAN_POINT('Ctrl Pts',(14.0732087708316,-4.13643337392466,-6.50471201785762));
#5193=CARTESIAN_POINT('Ctrl Pts',(13.9909213660595,-4.1920711094093,-6.59358429611562));
#5194=CARTESIAN_POINT('Ctrl Pts',(13.9564066572485,-4.22044485048763,-6.62601218852708));
#5195=CARTESIAN_POINT('Ctrl Pts',(13.8882514378627,-4.29305994583902,-6.68073387604065));
#5196=CARTESIAN_POINT('Ctrl Pts',(13.8557861668681,-4.33735673829534,-6.70146852292257));
#5197=CARTESIAN_POINT('Ctrl Pts',(13.8205009683697,-4.40488648706985,-6.71664584455101));
#5198=CARTESIAN_POINT('Ctrl Pts',(13.8125326474044,-4.42203057931655,-6.71934847226449));
#5199=CARTESIAN_POINT('Ctrl Pts',(13.8018628633271,-4.4482040563248,-6.72178626608946));
#5200=CARTESIAN_POINT('Ctrl Pts',(13.7985692019574,-4.45684754577319,-6.72233139987149));
#5201=CARTESIAN_POINT('Ctrl Pts',(13.7930766502424,-4.4723326464968,-6.72284943402956));
#5202=CARTESIAN_POINT('Ctrl Pts',(13.7908008082241,-4.47913279854172,-6.72292390377946));
#5203=CARTESIAN_POINT('Ctrl Pts',(13.7862971709807,-4.49343771602199,-6.72276183220189));
#5204=CARTESIAN_POINT('Ctrl Pts',(13.7840945242807,-4.50094350079137,-6.72249669176142));
#5205=CARTESIAN_POINT('Ctrl Pts',(13.7787613865202,-4.52052511957444,-6.7213395257757));
#5206=CARTESIAN_POINT('Ctrl Pts',(13.7758675285383,-4.53263210668096,-6.72016983074938));
#5207=CARTESIAN_POINT('Ctrl Pts',(13.7661055360135,-4.57989073505195,-6.71385351924497));
#5208=CARTESIAN_POINT('Ctrl Pts',(13.7621703215707,-4.61486344046619,-6.70544257115748));
#5209=CARTESIAN_POINT('Ctrl Pts',(13.7597894958689,-4.69848527912084,-6.67654393035395));
#5210=CARTESIAN_POINT('Ctrl Pts',(13.7645582737187,-4.74505586150078,-6.65279692783987));
#5211=CARTESIAN_POINT('Ctrl Pts',(13.7830650222776,-4.83438883972143,-6.59228706282951));
#5212=CARTESIAN_POINT('Ctrl Pts',(13.7973391722987,-4.87574106938295,-6.55507842195514));
#5213=CARTESIAN_POINT('Ctrl Pts',(13.8379833794581,-4.96619603586372,-6.45279012089838));
#5214=CARTESIAN_POINT('Ctrl Pts',(13.8666217423966,-5.00904527307903,-6.38325220661664));
#5215=CARTESIAN_POINT('Ctrl Pts',(13.9452593181918,-5.10635879098834,-6.17344669420828));
#5216=CARTESIAN_POINT('Ctrl Pts',(13.998152888653,-5.1458400934502,-6.01059569961724));
#5217=CARTESIAN_POINT('Ctrl Pts',(14.0579406832234,-5.18488512107925,-5.69012285335698));
#5218=CARTESIAN_POINT('Ctrl Pts',(14.0726501831926,-5.19235176211023,-5.54690462051329));
#5219=CARTESIAN_POINT('Ctrl Pts',(14.0726501831926,-5.19235176211023,-5.40000000000018));
#5220=CARTESIAN_POINT('',(14.4370009445798,-4.07099542203166,3.));
#5221=CARTESIAN_POINT('',(14.4370009445798,-4.07099542203169,-7.40000000000017));
#5222=CARTESIAN_POINT('',(14.0726501831926,-5.19235176211029,3.));
#5223=CARTESIAN_POINT('Ctrl Pts',(14.0726501831927,-5.19235176211028,3.));
#5224=CARTESIAN_POINT('Ctrl Pts',(14.0726501831927,-5.19235176211028,3.1056560534298));
#5225=CARTESIAN_POINT('Ctrl Pts',(14.0651167563636,-5.1884568439951,3.21321926522859));
#5226=CARTESIAN_POINT('Ctrl Pts',(14.0238721616856,-5.16345191127029,3.50462837423983));
#5227=CARTESIAN_POINT('Ctrl Pts',(13.9782868900362,-5.13356368458198,3.66920167867699));
#5228=CARTESIAN_POINT('Ctrl Pts',(13.8953652313413,-5.04780506741964,3.91102175016749));
#5229=CARTESIAN_POINT('Ctrl Pts',(13.8611332979478,-5.00360480591435,3.99578853461179));
#5230=CARTESIAN_POINT('Ctrl Pts',(13.8119009018249,-4.91195161143591,4.11819234680604));
#5231=CARTESIAN_POINT('Ctrl Pts',(13.7930964577826,-4.86721022579745,4.16474641581268));
#5232=CARTESIAN_POINT('Ctrl Pts',(13.7700047294519,-4.77715964164166,4.23304513661104));
#5233=CARTESIAN_POINT('Ctrl Pts',(13.7633173861993,-4.73560522462707,4.2578028103008));
#5234=CARTESIAN_POINT('Ctrl Pts',(13.7595972336112,-4.64589715603154,4.29692260056934));
#5235=CARTESIAN_POINT('Ctrl Pts',(13.7627658933538,-4.59872380280828,4.31070649111198));
#5236=CARTESIAN_POINT('Ctrl Pts',(13.7747083079722,-4.53771383600507,4.31961594449004));
#5237=CARTESIAN_POINT('Ctrl Pts',(13.7777440874898,-4.52455468301864,4.32101104873135));
#5238=CARTESIAN_POINT('Ctrl Pts',(13.783315502402,-4.50367680135653,4.32237415998887));
#5239=CARTESIAN_POINT('Ctrl Pts',(13.7855511209629,-4.49592786898652,4.32269101790768));
#5240=CARTESIAN_POINT('Ctrl Pts',(13.7900569917706,-4.48141793864441,4.32292540053669));
#5241=CARTESIAN_POINT('Ctrl Pts',(13.7922901686128,-4.47465387752719,4.3228856623177));
#5242=CARTESIAN_POINT('Ctrl Pts',(13.7975625934831,-4.45959124871553,4.32246074825296));
#5243=CARTESIAN_POINT('Ctrl Pts',(13.8006631301368,-4.45132412284341,4.32199527340073));
#5244=CARTESIAN_POINT('Ctrl Pts',(13.8102586204528,-4.42735851426911,4.31996007923224));
#5245=CARTESIAN_POINT('Ctrl Pts',(13.8172115184446,-4.41193751703726,4.31777223548771));
#5246=CARTESIAN_POINT('Ctrl Pts',(13.8495007152609,-4.34762994456302,4.30484225416823));
#5247=CARTESIAN_POINT('Ctrl Pts',(13.8798562825561,-4.30415126811453,4.28631126263274));
#5248=CARTESIAN_POINT('Ctrl Pts',(13.9443547669035,-4.23182432310836,4.23647799546961));
#5249=CARTESIAN_POINT('Ctrl Pts',(13.9773587727217,-4.20302477663177,4.2066058921761));
#5250=CARTESIAN_POINT('Ctrl Pts',(14.0541419098906,-4.14769282295578,4.12678555422133));
#5251=CARTESIAN_POINT('Ctrl Pts',(14.0972702919713,-4.12550569873314,4.07393732488747));
#5252=CARTESIAN_POINT('Ctrl Pts',(14.195800548987,-4.08585911504224,3.9324490599992));
#5253=CARTESIAN_POINT('Ctrl Pts',(14.2514208549313,-4.07430893311646,3.83319918956751));
#5254=CARTESIAN_POINT('Ctrl Pts',(14.3809441540378,-4.06084629850284,3.5188598421402));
#5255=CARTESIAN_POINT('Ctrl Pts',(14.4370009445799,-4.07099542203167,3.27395542593033));
#5256=CARTESIAN_POINT('Ctrl Pts',(14.4370009445799,-4.07099542203167,3.00000000000001));
#5257=CARTESIAN_POINT('',(14.0726501831926,-5.19235176211025,-7.40000000000017));
#5258=CARTESIAN_POINT('Origin',(13.6628881868475,-6.42926715892727,-7.40000000000017));
#5259=CARTESIAN_POINT('',(13.8129298599399,-5.84833041853671,-5.40000000000018));
#5260=CARTESIAN_POINT('',(13.3109088970527,-6.91517926986451,-5.40000000000018));
#5261=CARTESIAN_POINT('Ctrl Pts',(13.8129298599399,-5.84833041853668,-5.40000000000017));
#5262=CARTESIAN_POINT('Ctrl Pts',(13.8129298599399,-5.84833041853668,-5.64184495190808));
#5263=CARTESIAN_POINT('Ctrl Pts',(13.7704777122399,-5.83534857619046,-5.86043666394675));
#5264=CARTESIAN_POINT('Ctrl Pts',(13.658822055717,-5.82750144441143,-6.17195716963151));
#5265=CARTESIAN_POINT('Ctrl Pts',(13.6011135584175,-5.82880886398944,-6.28392184216119));
#5266=CARTESIAN_POINT('Ctrl Pts',(13.492847367267,-5.85213478938544,-6.44438845994154));
#5267=CARTESIAN_POINT('Ctrl Pts',(13.4438047460326,-5.86765712315234,-6.50471201785765));
#5268=CARTESIAN_POINT('Ctrl Pts',(13.3551929447287,-5.91254279195282,-6.59358429611567));
#5269=CARTESIAN_POINT('Ctrl Pts',(13.317394221988,-5.9363669575471,-6.62601218852712));
#5270=CARTESIAN_POINT('Ctrl Pts',(13.2406753421581,-5.99986734715264,-6.68073387604068));
#5271=CARTESIAN_POINT('Ctrl Pts',(13.2029142092871,-6.03974586877734,-6.70146852292261));
#5272=CARTESIAN_POINT('Ctrl Pts',(13.1594435233423,-6.10232071728786,-6.71664584455106));
#5273=CARTESIAN_POINT('Ctrl Pts',(13.14938931045,-6.11833092781383,-6.71934847226454));
#5274=CARTESIAN_POINT('Ctrl Pts',(13.1355232543001,-6.1429607405984,-6.7217862660895));
#5275=CARTESIAN_POINT('Ctrl Pts',(13.1311722479522,-6.15112326832108,-6.72233139987154));
#5276=CARTESIAN_POINT('Ctrl Pts',(13.1237822089023,-6.16579786513327,-6.7228494340296));
#5277=CARTESIAN_POINT('Ctrl Pts',(13.1206720275335,-6.172259157309,-6.7229239037795));
#5278=CARTESIAN_POINT('Ctrl Pts',(13.1144110212512,-6.18588682082385,-6.72276183220194));
#5279=CARTESIAN_POINT('Ctrl Pts',(13.1112850188028,-6.19305735540522,-6.72249669176146));
#5280=CARTESIAN_POINT('Ctrl Pts',(13.1035397068259,-6.21181614787477,-6.72133952577574));
#5281=CARTESIAN_POINT('Ctrl Pts',(13.0991512599358,-6.22346497119346,-6.72016983074941));
#5282=CARTESIAN_POINT('Ctrl Pts',(13.0835431669303,-6.26912744907503,-6.71385351924501));
#5283=CARTESIAN_POINT('Ctrl Pts',(13.0752557405727,-6.30333117111033,-6.70544257115755));
#5284=CARTESIAN_POINT('Ctrl Pts',(13.0624130929575,-6.38599523000689,-6.67654393035398));
#5285=CARTESIAN_POINT('Ctrl Pts',(13.0613074258909,-6.43279627578288,-6.65279692783988));
#5286=CARTESIAN_POINT('Ctrl Pts',(13.0684718521854,-6.52374434742744,-6.59228706282952));
#5287=CARTESIAN_POINT('Ctrl Pts',(13.0774506376116,-6.56655952778531,-6.55507842195512));
#5288=CARTESIAN_POINT('Ctrl Pts',(13.1064373396168,-6.66139529974672,-6.45279012089837));
#5289=CARTESIAN_POINT('Ctrl Pts',(13.1294794470537,-6.70749599655922,-6.38325220661662));
#5290=CARTESIAN_POINT('Ctrl Pts',(13.1953003242068,-6.81389806996771,-6.17344669420826));
#5291=CARTESIAN_POINT('Ctrl Pts',(13.2428284937635,-6.85969737278787,-6.01059569961717));
#5292=CARTESIAN_POINT('Ctrl Pts',(13.2972512041486,-6.90592791633304,-5.69012285335677));
#5293=CARTESIAN_POINT('Ctrl Pts',(13.3109088970527,-6.91517926986455,-5.54690462051319));
#5294=CARTESIAN_POINT('Ctrl Pts',(13.3109088970527,-6.91517926986455,-5.40000000000018));
#5295=CARTESIAN_POINT('',(13.81292985994,-5.84833041853666,3.));
#5296=CARTESIAN_POINT('',(13.8129298599399,-5.84833041853668,-7.40000000000017));
#5297=CARTESIAN_POINT('',(13.3109088970527,-6.91517926986459,3.));
#5298=CARTESIAN_POINT('Ctrl Pts',(13.3109088970527,-6.91517926986461,3.));
#5299=CARTESIAN_POINT('Ctrl Pts',(13.3109088970527,-6.91517926986461,3.10565605342966));
#5300=CARTESIAN_POINT('Ctrl Pts',(13.3039230362262,-6.91037087559783,3.21321926522834));
#5301=CARTESIAN_POINT('Ctrl Pts',(13.2661376165699,-6.88039379581817,3.50462837423949));
#5302=CARTESIAN_POINT('Ctrl Pts',(13.2246577864995,-6.84502789722578,3.66920167867673));
#5303=CARTESIAN_POINT('Ctrl Pts',(13.1531383946457,-6.74955267275776,3.91102175016764));
#5304=CARTESIAN_POINT('Ctrl Pts',(13.1247161519705,-6.70141054461302,3.99578853461188));
#5305=CARTESIAN_POINT('Ctrl Pts',(13.0873591592265,-6.60430960754645,4.11819234680599));
#5306=CARTESIAN_POINT('Ctrl Pts',(13.0743105763783,-6.55756419932016,4.16474641581264));
#5307=CARTESIAN_POINT('Ctrl Pts',(13.0626872641193,-6.46532952993696,4.23304513661103));
#5308=CARTESIAN_POINT('Ctrl Pts',(13.0612608020189,-6.42326463555842,4.2578028103008));
#5309=CARTESIAN_POINT('Ctrl Pts',(13.068813386259,-6.33379768312503,4.29692260056936));
#5310=CARTESIAN_POINT('Ctrl Pts',(13.0778694490707,-6.28739344425353,4.31070649111202));
#5311=CARTESIAN_POINT('Ctrl Pts',(13.0973642706018,-6.22836134070212,4.31961594449007));
#5312=CARTESIAN_POINT('Ctrl Pts',(13.1020253912859,-6.2156864356307,4.32101104873139));
#5313=CARTESIAN_POINT('Ctrl Pts',(13.1101695663462,-6.19567146574776,4.32237415998892));
#5314=CARTESIAN_POINT('Ctrl Pts',(13.1133587551375,-6.18826383332727,4.32269101790773));
#5315=CARTESIAN_POINT('Ctrl Pts',(13.1196476722967,-6.17443305347817,4.32292540053673));
#5316=CARTESIAN_POINT('Ctrl Pts',(13.1227110015243,-6.1680022202779,4.32288566231774));
#5317=CARTESIAN_POINT('Ctrl Pts',(13.1298296997247,-6.15371917485117,4.32246074825301));
#5318=CARTESIAN_POINT('Ctrl Pts',(13.1339419333387,-6.14590583802039,4.32199527340077));
#5319=CARTESIAN_POINT('Ctrl Pts',(13.1464654475644,-6.12333183925688,4.31996007923229));
#5320=CARTESIAN_POINT('Ctrl Pts',(13.1552962833267,-6.10890387038221,4.31777223548776));
#5321=CARTESIAN_POINT('Ctrl Pts',(13.1953907461826,-6.04915029177081,4.30484225416827));
#5322=CARTESIAN_POINT('Ctrl Pts',(13.2309562738733,-6.00981901907836,4.28631126263278));
#5323=CARTESIAN_POINT('Ctrl Pts',(13.3040111382983,-5.94614619723983,4.23647799546965));
#5324=CARTESIAN_POINT('Ctrl Pts',(13.3403644379579,-5.92171024255898,4.20660589217614));
#5325=CARTESIAN_POINT('Ctrl Pts',(13.4234770498299,-5.87643807672918,4.12678555422139));
#5326=CARTESIAN_POINT('Ctrl Pts',(13.4690461357584,-5.85983132419257,4.07393732488754));
#5327=CARTESIAN_POINT('Ctrl Pts',(13.5717684868017,-5.83284648137164,3.93244905999922));
#5328=CARTESIAN_POINT('Ctrl Pts',(13.6283978316697,-5.82835844887606,3.83319918956752));
#5329=CARTESIAN_POINT('Ctrl Pts',(13.7585871164044,-5.8312355450564,3.51885984214023));
#5330=CARTESIAN_POINT('Ctrl Pts',(13.81292985994,-5.84833041853669,3.27395542593038));
#5331=CARTESIAN_POINT('Ctrl Pts',(13.81292985994,-5.84833041853669,3.00000000000001));
#5332=CARTESIAN_POINT('',(13.3109088970527,-6.91517926986455,-7.40000000000017));
#5333=CARTESIAN_POINT('Origin',(10.3366610684808,-11.0074260280282,-7.40000000000017));
#5334=CARTESIAN_POINT('',(10.6900233657198,-10.5225187308156,-5.40000000000018));
#5335=CARTESIAN_POINT('',(9.83052282282709,-11.3296434643759,-5.40000000000018));
#5336=CARTESIAN_POINT('Ctrl Pts',(10.6900233657198,-10.5225187308156,-5.40000000000017));
#5337=CARTESIAN_POINT('Ctrl Pts',(10.6900233657198,-10.5225187308156,-5.6418449519077));
#5338=CARTESIAN_POINT('Ctrl Pts',(10.6553312919197,-10.4948208411761,-5.86043666394633));
#5339=CARTESIAN_POINT('Ctrl Pts',(10.5544052098442,-10.446421573954,-6.17195716963145));
#5340=CARTESIAN_POINT('Ctrl Pts',(10.5002679127718,-10.4263932671804,-6.28392184216112));
#5341=CARTESIAN_POINT('Ctrl Pts',(10.3910177081711,-10.408225720937,-6.44438845994144));
#5342=CARTESIAN_POINT('Ctrl Pts',(10.3397048799665,-10.4046042288752,-6.50471201785756));
#5343=CARTESIAN_POINT('Ctrl Pts',(10.2407921939928,-10.4137176885617,-6.59358429611562));
#5344=CARTESIAN_POINT('Ctrl Pts',(10.1968775700894,-10.4219541996262,-6.62601218852705));
#5345=CARTESIAN_POINT('Ctrl Pts',(10.102170107081,-10.4527532654063,-6.68073387604062));
#5346=CARTESIAN_POINT('Ctrl Pts',(10.0523804307222,-10.4759305769579,-6.70146852292255));
#5347=CARTESIAN_POINT('Ctrl Pts',(9.98892707098815,-10.5181085728927,-6.71664584455099));
#5348=CARTESIAN_POINT('Ctrl Pts',(9.97368514866852,-10.5292932875503,-6.71934847226448));
#5349=CARTESIAN_POINT('Ctrl Pts',(9.95172597689417,-10.5470890726116,-6.72178626608946));
#5350=CARTESIAN_POINT('Ctrl Pts',(9.94467568663531,-10.553076686688,-6.72233139987148));
#5351=CARTESIAN_POINT('Ctrl Pts',(9.9324025227096,-10.5640003269242,-6.72284943402954));
#5352=CARTESIAN_POINT('Ctrl Pts',(9.92713218891411,-10.5688629503325,-6.72292390377944));
#5353=CARTESIAN_POINT('Ctrl Pts',(9.91629417495934,-10.5792288012892,-6.72276183220188));
#5354=CARTESIAN_POINT('Ctrl Pts',(9.91074804155273,-10.5847450374811,-6.72249669176141));
#5355=CARTESIAN_POINT('Ctrl Pts',(9.89664106051396,-10.5993352821162,-6.72133952577568));
#5356=CARTESIAN_POINT('Ctrl Pts',(9.88827256791243,-10.6085505890777,-6.72016983074936));
#5357=CARTESIAN_POINT('Ctrl Pts',(9.85695105080174,-10.6452607650435,-6.71385351924495));
#5358=CARTESIAN_POINT('Ctrl Pts',(9.83665436677149,-10.674011776401,-6.70544257115747));
#5359=CARTESIAN_POINT('Ctrl Pts',(9.79428290529798,-10.7461431806825,-6.67654393035392));
#5360=CARTESIAN_POINT('Ctrl Pts',(9.77602626801678,-10.7892506693656,-6.65279692783981));
#5361=CARTESIAN_POINT('Ctrl Pts',(9.74920736492861,-10.8764494490425,-6.59228706282948));
#5362=CARTESIAN_POINT('Ctrl Pts',(9.7417943093723,-10.9195633083469,-6.5550784219551));
#5363=CARTESIAN_POINT('Ctrl Pts',(9.73383408716836,-11.0184100958472,-6.45279012089833));
#5364=CARTESIAN_POINT('Ctrl Pts',(9.73828729845598,-11.0697558052197,-6.3832522066166));
#5365=CARTESIAN_POINT('Ctrl Pts',(9.76031678663521,-11.192916232084,-6.17344669420818));
#5366=CARTESIAN_POINT('Ctrl Pts',(9.78764751324241,-11.2529956330742,-6.0105956996171));
#5367=CARTESIAN_POINT('Ctrl Pts',(9.82122987149383,-11.3160140413087,-5.69012285335686));
#5368=CARTESIAN_POINT('Ctrl Pts',(9.83052282282703,-11.329643464376,-5.54690462051326));
#5369=CARTESIAN_POINT('Ctrl Pts',(9.83052282282703,-11.329643464376,-5.40000000000018));
#5370=CARTESIAN_POINT('',(10.6900233657199,-10.5225187308156,3.));
#5371=CARTESIAN_POINT('',(10.6900233657198,-10.5225187308156,-7.40000000000017));
#5372=CARTESIAN_POINT('',(9.83052282282706,-11.329643464376,3.));
#5373=CARTESIAN_POINT('Ctrl Pts',(9.83052282282708,-11.329643464376,3.));
#5374=CARTESIAN_POINT('Ctrl Pts',(9.83052282282708,-11.329643464376,3.10565605342981));
#5375=CARTESIAN_POINT('Ctrl Pts',(9.82579762168543,-11.32260106556,3.21321926522861));
#5376=CARTESIAN_POINT('Ctrl Pts',(9.80170092606424,-11.2808193409562,3.50462837423989));
#5377=CARTESIAN_POINT('Ctrl Pts',(9.77615301102578,-11.2326672161526,3.66920167867704));
#5378=CARTESIAN_POINT('Ctrl Pts',(9.74480273649489,-11.117568553323,3.91102175016757));
#5379=CARTESIAN_POINT('Ctrl Pts',(9.73609870296785,-11.0623442092223,3.99578853461184));
#5380=CARTESIAN_POINT('Ctrl Pts',(9.73711028855389,-10.9583100149365,4.11819234680603));
#5381=CARTESIAN_POINT('Ctrl Pts',(9.74218615554083,-10.9100437298203,4.16474641581267));
#5382=CARTESIAN_POINT('Ctrl Pts',(9.76533291952301,-10.820007276418,4.23304513661104));
#5383=CARTESIAN_POINT('Ctrl Pts',(9.77949174903089,-10.7803712110209,4.25780281030078));
#5384=CARTESIAN_POINT('Ctrl Pts',(9.81944894610962,-10.6999672340793,4.29692260056932));
#5385=CARTESIAN_POINT('Ctrl Pts',(9.8449516000439,-10.6601554230027,4.31070649111197));
#5386=CARTESIAN_POINT('Ctrl Pts',(9.88480859341407,-10.6124452836638,4.31961594449003));
#5387=CARTESIAN_POINT('Ctrl Pts',(9.89380833758375,-10.6023763279344,4.32101104873134));
#5388=CARTESIAN_POINT('Ctrl Pts',(9.90874860188681,-10.5867649503727,4.32237415998885));
#5389=CARTESIAN_POINT('Ctrl Pts',(9.91444076600533,-10.5810515266292,4.32269101790767));
#5390=CARTESIAN_POINT('Ctrl Pts',(9.92537950294686,-10.57050709756,4.32292540053667));
#5391=CARTESIAN_POINT('Ctrl Pts',(9.93059506202646,-10.5656555467674,4.32288566231768));
#5392=CARTESIAN_POINT('Ctrl Pts',(9.94247179993207,-10.5549960745735,4.32246074825295));
#5393=CARTESIAN_POINT('Ctrl Pts',(9.94917153917661,-10.5492452318715,4.32199527340071));
#5394=CARTESIAN_POINT('Ctrl Pts',(9.96912565142143,-10.5328666717012,4.31996007923223));
#5395=CARTESIAN_POINT('Ctrl Pts',(9.98264764445205,-10.5227027329672,4.31777223548771));
#5396=CARTESIAN_POINT('Ctrl Pts',(10.0419232926275,-10.4819050168306,4.30484225416821));
#5397=CARTESIAN_POINT('Ctrl Pts',(10.089470091149,-10.4584282682933,4.2863112626327));
#5398=CARTESIAN_POINT('Ctrl Pts',(10.1808343153286,-10.4261200650456,4.2364779954696));
#5399=CARTESIAN_POINT('Ctrl Pts',(10.2236302334227,-10.4167826311488,4.2066058921761));
#5400=CARTESIAN_POINT('Ctrl Pts',(10.3175721814173,-10.4052854289629,4.12678555422132));
#5401=CARTESIAN_POINT('Ctrl Pts',(10.3660545993461,-10.4066199603211,4.07393732488748));
#5402=CARTESIAN_POINT('Ctrl Pts',(10.4714972091141,-10.4193447075193,3.93244905999911));
#5403=CARTESIAN_POINT('Ctrl Pts',(10.5258019973385,-10.4360184926854,3.83319918956738));
#5404=CARTESIAN_POINT('Ctrl Pts',(10.645789803255,-10.4866194212688,3.51885984214023));
#5405=CARTESIAN_POINT('Ctrl Pts',(10.6900233657199,-10.5225187308157,3.27395542593037));
#5406=CARTESIAN_POINT('Ctrl Pts',(10.6900233657199,-10.5225187308157,3.00000000000001));
#5407=CARTESIAN_POINT('',(9.83052282282707,-11.329643464376,-7.40000000000017));
#5408=CARTESIAN_POINT('Origin',(-7.27448031633859,-13.2322305728989,-7.40000000000017));
#5409=CARTESIAN_POINT('',(-6.7041111165073,-13.418453492766,-5.40000000000018));
#5410=CARTESIAN_POINT('',(-7.73733262825122,-12.8504351599391,-5.40000000000018));
#5411=CARTESIAN_POINT('Ctrl Pts',(-6.7041111165073,-13.418453492766,-5.40000000000017));
#5412=CARTESIAN_POINT('Ctrl Pts',(-6.7041111165073,-13.418453492766,-5.6418449519081));
#5413=CARTESIAN_POINT('Ctrl Pts',(-6.6884892984523,-13.3769002513076,-5.86043666394684));
#5414=CARTESIAN_POINT('Ctrl Pts',(-6.67364673451387,-13.2659576471985,-6.17195716963188));
#5415=CARTESIAN_POINT('Ctrl Pts',(-6.67132802767134,-13.2082809308817,-6.28392184216145));
#5416=CARTESIAN_POINT('Ctrl Pts',(-6.68780983429206,-13.0987637313543,-6.44438845994158));
#5417=CARTESIAN_POINT('Ctrl Pts',(-6.70022212661262,-13.0488432291287,-6.50471201785768));
#5418=CARTESIAN_POINT('Ctrl Pts',(-6.73945524275859,-12.9575878885098,-6.59358429611569));
#5419=CARTESIAN_POINT('Ctrl Pts',(-6.76085899536575,-12.9183678211792,-6.62601218852713));
#5420=CARTESIAN_POINT('Ctrl Pts',(-6.81941686313545,-12.8378131060802,-6.68073387604067));
#5421=CARTESIAN_POINT('Ctrl Pts',(-6.85684565245611,-12.7976224930883,-6.70146852292261));
#5422=CARTESIAN_POINT('Ctrl Pts',(-6.91656747684224,-12.7503084793649,-6.71664584455106));
#5423=CARTESIAN_POINT('Ctrl Pts',(-6.93191478562394,-12.7392688167284,-6.71934847226453));
#5424=CARTESIAN_POINT('Ctrl Pts',(-6.95562534022959,-12.7238836033323,-6.72178626608949));
#5425=CARTESIAN_POINT('Ctrl Pts',(-6.96349855911931,-12.7190286533451,-6.72233139987153));
#5426=CARTESIAN_POINT('Ctrl Pts',(-6.97768017457548,-12.7107317712915,-6.72284943402959));
#5427=CARTESIAN_POINT('Ctrl Pts',(-6.98393342696309,-12.7072220192626,-6.7229239037795));
#5428=CARTESIAN_POINT('Ctrl Pts',(-6.99714106755974,-12.7001176795739,-6.72276183220193));
#5429=CARTESIAN_POINT('Ctrl Pts',(-7.00410116941131,-12.6965476039856,-6.72249669176145));
#5430=CARTESIAN_POINT('Ctrl Pts',(-7.02233661352596,-12.6876397012878,-6.72133952577573));
#5431=CARTESIAN_POINT('Ctrl Pts',(-7.03368689769259,-12.6825284783271,-6.72016983074941));
#5432=CARTESIAN_POINT('Ctrl Pts',(-7.07827923083598,-12.6640840136186,-6.71385351924501));
#5433=CARTESIAN_POINT('Ctrl Pts',(-7.11189508783238,-12.6536652711274,-6.70544257115754));
#5434=CARTESIAN_POINT('Ctrl Pts',(-7.19358963157561,-12.6356574463392,-6.67654393035398));
#5435=CARTESIAN_POINT('Ctrl Pts',(-7.24022890076891,-12.6316152990752,-6.65279692783988));
#5436=CARTESIAN_POINT('Ctrl Pts',(-7.33144736521832,-12.6330549113422,-6.59228706282955));
#5437=CARTESIAN_POINT('Ctrl Pts',(-7.37474184219959,-12.6393275917679,-6.55507842195517));
#5438=CARTESIAN_POINT('Ctrl Pts',(-7.47121056750655,-12.6623023077466,-6.45279012089843));
#5439=CARTESIAN_POINT('Ctrl Pts',(-7.51866712102161,-12.6824042601444,-6.38325220661672));
#5440=CARTESIAN_POINT('Ctrl Pts',(-7.62899216131584,-12.7414142133635,-6.17344669420831));
#5441=CARTESIAN_POINT('Ctrl Pts',(-7.67768540813246,-12.7859728349162,-6.01059569961726));
#5442=CARTESIAN_POINT('Ctrl Pts',(-7.72724195651959,-12.8373853146667,-5.69012285335696));
#5443=CARTESIAN_POINT('Ctrl Pts',(-7.73733262825121,-12.8504351599391,-5.54690462051332));
#5444=CARTESIAN_POINT('Ctrl Pts',(-7.73733262825121,-12.8504351599391,-5.40000000000018));
#5445=CARTESIAN_POINT('',(-6.70411111650729,-13.418453492766,3.));
#5446=CARTESIAN_POINT('',(-6.70411111650731,-13.418453492766,-7.40000000000017));
#5447=CARTESIAN_POINT('',(-7.73733262825127,-12.8504351599391,3.));
#5448=CARTESIAN_POINT('Ctrl Pts',(-7.73733262825128,-12.8504351599392,3.));
#5449=CARTESIAN_POINT('Ctrl Pts',(-7.73733262825128,-12.8504351599392,3.10565605343001));
#5450=CARTESIAN_POINT('Ctrl Pts',(-7.73209507642152,-12.8437650056873,3.213219265229));
#5451=CARTESIAN_POINT('Ctrl Pts',(-7.69980458343021,-12.8079364233386,3.50462837424033));
#5452=CARTESIAN_POINT('Ctrl Pts',(-7.66190393127997,-12.768759087384,3.66920167867741));
#5453=CARTESIAN_POINT('Ctrl Pts',(-7.56212636558732,-12.7033757616595,3.91102175016791));
#5454=CARTESIAN_POINT('Ctrl Pts',(-7.5122945875517,-12.6780324730253,3.99578853461212));
#5455=CARTESIAN_POINT('Ctrl Pts',(-7.41303959202131,-12.6468462140583,4.11819234680622));
#5456=CARTESIAN_POINT('Ctrl Pts',(-7.36556709788403,-12.6367585480758,4.16474641581283));
#5457=CARTESIAN_POINT('Ctrl Pts',(-7.27278459873648,-12.6309496345777,4.23304513661115));
#5458=CARTESIAN_POINT('Ctrl Pts',(-7.23071314152182,-12.6321672638464,4.25780281030088));
#5459=CARTESIAN_POINT('Ctrl Pts',(-7.14189696237056,-12.6453226212107,4.29692260056939));
#5460=CARTESIAN_POINT('Ctrl Pts',(-7.09615292655331,-12.6572745602182,4.31070649111203));
#5461=CARTESIAN_POINT('Ctrl Pts',(-7.03846139934572,-12.6804375696231,4.31961594449007));
#5462=CARTESIAN_POINT('Ctrl Pts',(-7.02610417949354,-12.6858853565247,4.32101104873139));
#5463=CARTESIAN_POINT('Ctrl Pts',(-7.00664008156479,-12.6952702112732,4.32237415998892));
#5464=CARTESIAN_POINT('Ctrl Pts',(-6.99944731723591,-12.6989182360171,4.32269101790772));
#5465=CARTESIAN_POINT('Ctrl Pts',(-6.98603871364732,-12.706063185287,4.32292540053672));
#5466=CARTESIAN_POINT('Ctrl Pts',(-6.97981291826114,-12.7095242650917,4.32288566231774));
#5467=CARTESIAN_POINT('Ctrl Pts',(-6.96600504392018,-12.7175257560102,4.322460748253));
#5468=CARTESIAN_POINT('Ctrl Pts',(-6.95846533420992,-12.7221204785493,4.32199527340076));
#5469=CARTESIAN_POINT('Ctrl Pts',(-6.93672223804095,-12.7360367135907,4.31996007923228));
#5470=CARTESIAN_POINT('Ctrl Pts',(-6.9228772322325,-12.7457560633772,4.31777223548775));
#5471=CARTESIAN_POINT('Ctrl Pts',(-6.86575911581202,-12.7895233672141,4.30484225416826));
#5472=CARTESIAN_POINT('Ctrl Pts',(-6.8287386323629,-12.8274883455063,4.28631126263276));
#5473=CARTESIAN_POINT('Ctrl Pts',(-6.76977860718501,-12.9043971024072,4.23647799546964));
#5474=CARTESIAN_POINT('Ctrl Pts',(-6.74767351385108,-12.9422130134236,4.20660589217614));
#5475=CARTESIAN_POINT('Ctrl Pts',(-6.70770936637797,-13.028004284354,4.12678555422136));
#5476=CARTESIAN_POINT('Ctrl Pts',(-6.69399669005398,-13.0745261967202,4.0739373248875));
#5477=CARTESIAN_POINT('Ctrl Pts',(-6.67351508544556,-13.1787402409685,3.93244905999933));
#5478=CARTESIAN_POINT('Ctrl Pts',(-6.67259169504175,-13.2355396466522,3.83319918956769));
#5479=CARTESIAN_POINT('Ctrl Pts',(-6.68363776675564,-13.3652913782086,3.51885984214017));
#5480=CARTESIAN_POINT('Ctrl Pts',(-6.70411111650731,-13.4184534927661,3.27395542593031));
#5481=CARTESIAN_POINT('Ctrl Pts',(-6.70411111650731,-13.4184534927661,3.00000000000001));
#5482=CARTESIAN_POINT('',(-7.73733262825123,-12.8504351599391,-7.40000000000017));
#5483=CARTESIAN_POINT('Origin',(3.75521721225366,-14.6256054061346,-7.40000000000017));
#5484=CARTESIAN_POINT('',(4.29847682583068,-14.3709114873691,-5.40000000000018));
#5485=CARTESIAN_POINT('',(3.15645545274145,-14.6641327385856,-5.40000000000018));
#5486=CARTESIAN_POINT('Ctrl Pts',(4.29847682583069,-14.3709114873691,-5.40000000000017));
#5487=CARTESIAN_POINT('Ctrl Pts',(4.29847682583069,-14.3709114873691,-5.64184495190773));
#5488=CARTESIAN_POINT('Ctrl Pts',(4.28141948991382,-14.3299266076395,-5.86043666394634));
#5489=CARTESIAN_POINT('Ctrl Pts',(4.2162938148085,-14.238892495611,-6.17195716963124));
#5490=CARTESIAN_POINT('Ctrl Pts',(4.17850165011877,-14.1952607148248,-6.28392184216096));
#5491=CARTESIAN_POINT('Ctrl Pts',(4.09151724818306,-14.1267086852289,-6.44438845994143));
#5492=CARTESIAN_POINT('Ctrl Pts',(4.04829614116191,-14.0988150040273,-6.50471201785753));
#5493=CARTESIAN_POINT('Ctrl Pts',(3.95722785101432,-14.0591496397457,-6.5935842961156));
#5494=CARTESIAN_POINT('Ctrl Pts',(3.9147772032691,-14.0452113179996,-6.62601218852703));
#5495=CARTESIAN_POINT('Ctrl Pts',(3.81694685768641,-14.0265750768126,-6.68073387604056));
#5496=CARTESIAN_POINT('Ctrl Pts',(3.76215007670019,-14.0228991502326,-6.70146852292252));
#5497=CARTESIAN_POINT('Ctrl Pts',(3.68622606918606,-14.0292911206351,-6.71664584455099));
#5498=CARTESIAN_POINT('Ctrl Pts',(3.66748119346061,-14.0317495087261,-6.71934847226446));
#5499=CARTESIAN_POINT('Ctrl Pts',(3.63966503970987,-14.0367651623694,-6.72178626608943));
#5500=CARTESIAN_POINT('Ctrl Pts',(3.63060226817932,-14.0386156453464,-6.72233139987146));
#5501=CARTESIAN_POINT('Ctrl Pts',(3.61458470882744,-14.0422754624418,-6.72284943402953));
#5502=CARTESIAN_POINT('Ctrl Pts',(3.6076236934237,-14.0439976091473,-6.72292390377943));
#5503=CARTESIAN_POINT('Ctrl Pts',(3.59313248261317,-14.0478600205423,-6.72276183220186));
#5504=CARTESIAN_POINT('Ctrl Pts',(3.58561490180783,-14.0500220650203,-6.72249669176138));
#5505=CARTESIAN_POINT('Ctrl Pts',(3.56622395612938,-14.0560115039115,-6.72133952577566));
#5506=CARTESIAN_POINT('Ctrl Pts',(3.55445108217404,-14.0600553869031,-6.72016983074933));
#5507=CARTESIAN_POINT('Ctrl Pts',(3.50931856535245,-14.077135503381,-6.71385351924494));
#5508=CARTESIAN_POINT('Ctrl Pts',(3.47768154019841,-14.0925522045879,-6.70544257115747));
#5509=CARTESIAN_POINT('Ctrl Pts',(3.40580157643524,-14.1353488287587,-6.67654393035392));
#5510=CARTESIAN_POINT('Ctrl Pts',(3.36903597217616,-14.1643290069648,-6.65279692783982));
#5511=CARTESIAN_POINT('Ctrl Pts',(3.30352605576201,-14.2278217749892,-6.59228706282947));
#5512=CARTESIAN_POINT('Ctrl Pts',(3.27625968553386,-14.2620314711496,-6.55507842195508));
#5513=CARTESIAN_POINT('Ctrl Pts',(3.22166428659053,-14.3448167050435,-6.45279012089837));
#5514=CARTESIAN_POINT('Ctrl Pts',(3.20083068124997,-14.3919566440575,-6.38325220661669));
#5515=CARTESIAN_POINT('Ctrl Pts',(3.16080228075355,-14.5104957357047,-6.17344669420818));
#5516=CARTESIAN_POINT('Ctrl Pts',(3.15580890688503,-14.5763103940843,-6.01059569961712));
#5517=CARTESIAN_POINT('Ctrl Pts',(3.15487800204935,-14.6477122706586,-5.69012285335699));
#5518=CARTESIAN_POINT('Ctrl Pts',(3.15645545274141,-14.6641327385856,-5.54690462051333));
#5519=CARTESIAN_POINT('Ctrl Pts',(3.15645545274141,-14.6641327385856,-5.40000000000018));
#5520=CARTESIAN_POINT('',(4.29847682583076,-14.3709114873691,3.));
#5521=CARTESIAN_POINT('',(4.29847682583072,-14.3709114873691,-7.40000000000017));
#5522=CARTESIAN_POINT('',(3.15645545274138,-14.6641327385857,3.));
#5523=CARTESIAN_POINT('Ctrl Pts',(3.15645545274142,-14.6641327385857,3.));
#5524=CARTESIAN_POINT('Ctrl Pts',(3.15645545274142,-14.6641327385857,3.10565605342951));
#5525=CARTESIAN_POINT('Ctrl Pts',(3.15570742892056,-14.6556850544489,3.21321926522804));
#5526=CARTESIAN_POINT('Ctrl Pts',(3.1547198329189,-14.6074627784258,3.50462837423926));
#5527=CARTESIAN_POINT('Ctrl Pts',(3.15552948734945,-14.5529589478666,3.66920167867653));
#5528=CARTESIAN_POINT('Ctrl Pts',(3.18350623605909,-14.4369941108258,3.91102175016676));
#5529=CARTESIAN_POINT('Ctrl Pts',(3.20248336400627,-14.3844074490582,3.99578853461125));
#5530=CARTESIAN_POINT('Ctrl Pts',(3.25348867854227,-14.293728924725,4.11819234680584));
#5531=CARTESIAN_POINT('Ctrl Pts',(3.28118915487992,-14.253878174227,4.1647464158125));
#5532=CARTESIAN_POINT('Ctrl Pts',(3.3448482110085,-14.1861296672551,4.23304513661092));
#5533=CARTESIAN_POINT('Ctrl Pts',(3.37635050801987,-14.1582173865133,4.25780281030069));
#5534=CARTESIAN_POINT('Ctrl Pts',(3.45010017803982,-14.1070083709167,4.29692260056926));
#5535=CARTESIAN_POINT('Ctrl Pts',(3.4916278103001,-14.0844070121578,4.31070649111193));
#5536=CARTESIAN_POINT('Ctrl Pts',(3.54953929475525,-14.061799551344,4.31961594448999));
#5537=CARTESIAN_POINT('Ctrl Pts',(3.56227658710684,-14.057311717997,4.32101104873132));
#5538=CARTESIAN_POINT('Ctrl Pts',(3.5828896790155,-14.050828890775,4.32237415998884));
#5539=CARTESIAN_POINT('Ctrl Pts',(3.59063022333656,-14.0485644003604,4.32269101790765));
#5540=CARTESIAN_POINT('Ctrl Pts',(3.60529572903504,-14.0445940234414,4.32292540053665));
#5541=CARTESIAN_POINT('Ctrl Pts',(3.61220341071615,-14.0428551918224,4.32288566231766));
#5542=CARTESIAN_POINT('Ctrl Pts',(3.62774631537321,-14.0392358872555,4.32246074825293));
#5543=CARTESIAN_POINT('Ctrl Pts',(3.63638783122851,-14.0374240093765,4.3219952734007));
#5544=CARTESIAN_POINT('Ctrl Pts',(3.6617641846217,-14.0326843345771,4.31996007923221));
#5545=CARTESIAN_POINT('Ctrl Pts',(3.67851011227037,-14.0302918769926,4.31777223548769));
#5546=CARTESIAN_POINT('Ctrl Pts',(3.75010820837421,-14.0230968271048,4.30484225416819));
#5547=CARTESIAN_POINT('Ctrl Pts',(3.80308379539716,-14.0254298404154,4.28631126263268));
#5548=CARTESIAN_POINT('Ctrl Pts',(3.89871147098092,-14.0411329967691,4.23647799546959));
#5549=CARTESIAN_POINT('Ctrl Pts',(3.94071216297188,-14.0535676318494,4.20660589217609));
#5550=CARTESIAN_POINT('Ctrl Pts',(4.02857293893079,-14.0887494353707,4.12678555422132));
#5551=CARTESIAN_POINT('Ctrl Pts',(4.07041549024148,-14.1132754770811,4.07393732488749));
#5552=CARTESIAN_POINT('Ctrl Pts',(4.15668535982767,-14.1752236227154,3.93244905999917));
#5553=CARTESIAN_POINT('Ctrl Pts',(4.19624035124212,-14.2159965032864,3.83319918956747));
#5554=CARTESIAN_POINT('Ctrl Pts',(4.27700928383255,-14.3181430013682,3.51885984214028));
#5555=CARTESIAN_POINT('Ctrl Pts',(4.29847682583076,-14.3709114873692,3.27395542593044));
#5556=CARTESIAN_POINT('Ctrl Pts',(4.29847682583076,-14.3709114873692,3.00000000000001));
#5557=CARTESIAN_POINT('',(3.15645545274141,-14.6641327385857,-7.40000000000017));
#5558=CARTESIAN_POINT('Origin',(10.3366610684808,11.0074260280282,-7.40000000000017));
#5559=CARTESIAN_POINT('',(9.83052282282709,11.3296434643759,-5.40000000000018));
#5560=CARTESIAN_POINT('',(10.6900233657198,10.5225187308156,-5.40000000000018));
#5561=CARTESIAN_POINT('Ctrl Pts',(9.83052282282703,11.329643464376,-5.40000000000017));
#5562=CARTESIAN_POINT('Ctrl Pts',(9.83052282282703,11.329643464376,-5.64184495190775));
#5563=CARTESIAN_POINT('Ctrl Pts',(9.80505792198317,11.2932806825786,-5.86043666394641));
#5564=CARTESIAN_POINT('Ctrl Pts',(9.76309136078675,11.1895147399378,-6.17195716963176));
#5565=CARTESIAN_POINT('Ctrl Pts',(9.74650188431061,11.1342266826671,-6.28392184216134));
#5566=CARTESIAN_POINT('Ctrl Pts',(9.73523006467535,11.0240513087223,-6.44438845994144));
#5567=CARTESIAN_POINT('Ctrl Pts',(9.73483767794234,10.9726123392948,-6.50471201785757));
#5568=CARTESIAN_POINT('Ctrl Pts',(9.75014393323823,10.8744670737808,-6.59358429611559));
#5569=CARTESIAN_POINT('Ctrl Pts',(9.76112161347943,10.8311562801652,-6.62601218852705));
#5570=CARTESIAN_POINT('Ctrl Pts',(9.79780663514421,10.7385695900425,-6.68073387604063));
#5571=CARTESIAN_POINT('Ctrl Pts',(9.8240645312116,10.6903334776703,-6.70146852292255));
#5572=CARTESIAN_POINT('Ctrl Pts',(9.87014356792962,10.6296537069246,-6.71664584455098));
#5573=CARTESIAN_POINT('Ctrl Pts',(9.88226326032884,10.6151441551011,-6.71934847226447));
#5574=CARTESIAN_POINT('Ctrl Pts',(9.90140275727751,10.5943457213256,-6.72178626608945));
#5575=CARTESIAN_POINT('Ctrl Pts',(9.90782124755344,10.5876853086027,-6.72233139987147));
#5576=CARTESIAN_POINT('Ctrl Pts',(9.91949397082011,10.5761222640081,-6.72284943402953));
#5577=CARTESIAN_POINT('Ctrl Pts',(9.924677925949,10.5711676566625,-6.72292390377944));
#5578=CARTESIAN_POINT('Ctrl Pts',(9.93570384679357,10.5610019062194,-6.72276183220188));
#5579=CARTESIAN_POINT('Ctrl Pts',(9.94155744255148,10.5558130841765,-6.7224966917614));
#5580=CARTESIAN_POINT('Ctrl Pts',(9.95700468133995,10.5426500690831,-6.72133952577567));
#5581=CARTESIAN_POINT('Ctrl Pts',(9.96672726599643,10.5348767237018,-6.72016983074933));
#5582=CARTESIAN_POINT('Ctrl Pts',(10.0053316971474,10.5059220634714,-6.71385351924494));
#5583=CARTESIAN_POINT('Ctrl Pts',(10.0353004142865,10.4874707212509,-6.70544257115746));
#5584=CARTESIAN_POINT('Ctrl Pts',(10.1099500097976,10.4497120385269,-6.67654393035387));
#5585=CARTESIAN_POINT('Ctrl Pts',(10.1541187794386,10.4341981681591,-6.65279692783978));
#5586=CARTESIAN_POINT('Ctrl Pts',(10.2428294651006,10.4129074427282,-6.59228706282936));
#5587=CARTESIAN_POINT('Ctrl Pts',(10.2863237186618,10.4082161567684,-6.55507842195492));
#5588=CARTESIAN_POINT('Ctrl Pts',(10.3854752810941,10.4064782833856,-6.45279012089815));
#5589=CARTESIAN_POINT('Ctrl Pts',(10.4364400519876,10.4141467310451,-6.3832522066164));
#5590=CARTESIAN_POINT('Ctrl Pts',(10.5579742068751,10.4438660562498,-6.17344669420777));
#5591=CARTESIAN_POINT('Ctrl Pts',(10.6162189443685,10.4749152687124,-6.01059569961648));
#5592=CARTESIAN_POINT('Ctrl Pts',(10.6770043464478,10.5123883184439,-5.69012285335609));
#5593=CARTESIAN_POINT('Ctrl Pts',(10.6900233657198,10.5225187308156,-5.54690462051283));
#5594=CARTESIAN_POINT('Ctrl Pts',(10.6900233657198,10.5225187308156,-5.40000000000018));
#5595=CARTESIAN_POINT('',(9.83052282282706,11.329643464376,3.));
#5596=CARTESIAN_POINT('',(9.83052282282707,11.329643464376,-7.40000000000017));
#5597=CARTESIAN_POINT('',(10.6900233657199,10.5225187308156,3.));
#5598=CARTESIAN_POINT('Ctrl Pts',(10.6900233657198,10.5225187308157,3.));
#5599=CARTESIAN_POINT('Ctrl Pts',(10.6900233657198,10.5225187308157,3.10565605342981));
#5600=CARTESIAN_POINT('Ctrl Pts',(10.6832915613037,10.5173606578987,3.21321926522862));
#5601=CARTESIAN_POINT('Ctrl Pts',(10.6431053274263,10.4906880154073,3.50462837423981));
#5602=CARTESIAN_POINT('Ctrl Pts',(10.5966523866999,10.4621670164104,3.66920167867698));
#5603=CARTESIAN_POINT('Ctrl Pts',(10.4837493448146,10.4236514996488,3.91102175016776));
#5604=CARTESIAN_POINT('Ctrl Pts',(10.4291805041294,10.411497076287,3.99578853461197));
#5605=CARTESIAN_POINT('Ctrl Pts',(10.3252880795772,10.4059743046319,4.11819234680605));
#5606=CARTESIAN_POINT('Ctrl Pts',(10.2767983206241,10.4080094904366,4.16474641581267));
#5607=CARTESIAN_POINT('Ctrl Pts',(10.18548613626,10.4254571438817,4.23304513661101));
#5608=CARTESIAN_POINT('Ctrl Pts',(10.1450392433232,10.4370992650355,4.25780281030078));
#5609=CARTESIAN_POINT('Ctrl Pts',(10.0622849921,10.4719290082287,4.29692260056931));
#5610=CARTESIAN_POINT('Ctrl Pts',(10.0209504156485,10.4948815342001,4.31070649111197));
#5611=CARTESIAN_POINT('Ctrl Pts',(9.97083178005065,10.5316641344624,4.31961594449003));
#5612=CARTESIAN_POINT('Ctrl Pts',(9.96021759449333,10.5400138847314,4.32101104873134));
#5613=CARTESIAN_POINT('Ctrl Pts',(9.94369891546162,10.553944421328,4.32237415998886));
#5614=CARTESIAN_POINT('Ctrl Pts',(9.93763935191255,10.5592666044157,4.32269101790767));
#5615=CARTESIAN_POINT('Ctrl Pts',(9.92642888088997,10.5695216660792,4.32292540053667));
#5616=CARTESIAN_POINT('Ctrl Pts',(9.92125941586033,10.5744223020496,4.32288566231768));
#5617=CARTESIAN_POINT('Ctrl Pts',(9.90987523115653,10.5856062901289,4.32246074825295));
#5618=CARTESIAN_POINT('Ctrl Pts',(9.90371505632118,10.5919317105674,4.32199527340072));
#5619=CARTESIAN_POINT('Ctrl Pts',(9.8861158864233,10.6108180296276,4.31996007923223));
#5620=CARTESIAN_POINT('Ctrl Pts',(9.87512295093323,10.6236751411003,4.31777223548771));
#5621=CARTESIAN_POINT('Ctrl Pts',(9.83068379102568,10.6802721125324,4.30484225416822));
#5622=CARTESIAN_POINT('Ctrl Pts',(9.80426788030771,10.7262509710706,4.28631126263271));
#5623=CARTESIAN_POINT('Ctrl Pts',(9.76628662281638,10.8154062599569,4.23647799546961));
#5624=CARTESIAN_POINT('Ctrl Pts',(9.75428043628165,10.8575314277571,4.20660589217611));
#5625=CARTESIAN_POINT('Ctrl Pts',(9.73690725747776,10.9505660874778,4.12678555422133));
#5626=CARTESIAN_POINT('Ctrl Pts',(9.73519491923335,10.9990366323469,4.07393732488749));
#5627=CARTESIAN_POINT('Ctrl Pts',(9.74127376080184,11.1050701686981,3.93244905999915));
#5628=CARTESIAN_POINT('Ctrl Pts',(9.75450481819611,11.1603147544608,3.83319918956745));
#5629=CARTESIAN_POINT('Ctrl Pts',(9.79747180073495,11.2832430504453,3.51885984214027));
#5630=CARTESIAN_POINT('Ctrl Pts',(9.83052282282706,11.3296434643761,3.27395542593044));
#5631=CARTESIAN_POINT('Ctrl Pts',(9.83052282282706,11.3296434643761,3.00000000000001));
#5632=CARTESIAN_POINT('',(10.6900233657198,10.5225187308156,-7.40000000000017));
#5633=CARTESIAN_POINT('Origin',(7.27448031633859,-13.2322305728989,-7.40000000000017));
#5634=CARTESIAN_POINT('',(7.73733262825121,-12.8504351599391,-5.40000000000018));
#5635=CARTESIAN_POINT('',(6.7041111165073,-13.418453492766,-5.40000000000018));
#5636=CARTESIAN_POINT('Ctrl Pts',(7.73733262825121,-12.8504351599391,-5.40000000000017));
#5637=CARTESIAN_POINT('Ctrl Pts',(7.73733262825121,-12.8504351599391,-5.64184495190818));
#5638=CARTESIAN_POINT('Ctrl Pts',(7.71061865479289,-12.8149798825165,-5.86043666394691));
#5639=CARTESIAN_POINT('Ctrl Pts',(7.62489975948024,-12.743001871311,-6.17195716963156));
#5640=CARTESIAN_POINT('Ctrl Pts',(7.57744412249862,-12.7101393923238,-6.28392184216123));
#5641=CARTESIAN_POINT('Ctrl Pts',(7.47614429899775,-12.6653731918985,-6.44438845994157));
#5642=CARTESIAN_POINT('Ctrl Pts',(7.42734418610109,-12.6491044942129,-6.50471201785768));
#5643=CARTESIAN_POINT('Ctrl Pts',(7.32927259878382,-12.6333330530909,-6.59358429611572));
#5644=CARTESIAN_POINT('Ctrl Pts',(7.28468929653649,-12.6303896761511,-6.62601218852714));
#5645=CARTESIAN_POINT('Ctrl Pts',(7.18529782643972,-12.6366683443549,-6.68073387604067));
#5646=CARTESIAN_POINT('Ctrl Pts',(7.131308421326,-12.6467353090484,-6.70146852292261));
#5647=CARTESIAN_POINT('Ctrl Pts',(7.05935932452064,-12.6718079968085,-6.71664584455106));
#5648=CARTESIAN_POINT('Ctrl Pts',(7.04181472979247,-12.6788508111461,-6.71934847226453));
#5649=CARTESIAN_POINT('Ctrl Pts',(7.01611981400077,-12.6906264849446,-6.7217862660895));
#5650=CARTESIAN_POINT('Ctrl Pts',(7.00780196250585,-12.6946726512254,-6.72233139987153));
#5651=CARTESIAN_POINT('Ctrl Pts',(6.99319778373569,-12.7022008934647,-6.7228494340296));
#5652=CARTESIAN_POINT('Ctrl Pts',(6.98688374190116,-12.7056000699,-6.7229239037795));
#5653=CARTESIAN_POINT('Ctrl Pts',(6.97380834177975,-12.7129449541198,-6.72276183220193));
#5654=CARTESIAN_POINT('Ctrl Pts',(6.96706461819656,-12.7169086203171,-6.72249669176146));
#5655=CARTESIAN_POINT('Ctrl Pts',(6.94977238761606,-12.7275322220645,-6.72133952577573));
#5656=CARTESIAN_POINT('Ctrl Pts',(6.93937505294971,-12.7343768537313,-6.7201698307494));
#5657=CARTESIAN_POINT('Ctrl Pts',(6.89990810937659,-12.7621443674578,-6.713853519245));
#5658=CARTESIAN_POINT('Ctrl Pts',(6.87309899722775,-12.7849445328628,-6.7054425711575));
#5659=CARTESIAN_POINT('Ctrl Pts',(6.81412036234032,-12.8442724424655,-6.67654393035394));
#5660=CARTESIAN_POINT('Ctrl Pts',(6.78571689439434,-12.8814853890571,-6.65279692783986));
#5661=CARTESIAN_POINT('Ctrl Pts',(6.73805510178442,-12.9592750687403,-6.59228706282946));
#5662=CARTESIAN_POINT('Ctrl Pts',(6.72015296019441,-12.999190874924,-6.55507842195505));
#5663=CARTESIAN_POINT('Ctrl Pts',(6.68786062657881,-13.0929525820667,-6.45279012089825));
#5664=CARTESIAN_POINT('Ctrl Pts',(6.67940477337472,-13.1437926401737,-6.38325220661648));
#5665=CARTESIAN_POINT('Ctrl Pts',(6.67011341201338,-13.2685622666814,-6.17344669420804));
#5666=CARTESIAN_POINT('Ctrl Pts',(6.68164435413335,-13.3335510381274,-6.01059569961684));
#5667=CARTESIAN_POINT('Ctrl Pts',(6.69849962001352,-13.4029412000687,-5.69012285335632));
#5668=CARTESIAN_POINT('Ctrl Pts',(6.7041111165073,-13.418453492766,-5.54690462051294));
#5669=CARTESIAN_POINT('Ctrl Pts',(6.7041111165073,-13.418453492766,-5.40000000000018));
#5670=CARTESIAN_POINT('',(7.73733262825127,-12.8504351599391,3.));
#5671=CARTESIAN_POINT('',(7.73733262825122,-12.8504351599391,-7.40000000000017));
#5672=CARTESIAN_POINT('',(6.70411111650729,-13.418453492766,3.));
#5673=CARTESIAN_POINT('Ctrl Pts',(6.70411111650733,-13.4184534927661,3.));
#5674=CARTESIAN_POINT('Ctrl Pts',(6.70411111650733,-13.4184534927661,3.10565605342998));
#5675=CARTESIAN_POINT('Ctrl Pts',(6.7012857396155,-13.4104572341201,3.21321926522896));
#5676=CARTESIAN_POINT('Ctrl Pts',(6.68833677837522,-13.3639955547108,3.50462837424046));
#5677=CARTESIAN_POINT('Ctrl Pts',(6.6755664445512,-13.3110027093452,3.66920167867751));
#5678=CARTESIAN_POINT('Ctrl Pts',(6.67382497001577,-13.1917235864245,3.91102175016748));
#5679=CARTESIAN_POINT('Ctrl Pts',(6.67912812561068,-13.1360696115285,3.99578853461183));
#5680=CARTESIAN_POINT('Ctrl Pts',(6.70598018241365,-13.0355554138667,4.11819234680623));
#5681=CARTESIAN_POINT('Ctrl Pts',(6.72289991870477,-12.9900678196412,4.16474641581283));
#5682=CARTESIAN_POINT('Ctrl Pts',(6.76771063996984,-12.908616393111,4.23304513661115));
#5683=CARTESIAN_POINT('Ctrl Pts',(6.79128173244375,-12.8737467253067,4.25780281030088));
#5684=CARTESIAN_POINT('Ctrl Pts',(6.84997925665331,-12.8058057379862,4.29692260056938));
#5685=CARTESIAN_POINT('Ctrl Pts',(6.8845814926226,-12.7735869402927,4.31070649111203));
#5686=CARTESIAN_POINT('Ctrl Pts',(6.935051334423,-12.7372877338979,4.31961594449009));
#5687=CARTESIAN_POINT('Ctrl Pts',(6.94627238254439,-12.7297732582904,4.32101104873139));
#5688=CARTESIAN_POINT('Ctrl Pts',(6.96462566269533,-12.7183678335059,4.32237415998889));
#5689=CARTESIAN_POINT('Ctrl Pts',(6.97155986771705,-12.7142494911279,4.32269101790772));
#5690=CARTESIAN_POINT('Ctrl Pts',(6.98477723699815,-12.7067566879435,4.32292540053673));
#5691=CARTESIAN_POINT('Ctrl Pts',(6.99103547131776,-12.7033546143394,4.32288566231773));
#5692=CARTESIAN_POINT('Ctrl Pts',(7.0051899825993,-12.6959836536755,4.322460748253));
#5693=CARTESIAN_POINT('Ctrl Pts',(7.01310941363811,-12.6920796416689,4.32199527340077));
#5694=CARTESIAN_POINT('Ctrl Pts',(7.03650981303453,-12.6811780300069,4.31996007923228));
#5695=CARTESIAN_POINT('Ctrl Pts',(7.05213465656583,-12.6746961930195,4.31777223548774));
#5696=CARTESIAN_POINT('Ctrl Pts',(7.11969403067607,-12.6499214664134,4.30484225416826));
#5697=CARTESIAN_POINT('Ctrl Pts',(7.17158548903435,-12.6390066910615,4.28631126263275));
#5698=CARTESIAN_POINT('Ctrl Pts',(7.26811406152444,-12.6304348680316,4.23647799546964));
#5699=CARTESIAN_POINT('Ctrl Pts',(7.31188759253768,-12.632033698833,4.20660589217613));
#5700=CARTESIAN_POINT('Ctrl Pts',(7.40573741940313,-12.6442601148424,4.12678555422137));
#5701=CARTESIAN_POINT('Ctrl Pts',(7.45236478856688,-12.6576098064881,4.07393732488754));
#5702=CARTESIAN_POINT('Ctrl Pts',(7.55133020890872,-12.6961572930796,3.93244905999917));
#5703=CARTESIAN_POINT('Ctrl Pts',(7.59978231059994,-12.7258122922797,3.83319918956745));
#5704=CARTESIAN_POINT('Ctrl Pts',(7.70341653973163,-12.8046632535576,3.51885984214013));
#5705=CARTESIAN_POINT('Ctrl Pts',(7.7373326282513,-12.8504351599392,3.27395542593025));
#5706=CARTESIAN_POINT('Ctrl Pts',(7.7373326282513,-12.8504351599392,3.00000000000001));
#5707=CARTESIAN_POINT('',(6.70411111650731,-13.418453492766,-7.40000000000017));
#5708=CARTESIAN_POINT('Origin',(-15.0702032624216,0.948136823700135,-7.40000000000017));
#5709=CARTESIAN_POINT('',(-14.9958514042718,0.352761478905245,-5.40000000000018));
#5710=CARTESIAN_POINT('',(-14.9218173737335,1.5294986972679,-5.40000000000018));
#5711=CARTESIAN_POINT('Ctrl Pts',(-14.9958514042718,0.352761478905213,-5.40000000000017));
#5712=CARTESIAN_POINT('Ctrl Pts',(-14.9958514042718,0.352761478905213,-5.64184495190769));
#5713=CARTESIAN_POINT('Ctrl Pts',(-14.9516014606583,0.356318945030713,-5.8604366639463));
#5714=CARTESIAN_POINT('Ctrl Pts',(-14.8448979348307,0.390126055033176,-6.17195716963162));
#5715=CARTESIAN_POINT('Ctrl Pts',(-14.791723224253,0.412585577768522,-6.28392184216124));
#5716=CARTESIAN_POINT('Ctrl Pts',(-14.6996467113571,0.474128917901341,-6.44438845994133));
#5717=CARTESIAN_POINT('Ctrl Pts',(-14.6597621875016,0.506615011848309,-6.50471201785753));
#5718=CARTESIAN_POINT('Ctrl Pts',(-14.5938965350261,0.580968830969991,-6.59358429611564));
#5719=CARTESIAN_POINT('Ctrl Pts',(-14.5675224317277,0.617034617836414,-6.62601218852706));
#5720=CARTESIAN_POINT('Ctrl Pts',(-14.5195670737569,0.704317890256257,-6.68073387604063));
#5721=CARTESIAN_POINT('Ctrl Pts',(-14.4991379232678,0.755296802101883,-6.70146852292256));
#5722=CARTESIAN_POINT('Ctrl Pts',(-14.4817552397682,0.829480051673322,-6.71664584455102));
#5723=CARTESIAN_POINT('Ctrl Pts',(-14.4783008206251,0.848067171578048,-6.71934847226449));
#5724=CARTESIAN_POINT('Ctrl Pts',(-14.4744753264789,0.876071828074595,-6.72178626608945));
#5725=CARTESIAN_POINT('Ctrl Pts',(-14.4734346899534,0.88526286668213,-6.72233139987149));
#5726=CARTESIAN_POINT('Ctrl Pts',(-14.4719656848023,0.901627416557701,-6.72284943402956));
#5727=CARTESIAN_POINT('Ctrl Pts',(-14.4714524715907,0.908779908216261,-6.72292390377946));
#5728=CARTESIAN_POINT('Ctrl Pts',(-14.470647812707,0.923755419446868,-6.72276183220189));
#5729=CARTESIAN_POINT('Ctrl Pts',(-14.4703809789709,0.931573172144814,-6.72249669176142));
#5730=CARTESIAN_POINT('Ctrl Pts',(-14.4700851421057,0.95186589579369,-6.7213395257757));
#5731=CARTESIAN_POINT('Ctrl Pts',(-14.4702930852511,0.964312192852096,-6.72016983074937));
#5732=CARTESIAN_POINT('Ctrl Pts',(-14.4725905266297,1.01251381332962,-6.71385351924498));
#5733=CARTESIAN_POINT('Ctrl Pts',(-14.4774763023483,1.04736643492868,-6.70544257115752));
#5734=CARTESIAN_POINT('Ctrl Pts',(-14.4959661802835,1.12895322702737,-6.67654393035398));
#5735=CARTESIAN_POINT('Ctrl Pts',(-14.5121667710852,1.17287476209918,-6.65279692783988));
#5736=CARTESIAN_POINT('Ctrl Pts',(-14.5523083043804,1.25479873932626,-6.59228706282956));
#5737=CARTESIAN_POINT('Ctrl Pts',(-14.5764178870588,1.29130197589342,-6.55507842195518));
#5738=CARTESIAN_POINT('Ctrl Pts',(-14.6382804171184,1.36880732997472,-6.45279012089851));
#5739=CARTESIAN_POINT('Ctrl Pts',(-14.6766752251911,1.40318830836091,-6.38325220661686));
#5740=CARTESIAN_POINT('Ctrl Pts',(-14.7770431447268,1.47788817330665,-6.17344669420853));
#5741=CARTESIAN_POINT('Ctrl Pts',(-14.8380935670618,1.50297500198091,-6.01059569961761));
#5742=CARTESIAN_POINT('Ctrl Pts',(-14.9057131216392,1.5259247383827,-5.69012285335744));
#5743=CARTESIAN_POINT('Ctrl Pts',(-14.9218173737335,1.52949869726792,-5.54690462051357));
#5744=CARTESIAN_POINT('Ctrl Pts',(-14.9218173737335,1.52949869726792,-5.40000000000018));
#5745=CARTESIAN_POINT('',(-14.9958514042719,0.352761478905172,3.));
#5746=CARTESIAN_POINT('',(-14.9958514042718,0.352761478905209,-7.40000000000017));
#5747=CARTESIAN_POINT('',(-14.9218173737336,1.52949869726797,3.));
#5748=CARTESIAN_POINT('Ctrl Pts',(-14.9218173737336,1.52949869726795,3.));
#5749=CARTESIAN_POINT('Ctrl Pts',(-14.9218173737336,1.52949869726795,3.10565605342934));
#5750=CARTESIAN_POINT('Ctrl Pts',(-14.9135519966149,1.52759963223572,3.21321926522774));
#5751=CARTESIAN_POINT('Ctrl Pts',(-14.8673847028245,1.51363738905003,3.50462837423869));
#5752=CARTESIAN_POINT('Ctrl Pts',(-14.8157986765868,1.49602475202666,3.66920167867608));
#5753=CARTESIAN_POINT('Ctrl Pts',(-14.7141548534562,1.43358217746583,3.91102175016743));
#5754=CARTESIAN_POINT('Ctrl Pts',(-14.6700062211521,1.39928368410731,3.99578853461168));
#5755=CARTESIAN_POINT('Ctrl Pts',(-14.5995273286923,1.32275354230873,4.11819234680574));
#5756=CARTESIAN_POINT('Ctrl Pts',(-14.5701869306925,1.28409426464086,4.16474641581243));
#5757=CARTESIAN_POINT('Ctrl Pts',(-14.5254260018572,1.20261546449072,4.23304513661088));
#5758=CARTESIAN_POINT('Ctrl Pts',(-14.5086145905114,1.16402963053881,4.25780281030067));
#5759=CARTESIAN_POINT('Ctrl Pts',(-14.4827018239009,1.07806507020715,4.29692260056926));
#5760=CARTESIAN_POINT('Ctrl Pts',(-14.4740393984807,1.03158574098721,4.31070649111196));
#5761=CARTESIAN_POINT('Ctrl Pts',(-14.470434058423,0.969522556736754,4.31961594449001));
#5762=CARTESIAN_POINT('Ctrl Pts',(-14.4701019150733,0.956021855073614,4.32101104873135));
#5763=CARTESIAN_POINT('Ctrl Pts',(-14.4703061757061,0.934414335909524,4.32237415998888));
#5764=CARTESIAN_POINT('Ctrl Pts',(-14.4705444770821,0.926352874771646,4.32269101790769));
#5765=CARTESIAN_POINT('Ctrl Pts',(-14.4713003147332,0.911178236070426,4.32292540053669));
#5766=CARTESIAN_POINT('Ctrl Pts',(-14.4717811786223,0.904071311874524,4.3228856623177));
#5767=CARTESIAN_POINT('Ctrl Pts',(-14.4731420371105,0.888170704499148,4.32246074825296));
#5768=CARTESIAN_POINT('Ctrl Pts',(-14.4740892141034,0.87939223347793,4.32199527340073));
#5769=CARTESIAN_POINT('Ctrl Pts',(-14.477423239954,0.85379324716272,4.31996007923225));
#5770=CARTESIAN_POINT('Ctrl Pts',(-14.4803226538084,0.837127613499108,4.31777223548772));
#5771=CARTESIAN_POINT('Ctrl Pts',(-14.4956047831885,0.766810384954598,4.30484225416824));
#5772=CARTESIAN_POINT('Ctrl Pts',(-14.5141939673772,0.717148548472923,4.28631126263275));
#5773=CARTESIAN_POINT('Ctrl Pts',(-14.5586791334418,0.631053766649422,4.23647799546962));
#5774=CARTESIAN_POINT('Ctrl Pts',(-14.5834841017634,0.594951248401149,4.2066058921761));
#5775=CARTESIAN_POINT('Ctrl Pts',(-14.6440944581676,0.522262460079552,4.12678555422137));
#5776=CARTESIAN_POINT('Ctrl Pts',(-14.6803501693982,0.490046792690371,4.07393732488754));
#5777=CARTESIAN_POINT('Ctrl Pts',(-14.7659252127807,0.427142300831557,3.93244905999932));
#5778=CARTESIAN_POINT('Ctrl Pts',(-14.8169256910953,0.402122781500875,3.83319918956768));
#5779=CARTESIAN_POINT('Ctrl Pts',(-14.9390317565007,0.35687196566967,3.51885984214034));
#5780=CARTESIAN_POINT('Ctrl Pts',(-14.9958514042719,0.352761478905175,3.27395542593052));
#5781=CARTESIAN_POINT('Ctrl Pts',(-14.9958514042719,0.352761478905175,3.00000000000001));
#5782=CARTESIAN_POINT('',(-14.9218173737336,1.52949869726793,-7.40000000000017));
#5783=CARTESIAN_POINT('Origin',(11.6347497058575,9.62510203006742,-7.40000000000017));
#5784=CARTESIAN_POINT('',(11.1729870646552,10.0082146286463,-5.40000000000018));
#5785=CARTESIAN_POINT('',(11.9245506362999,9.09973033239553,-5.40000000000018));
#5786=CARTESIAN_POINT('Ctrl Pts',(11.1729870646551,10.0082146286463,-5.40000000000017));
#5787=CARTESIAN_POINT('Ctrl Pts',(11.1729870646551,10.0082146286463,-5.64184495190782));
#5788=CARTESIAN_POINT('Ctrl Pts',(11.1431654971364,9.9753301766095,-5.86043666394648));
#5789=CARTESIAN_POINT('Ctrl Pts',(11.0885245336848,9.87764226423626,-6.17195716963161));
#5790=CARTESIAN_POINT('Ctrl Pts',(11.0651364391905,9.8248693825408,-6.28392184216125));
#5791=CARTESIAN_POINT('Ctrl Pts',(11.0401448653441,9.71697550793023,-6.44438845994149));
#5792=CARTESIAN_POINT('Ctrl Pts',(11.0333085603281,9.66599132923878,-6.50471201785762));
#5793=CARTESIAN_POINT('Ctrl Pts',(11.0361932577433,9.56670158598791,-6.5935842961157));
#5794=CARTESIAN_POINT('Ctrl Pts',(11.0416560938849,9.52235644275467,-6.6260121885271));
#5795=CARTESIAN_POINT('Ctrl Pts',(11.0664476539385,9.42590197394935,-6.68073387604061));
#5796=CARTESIAN_POINT('Ctrl Pts',(11.0864529107143,9.37475523070987,-6.70146852292256));
#5797=CARTESIAN_POINT('Ctrl Pts',(11.1245634085852,9.3087787034092,-6.71664584455101));
#5798=CARTESIAN_POINT('Ctrl Pts',(11.1347690045423,9.29286456349747,-6.71934847226448));
#5799=CARTESIAN_POINT('Ctrl Pts',(11.1511508458826,9.2698313165432,-6.72178626608945));
#5800=CARTESIAN_POINT('Ctrl Pts',(11.1566839533822,9.26241897302304,-6.72233139987148));
#5801=CARTESIAN_POINT('Ctrl Pts',(11.1668153999706,9.24948412633721,-6.72284943402955));
#5802=CARTESIAN_POINT('Ctrl Pts',(11.1713375011052,9.24391886569147,-6.72292390377945));
#5803=CARTESIAN_POINT('Ctrl Pts',(11.181002372896,9.23245136091454,-6.72276183220189));
#5804=CARTESIAN_POINT('Ctrl Pts',(11.186159479458,9.22656980419892,-6.7224966917614));
#5805=CARTESIAN_POINT('Ctrl Pts',(11.1998351489095,9.21157453102419,-6.72133952577569));
#5806=CARTESIAN_POINT('Ctrl Pts',(11.2085068095697,9.20264391781945,-6.72016983074935));
#5807=CARTESIAN_POINT('Ctrl Pts',(11.243177852057,9.16907915554722,-6.71385351924496));
#5808=CARTESIAN_POINT('Ctrl Pts',(11.2705976905261,9.14701723144645,-6.7054425711575));
#5809=CARTESIAN_POINT('Ctrl Pts',(11.339926233879,9.10020021202409,-6.67654393035395));
#5810=CARTESIAN_POINT('Ctrl Pts',(11.3818023160405,9.07927285843621,-6.65279692783984));
#5811=CARTESIAN_POINT('Ctrl Pts',(11.4671450559862,9.04703161964884,-6.59228706282951));
#5812=CARTESIAN_POINT('Ctrl Pts',(11.509708370328,9.03692605043969,-6.55507842195512));
#5813=CARTESIAN_POINT('Ctrl Pts',(11.6078602797848,9.02277489477498,-6.4527901208984));
#5814=CARTESIAN_POINT('Ctrl Pts',(11.6593842895789,9.02399529490026,-6.38325220661668));
#5815=CARTESIAN_POINT('Ctrl Pts',(11.7836849304818,9.03824800572844,-6.17344669420847));
#5816=CARTESIAN_POINT('Ctrl Pts',(11.8453618890208,9.06175238458858,-6.01059569961749));
#5817=CARTESIAN_POINT('Ctrl Pts',(11.9103645985436,9.09131151713423,-5.69012285335704));
#5818=CARTESIAN_POINT('Ctrl Pts',(11.9245506363,9.09973033239549,-5.5469046205133));
#5819=CARTESIAN_POINT('Ctrl Pts',(11.9245506363,9.09973033239549,-5.40000000000018));
#5820=CARTESIAN_POINT('',(11.1729870646552,10.0082146286463,3.));
#5821=CARTESIAN_POINT('',(11.1729870646552,10.0082146286463,-7.40000000000017));
#5822=CARTESIAN_POINT('',(11.9245506363,9.09973033239549,3.));
#5823=CARTESIAN_POINT('Ctrl Pts',(11.9245506363,9.09973033239553,3.));
#5824=CARTESIAN_POINT('Ctrl Pts',(11.9245506363,9.09973033239553,3.10565605342965));
#5825=CARTESIAN_POINT('Ctrl Pts',(11.9172254362148,9.09545665123936,3.21321926522828));
#5826=CARTESIAN_POINT('Ctrl Pts',(11.8740131142635,9.07403100113734,3.50462837423972));
#5827=CARTESIAN_POINT('Ctrl Pts',(11.8243518398206,9.0515569960062,3.6692016786769));
#5828=CARTESIAN_POINT('Ctrl Pts',(11.7075117978855,9.02749568891706,3.9110217501668));
#5829=CARTESIAN_POINT('Ctrl Pts',(11.651849895626,9.02227639606858,3.9957885346113));
#5830=CARTESIAN_POINT('Ctrl Pts',(11.5480845070423,9.02981834662956,4.11819234680602));
#5831=CARTESIAN_POINT('Ctrl Pts',(11.5002321807396,9.0379148626707,4.16474641581263));
#5832=CARTESIAN_POINT('Ctrl Pts',(11.4118267910472,9.06666938748721,4.233045136611));
#5833=CARTESIAN_POINT('Ctrl Pts',(11.3731579786318,9.08328904691772,4.25780281030075));
#5834=CARTESIAN_POINT('Ctrl Pts',(11.2954215937356,9.12821600507977,4.29692260056932));
#5835=CARTESIAN_POINT('Ctrl Pts',(11.2572896670639,9.15616813965295,4.31070649111197));
#5836=CARTESIAN_POINT('Ctrl Pts',(11.2121763141073,9.19894222878702,4.31961594449002));
#5837=CARTESIAN_POINT('Ctrl Pts',(11.2026923257741,9.20855644897876,4.32101104873134));
#5838=CARTESIAN_POINT('Ctrl Pts',(11.1880498606572,9.22444747859087,4.32237415998888));
#5839=CARTESIAN_POINT('Ctrl Pts',(11.1827051249927,9.23048715936882,4.32269101790767));
#5840=CARTESIAN_POINT('Ctrl Pts',(11.1728683519214,9.24206640139093,4.32292540053668));
#5841=CARTESIAN_POINT('Ctrl Pts',(11.1683538622203,9.24757630015075,4.3228856623177));
#5842=CARTESIAN_POINT('Ctrl Pts',(11.1584611706031,9.26009891582421,4.32246074825296));
#5843=CARTESIAN_POINT('Ctrl Pts',(11.1531423559835,9.26714653306472,4.32199527340072));
#5844=CARTESIAN_POINT('Ctrl Pts',(11.1380490442348,9.28808968872944,4.31996007923224));
#5845=CARTESIAN_POINT('Ctrl Pts',(11.1287542146797,9.30222319818922,4.3177722354877));
#5846=CARTESIAN_POINT('Ctrl Pts',(11.0917589522609,9.36394358920499,4.30484225416822));
#5847=CARTESIAN_POINT('Ctrl Pts',(11.0713140179052,9.41287068221819,4.28631126263271));
#5848=CARTESIAN_POINT('Ctrl Pts',(11.0448063746191,9.50608326883851,4.23647799546959));
#5849=CARTESIAN_POINT('Ctrl Pts',(11.0381745439461,9.54938104128956,4.20660589217609));
#5850=CARTESIAN_POINT('Ctrl Pts',(11.0325986925825,9.64385953160714,4.12678555422128));
#5851=CARTESIAN_POINT('Ctrl Pts',(11.0369748267577,9.69216248464162,4.07393732488738));
#5852=CARTESIAN_POINT('Ctrl Pts',(11.0562952608219,9.79659803401766,3.93244905999933));
#5853=CARTESIAN_POINT('Ctrl Pts',(11.0763459699472,9.84974870851417,3.83319918956771));
#5854=CARTESIAN_POINT('Ctrl Pts',(11.1343811458275,9.96632248731006,3.51885984214004));
#5855=CARTESIAN_POINT('Ctrl Pts',(11.1729870646552,10.0082146286463,3.27395542593011));
#5856=CARTESIAN_POINT('Ctrl Pts',(11.1729870646552,10.0082146286463,3.00000000000001));
#5857=CARTESIAN_POINT('',(11.9245506363,9.09973033239551,-7.40000000000017));
#5858=CARTESIAN_POINT('Origin',(3.75521721225366,14.6256054061346,-7.40000000000017));
#5859=CARTESIAN_POINT('',(3.15645545274145,14.6641327385856,-5.40000000000018));
#5860=CARTESIAN_POINT('',(4.29847682583068,14.3709114873691,-5.40000000000018));
#5861=CARTESIAN_POINT('Ctrl Pts',(3.15645545274141,14.6641327385856,-5.40000000000017));
#5862=CARTESIAN_POINT('Ctrl Pts',(3.15645545274141,14.6641327385856,-5.64184495190747));
#5863=CARTESIAN_POINT('Ctrl Pts',(3.15165829375677,14.6199999804495,-5.86043666394577));
#5864=CARTESIAN_POINT('Ctrl Pts',(3.16487233995558,14.508851646707,-6.17195716963073));
#5865=CARTESIAN_POINT('Ctrl Pts',(3.17697009562513,14.4524103115502,-6.28392184216054));
#5866=CARTESIAN_POINT('Ctrl Pts',(3.22016991597598,14.3504326548627,-6.44438845994104));
#5867=CARTESIAN_POINT('Ctrl Pts',(3.24460697737438,14.3051673085885,-6.50471201785724));
#5868=CARTESIAN_POINT('Ctrl Pts',(3.30530179339363,14.2265358015294,-6.59358429611539));
#5869=CARTESIAN_POINT('Ctrl Pts',(3.33578674187295,14.1938708015554,-6.62601218852687));
#5870=CARTESIAN_POINT('Ctrl Pts',(3.41253804955483,14.1304096104892,-6.68073387604049));
#5871=CARTESIAN_POINT('Ctrl Pts',(3.45878594364229,14.1007898209027,-6.70146852292246));
#5872=CARTESIAN_POINT('Ctrl Pts',(3.52839801382881,14.0698144776926,-6.71664584455096));
#5873=CARTESIAN_POINT('Ctrl Pts',(3.54600861113886,14.0629383668475,-6.71934847226444));
#5874=CARTESIAN_POINT('Ctrl Pts',(3.57280040205455,14.0539330833711,-6.72178626608942));
#5875=CARTESIAN_POINT('Ctrl Pts',(3.58163364625948,14.0511886504828,-6.72233139987145));
#5876=CARTESIAN_POINT('Ctrl Pts',(3.59743307084959,14.0466792545833,-6.72284943402951));
#5877=CARTESIAN_POINT('Ctrl Pts',(3.60436270565058,14.0448348884991,-6.72292390377942));
#5878=CARTESIAN_POINT('Ctrl Pts',(3.6189221813662,14.0412383513554,-6.72276183220186));
#5879=CARTESIAN_POINT('Ctrl Pts',(3.62655146051447,14.0395113432008,-6.72249669176139));
#5880=CARTESIAN_POINT('Ctrl Pts',(3.6464293099367,14.0354182691859,-6.72133952577566));
#5881=CARTESIAN_POINT('Ctrl Pts',(3.65869411351595,14.0332903255821,-6.72016983074932));
#5882=CARTESIAN_POINT('Ctrl Pts',(3.70647244836106,14.0265149899473,-6.71385351924495));
#5883=CARTESIAN_POINT('Ctrl Pts',(3.74162323728917,14.0247834950936,-6.7054425711575));
#5884=CARTESIAN_POINT('Ctrl Pts',(3.82522956062953,14.0276580261006,-6.67654393035402));
#5885=CARTESIAN_POINT('Ctrl Pts',(3.8714088125645,14.035341584919,-6.65279692783994));
#5886=CARTESIAN_POINT('Ctrl Pts',(3.959403464202,14.0594210787506,-6.59228706282965));
#5887=CARTESIAN_POINT('Ctrl Pts',(3.99977781338863,14.0762635899814,-6.5550784219553));
#5888=CARTESIAN_POINT('Ctrl Pts',(4.08750221677208,14.1225073094215,-6.45279012089872));
#5889=CARTESIAN_POINT('Ctrl Pts',(4.12846868311833,14.1537796869587,-6.38325220661712));
#5890=CARTESIAN_POINT('Ctrl Pts',(4.22065248079055,14.2383724558079,-6.17344669420897));
#5891=CARTESIAN_POINT('Ctrl Pts',(4.25673466115161,14.2936407043833,-6.0105956996183));
#5892=CARTESIAN_POINT('Ctrl Pts',(4.29194853565519,14.3557621789684,-5.69012285335835));
#5893=CARTESIAN_POINT('Ctrl Pts',(4.29847682583069,14.3709114873691,-5.54690462051406));
#5894=CARTESIAN_POINT('Ctrl Pts',(4.29847682583069,14.3709114873691,-5.40000000000018));
#5895=CARTESIAN_POINT('',(3.15645545274138,14.6641327385857,3.));
#5896=CARTESIAN_POINT('',(3.15645545274141,14.6641327385857,-7.40000000000017));
#5897=CARTESIAN_POINT('',(4.29847682583076,14.3709114873691,3.));
#5898=CARTESIAN_POINT('Ctrl Pts',(4.29847682583073,14.3709114873692,3.));
#5899=CARTESIAN_POINT('Ctrl Pts',(4.29847682583073,14.3709114873692,3.10565605342988));
#5900=CARTESIAN_POINT('Ctrl Pts',(4.29506262123118,14.3631483621051,3.21321926522875));
#5901=CARTESIAN_POINT('Ctrl Pts',(4.27269679955684,14.3204150814966,3.50462837424008));
#5902=CARTESIAN_POINT('Ctrl Pts',(4.24572987334631,14.2730430646863,3.66920167867719));
#5903=CARTESIAN_POINT('Ctrl Pts',(4.16534717525508,14.1849002048176,3.91102175016718));
#5904=CARTESIAN_POINT('Ctrl Pts',(4.12338357375161,14.1479604629419,3.99578853461158));
#5905=CARTESIAN_POINT('Ctrl Pts',(4.03500256364629,14.0930702640086,4.11819234680613));
#5906=CARTESIAN_POINT('Ctrl Pts',(3.99153020572308,14.0714935913925,4.16474641581272));
#5907=CARTESIAN_POINT('Ctrl Pts',(3.90310725744376,14.0427931063499,4.23304513661104));
#5908=CARTESIAN_POINT('Ctrl Pts',(3.86205474033605,14.0335097356085,4.25780281030079));
#5909=CARTESIAN_POINT('Ctrl Pts',(3.7727572804358,14.0241641076587,4.29692260056931));
#5910=CARTESIAN_POINT('Ctrl Pts',(3.72547805125795,14.0243644754183,4.31070649111196));
#5911=CARTESIAN_POINT('Ctrl Pts',(3.66383860326949,14.0324524768974,4.31961594449002));
#5912=CARTESIAN_POINT('Ctrl Pts',(3.65051479869249,14.0346559959449,4.32101104873132));
#5913=CARTESIAN_POINT('Ctrl Pts',(3.62932828272403,14.0389054839063,4.32237415998883));
#5914=CARTESIAN_POINT('Ctrl Pts',(3.62145426545101,14.0406501314952,4.32269101790765));
#5915=CARTESIAN_POINT('Ctrl Pts',(3.60669004117287,14.0442360249317,4.32292540053666));
#5916=CARTESIAN_POINT('Ctrl Pts',(3.59979910505098,14.0460400761979,4.32288566231767));
#5917=CARTESIAN_POINT('Ctrl Pts',(3.58443514059991,14.0503563068535,4.32246074825293));
#5918=CARTESIAN_POINT('Ctrl Pts',(3.57598964370497,14.0529316281778,4.32199527340071));
#5919=CARTESIAN_POINT('Ctrl Pts',(3.55146881996264,14.0610033709724,4.31996007923221));
#5920=CARTESIAN_POINT('Ctrl Pts',(3.5356416764691,14.0669742565804,4.31777223548768));
#5921=CARTESIAN_POINT('Ctrl Pts',(3.46943354485616,14.0951618321572,4.30484225416819));
#5922=CARTESIAN_POINT('Ctrl Pts',(3.42413462180281,14.1227274509918,4.28631126263267));
#5923=CARTESIAN_POINT('Ctrl Pts',(3.34790050416011,14.1825572158607,4.23647799546958));
#5924=CARTESIAN_POINT('Ctrl Pts',(3.317085448338,14.2136877573269,4.20660589217607));
#5925=CARTESIAN_POINT('Ctrl Pts',(3.25704142655927,14.2868450583962,4.12678555422131));
#5926=CARTESIAN_POINT('Ctrl Pts',(3.23219003004081,14.3284951954098,4.07393732488748));
#5927=CARTESIAN_POINT('Ctrl Pts',(3.18643491379893,14.4243415958831,3.93244905999881));
#5928=CARTESIAN_POINT('Ctrl Pts',(3.17141509561226,14.4791269059351,3.83319918956695));
#5929=CARTESIAN_POINT('Ctrl Pts',(3.14984619119079,14.6075492945757,3.51885984214027));
#5930=CARTESIAN_POINT('Ctrl Pts',(3.15645545274139,14.6641327385857,3.2739554259304));
#5931=CARTESIAN_POINT('Ctrl Pts',(3.15645545274139,14.6641327385857,3.00000000000001));
#5932=CARTESIAN_POINT('',(4.29847682583072,14.3709114873691,-7.40000000000017));
#5933=CARTESIAN_POINT('Origin',(13.6628881868475,6.42926715892728,-7.40000000000017));
#5934=CARTESIAN_POINT('',(13.3109088970527,6.91517926986452,-5.40000000000018));
#5935=CARTESIAN_POINT('',(13.8129298599399,5.84833041853672,-5.40000000000018));
#5936=CARTESIAN_POINT('Ctrl Pts',(13.3109088970527,6.91517926986455,-5.40000000000017));
#5937=CARTESIAN_POINT('Ctrl Pts',(13.3109088970527,6.91517926986455,-5.64184495190803));
#5938=CARTESIAN_POINT('Ctrl Pts',(13.273846198249,6.89074426562008,-5.86043666394669));
#5939=CARTESIAN_POINT('Ctrl Pts',(13.1966278852365,6.80971405368495,-6.17195716963165));
#5940=CARTESIAN_POINT('Ctrl Pts',(13.1608504887442,6.76441551169129,-6.28392184216128));
#5941=CARTESIAN_POINT('Ctrl Pts',(13.1098119556438,6.66612647323453,-6.44438845994148));
#5942=CARTESIAN_POINT('Ctrl Pts',(13.090511176075,6.61844417619309,-6.5047120178576));
#5943=CARTESIAN_POINT('Ctrl Pts',(13.0686128903707,6.52155640773285,-6.59358429611566));
#5944=CARTESIAN_POINT('Ctrl Pts',(13.0628759128024,6.47724589661563,-6.6260121885271));
#5945=CARTESIAN_POINT('Ctrl Pts',(13.0629013494446,6.37765631204277,-6.68073387604066));
#5946=CARTESIAN_POINT('Ctrl Pts',(13.0695584264867,6.32314133274416,-6.7014685229226));
#5947=CARTESIAN_POINT('Ctrl Pts',(13.0900639178567,6.2497598839557,-6.71664584455104));
#5948=CARTESIAN_POINT('Ctrl Pts',(13.0959912005911,6.23180768750632,-6.71934847226453));
#5949=CARTESIAN_POINT('Ctrl Pts',(13.1061302406755,6.20542407408572,-6.72178626608951));
#5950=CARTESIAN_POINT('Ctrl Pts',(13.1096461405547,6.19686857508789,-6.72233139987153));
#5951=CARTESIAN_POINT('Ctrl Pts',(13.1162425235552,6.18182051208736,-6.72284943402959));
#5952=CARTESIAN_POINT('Ctrl Pts',(13.1192385305251,6.17530549351768,-6.7229239037795));
#5953=CARTESIAN_POINT('Ctrl Pts',(13.1257479101271,6.16179470561548,-6.72276183220193));
#5954=CARTESIAN_POINT('Ctrl Pts',(13.1292803130272,6.15481540857053,-6.72249669176145));
#5955=CARTESIAN_POINT('Ctrl Pts',(13.1387971633814,6.13689023878414,-6.72133952577573));
#5956=CARTESIAN_POINT('Ctrl Pts',(13.1449754346856,6.12608364290438,-6.72016983074941));
#5957=CARTESIAN_POINT('Ctrl Pts',(13.1702100056754,6.08495104171611,-6.71385351924501));
#5958=CARTESIAN_POINT('Ctrl Pts',(13.1912818220822,6.05676319699503,-6.70544257115754));
#5959=CARTESIAN_POINT('Ctrl Pts',(13.2467893624818,5.99417571270459,-6.67654393035399));
#5960=CARTESIAN_POINT('Ctrl Pts',(13.282145409315,5.96349167226474,-6.65279692783989));
#5961=CARTESIAN_POINT('Ctrl Pts',(13.356788880115,5.91103947491394,-6.59228706282957));
#5962=CARTESIAN_POINT('Ctrl Pts',(13.3955018368019,5.89066632490328,-6.5550784219552));
#5963=CARTESIAN_POINT('Ctrl Pts',(13.4870508742289,5.85255036652812,-6.45279012089844));
#5964=CARTESIAN_POINT('Ctrl Pts',(13.5372596636788,5.84091892535732,-6.38325220661668));
#5965=CARTESIAN_POINT('Ctrl Pts',(13.6611996764225,5.82381154870529,-6.17344669420836));
#5966=CARTESIAN_POINT('Ctrl Pts',(13.7267842412196,5.8312390584223,-6.01059569961734));
#5967=CARTESIAN_POINT('Ctrl Pts',(13.7970958284285,5.84370401996695,-5.69012285335712));
#5968=CARTESIAN_POINT('Ctrl Pts',(13.8129298599399,5.84833041853669,-5.54690462051344));
#5969=CARTESIAN_POINT('Ctrl Pts',(13.8129298599399,5.84833041853669,-5.40000000000018));
#5970=CARTESIAN_POINT('',(13.3109088970527,6.9151792698646,3.));
#5971=CARTESIAN_POINT('',(13.3109088970527,6.91517926986456,-7.40000000000017));
#5972=CARTESIAN_POINT('',(13.8129298599399,5.84833041853667,3.));
#5973=CARTESIAN_POINT('Ctrl Pts',(13.81292985994,5.84833041853672,3.));
#5974=CARTESIAN_POINT('Ctrl Pts',(13.81292985994,5.84833041853672,3.1056560534303));
#5975=CARTESIAN_POINT('Ctrl Pts',(13.8047719732009,5.84601270611544,3.21321926522959));
#5976=CARTESIAN_POINT('Ctrl Pts',(13.757588903299,5.83600664968056,3.50462837424099));
#5977=CARTESIAN_POINT('Ctrl Pts',(13.7038987713133,5.82658896348509,3.66920167867794));
#5978=CARTESIAN_POINT('Ctrl Pts',(13.5847456704038,5.8323405234491,3.91102175016846));
#5979=CARTESIAN_POINT('Ctrl Pts',(13.5295345038093,5.84112775647555,3.99578853461254));
#5980=CARTESIAN_POINT('Ctrl Pts',(13.4309047025538,5.87423816556934,4.11819234680634));
#5981=CARTESIAN_POINT('Ctrl Pts',(13.3865692667368,5.89398070429939,4.16474641581295));
#5982=CARTESIAN_POINT('Ctrl Pts',(13.3080922544598,5.94381737923036,4.23304513661126));
#5983=CARTESIAN_POINT('Ctrl Pts',(13.2747714351219,5.96953144409482,4.25780281030097));
#5984=CARTESIAN_POINT('Ctrl Pts',(13.2106501618606,6.03237919203968,4.29692260056941));
#5985=CARTESIAN_POINT('Ctrl Pts',(13.1806676329781,6.06893618344617,4.31070649111204));
#5986=CARTESIAN_POINT('Ctrl Pts',(13.1476090823626,6.12158568057049,4.31961594449009));
#5987=CARTESIAN_POINT('Ctrl Pts',(13.1408140102973,6.13325642434402,4.3210110487314));
#5988=CARTESIAN_POINT('Ctrl Pts',(13.130583503509,6.15228964103685,4.32237415998891));
#5989=CARTESIAN_POINT('Ctrl Pts',(13.1269086900748,6.15946875584636,4.32269101790772));
#5990=CARTESIAN_POINT('Ctrl Pts',(13.1202605977099,6.17313052067292,4.32292540053673));
#5991=CARTESIAN_POINT('Ctrl Pts',(13.1172581951053,6.17959002376567,4.32288566231774));
#5992=CARTESIAN_POINT('Ctrl Pts',(13.1107905484655,6.19417943080218,4.322460748253));
#5993=CARTESIAN_POINT('Ctrl Pts',(13.1073915053241,6.20232836959506,4.32199527340076));
#5994=CARTESIAN_POINT('Ctrl Pts',(13.0979807287378,6.22636711150839,4.31996007923228));
#5995=CARTESIAN_POINT('Ctrl Pts',(13.092492774218,6.24236812089202,4.31777223548777));
#5996=CARTESIAN_POINT('Ctrl Pts',(13.072009023075,6.31134979996483,4.30484225416826));
#5997=CARTESIAN_POINT('Ctrl Pts',(13.0643740771685,6.36382420679841,4.28631126263275));
#5998=CARTESIAN_POINT('Ctrl Pts',(13.0618802478893,6.46070053142185,4.23647799546967));
#5999=CARTESIAN_POINT('Ctrl Pts',(13.0662244865173,6.50428729395408,4.20660589217619));
#6000=CARTESIAN_POINT('Ctrl Pts',(13.0843196558742,6.59718422661098,4.1267855542214));
#6001=CARTESIAN_POINT('Ctrl Pts',(13.100570761687,6.64288135323872,4.07393732488757));
#6002=CARTESIAN_POINT('Ctrl Pts',(13.1452562737777,6.73923107122036,3.93244905999925));
#6003=CARTESIAN_POINT('Ctrl Pts',(13.1778950882484,6.78572551095032,3.83319918956756));
#6004=CARTESIAN_POINT('Ctrl Pts',(13.2630977022543,6.88420414877978,3.51885984214025));
#6005=CARTESIAN_POINT('Ctrl Pts',(13.3109088970527,6.91517926986463,3.27395542593042));
#6006=CARTESIAN_POINT('Ctrl Pts',(13.3109088970527,6.91517926986463,3.00000000000001));
#6007=CARTESIAN_POINT('',(13.8129298599399,5.84833041853669,-7.40000000000017));
#6008=CARTESIAN_POINT('Origin',(-11.6347497058575,-9.6251020300674,-7.40000000000017));
#6009=CARTESIAN_POINT('',(-11.1729870646552,-10.0082146286462,-5.40000000000018));
#6010=CARTESIAN_POINT('',(-11.9245506363,-9.09973033239552,-5.40000000000018));
#6011=CARTESIAN_POINT('Ctrl Pts',(-11.1729870646552,-10.0082146286462,-5.40000000000017));
#6012=CARTESIAN_POINT('Ctrl Pts',(-11.1729870646552,-10.0082146286462,-5.64184495190781));
#6013=CARTESIAN_POINT('Ctrl Pts',(-11.1431654971364,-9.97533017660949,-5.86043666394653));
#6014=CARTESIAN_POINT('Ctrl Pts',(-11.0885245336848,-9.87764226423619,-6.17195716963175));
#6015=CARTESIAN_POINT('Ctrl Pts',(-11.0651364391905,-9.82486938254073,-6.28392184216136));
#6016=CARTESIAN_POINT('Ctrl Pts',(-11.0401448653441,-9.71697550793016,-6.44438845994157));
#6017=CARTESIAN_POINT('Ctrl Pts',(-11.0333085603281,-9.66599132923872,-6.50471201785768));
#6018=CARTESIAN_POINT('Ctrl Pts',(-11.0361932577433,-9.56670158598789,-6.59358429611572));
#6019=CARTESIAN_POINT('Ctrl Pts',(-11.0416560938849,-9.52235644275464,-6.62601218852713));
#6020=CARTESIAN_POINT('Ctrl Pts',(-11.0664476539385,-9.42590197394927,-6.68073387604067));
#6021=CARTESIAN_POINT('Ctrl Pts',(-11.0864529107143,-9.37475523070981,-6.70146852292259));
#6022=CARTESIAN_POINT('Ctrl Pts',(-11.1245634085852,-9.30877870340914,-6.71664584455103));
#6023=CARTESIAN_POINT('Ctrl Pts',(-11.1347690045423,-9.29286456349743,-6.7193484722645));
#6024=CARTESIAN_POINT('Ctrl Pts',(-11.1511508458826,-9.26983131654321,-6.72178626608946));
#6025=CARTESIAN_POINT('Ctrl Pts',(-11.1566839533822,-9.26241897302303,-6.7223313998715));
#6026=CARTESIAN_POINT('Ctrl Pts',(-11.1668153999705,-9.2494841263372,-6.72284943402956));
#6027=CARTESIAN_POINT('Ctrl Pts',(-11.1713375011052,-9.24391886569145,-6.72292390377946));
#6028=CARTESIAN_POINT('Ctrl Pts',(-11.181002372896,-9.23245136091455,-6.7227618322019));
#6029=CARTESIAN_POINT('Ctrl Pts',(-11.1861594794579,-9.22656980419896,-6.72249669176142));
#6030=CARTESIAN_POINT('Ctrl Pts',(-11.1998351489095,-9.21157453102417,-6.7213395257757));
#6031=CARTESIAN_POINT('Ctrl Pts',(-11.2085068095697,-9.20264391781943,-6.72016983074937));
#6032=CARTESIAN_POINT('Ctrl Pts',(-11.2431778520571,-9.16907915554719,-6.71385351924497));
#6033=CARTESIAN_POINT('Ctrl Pts',(-11.2705976905262,-9.14701723144642,-6.7054425711575));
#6034=CARTESIAN_POINT('Ctrl Pts',(-11.3399262338789,-9.10020021202408,-6.67654393035397));
#6035=CARTESIAN_POINT('Ctrl Pts',(-11.3818023160404,-9.07927285843619,-6.65279692783987));
#6036=CARTESIAN_POINT('Ctrl Pts',(-11.4671450559862,-9.04703161964883,-6.59228706282953));
#6037=CARTESIAN_POINT('Ctrl Pts',(-11.509708370328,-9.03692605043967,-6.55507842195516));
#6038=CARTESIAN_POINT('Ctrl Pts',(-11.6078602797848,-9.02277489477496,-6.45279012089842));
#6039=CARTESIAN_POINT('Ctrl Pts',(-11.6593842895789,-9.02399529490024,-6.3832522066167));
#6040=CARTESIAN_POINT('Ctrl Pts',(-11.7836849304819,-9.03824800572843,-6.17344669420837));
#6041=CARTESIAN_POINT('Ctrl Pts',(-11.8453618890208,-9.06175238458858,-6.01059569961737));
#6042=CARTESIAN_POINT('Ctrl Pts',(-11.9103645985436,-9.09131151713421,-5.69012285335714));
#6043=CARTESIAN_POINT('Ctrl Pts',(-11.9245506363,-9.09973033239547,-5.54690462051339));
#6044=CARTESIAN_POINT('Ctrl Pts',(-11.9245506363,-9.09973033239547,-5.40000000000018));
#6045=CARTESIAN_POINT('',(-11.1729870646552,-10.0082146286463,3.));
#6046=CARTESIAN_POINT('',(-11.1729870646552,-10.0082146286463,-7.40000000000017));
#6047=CARTESIAN_POINT('',(-11.9245506363,-9.09973033239548,3.));
#6048=CARTESIAN_POINT('Ctrl Pts',(-11.9245506363001,-9.09973033239552,3.));
#6049=CARTESIAN_POINT('Ctrl Pts',(-11.9245506363001,-9.09973033239552,3.10565605342975));
#6050=CARTESIAN_POINT('Ctrl Pts',(-11.9172254362148,-9.09545665123934,3.21321926522852));
#6051=CARTESIAN_POINT('Ctrl Pts',(-11.8740131142635,-9.0740310011373,3.50462837423981));
#6052=CARTESIAN_POINT('Ctrl Pts',(-11.8243518398207,-9.05155699600617,3.66920167867698));
#6053=CARTESIAN_POINT('Ctrl Pts',(-11.7075117978853,-9.027495688917,3.91102175016728));
#6054=CARTESIAN_POINT('Ctrl Pts',(-11.6518498956258,-9.02227639606858,3.99578853461164));
#6055=CARTESIAN_POINT('Ctrl Pts',(-11.5480845070423,-9.02981834662955,4.11819234680601));
#6056=CARTESIAN_POINT('Ctrl Pts',(-11.5002321807396,-9.03791486267067,4.16474641581266));
#6057=CARTESIAN_POINT('Ctrl Pts',(-11.4118267910471,-9.0666693874872,4.23304513661104));
#6058=CARTESIAN_POINT('Ctrl Pts',(-11.3731579786318,-9.08328904691771,4.25780281030079));
#6059=CARTESIAN_POINT('Ctrl Pts',(-11.2954215937356,-9.12821600507975,4.29692260056934));
#6060=CARTESIAN_POINT('Ctrl Pts',(-11.2572896670639,-9.15616813965292,4.31070649111198));
#6061=CARTESIAN_POINT('Ctrl Pts',(-11.2121763141073,-9.198942228787,4.31961594449004));
#6062=CARTESIAN_POINT('Ctrl Pts',(-11.2026923257741,-9.20855644897874,4.32101104873136));
#6063=CARTESIAN_POINT('Ctrl Pts',(-11.1880498606573,-9.22444747859074,4.32237415998888));
#6064=CARTESIAN_POINT('Ctrl Pts',(-11.1827051249927,-9.23048715936874,4.32269101790769));
#6065=CARTESIAN_POINT('Ctrl Pts',(-11.1728683519213,-9.24206640139097,4.32292540053669));
#6066=CARTESIAN_POINT('Ctrl Pts',(-11.1683538622202,-9.24757630015088,4.32288566231771));
#6067=CARTESIAN_POINT('Ctrl Pts',(-11.1584611706031,-9.26009891582421,4.32246074825297));
#6068=CARTESIAN_POINT('Ctrl Pts',(-11.1531423559834,-9.26714653306474,4.32199527340073));
#6069=CARTESIAN_POINT('Ctrl Pts',(-11.1380490442348,-9.28808968872942,4.31996007923225));
#6070=CARTESIAN_POINT('Ctrl Pts',(-11.1287542146797,-9.30222319818922,4.31777223548771));
#6071=CARTESIAN_POINT('Ctrl Pts',(-11.0917589522609,-9.36394358920494,4.30484225416823));
#6072=CARTESIAN_POINT('Ctrl Pts',(-11.0713140179052,-9.41287068221812,4.28631126263275));
#6073=CARTESIAN_POINT('Ctrl Pts',(-11.0448063746191,-9.50608326883846,4.23647799546962));
#6074=CARTESIAN_POINT('Ctrl Pts',(-11.0381745439461,-9.54938104128952,4.20660589217612));
#6075=CARTESIAN_POINT('Ctrl Pts',(-11.0325986925825,-9.64385953160705,4.12678555422135));
#6076=CARTESIAN_POINT('Ctrl Pts',(-11.0369748267577,-9.69216248464153,4.0739373248875));
#6077=CARTESIAN_POINT('Ctrl Pts',(-11.0562952608219,-9.79659803401787,3.93244905999906));
#6078=CARTESIAN_POINT('Ctrl Pts',(-11.0763459699473,-9.84974870851431,3.83319918956729));
#6079=CARTESIAN_POINT('Ctrl Pts',(-11.1343811458275,-9.96632248730996,3.51885984214027));
#6080=CARTESIAN_POINT('Ctrl Pts',(-11.1729870646552,-10.0082146286463,3.27395542593043));
#6081=CARTESIAN_POINT('Ctrl Pts',(-11.1729870646552,-10.0082146286463,3.00000000000001));
#6082=CARTESIAN_POINT('',(-11.9245506363,-9.0997303323955,-7.40000000000017));
#6083=CARTESIAN_POINT('Origin',(-13.6628881868475,-6.42926715892726,-7.40000000000017));
#6084=CARTESIAN_POINT('',(-13.3109088970527,-6.9151792698645,-5.40000000000018));
#6085=CARTESIAN_POINT('',(-13.8129298599399,-5.8483304185367,-5.40000000000018));
#6086=CARTESIAN_POINT('Ctrl Pts',(-13.3109088970527,-6.91517926986454,-5.40000000000017));
#6087=CARTESIAN_POINT('Ctrl Pts',(-13.3109088970527,-6.91517926986454,-5.64184495190791));
#6088=CARTESIAN_POINT('Ctrl Pts',(-13.273846198249,-6.89074426562008,-5.86043666394646));
#6089=CARTESIAN_POINT('Ctrl Pts',(-13.1966278852367,-6.8097140536851,-6.17195716963113));
#6090=CARTESIAN_POINT('Ctrl Pts',(-13.1608504887443,-6.76441551169149,-6.28392184216089));
#6091=CARTESIAN_POINT('Ctrl Pts',(-13.1098119556438,-6.66612647323462,-6.44438845994135));
#6092=CARTESIAN_POINT('Ctrl Pts',(-13.090511176075,-6.61844417619316,-6.50471201785751));
#6093=CARTESIAN_POINT('Ctrl Pts',(-13.0686128903707,-6.52155640773292,-6.59358429611561));
#6094=CARTESIAN_POINT('Ctrl Pts',(-13.0628759128024,-6.47724589661569,-6.62601218852706));
#6095=CARTESIAN_POINT('Ctrl Pts',(-13.0629013494446,-6.37765631204282,-6.68073387604064));
#6096=CARTESIAN_POINT('Ctrl Pts',(-13.0695584264867,-6.32314133274421,-6.70146852292259));
#6097=CARTESIAN_POINT('Ctrl Pts',(-13.0900639178567,-6.24975988395566,-6.71664584455106));
#6098=CARTESIAN_POINT('Ctrl Pts',(-13.0959912005911,-6.2318076875063,-6.71934847226454));
#6099=CARTESIAN_POINT('Ctrl Pts',(-13.1061302406755,-6.20542407408582,-6.72178626608951));
#6100=CARTESIAN_POINT('Ctrl Pts',(-13.1096461405546,-6.19686857508793,-6.72233139987154));
#6101=CARTESIAN_POINT('Ctrl Pts',(-13.1162425235552,-6.18182051208735,-6.7228494340296));
#6102=CARTESIAN_POINT('Ctrl Pts',(-13.1192385305251,-6.17530549351767,-6.72292390377951));
#6103=CARTESIAN_POINT('Ctrl Pts',(-13.1257479101271,-6.16179470561545,-6.72276183220194));
#6104=CARTESIAN_POINT('Ctrl Pts',(-13.1292803130272,-6.15481540857048,-6.72249669176146));
#6105=CARTESIAN_POINT('Ctrl Pts',(-13.1387971633813,-6.13689023878415,-6.72133952577575));
#6106=CARTESIAN_POINT('Ctrl Pts',(-13.1449754346856,-6.1260836429044,-6.72016983074943));
#6107=CARTESIAN_POINT('Ctrl Pts',(-13.1702100056754,-6.08495104171612,-6.71385351924503));
#6108=CARTESIAN_POINT('Ctrl Pts',(-13.1912818220822,-6.05676319699507,-6.70544257115757));
#6109=CARTESIAN_POINT('Ctrl Pts',(-13.2467893624817,-5.99417571270463,-6.67654393035404));
#6110=CARTESIAN_POINT('Ctrl Pts',(-13.282145409315,-5.96349167226477,-6.65279692783994));
#6111=CARTESIAN_POINT('Ctrl Pts',(-13.3567888801149,-5.91103947491396,-6.59228706282964));
#6112=CARTESIAN_POINT('Ctrl Pts',(-13.3955018368019,-5.89066632490331,-6.55507842195528));
#6113=CARTESIAN_POINT('Ctrl Pts',(-13.4870508742288,-5.85255036652813,-6.45279012089859));
#6114=CARTESIAN_POINT('Ctrl Pts',(-13.5372596636786,-5.84091892535732,-6.3832522066169));
#6115=CARTESIAN_POINT('Ctrl Pts',(-13.6611996764223,-5.82381154870527,-6.17344669420871));
#6116=CARTESIAN_POINT('Ctrl Pts',(-13.7267842412194,-5.83123905842225,-6.01059569961785));
#6117=CARTESIAN_POINT('Ctrl Pts',(-13.7970958284285,-5.84370401996691,-5.6901228533576));
#6118=CARTESIAN_POINT('Ctrl Pts',(-13.8129298599399,-5.84833041853667,-5.54690462051366));
#6119=CARTESIAN_POINT('Ctrl Pts',(-13.8129298599399,-5.84833041853667,-5.40000000000018));
#6120=CARTESIAN_POINT('',(-13.3109088970527,-6.91517926986458,3.));
#6121=CARTESIAN_POINT('',(-13.3109088970527,-6.91517926986454,-7.40000000000017));
#6122=CARTESIAN_POINT('',(-13.81292985994,-5.84833041853665,3.));
#6123=CARTESIAN_POINT('Ctrl Pts',(-13.81292985994,-5.8483304185367,3.));
#6124=CARTESIAN_POINT('Ctrl Pts',(-13.81292985994,-5.8483304185367,3.10565605342932));
#6125=CARTESIAN_POINT('Ctrl Pts',(-13.8047719732011,-5.84601270611547,3.21321926522766));
#6126=CARTESIAN_POINT('Ctrl Pts',(-13.7575889032996,-5.83600664968064,3.50462837423883));
#6127=CARTESIAN_POINT('Ctrl Pts',(-13.703898771314,-5.82658896348512,3.6692016786762));
#6128=CARTESIAN_POINT('Ctrl Pts',(-13.5847456704047,-5.83234052344898,3.91102175016689));
#6129=CARTESIAN_POINT('Ctrl Pts',(-13.5295345038102,-5.84112775647529,3.99578853461132));
#6130=CARTESIAN_POINT('Ctrl Pts',(-13.4309047025543,-5.87423816556909,4.11819234680578));
#6131=CARTESIAN_POINT('Ctrl Pts',(-13.3865692667373,-5.89398070429911,4.16474641581247));
#6132=CARTESIAN_POINT('Ctrl Pts',(-13.3080922544603,-5.94381737923,4.2330451366109));
#6133=CARTESIAN_POINT('Ctrl Pts',(-13.2747714351224,-5.96953144409446,4.2578028103007));
#6134=CARTESIAN_POINT('Ctrl Pts',(-13.2106501618608,-6.03237919203941,4.29692260056933));
#6135=CARTESIAN_POINT('Ctrl Pts',(-13.1806676329782,-6.06893618344598,4.31070649111201));
#6136=CARTESIAN_POINT('Ctrl Pts',(-13.1476090823626,-6.12158568057041,4.31961594449009));
#6137=CARTESIAN_POINT('Ctrl Pts',(-13.1408140102974,-6.13325642434395,4.3210110487314));
#6138=CARTESIAN_POINT('Ctrl Pts',(-13.130583503509,-6.15228964103678,4.32237415998892));
#6139=CARTESIAN_POINT('Ctrl Pts',(-13.1269086900748,-6.1594687558463,4.32269101790773));
#6140=CARTESIAN_POINT('Ctrl Pts',(-13.12026059771,-6.17313052067283,4.32292540053673));
#6141=CARTESIAN_POINT('Ctrl Pts',(-13.1172581951053,-6.17959002376552,4.32288566231775));
#6142=CARTESIAN_POINT('Ctrl Pts',(-13.1107905484655,-6.19417943080216,4.32246074825301));
#6143=CARTESIAN_POINT('Ctrl Pts',(-13.1073915053241,-6.20232836959505,4.32199527340077));
#6144=CARTESIAN_POINT('Ctrl Pts',(-13.0979807287378,-6.22636711150838,4.31996007923229));
#6145=CARTESIAN_POINT('Ctrl Pts',(-13.092492774218,-6.24236812089204,4.31777223548777));
#6146=CARTESIAN_POINT('Ctrl Pts',(-13.072009023075,-6.31134979996476,4.30484225416828));
#6147=CARTESIAN_POINT('Ctrl Pts',(-13.0643740771685,-6.36382420679834,4.28631126263279));
#6148=CARTESIAN_POINT('Ctrl Pts',(-13.0618802478893,-6.46070053142186,4.23647799546967));
#6149=CARTESIAN_POINT('Ctrl Pts',(-13.0662244865173,-6.5042872939541,4.20660589217616));
#6150=CARTESIAN_POINT('Ctrl Pts',(-13.0843196558742,-6.59718422661099,4.12678555422139));
#6151=CARTESIAN_POINT('Ctrl Pts',(-13.100570761687,-6.64288135323873,4.07393732488752));
#6152=CARTESIAN_POINT('Ctrl Pts',(-13.1452562737777,-6.73923107122029,3.93244905999932));
#6153=CARTESIAN_POINT('Ctrl Pts',(-13.1778950882484,-6.78572551095027,3.83319918956767));
#6154=CARTESIAN_POINT('Ctrl Pts',(-13.2630977022543,-6.88420414877979,3.51885984214015));
#6155=CARTESIAN_POINT('Ctrl Pts',(-13.3109088970527,-6.91517926986461,3.27395542593028));
#6156=CARTESIAN_POINT('Ctrl Pts',(-13.3109088970527,-6.91517926986461,3.00000000000001));
#6157=CARTESIAN_POINT('',(-13.8129298599399,-5.84833041853667,-7.40000000000017));
#6158=CARTESIAN_POINT('Origin',(8.87555711123218,-12.2161563420093,-7.40000000000017));
#6159=CARTESIAN_POINT('',(9.28690804075182,-11.7793607230027,-5.40000000000018));
#6160=CARTESIAN_POINT('',(8.33302536361331,-12.4723970546715,-5.40000000000018));
#6161=CARTESIAN_POINT('Ctrl Pts',(9.28690804075181,-11.7793607230027,-5.40000000000017));
#6162=CARTESIAN_POINT('Ctrl Pts',(9.28690804075181,-11.7793607230027,-5.64184495190764));
#6163=CARTESIAN_POINT('Ctrl Pts',(9.25596099038715,-11.7475331697076,-5.86043666394629));
#6164=CARTESIAN_POINT('Ctrl Pts',(9.16189677727699,-11.6868661529462,-6.17195716963153));
#6165=CARTESIAN_POINT('Ctrl Pts',(9.11069658141285,-11.6602105728551,-6.28392184216119));
#6166=CARTESIAN_POINT('Ctrl Pts',(9.00458484462347,-11.6284936017301,-6.44438845994145));
#6167=CARTESIAN_POINT('Ctrl Pts',(8.95413052670607,-11.6184694635326,-6.50471201785759));
#6168=CARTESIAN_POINT('Ctrl Pts',(8.85485557743355,-11.6151140140938,-6.59358429611568));
#6169=CARTESIAN_POINT('Ctrl Pts',(8.81025492489135,-11.6177816159939,-6.6260121885271));
#6170=CARTESIAN_POINT('Ctrl Pts',(8.71243411201152,-11.6364678293595,-6.68073387604065));
#6171=CARTESIAN_POINT('Ctrl Pts',(8.66013215472021,-11.6532220797507,-6.70146852292259));
#6172=CARTESIAN_POINT('Ctrl Pts',(8.59189283906446,-11.6871146748336,-6.71664584455103));
#6173=CARTESIAN_POINT('Ctrl Pts',(8.57536928740033,-11.6963008752653,-6.71934847226452));
#6174=CARTESIAN_POINT('Ctrl Pts',(8.55135286696885,-11.7112041212412,-6.72178626608949));
#6175=CARTESIAN_POINT('Ctrl Pts',(8.54360772332092,-11.7162608855165,-6.72233139987152));
#6176=CARTESIAN_POINT('Ctrl Pts',(8.53006224180551,-11.7255601542658,-6.72284943402958));
#6177=CARTESIAN_POINT('Ctrl Pts',(8.52422401785076,-11.7297238864596,-6.72292390377949));
#6178=CARTESIAN_POINT('Ctrl Pts',(8.51217227925407,-11.738649636251,-6.72276183220192));
#6179=CARTESIAN_POINT('Ctrl Pts',(8.50597851104684,-11.7434272604394,-6.72249669176144));
#6180=CARTESIAN_POINT('Ctrl Pts',(8.49015412522857,-11.7561343830881,-6.72133952577572));
#6181=CARTESIAN_POINT('Ctrl Pts',(8.48069663647096,-11.764228174364,-6.7201698307494));
#6182=CARTESIAN_POINT('Ctrl Pts',(8.44502109381951,-11.7967232526079,-6.713853519245));
#6183=CARTESIAN_POINT('Ctrl Pts',(8.42128099798349,-11.8227037046131,-6.70544257115753));
#6184=CARTESIAN_POINT('Ctrl Pts',(8.37020318599932,-11.8889557789499,-6.67654393035398));
#6185=CARTESIAN_POINT('Ctrl Pts',(8.34668770680857,-11.9294351888247,-6.6527969278399));
#6186=CARTESIAN_POINT('Ctrl Pts',(8.30915137376189,-12.0125850802342,-6.59228706282955));
#6187=CARTESIAN_POINT('Ctrl Pts',(8.29639317296474,-12.0544298716571,-6.55507842195517));
#6188=CARTESIAN_POINT('Ctrl Pts',(8.27610693198564,-12.1514995423251,-6.45279012089843));
#6189=CARTESIAN_POINT('Ctrl Pts',(8.27408970458684,-12.2029985108133,-6.38325220661672));
#6190=CARTESIAN_POINT('Ctrl Pts',(8.28050938912582,-12.3279488079128,-6.17344669420834));
#6191=CARTESIAN_POINT('Ctrl Pts',(8.30009465919371,-12.3909799132227,-6.01059569961731));
#6192=CARTESIAN_POINT('Ctrl Pts',(8.32551390964166,-12.457710388036,-5.69012285335707));
#6193=CARTESIAN_POINT('Ctrl Pts',(8.33302536361331,-12.4723970546715,-5.54690462051339));
#6194=CARTESIAN_POINT('Ctrl Pts',(8.33302536361331,-12.4723970546715,-5.40000000000018));
#6195=CARTESIAN_POINT('',(9.28690804075187,-11.7793607230028,3.));
#6196=CARTESIAN_POINT('',(9.28690804075183,-11.7793607230028,-7.40000000000017));
#6197=CARTESIAN_POINT('',(8.3330253636133,-12.4723970546715,3.));
#6198=CARTESIAN_POINT('Ctrl Pts',(8.33302536361335,-12.4723970546716,3.));
#6199=CARTESIAN_POINT('Ctrl Pts',(8.33302536361335,-12.4723970546716,3.10565605342938));
#6200=CARTESIAN_POINT('Ctrl Pts',(8.32922006870974,-12.4648179625354,3.2132192652278));
#6201=CARTESIAN_POINT('Ctrl Pts',(8.3105500213794,-12.4203455825295,3.50462837423902));
#6202=CARTESIAN_POINT('Ctrl Pts',(8.29123862078643,-12.3693711488097,3.66920167867635));
#6203=CARTESIAN_POINT('Ctrl Pts',(8.27456124012541,-12.2512508420348,3.91102175016684));
#6204=CARTESIAN_POINT('Ctrl Pts',(8.27284728612003,-12.1953710537151,3.99578853461129));
#6205=CARTESIAN_POINT('Ctrl Pts',(8.28688983702264,-12.0922839854171,4.11819234680581));
#6206=CARTESIAN_POINT('Ctrl Pts',(8.29797504886804,-12.045034469198,4.16474641581249));
#6207=CARTESIAN_POINT('Ctrl Pts',(8.33222385354615,-11.9586090388999,4.23304513661092));
#6208=CARTESIAN_POINT('Ctrl Pts',(8.35123875269631,-11.9210600876028,4.25780281030071));
#6209=CARTESIAN_POINT('Ctrl Pts',(8.40095816576297,-11.8462980847488,4.2969226005693));
#6210=CARTESIAN_POINT('Ctrl Pts',(8.43124946667001,-11.8099965317758,4.31070649111199));
#6211=CARTESIAN_POINT('Ctrl Pts',(8.47677184177997,-11.7676580069951,4.31961594449007));
#6212=CARTESIAN_POINT('Ctrl Pts',(8.48696259505895,-11.7587964150271,4.32101104873138));
#6213=CARTESIAN_POINT('Ctrl Pts',(8.50374167534582,-11.7451806494757,4.3223741599889));
#6214=CARTESIAN_POINT('Ctrl Pts',(8.51010503692256,-11.7402256951199,4.32269101790771));
#6215=CARTESIAN_POINT('Ctrl Pts',(8.52227908604735,-11.7311353992955,4.32292540053671));
#6216=CARTESIAN_POINT('Ctrl Pts',(8.52806157943443,-11.7269757873143,4.32288566231772));
#6217=CARTESIAN_POINT('Ctrl Pts',(8.54118065183237,-11.7178889182083,4.32246074825299));
#6218=CARTESIAN_POINT('Ctrl Pts',(8.54854833334336,-11.7130231226024,4.32199527340075));
#6219=CARTESIAN_POINT('Ctrl Pts',(8.57039787936049,-11.6992746256815,4.31996007923227));
#6220=CARTESIAN_POINT('Ctrl Pts',(8.58508712674452,-11.690885587751,4.31777223548775));
#6221=CARTESIAN_POINT('Ctrl Pts',(8.64900867841475,-11.6578387824493,4.30484225416825));
#6222=CARTESIAN_POINT('Ctrl Pts',(8.69912297303615,-11.6405063490906,4.28631126263276));
#6223=CARTESIAN_POINT('Ctrl Pts',(8.7938160546026,-11.619903879324,4.23647799546963));
#6224=CARTESIAN_POINT('Ctrl Pts',(8.83744480488356,-11.6160038246807,4.20660589217612));
#6225=CARTESIAN_POINT('Ctrl Pts',(8.93208697408594,-11.6163713294775,4.12678555422136));
#6226=CARTESIAN_POINT('Ctrl Pts',(8.98001983253796,-11.6237717958673,4.07393732488753));
#6227=CARTESIAN_POINT('Ctrl Pts',(9.08303616212124,-11.6496116678709,3.93244905999905));
#6228=CARTESIAN_POINT('Ctrl Pts',(9.13482296145976,-11.672960169967,3.83319918956728));
#6229=CARTESIAN_POINT('Ctrl Pts',(9.24752264968722,-11.7382005548185,3.51885984214024));
#6230=CARTESIAN_POINT('Ctrl Pts',(9.2869080407519,-11.7793607230028,3.27395542593038));
#6231=CARTESIAN_POINT('Ctrl Pts',(9.2869080407519,-11.7793607230028,3.00000000000001));
#6232=CARTESIAN_POINT('',(8.33302536361332,-12.4723970546715,-7.40000000000017));
#6233=CARTESIAN_POINT('Origin',(14.8325371544701,-2.82945778700112,-7.40000000000017));
#6234=CARTESIAN_POINT('',(14.8333919000773,-2.22945839582651,-5.40000000000018));
#6235=CARTESIAN_POINT('',(14.6124573693499,-3.38763776530684,-5.40000000000018));
#6236=CARTESIAN_POINT('Ctrl Pts',(14.8333919000773,-2.22945839582647,-5.40000000000017));
#6237=CARTESIAN_POINT('Ctrl Pts',(14.8333919000773,-2.22945839582647,-5.64184495190818));
#6238=CARTESIAN_POINT('Ctrl Pts',(14.789045011753,-2.2274418217509,-5.86043666394695));
#6239=CARTESIAN_POINT('Ctrl Pts',(14.6789457206834,-2.24760885466861,-6.17195716963167));
#6240=CARTESIAN_POINT('Ctrl Pts',(14.6233753839724,-2.26322671893826,-6.28392184216133));
#6241=CARTESIAN_POINT('Ctrl Pts',(14.5243114960593,-2.31274452435557,-6.44438845994163));
#6242=CARTESIAN_POINT('Ctrl Pts',(14.4806698863871,-2.33997559940466,-6.50471201785775));
#6243=CARTESIAN_POINT('Ctrl Pts',(14.4060045996761,-2.40548796124858,-6.5935842961158));
#6244=CARTESIAN_POINT('Ctrl Pts',(14.3753182223708,-2.43796380696449,-6.6260121885272));
#6245=CARTESIAN_POINT('Ctrl Pts',(14.3168015119528,-2.51854842462983,-6.68073387604072));
#6246=CARTESIAN_POINT('Ctrl Pts',(14.290144099552,-2.56656490103913,-6.70146852292265));
#6247=CARTESIAN_POINT('Ctrl Pts',(14.2636008571586,-2.63798456559922,-6.7166458445511));
#6248=CARTESIAN_POINT('Ctrl Pts',(14.257844093302,-2.65599216699047,-6.71934847226456));
#6249=CARTESIAN_POINT('Ctrl Pts',(14.2505388501662,-2.68329653685449,-6.72178626608951));
#6250=CARTESIAN_POINT('Ctrl Pts',(14.248354476782,-2.69228467503671,-6.72233139987155));
#6251=CARTESIAN_POINT('Ctrl Pts',(14.2448460332235,-2.70833607038309,-6.72284943402962));
#6252=CARTESIAN_POINT('Ctrl Pts',(14.2434404219438,-2.71536783983721,-6.72292390377952));
#6253=CARTESIAN_POINT('Ctrl Pts',(14.2407651787889,-2.73012441418892,-6.72276183220196));
#6254=CARTESIAN_POINT('Ctrl Pts',(14.2395206248917,-2.7378470784368,-6.72249669176149));
#6255=CARTESIAN_POINT('Ctrl Pts',(14.2366837681158,-2.7579427097077,-6.72133952577576));
#6256=CARTESIAN_POINT('Ctrl Pts',(14.2353301369112,-2.7703169261831,-6.72016983074943));
#6257=CARTESIAN_POINT('Ctrl Pts',(14.2315681973208,-2.81842640824302,-6.71385351924502));
#6258=CARTESIAN_POINT('Ctrl Pts',(14.2320472554753,-2.85361655658013,-6.70544257115753));
#6259=CARTESIAN_POINT('Ctrl Pts',(14.2401657987305,-2.93687740864414,-6.67654393035397));
#6260=CARTESIAN_POINT('Ctrl Pts',(14.2507338150212,-2.982483081724,-6.65279692783987));
#6261=CARTESIAN_POINT('Ctrl Pts',(14.2802910233644,-3.06879213208925,-6.59228706282951));
#6262=CARTESIAN_POINT('Ctrl Pts',(14.2996354261077,-3.10802926169006,-6.55507842195512));
#6263=CARTESIAN_POINT('Ctrl Pts',(14.3512961549948,-3.19267689383359,-6.45279012089832));
#6264=CARTESIAN_POINT('Ctrl Pts',(14.3850791293437,-3.23159891338393,-6.38325220661657));
#6265=CARTESIAN_POINT('Ctrl Pts',(14.475293242235,-3.31828918348436,-6.17344669420798));
#6266=CARTESIAN_POINT('Ctrl Pts',(14.5327180503975,-3.35082984186312,-6.01059569961677));
#6267=CARTESIAN_POINT('Ctrl Pts',(14.5969280399172,-3.38207359016587,-5.69012285335663));
#6268=CARTESIAN_POINT('Ctrl Pts',(14.6124573693498,-3.38763776530688,-5.54690462051314));
#6269=CARTESIAN_POINT('Ctrl Pts',(14.6124573693498,-3.38763776530688,-5.40000000000018));
#6270=CARTESIAN_POINT('',(14.8333919000774,-2.22945839582644,3.));
#6271=CARTESIAN_POINT('',(14.8333919000773,-2.22945839582648,-7.40000000000017));
#6272=CARTESIAN_POINT('',(14.6124573693499,-3.38763776530692,3.));
#6273=CARTESIAN_POINT('Ctrl Pts',(14.6124573693499,-3.38763776530692,3.));
#6274=CARTESIAN_POINT('Ctrl Pts',(14.6124573693499,-3.38763776530692,3.10565605342963));
#6275=CARTESIAN_POINT('Ctrl Pts',(14.6044951831597,-3.38471774852876,3.21321926522826));
#6276=CARTESIAN_POINT('Ctrl Pts',(14.5604418653565,-3.36507930558518,3.50462837423954));
#6277=CARTESIAN_POINT('Ctrl Pts',(14.5114700590934,-3.3411401059902,3.66920167867677));
#6278=CARTESIAN_POINT('Ctrl Pts',(14.4184538576498,-3.26645056075586,3.91102175016732));
#6279=CARTESIAN_POINT('Ctrl Pts',(14.3789520915769,-3.22688923041788,3.99578853461166));
#6280=CARTESIAN_POINT('Ctrl Pts',(14.3186207163718,-3.14212920415557,4.11819234680601));
#6281=CARTESIAN_POINT('Ctrl Pts',(14.2943569684512,-3.10009743948367,4.16474641581265));
#6282=CARTESIAN_POINT('Ctrl Pts',(14.260160994399,-3.01365109206102,4.23304513661104));
#6283=CARTESIAN_POINT('Ctrl Pts',(14.248318233392,-2.97326249039009,4.25780281030081));
#6284=CARTESIAN_POINT('Ctrl Pts',(14.2333840130043,-2.88472805546315,4.29692260056937));
#6285=CARTESIAN_POINT('Ctrl Pts',(14.2306152980209,-2.83752953984841,4.31070649111204));
#6286=CARTESIAN_POINT('Ctrl Pts',(14.2348169667138,-2.77550387341555,4.3196159444901));
#6287=CARTESIAN_POINT('Ctrl Pts',(14.2361795290084,-2.76206800021752,4.32101104873141));
#6288=CARTESIAN_POINT('Ctrl Pts',(14.2390903192313,-2.74065646344176,4.32237415998893));
#6289=CARTESIAN_POINT('Ctrl Pts',(14.2403371105214,-2.73268843641472,4.32269101790775));
#6290=CARTESIAN_POINT('Ctrl Pts',(14.2429888747034,-2.71772818584891,4.32292540053675));
#6291=CARTESIAN_POINT('Ctrl Pts',(14.2443566806273,-2.71073757009919,4.32288566231776));
#6292=CARTESIAN_POINT('Ctrl Pts',(14.2476996828779,-2.69513290455691,4.32246074825303));
#6293=CARTESIAN_POINT('Ctrl Pts',(14.2497396252561,-2.68654236715697,4.32199527340079));
#6294=CARTESIAN_POINT('Ctrl Pts',(14.256255765048,-2.66156310073554,4.3199600792323));
#6295=CARTESIAN_POINT('Ctrl Pts',(14.2612210739146,-2.64539227348494,4.31777223548777));
#6296=CARTESIAN_POINT('Ctrl Pts',(14.2851957847687,-2.57754487598118,4.30484225416828));
#6297=CARTESIAN_POINT('Ctrl Pts',(14.3098626662387,-2.53060448047714,4.28631126263278));
#6298=CARTESIAN_POINT('Ctrl Pts',(14.3647875908808,-2.45076405143212,4.23647799546966));
#6299=CARTESIAN_POINT('Ctrl Pts',(14.3939218099702,-2.41805509921175,4.20660589217613));
#6300=CARTESIAN_POINT('Ctrl Pts',(14.4631645564949,-2.35353597565276,4.12678555422138));
#6301=CARTESIAN_POINT('Ctrl Pts',(14.5031720743787,-2.32611838394702,4.07393732488753));
#6302=CARTESIAN_POINT('Ctrl Pts',(14.5959563563546,-2.27443530969466,3.93244905999917));
#6303=CARTESIAN_POINT('Ctrl Pts',(14.6496904579246,-2.25600513160742,3.83319918956744));
#6304=CARTESIAN_POINT('Ctrl Pts',(14.7765051116025,-2.22641507998989,3.5188598421401));
#6305=CARTESIAN_POINT('Ctrl Pts',(14.8333919000774,-2.22945839582646,3.2739554259302));
#6306=CARTESIAN_POINT('Ctrl Pts',(14.8333919000774,-2.22945839582646,3.00000000000001));
#6307=CARTESIAN_POINT('',(14.6124573693499,-3.38763776530688,-7.40000000000017));
#6308=CARTESIAN_POINT('Origin',(1.89253178451961,14.9809316549987,-7.40000000000017));
#6309=CARTESIAN_POINT('',(1.29366268516592,14.9441104404715,-5.40000000000018));
#6310=CARTESIAN_POINT('',(2.46342924618783,14.7963345578906,-5.40000000000018));
#6311=CARTESIAN_POINT('Ctrl Pts',(1.29366268516588,14.9441104404715,-5.40000000000017));
#6312=CARTESIAN_POINT('Ctrl Pts',(1.29366268516588,14.9441104404715,-5.64184495190771));
#6313=CARTESIAN_POINT('Ctrl Pts',(1.29443465449597,14.8997244388676,-5.86043666394636));
#6314=CARTESIAN_POINT('Ctrl Pts',(1.32147508406707,14.791108702073,-6.17195716963217));
#6315=CARTESIAN_POINT('Ctrl Pts',(1.34055142036179,14.7366286745391,-6.28392184216163));
#6316=CARTESIAN_POINT('Ctrl Pts',(1.39619178668979,14.6408695153082,-6.44438845994133));
#6317=CARTESIAN_POINT('Ctrl Pts',(1.42610940677702,14.5990238757333,-6.50471201785754));
#6318=CARTESIAN_POINT('Ctrl Pts',(1.49618076708312,14.5286194791458,-6.59358429611564));
#6319=CARTESIAN_POINT('Ctrl Pts',(1.53051934270938,14.5000328296211,-6.62601218852706));
#6320=CARTESIAN_POINT('Ctrl Pts',(1.61461923968784,14.4466915385735,-6.6807338760406));
#6321=CARTESIAN_POINT('Ctrl Pts',(1.66421479932321,14.4231017079865,-6.70146852292255));
#6322=CARTESIAN_POINT('Ctrl Pts',(1.73716019746948,14.4010953204611,-6.71664584455102));
#6323=CARTESIAN_POINT('Ctrl Pts',(1.75549373516621,14.3964806229097,-6.71934847226448));
#6324=CARTESIAN_POINT('Ctrl Pts',(1.78320292610528,14.3909042505717,-6.72178626608944));
#6325=CARTESIAN_POINT('Ctrl Pts',(1.79231048618954,14.3892885574155,-6.72233139987148));
#6326=CARTESIAN_POINT('Ctrl Pts',(1.8085505047673,14.3867949124219,-6.72284943402954));
#6327=CARTESIAN_POINT('Ctrl Pts',(1.81565665769328,14.3858336032522,-6.72292390377945));
#6328=CARTESIAN_POINT('Ctrl Pts',(1.83055209322415,14.3840902120486,-6.72276183220188));
#6329=CARTESIAN_POINT('Ctrl Pts',(1.83833766474416,14.3833330240944,-6.72249669176139));
#6330=CARTESIAN_POINT('Ctrl Pts',(1.85857176958761,14.3817635803352,-6.72133952577568));
#6331=CARTESIAN_POINT('Ctrl Pts',(1.87100656357997,14.3811896036938,-6.72016983074936));
#6332=CARTESIAN_POINT('Ctrl Pts',(1.91925732670791,14.3804559068047,-6.71385351924496));
#6333=CARTESIAN_POINT('Ctrl Pts',(1.95434795501526,14.3831436273437,-6.7054425711575));
#6334=CARTESIAN_POINT('Ctrl Pts',(2.03693474325808,14.3964741426659,-6.67654393035393));
#6335=CARTESIAN_POINT('Ctrl Pts',(2.08178685272645,14.4098849092967,-6.65279692783986));
#6336=CARTESIAN_POINT('Ctrl Pts',(2.16606967942855,14.4448031833534,-6.59228706282949));
#6337=CARTESIAN_POINT('Ctrl Pts',(2.20401473841873,14.4665731340891,-6.5550784219551));
#6338=CARTESIAN_POINT('Ctrl Pts',(2.28525153378999,14.5234469911277,-6.45279012089841));
#6339=CARTESIAN_POINT('Ctrl Pts',(2.32197549911504,14.5596072363224,-6.38325220661674));
#6340=CARTESIAN_POINT('Ctrl Pts',(2.40283011475259,14.655086659367,-6.17344669420831));
#6341=CARTESIAN_POINT('Ctrl Pts',(2.4317008280369,14.7144413976335,-6.01059569961729));
#6342=CARTESIAN_POINT('Ctrl Pts',(2.45885114533848,14.7804864945943,-5.69012285335698));
#6343=CARTESIAN_POINT('Ctrl Pts',(2.46342924618786,14.7963345578906,-5.54690462051331));
#6344=CARTESIAN_POINT('Ctrl Pts',(2.46342924618786,14.7963345578906,-5.40000000000018));
#6345=CARTESIAN_POINT('',(1.29366268516585,14.9441104404716,3.));
#6346=CARTESIAN_POINT('',(1.29366268516588,14.9441104404715,-7.40000000000017));
#6347=CARTESIAN_POINT('',(2.46342924618791,14.7963345578906,3.));
#6348=CARTESIAN_POINT('Ctrl Pts',(2.46342924618789,14.7963345578907,3.));
#6349=CARTESIAN_POINT('Ctrl Pts',(2.46342924618789,14.7963345578907,3.10565605342971));
#6350=CARTESIAN_POINT('Ctrl Pts',(2.4610149412033,14.7882047338855,3.2132192652284));
#6351=CARTESIAN_POINT('Ctrl Pts',(2.44418138095272,14.7430052372068,3.50462837423977));
#6352=CARTESIAN_POINT('Ctrl Pts',(2.42336438505727,14.6926269108371,3.66920167867694));
#6353=CARTESIAN_POINT('Ctrl Pts',(2.35466275819267,14.595104460271,3.91102175016691));
#6354=CARTESIAN_POINT('Ctrl Pts',(2.3176598295173,14.553196565425,3.99578853461138));
#6355=CARTESIAN_POINT('Ctrl Pts',(2.23685529619809,14.487662114323,4.11819234680598));
#6356=CARTESIAN_POINT('Ctrl Pts',(2.1964300049502,14.4608070490259,4.16474641581262));
#6357=CARTESIAN_POINT('Ctrl Pts',(2.11230142262392,14.4212505418511,4.23304513661102));
#6358=CARTESIAN_POINT('Ctrl Pts',(2.0727361317488,14.4068951285457,4.25780281030077));
#6359=CARTESIAN_POINT('Ctrl Pts',(1.98531412676236,14.3864312542653,4.29692260056931));
#6360=CARTESIAN_POINT('Ctrl Pts',(1.93838259568896,14.380704383392,4.31070649111197));
#6361=CARTESIAN_POINT('Ctrl Pts',(1.87621549778025,14.3810031372321,4.31961594449004));
#6362=CARTESIAN_POINT('Ctrl Pts',(1.86272058121449,14.3815193653628,4.32101104873135));
#6363=CARTESIAN_POINT('Ctrl Pts',(1.84116852518517,14.383079970288,4.32237415998887));
#6364=CARTESIAN_POINT('Ctrl Pts',(1.83313793456653,14.3838239847637,4.32269101790768));
#6365=CARTESIAN_POINT('Ctrl Pts',(1.81804069898723,14.3855311543895,4.32292540053668));
#6366=CARTESIAN_POINT('Ctrl Pts',(1.81097799237626,14.3864573168661,4.3228856623177));
#6367=CARTESIAN_POINT('Ctrl Pts',(1.79519421022874,14.3888138974089,4.32246074825296));
#6368=CARTESIAN_POINT('Ctrl Pts',(1.78649253525023,14.3903104101205,4.32199527340071));
#6369=CARTESIAN_POINT('Ctrl Pts',(1.7611534079024,14.3952452306828,4.31996007923224));
#6370=CARTESIAN_POINT('Ctrl Pts',(1.74470271576217,14.3991853670023,4.31777223548771));
#6371=CARTESIAN_POINT('Ctrl Pts',(1.67548381504896,14.4188525959031,4.30484225416821));
#6372=CARTESIAN_POINT('Ctrl Pts',(1.62708719939027,14.4405233910965,4.2863112626327));
#6373=CARTESIAN_POINT('Ctrl Pts',(1.54395555264081,14.4903267119271,4.2364779954696));
#6374=CARTESIAN_POINT('Ctrl Pts',(1.50948179131331,14.5173496291869,4.20660589217611));
#6375=CARTESIAN_POINT('Ctrl Pts',(1.44074219347873,14.5824045516805,4.12678555422134));
#6376=CARTESIAN_POINT('Ctrl Pts',(1.41086661129426,14.6206115590392,4.07393732488753));
#6377=CARTESIAN_POINT('Ctrl Pts',(1.35345954851357,14.7099675453461,3.93244905999898));
#6378=CARTESIAN_POINT('Ctrl Pts',(1.33169174601883,14.7624383744839,3.83319918956719));
#6379=CARTESIAN_POINT('Ctrl Pts',(1.29419732562062,14.8871448136967,3.51885984214018));
#6380=CARTESIAN_POINT('Ctrl Pts',(1.29366268516585,14.9441104404716,3.27395542593031));
#6381=CARTESIAN_POINT('Ctrl Pts',(1.29366268516585,14.9441104404716,3.00000000000001));
#6382=CARTESIAN_POINT('',(2.46342924618787,14.7963345578906,-7.40000000000017));
#6383=CARTESIAN_POINT('Origin',(15.0702032624216,-0.948136823700117,-7.40000000000017));
#6384=CARTESIAN_POINT('',(14.9958514042718,-0.352761478905226,-5.40000000000018));
#6385=CARTESIAN_POINT('',(14.9218173737336,-1.52949869726788,-5.40000000000018));
#6386=CARTESIAN_POINT('Ctrl Pts',(14.9958514042718,-0.352761478905195,-5.40000000000017));
#6387=CARTESIAN_POINT('Ctrl Pts',(14.9958514042718,-0.352761478905195,-5.64184495190776));
#6388=CARTESIAN_POINT('Ctrl Pts',(14.9516014606583,-0.356318945030695,-5.86043666394643));
#6389=CARTESIAN_POINT('Ctrl Pts',(14.8448979348307,-0.390126055033152,-6.17195716963147));
#6390=CARTESIAN_POINT('Ctrl Pts',(14.7917232242531,-0.412585577768445,-6.28392184216115));
#6391=CARTESIAN_POINT('Ctrl Pts',(14.699646711357,-0.474128917901373,-6.44438845994147));
#6392=CARTESIAN_POINT('Ctrl Pts',(14.6597621875015,-0.506615011848342,-6.5047120178576));
#6393=CARTESIAN_POINT('Ctrl Pts',(14.593896535026,-0.580968830970013,-6.59358429611567));
#6394=CARTESIAN_POINT('Ctrl Pts',(14.5675224317277,-0.617034617836433,-6.62601218852709));
#6395=CARTESIAN_POINT('Ctrl Pts',(14.5195670737569,-0.704317890256257,-6.68073387604063));
#6396=CARTESIAN_POINT('Ctrl Pts',(14.4991379232678,-0.755296802101886,-6.70146852292257));
#6397=CARTESIAN_POINT('Ctrl Pts',(14.4817552397682,-0.829480051673325,-6.71664584455102));
#6398=CARTESIAN_POINT('Ctrl Pts',(14.4783008206251,-0.848067171578046,-6.7193484722645));
#6399=CARTESIAN_POINT('Ctrl Pts',(14.4744753264789,-0.876071828074616,-6.72178626608946));
#6400=CARTESIAN_POINT('Ctrl Pts',(14.4734346899534,-0.885262866682134,-6.72233139987149));
#6401=CARTESIAN_POINT('Ctrl Pts',(14.4719656848023,-0.901627416557636,-6.72284943402956));
#6402=CARTESIAN_POINT('Ctrl Pts',(14.4714524715907,-0.908779908216219,-6.72292390377946));
#6403=CARTESIAN_POINT('Ctrl Pts',(14.470647812707,-0.923755419446833,-6.7227618322019));
#6404=CARTESIAN_POINT('Ctrl Pts',(14.4703809789709,-0.931573172144764,-6.72249669176143));
#6405=CARTESIAN_POINT('Ctrl Pts',(14.4700851421057,-0.951865895793746,-6.7213395257757));
#6406=CARTESIAN_POINT('Ctrl Pts',(14.4702930852511,-0.964312192852223,-6.72016983074935));
#6407=CARTESIAN_POINT('Ctrl Pts',(14.4725905266297,-1.01251381332965,-6.71385351924497));
#6408=CARTESIAN_POINT('Ctrl Pts',(14.4774763023483,-1.04736643492874,-6.7054425711575));
#6409=CARTESIAN_POINT('Ctrl Pts',(14.4959661802835,-1.12895322702742,-6.67654393035395));
#6410=CARTESIAN_POINT('Ctrl Pts',(14.5121667710852,-1.17287476209921,-6.65279692783986));
#6411=CARTESIAN_POINT('Ctrl Pts',(14.5523083043804,-1.25479873932629,-6.59228706282952));
#6412=CARTESIAN_POINT('Ctrl Pts',(14.5764178870588,-1.29130197589345,-6.55507842195515));
#6413=CARTESIAN_POINT('Ctrl Pts',(14.6382804171185,-1.36880732997479,-6.45279012089838));
#6414=CARTESIAN_POINT('Ctrl Pts',(14.6766752251912,-1.40318830836098,-6.38325220661664));
#6415=CARTESIAN_POINT('Ctrl Pts',(14.7770431447269,-1.47788817330669,-6.17344669420827));
#6416=CARTESIAN_POINT('Ctrl Pts',(14.838093567062,-1.50297500198094,-6.01059569961723));
#6417=CARTESIAN_POINT('Ctrl Pts',(14.9057131216393,-1.52592473838268,-5.69012285335703));
#6418=CARTESIAN_POINT('Ctrl Pts',(14.9218173737335,-1.52949869726791,-5.54690462051336));
#6419=CARTESIAN_POINT('Ctrl Pts',(14.9218173737335,-1.52949869726791,-5.40000000000018));
#6420=CARTESIAN_POINT('',(14.9958514042719,-0.352761478905154,3.));
#6421=CARTESIAN_POINT('',(14.9958514042718,-0.352761478905189,-7.40000000000017));
#6422=CARTESIAN_POINT('',(14.9218173737336,-1.52949869726795,3.));
#6423=CARTESIAN_POINT('Ctrl Pts',(14.9218173737336,-1.52949869726793,3.));
#6424=CARTESIAN_POINT('Ctrl Pts',(14.9218173737336,-1.52949869726793,3.10565605343012));
#6425=CARTESIAN_POINT('Ctrl Pts',(14.9135519966147,-1.52759963223569,3.21321926522922));
#6426=CARTESIAN_POINT('Ctrl Pts',(14.867384702824,-1.51363738904985,3.50462837424067));
#6427=CARTESIAN_POINT('Ctrl Pts',(14.8157986765863,-1.49602475202635,3.66920167867768));
#6428=CARTESIAN_POINT('Ctrl Pts',(14.7141548534561,-1.43358217746564,3.91102175016771));
#6429=CARTESIAN_POINT('Ctrl Pts',(14.6700062211519,-1.3992836841072,3.99578853461199));
#6430=CARTESIAN_POINT('Ctrl Pts',(14.599527328692,-1.32275354230833,4.11819234680624));
#6431=CARTESIAN_POINT('Ctrl Pts',(14.5701869306923,-1.28409426464044,4.16474641581285));
#6432=CARTESIAN_POINT('Ctrl Pts',(14.525426001857,-1.20261546449031,4.23304513661117));
#6433=CARTESIAN_POINT('Ctrl Pts',(14.5086145905113,-1.1640296305384,4.25780281030089));
#6434=CARTESIAN_POINT('Ctrl Pts',(14.4827018239009,-1.07806507020683,4.29692260056937));
#6435=CARTESIAN_POINT('Ctrl Pts',(14.4740393984807,-1.03158574098699,4.310706491112));
#6436=CARTESIAN_POINT('Ctrl Pts',(14.470434058423,-0.969522556736497,4.31961594449005));
#6437=CARTESIAN_POINT('Ctrl Pts',(14.4701019150733,-0.956021855073456,4.32101104873136));
#6438=CARTESIAN_POINT('Ctrl Pts',(14.4703061757061,-0.934414335909749,4.32237415998887));
#6439=CARTESIAN_POINT('Ctrl Pts',(14.4705444770821,-0.926352874771741,4.32269101790769));
#6440=CARTESIAN_POINT('Ctrl Pts',(14.4713003147332,-0.911178236070316,4.32292540053669));
#6441=CARTESIAN_POINT('Ctrl Pts',(14.4717811786223,-0.904071311874339,4.3228856623177));
#6442=CARTESIAN_POINT('Ctrl Pts',(14.4731420371105,-0.888170704499135,4.32246074825297));
#6443=CARTESIAN_POINT('Ctrl Pts',(14.4740892141034,-0.879392233477933,4.32199527340074));
#6444=CARTESIAN_POINT('Ctrl Pts',(14.477423239954,-0.853793247162689,4.31996007923225));
#6445=CARTESIAN_POINT('Ctrl Pts',(14.4803226538084,-0.837127613499078,4.31777223548772));
#6446=CARTESIAN_POINT('Ctrl Pts',(14.4956047831885,-0.766810384954534,4.30484225416823));
#6447=CARTESIAN_POINT('Ctrl Pts',(14.5141939673772,-0.717148548472867,4.28631126263273));
#6448=CARTESIAN_POINT('Ctrl Pts',(14.5586791334418,-0.631053766649389,4.23647799546961));
#6449=CARTESIAN_POINT('Ctrl Pts',(14.5834841017634,-0.59495124840113,4.20660589217611));
#6450=CARTESIAN_POINT('Ctrl Pts',(14.6440944581676,-0.522262460079505,4.12678555422135));
#6451=CARTESIAN_POINT('Ctrl Pts',(14.6803501693982,-0.490046792690333,4.0739373248875));
#6452=CARTESIAN_POINT('Ctrl Pts',(14.7659252127807,-0.427142300831547,3.93244905999934));
#6453=CARTESIAN_POINT('Ctrl Pts',(14.8169256910953,-0.40212278150086,3.83319918956772));
#6454=CARTESIAN_POINT('Ctrl Pts',(14.9390317565008,-0.356871965669637,3.51885984214024));
#6455=CARTESIAN_POINT('Ctrl Pts',(14.9958514042719,-0.352761478905156,3.2739554259304));
#6456=CARTESIAN_POINT('Ctrl Pts',(14.9958514042719,-0.352761478905156,3.00000000000001));
#6457=CARTESIAN_POINT('',(14.9218173737336,-1.52949869726792,-7.40000000000017));
#6458=CARTESIAN_POINT('Origin',(-1.8925317845196,14.9809316549987,-7.40000000000017));
#6459=CARTESIAN_POINT('',(-2.46342924618782,14.7963345578906,-5.40000000000018));
#6460=CARTESIAN_POINT('',(-1.29366268516591,14.9441104404715,-5.40000000000018));
#6461=CARTESIAN_POINT('Ctrl Pts',(-2.46342924618785,14.7963345578906,-5.40000000000017));
#6462=CARTESIAN_POINT('Ctrl Pts',(-2.46342924618785,14.7963345578906,-5.64184495190742));
#6463=CARTESIAN_POINT('Ctrl Pts',(-2.45164317996328,14.7535350051128,-5.8604366639459));
#6464=CARTESIAN_POINT('Ctrl Pts',(-2.39844063988336,14.6550563127991,-6.17195716963158));
#6465=CARTESIAN_POINT('Ctrl Pts',(-2.36641498987218,14.6070319674326,-6.28392184216118));
#6466=CARTESIAN_POINT('Ctrl Pts',(-2.28870833346361,14.5281184547015,-6.44438845994124));
#6467=CARTESIAN_POINT('Ctrl Pts',(-2.24932404304185,14.4950276824064,-6.50471201785742));
#6468=CARTESIAN_POINT('Ctrl Pts',(-2.16394524192875,14.4442612080902,-6.59358429611556));
#6469=CARTESIAN_POINT('Ctrl Pts',(-2.12357626515529,14.4251123172254,-6.62601218852699));
#6470=CARTESIAN_POINT('Ctrl Pts',(-2.02885308143741,14.394361634814,-6.68073387604058));
#6471=CARTESIAN_POINT('Ctrl Pts',(-1.97494910520091,14.3838468362631,-6.70146852292252));
#6472=CARTESIAN_POINT('Ctrl Pts',(-1.89882265484414,14.3806726027029,-6.71664584455098));
#6473=CARTESIAN_POINT('Ctrl Pts',(-1.87991747033375,14.3807622497821,-6.71934847226447));
#6474=CARTESIAN_POINT('Ctrl Pts',(-1.85169202717405,14.3822520650034,-6.72178626608944));
#6475=CARTESIAN_POINT('Ctrl Pts',(-1.84246879128874,14.3829520899084,-6.72233139987148));
#6476=CARTESIAN_POINT('Ctrl Pts',(-1.82611883846571,14.3845755157455,-6.72284943402955));
#6477=CARTESIAN_POINT('Ctrl Pts',(-1.81899687053231,14.3854116362404,-6.72292390377945));
#6478=CARTESIAN_POINT('Ctrl Pts',(-1.80413583873791,14.3874273610587,-6.72276183220189));
#6479=CARTESIAN_POINT('Ctrl Pts',(-1.79640656027712,14.3886301544593,-6.72249669176142));
#6480=CARTESIAN_POINT('Ctrl Pts',(-1.77641784225357,14.3921420349122,-6.72133952577569));
#6481=CARTESIAN_POINT('Ctrl Pts',(-1.76423096799426,14.3946784983174,-6.72016983074936));
#6482=CARTESIAN_POINT('Ctrl Pts',(-1.71731362832048,14.4059673287031,-6.71385351924498));
#6483=CARTESIAN_POINT('Ctrl Pts',(-1.68399384554619,14.4172972939533,-6.70544257115753));
#6484=CARTESIAN_POINT('Ctrl Pts',(-1.60731683747387,14.4507475056728,-6.67654393035404));
#6485=CARTESIAN_POINT('Ctrl Pts',(-1.56720896154189,14.474891214452,-6.65279692783998));
#6486=CARTESIAN_POINT('Ctrl Pts',(-1.49425785646104,14.5296727533815,-6.59228706282966));
#6487=CARTESIAN_POINT('Ctrl Pts',(-1.46291887786718,14.5601953135214,-6.55507842195529));
#6488=CARTESIAN_POINT('Ctrl Pts',(-1.39837823889609,14.6354851432319,-6.45279012089874));
#6489=CARTESIAN_POINT('Ctrl Pts',(-1.37180071176967,14.6796422266226,-6.38325220661714));
#6490=CARTESIAN_POINT('Ctrl Pts',(-1.3172310595071,14.7922297132576,-6.17344669420893));
#6491=CARTESIAN_POINT('Ctrl Pts',(-1.30402829593232,14.8568995677046,-6.01059569961824));
#6492=CARTESIAN_POINT('Ctrl Pts',(-1.29415570348562,14.9276217458424,-5.69012285335829));
#6493=CARTESIAN_POINT('Ctrl Pts',(-1.29366268516587,14.9441104404715,-5.54690462051404));
#6494=CARTESIAN_POINT('Ctrl Pts',(-1.29366268516587,14.9441104404715,-5.40000000000018));
#6495=CARTESIAN_POINT('',(-2.4634292461879,14.7963345578906,3.));
#6496=CARTESIAN_POINT('',(-2.46342924618786,14.7963345578906,-7.40000000000017));
#6497=CARTESIAN_POINT('',(-1.29366268516584,14.9441104404716,3.));
#6498=CARTESIAN_POINT('Ctrl Pts',(-1.29366268516587,14.9441104404716,3.));
#6499=CARTESIAN_POINT('Ctrl Pts',(-1.29366268516587,14.9441104404716,3.10565605342989));
#6500=CARTESIAN_POINT('Ctrl Pts',(-1.29397933530526,14.9356356166031,3.2132192652288));
#6501=CARTESIAN_POINT('Ctrl Pts',(-1.29904338057689,14.8876698090291,3.50462837424021));
#6502=CARTESIAN_POINT('Ctrl Pts',(-1.30667779196608,14.8336972340613,3.66920167867731));
#6503=CARTESIAN_POINT('Ctrl Pts',(-1.34896818366213,14.7221532307777,3.91102175016783));
#6504=CARTESIAN_POINT('Ctrl Pts',(-1.37438652764907,14.6723596953544,3.99578853461203));
#6505=CARTESIAN_POINT('Ctrl Pts',(-1.43635468271472,14.58878885927,4.11819234680607));
#6506=CARTESIAN_POINT('Ctrl Pts',(-1.4688313559426,14.5527241341132,4.16474641581272));
#6507=CARTESIAN_POINT('Ctrl Pts',(-1.54047958084756,14.4934884397045,4.23304513661111));
#6508=CARTESIAN_POINT('Ctrl Pts',(-1.57523180923923,14.4697445403826,4.25780281030083));
#6509=CARTESIAN_POINT('Ctrl Pts',(-1.6548181325954,14.4281826077873,4.29692260056932));
#6510=CARTESIAN_POINT('Ctrl Pts',(-1.69885100844777,14.4109642599264,4.31070649111198));
#6511=CARTESIAN_POINT('Ctrl Pts',(-1.75913930971716,14.3957932993009,4.31961594449004));
#6512=CARTESIAN_POINT('Ctrl Pts',(-1.77233863937916,14.3929372598976,4.32101104873135));
#6513=CARTESIAN_POINT('Ctrl Pts',(-1.79360170459962,14.3890890571672,4.32237415998887));
#6514=CARTESIAN_POINT('Ctrl Pts',(-1.80156502832275,14.3878125703852,4.32269101790768));
#6515=CARTESIAN_POINT('Ctrl Pts',(-1.81661251230612,14.3857115763252,4.32292540053668));
#6516=CARTESIAN_POINT('Ctrl Pts',(-1.82368365824335,14.3848522179944,4.32288566231769));
#6517=CARTESIAN_POINT('Ctrl Pts',(-1.83955762159953,14.3832094952247,4.32246074825296));
#6518=CARTESIAN_POINT('Ctrl Pts',(-1.84835808503471,14.382494973669,4.32199527340071));
#6519=CARTESIAN_POINT('Ctrl Pts',(-1.87412837707029,14.3809731730479,4.31996007923224));
#6520=CARTESIAN_POINT('Ctrl Pts',(-1.89104211252288,14.3806984019673,4.31777223548773));
#6521=CARTESIAN_POINT('Ctrl Pts',(-1.96297741512179,14.3825337080987,4.30484225416822));
#6522=CARTESIAN_POINT('Ctrl Pts',(-2.01524286971585,14.391487926524,4.28631126263271));
#6523=CARTESIAN_POINT('Ctrl Pts',(-2.10814836515204,14.4190525845987,4.23647799546962));
#6524=CARTESIAN_POINT('Ctrl Pts',(-2.14825939611885,14.4366532514065,4.20660589217613));
#6525=CARTESIAN_POINT('Ctrl Pts',(-2.23101791441865,14.4825695110531,4.12678555422134));
#6526=CARTESIAN_POINT('Ctrl Pts',(-2.2694565966004,14.5121464198555,4.07393732488747));
#6527=CARTESIAN_POINT('Ctrl Pts',(-2.34728204109158,14.5844185675728,3.93244905999932));
#6528=CARTESIAN_POINT('Ctrl Pts',(-2.38141493262057,14.6298274967798,3.83319918956768));
#6529=CARTESIAN_POINT('Ctrl Pts',(-2.44874462715119,14.7412915707076,3.51885984214033));
#6530=CARTESIAN_POINT('Ctrl Pts',(-2.4634292461879,14.7963345578907,3.27395542593051));
#6531=CARTESIAN_POINT('Ctrl Pts',(-2.4634292461879,14.7963345578907,3.00000000000001));
#6532=CARTESIAN_POINT('',(-1.29366268516588,14.9441104404715,-7.40000000000017));
#6533=CARTESIAN_POINT('Origin',(-8.87555711123217,12.2161563420093,-7.40000000000017));
#6534=CARTESIAN_POINT('',(-9.28690804075177,11.7793607230028,-5.40000000000018));
#6535=CARTESIAN_POINT('',(-8.33302536361332,12.4723970546715,-5.40000000000018));
#6536=CARTESIAN_POINT('Ctrl Pts',(-9.28690804075181,11.7793607230027,-5.40000000000017));
#6537=CARTESIAN_POINT('Ctrl Pts',(-9.28690804075181,11.7793607230027,-5.64184495190792));
#6538=CARTESIAN_POINT('Ctrl Pts',(-9.25596099038705,11.7475331697075,-5.86043666394649));
#6539=CARTESIAN_POINT('Ctrl Pts',(-9.16189677727709,11.6868661529462,-6.17195716963122));
#6540=CARTESIAN_POINT('Ctrl Pts',(-9.11069658141298,11.6602105728551,-6.28392184216096));
#6541=CARTESIAN_POINT('Ctrl Pts',(-9.0045848446235,11.6284936017301,-6.44438845994143));
#6542=CARTESIAN_POINT('Ctrl Pts',(-8.95413052670608,11.6184694635326,-6.50471201785756));
#6543=CARTESIAN_POINT('Ctrl Pts',(-8.85485557743358,11.6151140140938,-6.59358429611565));
#6544=CARTESIAN_POINT('Ctrl Pts',(-8.81025492489137,11.6177816159939,-6.62601218852708));
#6545=CARTESIAN_POINT('Ctrl Pts',(-8.71243411201154,11.6364678293595,-6.68073387604065));
#6546=CARTESIAN_POINT('Ctrl Pts',(-8.66013215472022,11.6532220797507,-6.70146852292258));
#6547=CARTESIAN_POINT('Ctrl Pts',(-8.59189283906444,11.6871146748336,-6.71664584455104));
#6548=CARTESIAN_POINT('Ctrl Pts',(-8.57536928740032,11.6963008752653,-6.71934847226452));
#6549=CARTESIAN_POINT('Ctrl Pts',(-8.55135286696886,11.7112041212412,-6.72178626608949));
#6550=CARTESIAN_POINT('Ctrl Pts',(-8.54360772332092,11.7162608855164,-6.72233139987152));
#6551=CARTESIAN_POINT('Ctrl Pts',(-8.53006224180545,11.7255601542659,-6.72284943402959));
#6552=CARTESIAN_POINT('Ctrl Pts',(-8.52422401785073,11.7297238864596,-6.72292390377949));
#6553=CARTESIAN_POINT('Ctrl Pts',(-8.51217227925411,11.738649636251,-6.72276183220193));
#6554=CARTESIAN_POINT('Ctrl Pts',(-8.50597851104692,11.7434272604393,-6.72249669176146));
#6555=CARTESIAN_POINT('Ctrl Pts',(-8.49015412522858,11.7561343830881,-6.72133952577573));
#6556=CARTESIAN_POINT('Ctrl Pts',(-8.48069663647099,11.764228174364,-6.72016983074941));
#6557=CARTESIAN_POINT('Ctrl Pts',(-8.44502109381952,11.7967232526078,-6.71385351924501));
#6558=CARTESIAN_POINT('Ctrl Pts',(-8.42128099798353,11.8227037046131,-6.70544257115754));
#6559=CARTESIAN_POINT('Ctrl Pts',(-8.37020318599934,11.8889557789498,-6.67654393035403));
#6560=CARTESIAN_POINT('Ctrl Pts',(-8.34668770680859,11.9294351888247,-6.65279692783992));
#6561=CARTESIAN_POINT('Ctrl Pts',(-8.30915137376191,12.0125850802341,-6.59228706282962));
#6562=CARTESIAN_POINT('Ctrl Pts',(-8.29639317296477,12.0544298716569,-6.55507842195527));
#6563=CARTESIAN_POINT('Ctrl Pts',(-8.27610693198564,12.151499542325,-6.45279012089856));
#6564=CARTESIAN_POINT('Ctrl Pts',(-8.27408970458684,12.2029985108132,-6.38325220661684));
#6565=CARTESIAN_POINT('Ctrl Pts',(-8.28050938912579,12.3279488079126,-6.17344669420869));
#6566=CARTESIAN_POINT('Ctrl Pts',(-8.30009465919365,12.3909799132225,-6.01059569961783));
#6567=CARTESIAN_POINT('Ctrl Pts',(-8.32551390964162,12.457710388036,-5.69012285335766));
#6568=CARTESIAN_POINT('Ctrl Pts',(-8.3330253636133,12.4723970546715,-5.54690462051367));
#6569=CARTESIAN_POINT('Ctrl Pts',(-8.3330253636133,12.4723970546715,-5.40000000000018));
#6570=CARTESIAN_POINT('',(-9.28690804075186,11.7793607230028,3.));
#6571=CARTESIAN_POINT('',(-9.28690804075181,11.7793607230028,-7.40000000000017));
#6572=CARTESIAN_POINT('',(-8.33302536361328,12.4723970546715,3.));
#6573=CARTESIAN_POINT('Ctrl Pts',(-8.33302536361334,12.4723970546716,3.));
#6574=CARTESIAN_POINT('Ctrl Pts',(-8.33302536361334,12.4723970546716,3.10565605342931));
#6575=CARTESIAN_POINT('Ctrl Pts',(-8.32922006870973,12.4648179625354,3.21321926522771));
#6576=CARTESIAN_POINT('Ctrl Pts',(-8.31055002137937,12.4203455825294,3.50462837423932));
#6577=CARTESIAN_POINT('Ctrl Pts',(-8.29123862078641,12.3693711488095,3.66920167867658));
#6578=CARTESIAN_POINT('Ctrl Pts',(-8.27456124012546,12.2512508420352,3.91102175016601));
#6579=CARTESIAN_POINT('Ctrl Pts',(-8.27284728611994,12.1953710537156,3.99578853461074));
#6580=CARTESIAN_POINT('Ctrl Pts',(-8.28688983702263,12.092283985417,4.11819234680588));
#6581=CARTESIAN_POINT('Ctrl Pts',(-8.29797504886804,12.045034469198,4.16474641581252));
#6582=CARTESIAN_POINT('Ctrl Pts',(-8.33222385354614,11.9586090388999,4.23304513661094));
#6583=CARTESIAN_POINT('Ctrl Pts',(-8.3512387526963,11.9210600876028,4.25780281030072));
#6584=CARTESIAN_POINT('Ctrl Pts',(-8.40095816576296,11.8462980847488,4.29692260056932));
#6585=CARTESIAN_POINT('Ctrl Pts',(-8.43124946667001,11.8099965317758,4.310706491112));
#6586=CARTESIAN_POINT('Ctrl Pts',(-8.47677184177995,11.7676580069951,4.31961594449008));
#6587=CARTESIAN_POINT('Ctrl Pts',(-8.48696259505893,11.7587964150271,4.32101104873139));
#6588=CARTESIAN_POINT('Ctrl Pts',(-8.50374167534573,11.7451806494758,4.3223741599889));
#6589=CARTESIAN_POINT('Ctrl Pts',(-8.51010503692251,11.74022569512,4.32269101790772));
#6590=CARTESIAN_POINT('Ctrl Pts',(-8.52227908604735,11.7311353992955,4.32292540053673));
#6591=CARTESIAN_POINT('Ctrl Pts',(-8.52806157943446,11.7269757873142,4.32288566231773));
#6592=CARTESIAN_POINT('Ctrl Pts',(-8.54118065183238,11.7178889182083,4.322460748253));
#6593=CARTESIAN_POINT('Ctrl Pts',(-8.54854833334339,11.7130231226023,4.32199527340076));
#6594=CARTESIAN_POINT('Ctrl Pts',(-8.57039787936048,11.6992746256815,4.31996007923228));
#6595=CARTESIAN_POINT('Ctrl Pts',(-8.58508712674451,11.690885587751,4.31777223548776));
#6596=CARTESIAN_POINT('Ctrl Pts',(-8.64900867841475,11.6578387824492,4.30484225416826));
#6597=CARTESIAN_POINT('Ctrl Pts',(-8.69912297303618,11.6405063490906,4.28631126263275));
#6598=CARTESIAN_POINT('Ctrl Pts',(-8.79381605460259,11.619903879324,4.23647799546965));
#6599=CARTESIAN_POINT('Ctrl Pts',(-8.83744480488352,11.6160038246807,4.20660589217617));
#6600=CARTESIAN_POINT('Ctrl Pts',(-8.93208697408598,11.6163713294775,4.12678555422134));
#6601=CARTESIAN_POINT('Ctrl Pts',(-8.98001983253802,11.6237717958673,4.07393732488745));
#6602=CARTESIAN_POINT('Ctrl Pts',(-9.08303616212103,11.6496116678709,3.93244905999933));
#6603=CARTESIAN_POINT('Ctrl Pts',(-9.13482296145962,11.6729601699669,3.83319918956768));
#6604=CARTESIAN_POINT('Ctrl Pts',(-9.24752264968727,11.7382005548185,3.5188598421401));
#6605=CARTESIAN_POINT('Ctrl Pts',(-9.2869080407519,11.7793607230028,3.27395542593021));
#6606=CARTESIAN_POINT('Ctrl Pts',(-9.2869080407519,11.7793607230028,3.00000000000001));
#6607=CARTESIAN_POINT('',(-8.3330253636133,12.4723970546715,-7.40000000000017));
#6608=CARTESIAN_POINT('Origin',(-13.6628881868475,6.42926715892728,-7.40000000000017));
#6609=CARTESIAN_POINT('',(-13.8129298599399,5.84833041853672,-5.40000000000018));
#6610=CARTESIAN_POINT('',(-13.3109088970527,6.91517926986452,-5.40000000000018));
#6611=CARTESIAN_POINT('Ctrl Pts',(-13.8129298599399,5.84833041853669,-5.40000000000017));
#6612=CARTESIAN_POINT('Ctrl Pts',(-13.8129298599399,5.84833041853669,-5.64184495190792));
#6613=CARTESIAN_POINT('Ctrl Pts',(-13.77047771224,5.83534857619048,-5.86043666394645));
#6614=CARTESIAN_POINT('Ctrl Pts',(-13.658822055717,5.82750144441144,-6.17195716963139));
#6615=CARTESIAN_POINT('Ctrl Pts',(-13.6011135584175,5.82880886398946,-6.28392184216107));
#6616=CARTESIAN_POINT('Ctrl Pts',(-13.4928473672671,5.8521347893854,-6.44438845994132));
#6617=CARTESIAN_POINT('Ctrl Pts',(-13.4438047460327,5.86765712315229,-6.5047120178575));
#6618=CARTESIAN_POINT('Ctrl Pts',(-13.3551929447287,5.91254279195278,-6.59358429611563));
#6619=CARTESIAN_POINT('Ctrl Pts',(-13.3173942219881,5.93636695754706,-6.62601218852706));
#6620=CARTESIAN_POINT('Ctrl Pts',(-13.2406753421581,5.99986734715258,-6.68073387604063));
#6621=CARTESIAN_POINT('Ctrl Pts',(-13.2029142092871,6.03974586877727,-6.70146852292258));
#6622=CARTESIAN_POINT('Ctrl Pts',(-13.1594435233423,6.10232071728786,-6.71664584455106));
#6623=CARTESIAN_POINT('Ctrl Pts',(-13.1493893104501,6.11833092781383,-6.71934847226453));
#6624=CARTESIAN_POINT('Ctrl Pts',(-13.1355232543002,6.14296074059824,-6.72178626608948));
#6625=CARTESIAN_POINT('Ctrl Pts',(-13.1311722479523,6.15112326832099,-6.72233139987153));
#6626=CARTESIAN_POINT('Ctrl Pts',(-13.1237822089022,6.16579786513347,-6.72284943402961));
#6627=CARTESIAN_POINT('Ctrl Pts',(-13.1206720275335,6.17225915730911,-6.7229239037795));
#6628=CARTESIAN_POINT('Ctrl Pts',(-13.1144110212513,6.18588682082377,-6.72276183220193));
#6629=CARTESIAN_POINT('Ctrl Pts',(-13.1112850188029,6.19305735540505,-6.72249669176147));
#6630=CARTESIAN_POINT('Ctrl Pts',(-13.1035397068259,6.21181614787477,-6.72133952577574));
#6631=CARTESIAN_POINT('Ctrl Pts',(-13.0991512599358,6.22346497119348,-6.7201698307494));
#6632=CARTESIAN_POINT('Ctrl Pts',(-13.0835431669304,6.26912744907492,-6.71385351924503));
#6633=CARTESIAN_POINT('Ctrl Pts',(-13.0752557405727,6.30333117111015,-6.70544257115758));
#6634=CARTESIAN_POINT('Ctrl Pts',(-13.0624130929575,6.38599523000658,-6.67654393035411));
#6635=CARTESIAN_POINT('Ctrl Pts',(-13.0613074258909,6.43279627578257,-6.65279692784005));
#6636=CARTESIAN_POINT('Ctrl Pts',(-13.0684718521854,6.52374434742715,-6.59228706282975));
#6637=CARTESIAN_POINT('Ctrl Pts',(-13.0774506376115,6.56655952778498,-6.55507842195543));
#6638=CARTESIAN_POINT('Ctrl Pts',(-13.1064373396166,6.66139529974642,-6.45279012089878));
#6639=CARTESIAN_POINT('Ctrl Pts',(-13.1294794470535,6.70749599655892,-6.38325220661709));
#6640=CARTESIAN_POINT('Ctrl Pts',(-13.1953003242065,6.81389806996739,-6.17344669420914));
#6641=CARTESIAN_POINT('Ctrl Pts',(-13.2428284937631,6.8596973727875,-6.01059569961851));
#6642=CARTESIAN_POINT('Ctrl Pts',(-13.2972512041484,6.90592791633291,-5.69012285335849));
#6643=CARTESIAN_POINT('Ctrl Pts',(-13.3109088970527,6.91517926986455,-5.54690462051417));
#6644=CARTESIAN_POINT('Ctrl Pts',(-13.3109088970527,6.91517926986455,-5.40000000000018));
#6645=CARTESIAN_POINT('',(-13.8129298599399,5.84833041853667,3.));
#6646=CARTESIAN_POINT('',(-13.8129298599399,5.84833041853669,-7.40000000000017));
#6647=CARTESIAN_POINT('',(-13.3109088970527,6.9151792698646,3.));
#6648=CARTESIAN_POINT('Ctrl Pts',(-13.3109088970527,6.91517926986461,3.));
#6649=CARTESIAN_POINT('Ctrl Pts',(-13.3109088970527,6.91517926986461,3.10565605342927));
#6650=CARTESIAN_POINT('Ctrl Pts',(-13.3039230362262,6.91037087559787,3.21321926522756));
#6651=CARTESIAN_POINT('Ctrl Pts',(-13.2661376165701,6.88039379581832,3.50462837423884));
#6652=CARTESIAN_POINT('Ctrl Pts',(-13.2246577864996,6.84502789722591,3.6692016786762));
#6653=CARTESIAN_POINT('Ctrl Pts',(-13.153138394646,6.74955267275822,3.91102175016662));
#6654=CARTESIAN_POINT('Ctrl Pts',(-13.1247161519707,6.70141054461356,3.99578853461113));
#6655=CARTESIAN_POINT('Ctrl Pts',(-13.0873591592266,6.60430960754674,4.11819234680569));
#6656=CARTESIAN_POINT('Ctrl Pts',(-13.0743105763783,6.55756419932042,4.16474641581242));
#6657=CARTESIAN_POINT('Ctrl Pts',(-13.0626872641193,6.46532952993715,4.23304513661093));
#6658=CARTESIAN_POINT('Ctrl Pts',(-13.0612608020189,6.42326463555861,4.25780281030069));
#6659=CARTESIAN_POINT('Ctrl Pts',(-13.068813386259,6.33379768312519,4.29692260056931));
#6660=CARTESIAN_POINT('Ctrl Pts',(-13.0778694490707,6.28739344425362,4.310706491112));
#6661=CARTESIAN_POINT('Ctrl Pts',(-13.0973642706018,6.22836134070201,4.31961594449009));
#6662=CARTESIAN_POINT('Ctrl Pts',(-13.1020253912859,6.21568643563065,4.32101104873139));
#6663=CARTESIAN_POINT('Ctrl Pts',(-13.1101695663462,6.19567146574785,4.32237415998891));
#6664=CARTESIAN_POINT('Ctrl Pts',(-13.1133587551375,6.18826383332732,4.32269101790772));
#6665=CARTESIAN_POINT('Ctrl Pts',(-13.1196476722967,6.17443305347822,4.32292540053673));
#6666=CARTESIAN_POINT('Ctrl Pts',(-13.1227110015243,6.16800222027798,4.32288566231774));
#6667=CARTESIAN_POINT('Ctrl Pts',(-13.1298296997247,6.1537191748512,4.322460748253));
#6668=CARTESIAN_POINT('Ctrl Pts',(-13.1339419333386,6.14590583802042,4.32199527340077));
#6669=CARTESIAN_POINT('Ctrl Pts',(-13.1464654475644,6.12333183925688,4.31996007923228));
#6670=CARTESIAN_POINT('Ctrl Pts',(-13.1552962833267,6.1089038703822,4.31777223548775));
#6671=CARTESIAN_POINT('Ctrl Pts',(-13.1953907461825,6.04915029177083,4.30484225416827));
#6672=CARTESIAN_POINT('Ctrl Pts',(-13.2309562738733,6.00981901907838,4.28631126263279));
#6673=CARTESIAN_POINT('Ctrl Pts',(-13.3040111382984,5.94614619723983,4.23647799546964));
#6674=CARTESIAN_POINT('Ctrl Pts',(-13.3403644379579,5.92171024255897,4.20660589217611));
#6675=CARTESIAN_POINT('Ctrl Pts',(-13.4234770498299,5.87643807672918,4.12678555422137));
#6676=CARTESIAN_POINT('Ctrl Pts',(-13.4690461357584,5.85983132419258,4.07393732488752));
#6677=CARTESIAN_POINT('Ctrl Pts',(-13.5717684868016,5.83284648137168,3.93244905999938));
#6678=CARTESIAN_POINT('Ctrl Pts',(-13.6283978316696,5.82835844887606,3.83319918956775));
#6679=CARTESIAN_POINT('Ctrl Pts',(-13.7585871164045,5.8312355450564,3.51885984214015));
#6680=CARTESIAN_POINT('Ctrl Pts',(-13.81292985994,5.8483304185367,3.27395542593027));
#6681=CARTESIAN_POINT('Ctrl Pts',(-13.81292985994,5.8483304185367,3.00000000000001));
#6682=CARTESIAN_POINT('',(-13.3109088970527,6.91517926986456,-7.40000000000017));
#6683=CARTESIAN_POINT('Origin',(-11.6347497058575,9.62510203006742,-7.40000000000017));
#6684=CARTESIAN_POINT('',(-11.9245506362999,9.09973033239553,-5.40000000000018));
#6685=CARTESIAN_POINT('',(-11.1729870646552,10.0082146286463,-5.40000000000018));
#6686=CARTESIAN_POINT('Ctrl Pts',(-11.9245506363,9.09973033239549,-5.40000000000017));
#6687=CARTESIAN_POINT('Ctrl Pts',(-11.9245506363,9.09973033239549,-5.64184495190768));
#6688=CARTESIAN_POINT('Ctrl Pts',(-11.8866606537924,9.07659891867715,-5.86043666394628));
#6689=CARTESIAN_POINT('Ctrl Pts',(-11.7804643673561,9.04123068635077,-6.17195716963162));
#6690=CARTESIAN_POINT('Ctrl Pts',(-11.7242437465904,9.02814551125672,-6.28392184216123));
#6691=CARTESIAN_POINT('Ctrl Pts',(-11.6135780151679,9.02381390295204,-6.4443884599414));
#6692=CARTESIAN_POINT('Ctrl Pts',(-11.5622159106296,9.02665217011902,-6.50471201785753));
#6693=CARTESIAN_POINT('Ctrl Pts',(-11.4652254001001,9.04809081422741,-6.59358429611557));
#6694=CARTESIAN_POINT('Ctrl Pts',(-11.4226893646878,9.06176633975662,-6.62601218852704));
#6695=CARTESIAN_POINT('Ctrl Pts',(-11.332588844818,9.10419253828532,-6.6807338760406));
#6696=CARTESIAN_POINT('Ctrl Pts',(-11.2860966623308,9.13342739094879,-6.70146852292255));
#6697=CARTESIAN_POINT('Ctrl Pts',(-11.2284299559065,9.18322561554372,-6.71664584455101));
#6698=CARTESIAN_POINT('Ctrl Pts',(-11.2147100371515,9.19623245479559,-6.71934847226448));
#6699=CARTESIAN_POINT('Ctrl Pts',(-11.1951544232911,9.21664012878112,-6.72178626608945));
#6700=CARTESIAN_POINT('Ctrl Pts',(-11.1889101737103,9.22346416440784,-6.72233139987148));
#6701=CARTESIAN_POINT('Ctrl Pts',(-11.178102882501,9.23583990379905,-6.72284943402955));
#6702=CARTESIAN_POINT('Ctrl Pts',(-11.173483555177,9.24132473194591,-6.72292390377945));
#6703=CARTESIAN_POINT('Ctrl Pts',(-11.1640301878185,9.25296720840599,-6.72276183220188));
#6704=CARTESIAN_POINT('Ctrl Pts',(-11.1592191550494,9.25913506226158,-6.72249669176141));
#6705=CARTESIAN_POINT('Ctrl Pts',(-11.1470520543083,9.27537833200918,-6.72133952577569));
#6706=CARTESIAN_POINT('Ctrl Pts',(-11.1399045339902,9.28556982376067,-6.72016983074936));
#6707=CARTESIAN_POINT('Ctrl Pts',(-11.1134310014558,9.32591615604378,-6.71385351924496));
#6708=CARTESIAN_POINT('Ctrl Pts',(-11.0968978200631,9.3569843061293,-6.7054425711575));
#6709=CARTESIAN_POINT('Ctrl Pts',(-11.0639009323592,9.4338574850207,-6.67654393035396));
#6710=CARTESIAN_POINT('Ctrl Pts',(-11.0511910550634,9.47891322166449,-6.65279692783988));
#6711=CARTESIAN_POINT('Ctrl Pts',(-11.0355125320563,9.56878571276334,-6.59228706282951));
#6712=CARTESIAN_POINT('Ctrl Pts',(-11.0335615300553,9.61248870863315,-6.55507842195512));
#6713=CARTESIAN_POINT('Ctrl Pts',(-11.0380528640858,9.71155374007852,-6.45279012089843));
#6714=CARTESIAN_POINT('Ctrl Pts',(-11.0489062842576,9.76193643782592,-6.38325220661672));
#6715=CARTESIAN_POINT('Ctrl Pts',(-11.0861981578887,9.88136468095089,-6.17344669420838));
#6716=CARTESIAN_POINT('Ctrl Pts',(-11.12084331915,9.93754488957809,-6.01059569961739));
#6717=CARTESIAN_POINT('Ctrl Pts',(-11.1620591713542,9.99585739329069,-5.6901228533572));
#6718=CARTESIAN_POINT('Ctrl Pts',(-11.1729870646551,10.0082146286463,-5.54690462051344));
#6719=CARTESIAN_POINT('Ctrl Pts',(-11.1729870646551,10.0082146286463,-5.40000000000018));
#6720=CARTESIAN_POINT('',(-11.9245506363,9.0997303323955,3.));
#6721=CARTESIAN_POINT('',(-11.9245506363,9.09973033239551,-7.40000000000017));
#6722=CARTESIAN_POINT('',(-11.1729870646552,10.0082146286463,3.));
#6723=CARTESIAN_POINT('Ctrl Pts',(-11.1729870646552,10.0082146286463,3.));
#6724=CARTESIAN_POINT('Ctrl Pts',(-11.1729870646552,10.0082146286463,3.10565605342966));
#6725=CARTESIAN_POINT('Ctrl Pts',(-11.1674164765203,10.0018199859868,3.21321926522833));
#6726=CARTESIAN_POINT('Ctrl Pts',(-11.1382731518929,9.96338783954155,3.50462837423957));
#6727=CARTESIAN_POINT('Ctrl Pts',(-11.1068916282907,9.91881741142694,3.66920167867678));
#6728=CARTESIAN_POINT('Ctrl Pts',(-11.0613628724471,9.80855556721232,3.911021750167));
#6729=CARTESIAN_POINT('Ctrl Pts',(-11.0458060272065,9.75485758822664,3.99578853461143));
#6730=CARTESIAN_POINT('Ctrl Pts',(-11.0337706941669,9.65151694934347,4.11819234680597));
#6731=CARTESIAN_POINT('Ctrl Pts',(-11.0327571668408,9.60299508347923,4.16474641581261));
#6732=CARTESIAN_POINT('Ctrl Pts',(-11.0444368518318,9.5107675356282,4.23304513661101));
#6733=CARTESIAN_POINT('Ctrl Pts',(-11.053516318498,9.46966944055971,4.25780281030076));
#6734=CARTESIAN_POINT('Ctrl Pts',(-11.0830811507216,9.38489150827776,4.2969226005693));
#6735=CARTESIAN_POINT('Ctrl Pts',(-11.103392965596,9.34219729514061,4.31070649111197));
#6736=CARTESIAN_POINT('Ctrl Pts',(-11.1369560086316,9.28986795864152,4.31961594449003));
#6737=CARTESIAN_POINT('Ctrl Pts',(-11.1446228123502,9.27875043259748,4.32101104873134));
#6738=CARTESIAN_POINT('Ctrl Pts',(-11.1574886437766,9.26138964377529,4.32237415998886));
#6739=CARTESIAN_POINT('Ctrl Pts',(-11.1624198416084,9.25500785474959,4.32269101790768));
#6740=CARTESIAN_POINT('Ctrl Pts',(-11.1719507559506,9.24317558438109,4.32292540053668));
#6741=CARTESIAN_POINT('Ctrl Pts',(-11.1765171282405,9.23770860663122,4.32288566231769));
#6742=CARTESIAN_POINT('Ctrl Pts',(-11.186964228402,9.22564463759361,4.32246074825296));
#6743=CARTESIAN_POINT('Ctrl Pts',(-11.1928903664898,9.21909944202059,4.32199527340073));
#6744=CARTESIAN_POINT('Ctrl Pts',(-11.2106343566925,9.20034911827848,4.31996007923224));
#6745=CARTESIAN_POINT('Ctrl Pts',(-11.222775845462,9.18857057012648,4.3177722354877));
#6746=CARTESIAN_POINT('Ctrl Pts',(-11.2764707777613,9.14066534750988,4.30484225416823));
#6747=CARTESIAN_POINT('Ctrl Pts',(-11.3207002387672,9.1114145261426,4.28631126263274));
#6748=CARTESIAN_POINT('Ctrl Pts',(-11.4072947371663,9.06791010907894,4.23647799546959));
#6749=CARTESIAN_POINT('Ctrl Pts',(-11.4485829058803,9.05328255283937,4.20660589217605));
#6750=CARTESIAN_POINT('Ctrl Pts',(-11.5403431120288,9.03010196141723,4.12678555422133));
#6751=CARTESIAN_POINT('Ctrl Pts',(-11.5886104927417,9.02534951138701,4.07393732488749));
#6752=CARTESIAN_POINT('Ctrl Pts',(-11.69481648975,9.02475845691522,3.93244905999931));
#6753=CARTESIAN_POINT('Ctrl Pts',(-11.7507828479099,9.03449456959882,3.83319918956767));
#6754=CARTESIAN_POINT('Ctrl Pts',(-11.8761664921389,9.06965803504281,3.51885984214018));
#6755=CARTESIAN_POINT('Ctrl Pts',(-11.9245506363001,9.09973033239551,3.27395542593031));
#6756=CARTESIAN_POINT('Ctrl Pts',(-11.9245506363001,9.09973033239551,3.00000000000001));
#6757=CARTESIAN_POINT('',(-11.1729870646552,10.0082146286463,-7.40000000000017));
#6758=CARTESIAN_POINT('Origin',(-5.55868062129244,14.0396246231025,-7.40000000000017));
#6759=CARTESIAN_POINT('',(-6.06573485814458,13.7188505579254,-5.40000000000018));
#6760=CARTESIAN_POINT('',(-4.96946903225215,14.152892903484,-5.40000000000018));
#6761=CARTESIAN_POINT('Ctrl Pts',(-6.06573485814461,13.7188505579254,-5.40000000000017));
#6762=CARTESIAN_POINT('Ctrl Pts',(-6.06573485814461,13.7188505579254,-5.6418449519075));
#6763=CARTESIAN_POINT('Ctrl Pts',(-6.04367525691255,13.6803267072805,-5.86043666394611));
#6764=CARTESIAN_POINT('Ctrl Pts',(-5.96765351758204,13.5981728378647,-6.17195716963229));
#6765=CARTESIAN_POINT('Ctrl Pts',(-5.92469084322654,13.5596217209061,-6.28392184216172));
#6766=CARTESIAN_POINT('Ctrl Pts',(-5.8298004917449,13.5025122809036,-6.44438845994139));
#6767=CARTESIAN_POINT('Ctrl Pts',(-5.7834241908011,13.4802555908108,-6.50471201785757));
#6768=CARTESIAN_POINT('Ctrl Pts',(-5.68810261295615,13.4523168830534,-6.59358429611568));
#6769=CARTESIAN_POINT('Ctrl Pts',(-5.6442397663129,13.4438089460863,-6.6260121885271));
#6770=CARTESIAN_POINT('Ctrl Pts',(-5.54484510185617,13.4375810507801,-6.68073387604064));
#6771=CARTESIAN_POINT('Ctrl Pts',(-5.49001969409041,13.440801967729,-6.70146852292259));
#6772=CARTESIAN_POINT('Ctrl Pts',(-5.41549549637229,13.4566593369026,-6.71664584455106));
#6773=CARTESIAN_POINT('Ctrl Pts',(-5.39720654731959,13.4614476957567,-6.71934847226452));
#6774=CARTESIAN_POINT('Ctrl Pts',(-5.37023836033916,13.4699100879677,-6.72178626608947));
#6775=CARTESIAN_POINT('Ctrl Pts',(-5.36147897848414,13.4728818457947,-6.72233139987152));
#6776=CARTESIAN_POINT('Ctrl Pts',(-5.34604641908276,13.4785203366466,-6.72284943402958));
#6777=CARTESIAN_POINT('Ctrl Pts',(-5.33935613557989,13.4811013502803,-6.72292390377948));
#6778=CARTESIAN_POINT('Ctrl Pts',(-5.32546328080443,13.486749535717,-6.72276183220192));
#6779=CARTESIAN_POINT('Ctrl Pts',(-5.3182759543947,13.4898367345394,-6.72249669176145));
#6780=CARTESIAN_POINT('Ctrl Pts',(-5.29978858785812,13.4982092748398,-6.72133952577572));
#6781=CARTESIAN_POINT('Ctrl Pts',(-5.28861537946179,13.5036968029673,-6.72016983074939));
#6782=CARTESIAN_POINT('Ctrl Pts',(-5.24597945224364,13.5262988418973,-6.71385351924501));
#6783=CARTESIAN_POINT('Ctrl Pts',(-5.21652411949564,13.5455591484734,-6.70544257115754));
#6784=CARTESIAN_POINT('Ctrl Pts',(-5.15057479000927,13.5970272567667,-6.67654393035405));
#6785=CARTESIAN_POINT('Ctrl Pts',(-5.11773127296495,13.6303868696774,-6.65279692783998));
#6786=CARTESIAN_POINT('Ctrl Pts',(-5.06069567573299,13.7015895479163,-6.59228706282964));
#6787=CARTESIAN_POINT('Ctrl Pts',(-5.0379319208172,13.7389468727528,-6.55507842195528));
#6788=CARTESIAN_POINT('Ctrl Pts',(-4.99414276395666,13.827921938238,-6.45279012089861));
#6789=CARTESIAN_POINT('Ctrl Pts',(-4.97938163880357,13.877301307877,-6.38325220661689));
#6790=CARTESIAN_POINT('Ctrl Pts',(-4.95452576186087,13.9999225722491,-6.17344669420877));
#6791=CARTESIAN_POINT('Ctrl Pts',(-4.95782052618737,14.0658440980828,-6.01059569961797));
#6792=CARTESIAN_POINT('Ctrl Pts',(-4.96584598988797,14.136799622847,-5.69012285335793));
#6793=CARTESIAN_POINT('Ctrl Pts',(-4.96946903225212,14.152892903484,-5.54690462051384));
#6794=CARTESIAN_POINT('Ctrl Pts',(-4.96946903225212,14.152892903484,-5.40000000000018));
#6795=CARTESIAN_POINT('',(-6.06573485814466,13.7188505579254,3.));
#6796=CARTESIAN_POINT('',(-6.06573485814462,13.7188505579254,-7.40000000000017));
#6797=CARTESIAN_POINT('',(-4.96946903225209,14.1528929034841,3.));
#6798=CARTESIAN_POINT('Ctrl Pts',(-4.96946903225214,14.1528929034841,3.));
#6799=CARTESIAN_POINT('Ctrl Pts',(-4.96946903225214,14.1528929034841,3.1056560534302));
#6800=CARTESIAN_POINT('Ctrl Pts',(-4.9676681312535,14.144605584104,3.21321926522939));
#6801=CARTESIAN_POINT('Ctrl Pts',(-4.96064446895746,14.0968873337306,3.5046283742407));
#6802=CARTESIAN_POINT('Ctrl Pts',(-4.9546165976954,14.0427118055471,3.66920167867771));
#6803=CARTESIAN_POINT('Ctrl Pts',(-4.96783849337927,13.9241549695025,3.91102175016849));
#6804=CARTESIAN_POINT('Ctrl Pts',(-4.98007512464291,13.8696045044604,3.99578853461254));
#6805=CARTESIAN_POINT('Ctrl Pts',(-5.01931321436958,13.7732483463767,4.1181923468063));
#6806=CARTESIAN_POINT('Ctrl Pts',(-5.04180064075771,13.7302400406785,4.16474641581291));
#6807=CARTESIAN_POINT('Ctrl Pts',(-5.09646658676675,13.6550471555694,4.2330451366112));
#6808=CARTESIAN_POINT('Ctrl Pts',(-5.12422214235539,13.6234066867492,4.25780281030093));
#6809=CARTESIAN_POINT('Ctrl Pts',(-5.19097208268691,13.5633581849181,4.29692260056942));
#6810=CARTESIAN_POINT('Ctrl Pts',(-5.22933955578684,13.5357302521904,4.31070649111203));
#6811=CARTESIAN_POINT('Ctrl Pts',(-5.28396092472321,13.5060428243504,4.31961594449007));
#6812=CARTESIAN_POINT('Ctrl Pts',(-5.29603530505506,13.4999939728725,4.32101104873139));
#6813=CARTESIAN_POINT('Ctrl Pts',(-5.31567334287875,13.4909787592168,4.3223741599889));
#6814=CARTESIAN_POINT('Ctrl Pts',(-5.32306903478981,13.4877619775362,4.32269101790772));
#6815=CARTESIAN_POINT('Ctrl Pts',(-5.33712127841778,13.4819848329741,4.32292540053672));
#6816=CARTESIAN_POINT('Ctrl Pts',(-5.34375655757616,13.4793939504802,4.32288566231773));
#6817=CARTESIAN_POINT('Ctrl Pts',(-5.35872328264295,13.4738551427112,4.32246074825299));
#6818=CARTESIAN_POINT('Ctrl Pts',(-5.36706956905125,13.4709744829054,4.32199527340076));
#6819=CARTESIAN_POINT('Ctrl Pts',(-5.39165178354971,13.4630916814306,4.31996007923228));
#6820=CARTESIAN_POINT('Ctrl Pts',(-5.40796581011187,13.4586192678276,4.31777223548776));
#6821=CARTESIAN_POINT('Ctrl Pts',(-5.47809755497454,13.4425073321555,4.30484225416826));
#6822=CARTESIAN_POINT('Ctrl Pts',(-5.53094781777292,13.4381823473377,4.28631126263276));
#6823=CARTESIAN_POINT('Ctrl Pts',(-5.62778956793512,13.4417763538141,4.23647799546965));
#6824=CARTESIAN_POINT('Ctrl Pts',(-5.67101754494755,13.4488488555436,4.20660589217613));
#6825=CARTESIAN_POINT('Ctrl Pts',(-5.7625949616432,13.4727413648814,4.12678555422138));
#6826=CARTESIAN_POINT('Ctrl Pts',(-5.80718150005315,13.491829749171,4.07393732488753));
#6827=CARTESIAN_POINT('Ctrl Pts',(-5.90053526735565,13.5424769334595,3.93244905999935));
#6828=CARTESIAN_POINT('Ctrl Pts',(-5.94488855281204,13.5779707527114,3.83319918956772));
#6829=CARTESIAN_POINT('Ctrl Pts',(-6.0378229491464,13.6691887636531,3.51885984214028));
#6830=CARTESIAN_POINT('Ctrl Pts',(-6.06573485814469,13.7188505579254,3.27395542593044));
#6831=CARTESIAN_POINT('Ctrl Pts',(-6.06573485814469,13.7188505579254,3.00000000000001));
#6832=CARTESIAN_POINT('',(-4.96946903225212,14.152892903484,-7.40000000000017));
#6833=CARTESIAN_POINT('Origin',(-4.85653029347153E-15,-15.0999996624887,
-7.40000000000017));
#6834=CARTESIAN_POINT('',(0.589531915751337,-14.9884105935323,-5.40000000000018));
#6835=CARTESIAN_POINT('',(-0.589531915751347,-14.9884105935323,-5.40000000000018));
#6836=CARTESIAN_POINT('Ctrl Pts',(0.589531915751329,-14.9884105935323,-5.40000000000017));
#6837=CARTESIAN_POINT('Ctrl Pts',(0.589531915751329,-14.9884105935323,-5.64184495190757));
#6838=CARTESIAN_POINT('Ctrl Pts',(0.583202992523987,-14.9444713422208,-5.86043666394616));
#6839=CARTESIAN_POINT('Ctrl Pts',(0.5427626233083,-14.8401011374282,-6.17195716963147));
#6840=CARTESIAN_POINT('Ctrl Pts',(0.517008551607711,-14.7884416000962,-6.28392184216112));
#6841=CARTESIAN_POINT('Ctrl Pts',(0.449805121117168,-14.700411117466,-6.44438845994137));
#6842=CARTESIAN_POINT('Ctrl Pts',(0.414878761081801,-14.662645115324,-6.50471201785751));
#6843=CARTESIAN_POINT('Ctrl Pts',(0.336535923699594,-14.6015781485997,-6.5935842961156));
#6844=CARTESIAN_POINT('Ctrl Pts',(0.298885260776884,-14.5775206780642,-6.62601218852704));
#6845=CARTESIAN_POINT('Ctrl Pts',(0.208763080116031,-14.5351405110595,-6.68073387604059));
#6846=CARTESIAN_POINT('Ctrl Pts',(0.156602006535145,-14.5179526651921,-6.70146852292255));
#6847=CARTESIAN_POINT('Ctrl Pts',(0.0814736729333658,-14.5052622872286,
-6.71664584455102));
#6848=CARTESIAN_POINT('Ctrl Pts',(0.062706325691292,-14.502981779508,-6.71934847226449));
#6849=CARTESIAN_POINT('Ctrl Pts',(0.034516725222351,-14.5009222610313,-6.72178626608946));
#6850=CARTESIAN_POINT('Ctrl Pts',(0.0252784809219579,-14.5004607880534,
-6.72233139987149));
#6851=CARTESIAN_POINT('Ctrl Pts',(0.00885398315092359,-14.500022220237,
-6.72284943402956));
#6852=CARTESIAN_POINT('Ctrl Pts',(0.00168338037659112,-14.4999591284016,
-6.72292390377946));
#6853=CARTESIAN_POINT('Ctrl Pts',(-0.0133131050528961,-14.5000963774588,
-6.7227618322019));
#6854=CARTESIAN_POINT('Ctrl Pts',(-0.0211321858306736,-14.5003209510115,
-6.72249669176142));
#6855=CARTESIAN_POINT('Ctrl Pts',(-0.0414034421751777,-14.5012998885734,
-6.7213395257757));
#6856=CARTESIAN_POINT('Ctrl Pts',(-0.0538121224512791,-14.5022889308491,
-6.72016983074937));
#6857=CARTESIAN_POINT('Ctrl Pts',(-0.101774370503692,-14.5076084435438,
-6.71385351924498));
#6858=CARTESIAN_POINT('Ctrl Pts',(-0.136251438019696,-14.5146729925172,
-6.70544257115751));
#6859=CARTESIAN_POINT('Ctrl Pts',(-0.216516248179296,-14.5382492619646,
-6.67654393035398));
#6860=CARTESIAN_POINT('Ctrl Pts',(-0.259333870621438,-14.5571757406067,
-6.65279692783989));
#6861=CARTESIAN_POINT('Ctrl Pts',(-0.338575681862904,-14.6023821128474,
-6.59228706282956));
#6862=CARTESIAN_POINT('Ctrl Pts',(-0.373493034409058,-14.6287361779602,
-6.55507842195519));
#6863=CARTESIAN_POINT('Ctrl Pts',(-0.446961068976659,-14.695343237897,-6.45279012089851));
#6864=CARTESIAN_POINT('Ctrl Pts',(-0.478863374409485,-14.7358210820812,
-6.38325220661685));
#6865=CARTESIAN_POINT('Ctrl Pts',(-0.547113682423585,-14.8406813917833,
-6.17344669420853));
#6866=CARTESIAN_POINT('Ctrl Pts',(-0.568317620236099,-14.9031865600613,
-6.01059569961761));
#6867=CARTESIAN_POINT('Ctrl Pts',(-0.586976203613208,-14.9721137087656,
-5.69012285335738));
#6868=CARTESIAN_POINT('Ctrl Pts',(-0.589531915751339,-14.9884105935323,
-5.54690462051354));
#6869=CARTESIAN_POINT('Ctrl Pts',(-0.589531915751339,-14.9884105935323,
-5.40000000000018));
#6870=CARTESIAN_POINT('',(0.589531915751375,-14.9884105935323,3.));
#6871=CARTESIAN_POINT('',(0.589531915751338,-14.9884105935323,-7.40000000000017));
#6872=CARTESIAN_POINT('',(-0.589531915751384,-14.9884105935323,3.));
#6873=CARTESIAN_POINT('Ctrl Pts',(-0.589531915751358,-14.9884105935324,
3.));
#6874=CARTESIAN_POINT('Ctrl Pts',(-0.589531915751358,-14.9884105935324,
3.10565605342972));
#6875=CARTESIAN_POINT('Ctrl Pts',(-0.588155585413563,-14.9800422829673,
3.21321926522847));
#6876=CARTESIAN_POINT('Ctrl Pts',(-0.577119761887719,-14.9330893932816,
3.50462837423975));
#6877=CARTESIAN_POINT('Ctrl Pts',(-0.562780992768137,-14.880499253654,3.66920167867693));
#6878=CARTESIAN_POINT('Ctrl Pts',(-0.506843902825981,-14.775135199693,3.91102175016732));
#6879=CARTESIAN_POINT('Ctrl Pts',(-0.475385205268331,-14.7289200644128,
3.99578853461167));
#6880=CARTESIAN_POINT('Ctrl Pts',(-0.403431484496102,-14.6537748785846,
4.118192346806));
#6881=CARTESIAN_POINT('Ctrl Pts',(-0.366690790915425,-14.6220649410287,
4.16474641581264));
#6882=CARTESIAN_POINT('Ctrl Pts',(-0.288183332541492,-14.5722762414698,
4.23304513661104));
#6883=CARTESIAN_POINT('Ctrl Pts',(-0.25072923617122,-14.5530751790438,4.25780281030078));
#6884=CARTESIAN_POINT('Ctrl Pts',(-0.166561383340612,-14.5218157859547,
4.29692260056931));
#6885=CARTESIAN_POINT('Ctrl Pts',(-0.120717688652257,-14.5102519926232,
4.31070649111198));
#6886=CARTESIAN_POINT('Ctrl Pts',(-0.0590033530942165,-14.5027567872978,
4.31961594449003));
#6887=CARTESIAN_POINT('Ctrl Pts',(-0.0455501474354047,-14.5015775832857,
4.32101104873135));
#6888=CARTESIAN_POINT('Ctrl Pts',(-0.0239724401434898,-14.5004246935028,
4.32237415998888));
#6889=CARTESIAN_POINT('Ctrl Pts',(-0.0159119233904668,-14.5001563413125,
4.32269101790768));
#6890=CARTESIAN_POINT('Ctrl Pts',(-0.000719768933601063,-14.4999578640428,
4.32292540053669));
#6891=CARTESIAN_POINT('Ctrl Pts',(0.00640332506423087,-14.4999915315944,
4.3228856623177));
#6892=CARTESIAN_POINT('Ctrl Pts',(0.0223580052346864,-14.5003512973413,
4.32246074825296));
#6893=CARTESIAN_POINT('Ctrl Pts',(0.0311786276841447,-14.5007454005407,
4.32199527340072));
#6894=CARTESIAN_POINT('Ctrl Pts',(0.0569364454625156,-14.5024654738027,
4.31996007923224));
#6895=CARTESIAN_POINT('Ctrl Pts',(0.0737512490072333,-14.5043127225301,
4.31777223548772));
#6896=CARTESIAN_POINT('Ctrl Pts',(0.144889295406984,-14.5151494408066,4.30484225416823));
#6897=CARTESIAN_POINT('Ctrl Pts',(0.195620360131352,-14.5305836509731,4.28631126263273));
#6898=CARTESIAN_POINT('Ctrl Pts',(0.284338500257934,-14.5695750996447,4.23647799546962));
#6899=CARTESIAN_POINT('Ctrl Pts',(0.321927295281085,-14.5920642251503,4.20660589217612));
#6900=CARTESIAN_POINT('Ctrl Pts',(0.398278404650615,-14.6479908140786,4.12678555422135));
#6901=CARTESIAN_POINT('Ctrl Pts',(0.432707016723242,-14.6821521444526,4.07393732488751));
#6902=CARTESIAN_POINT('Ctrl Pts',(0.500860682369339,-14.7636085193103,3.93244905999914));
#6903=CARTESIAN_POINT('Ctrl Pts',(0.529033177923359,-14.8129373712138,3.83319918956743));
#6904=CARTESIAN_POINT('Ctrl Pts',(0.581861804890542,-14.9319611659563,3.51885984214026));
#6905=CARTESIAN_POINT('Ctrl Pts',(0.589531915751373,-14.9884105935324,3.27395542593042));
#6906=CARTESIAN_POINT('Ctrl Pts',(0.589531915751373,-14.9884105935324,3.00000000000001));
#6907=CARTESIAN_POINT('',(-0.589531915751348,-14.9884105935323,-7.40000000000017));
#6908=CARTESIAN_POINT('Origin',(-5.55868062129245,-14.0396246231025,-7.40000000000017));
#6909=CARTESIAN_POINT('',(-4.96946903225212,-14.152892903484,-5.40000000000018));
#6910=CARTESIAN_POINT('',(-6.06573485814462,-13.7188505579254,-5.40000000000018));
#6911=CARTESIAN_POINT('Ctrl Pts',(-4.96946903225213,-14.152892903484,-5.40000000000017));
#6912=CARTESIAN_POINT('Ctrl Pts',(-4.96946903225213,-14.152892903484,-5.64184495190757));
#6913=CARTESIAN_POINT('Ctrl Pts',(-4.95917839901558,-14.109709388775,-5.86043666394614));
#6914=CARTESIAN_POINT('Ctrl Pts',(-4.95835766844006,-13.9977813337036,-6.17195716963134));
#6915=CARTESIAN_POINT('Ctrl Pts',(-4.96328605465088,-13.9402688044958,-6.28392184216104));
#6916=CARTESIAN_POINT('Ctrl Pts',(-4.99336404205118,-13.8336808989166,-6.4443884599414));
#6917=CARTESIAN_POINT('Ctrl Pts',(-5.01193515770452,-13.7857097074941,-6.50471201785754));
#6918=CARTESIAN_POINT('Ctrl Pts',(-5.06229623593106,-13.700091155802,-6.59358429611561));
#6919=CARTESIAN_POINT('Ctrl Pts',(-5.08844679141509,-13.6638629519414,-6.62601218852706));
#6920=CARTESIAN_POINT('Ctrl Pts',(-5.15663909582926,-13.5912826817496,-6.68073387604064));
#6921=CARTESIAN_POINT('Ctrl Pts',(-5.19880996745189,-13.5561000549395,-6.70146852292257));
#6922=CARTESIAN_POINT('Ctrl Pts',(-5.26399088574752,-13.516644255711,-6.71664584455104));
#6923=CARTESIAN_POINT('Ctrl Pts',(-5.28060081303118,-13.5076151719479,-6.71934847226451));
#6924=CARTESIAN_POINT('Ctrl Pts',(-5.30605268137577,-13.495322996033,-6.72178626608948));
#6925=CARTESIAN_POINT('Ctrl Pts',(-5.31447230416364,-13.4914931047586,-6.72233139987152));
#6926=CARTESIAN_POINT('Ctrl Pts',(-5.32958196840255,-13.4850390738203,-6.72284943402959));
#6927=CARTESIAN_POINT('Ctrl Pts',(-5.33622580059804,-13.4823407375766,-6.72292390377948));
#6928=CARTESIAN_POINT('Ctrl Pts',(-5.350219704869,-13.4769477740321,-6.72276183220192));
#6929=CARTESIAN_POINT('Ctrl Pts',(-5.35757237335603,-13.4742781816271,-6.72249669176145));
#6930=CARTESIAN_POINT('Ctrl Pts',(-5.3767804817968,-13.4677260275791,-6.72133952577572));
#6931=CARTESIAN_POINT('Ctrl Pts',(-5.38868187168376,-13.4640776759545,-6.72016983074939));
#6932=CARTESIAN_POINT('Ctrl Pts',(-5.43523428536445,-13.4513675526645,-6.713853519245));
#6933=CARTESIAN_POINT('Ctrl Pts',(-5.46989088597395,-13.4452441491261,-6.70544257115754));
#6934=CARTESIAN_POINT('Ctrl Pts',(-5.55319822274889,-13.4376173627469,-6.67654393035402));
#6935=CARTESIAN_POINT('Ctrl Pts',(-5.59997634276126,-13.4394525394405,-6.65279692783994));
#6936=CARTESIAN_POINT('Ctrl Pts',(-5.69029509111241,-13.452313505045,-6.59228706282959));
#6937=CARTESIAN_POINT('Ctrl Pts',(-5.73246200289037,-13.4639629603075,-6.55507842195521));
#6938=CARTESIAN_POINT('Ctrl Pts',(-5.82529054804063,-13.498847251069,-6.45279012089853));
#6939=CARTESIAN_POINT('Ctrl Pts',(-5.86985344976165,-13.5247385768739,-6.38325220661683));
#6940=CARTESIAN_POINT('Ctrl Pts',(-5.97191263591123,-13.5971106130295,-6.17344669420857));
#6941=CARTESIAN_POINT('Ctrl Pts',(-6.01463724581035,-13.6474207586185,-6.01059569961765));
#6942=CARTESIAN_POINT('Ctrl Pts',(-6.05735933367901,-13.7046389180637,-5.69012285335749));
#6943=CARTESIAN_POINT('Ctrl Pts',(-6.06573485814462,-13.7188505579254,-5.54690462051359));
#6944=CARTESIAN_POINT('Ctrl Pts',(-6.06573485814462,-13.7188505579254,-5.40000000000018));
#6945=CARTESIAN_POINT('',(-4.9694690322521,-14.1528929034841,3.));
#6946=CARTESIAN_POINT('',(-4.96946903225213,-14.152892903484,-7.40000000000017));
#6947=CARTESIAN_POINT('',(-6.06573485814467,-13.7188505579254,3.));
#6948=CARTESIAN_POINT('Ctrl Pts',(-6.06573485814468,-13.7188505579255,3.));
#6949=CARTESIAN_POINT('Ctrl Pts',(-6.06573485814468,-13.7188505579255,3.10565605342978));
#6950=CARTESIAN_POINT('Ctrl Pts',(-6.06137459797626,-13.7115765605253,3.21321926522854));
#6951=CARTESIAN_POINT('Ctrl Pts',(-6.03382923724675,-13.6719834253501,3.50462837423978));
#6952=CARTESIAN_POINT('Ctrl Pts',(-6.00113766525674,-13.628364803103,3.66920167867695));
#6953=CARTESIAN_POINT('Ctrl Pts',(-5.91034157910599,-13.5509915994855,3.91102175016751));
#6954=CARTESIAN_POINT('Ctrl Pts',(-5.86407909583792,-13.5196025723763,3.99578853461181));
#6955=CARTESIAN_POINT('Ctrl Pts',(-5.76951543027238,-13.4762222768388,4.11819234680605));
#6956=CARTESIAN_POINT('Ctrl Pts',(-5.72368159072741,-13.4602642739201,4.16474641581268));
#6957=CARTESIAN_POINT('Ctrl Pts',(-5.63235875921061,-13.4428724348036,4.23304513661107));
#6958=CARTESIAN_POINT('Ctrl Pts',(-5.59046643858869,-13.4388075109283,4.25780281030081));
#6959=CARTESIAN_POINT('Ctrl Pts',(-5.50070179806096,-13.4407275154447,4.29692260056935));
#6960=CARTESIAN_POINT('Ctrl Pts',(-5.453820492466,-13.446851961918,4.310706491112));
#6961=CARTESIAN_POINT('Ctrl Pts',(-5.39368078531427,-13.4626016584211,4.31961594449005));
#6962=CARTESIAN_POINT('Ctrl Pts',(-5.38073821708338,-13.4664577175738,4.32101104873137));
#6963=CARTESIAN_POINT('Ctrl Pts',(-5.36025136518854,-13.4733290716076,4.32237415998889));
#6964=CARTESIAN_POINT('Ctrl Pts',(-5.35265809921734,-13.4760468381752,4.32269101790771));
#6965=CARTESIAN_POINT('Ctrl Pts',(-5.3384597268771,-13.4814549037407,4.32292540053672));
#6966=CARTESIAN_POINT('Ctrl Pts',(-5.33184923542344,-13.4841083928302,4.32288566231772));
#6967=CARTESIAN_POINT('Ctrl Pts',(-5.31714738756592,-13.490316204063,4.32246074825299));
#6968=CARTESIAN_POINT('Ctrl Pts',(-5.30909125928554,-13.4939297196444,4.32199527340075));
#6969=CARTESIAN_POINT('Ctrl Pts',(-5.28577544718752,-13.5050110884653,4.31996007923227));
#6970=CARTESIAN_POINT('Ctrl Pts',(-5.27082145584831,-13.512918558929,4.31777223548775));
#6971=CARTESIAN_POINT('Ctrl Pts',(-5.20866823512183,-13.5491819462765,4.30484225416825));
#6972=CARTESIAN_POINT('Ctrl Pts',(-5.16718139575062,-13.5822076624764,4.28631126263274));
#6973=CARTESIAN_POINT('Ctrl Pts',(-5.09904706478996,-13.6511203202511,4.23647799546963));
#6974=CARTESIAN_POINT('Ctrl Pts',(-5.07237668631159,-13.6858675386883,4.20660589217613));
#6975=CARTESIAN_POINT('Ctrl Pts',(-5.02197517068071,-13.7659734839934,4.12678555422135));
#6976=CARTESIAN_POINT('Ctrl Pts',(-5.00253988119687,-13.8104099031206,4.07393732488748));
#6977=CARTESIAN_POINT('Ctrl Pts',(-4.96915829700986,-13.9112351627687,3.93244905999919));
#6978=CARTESIAN_POINT('Ctrl Pts',(-4.96112333463635,-13.9674709566683,3.83319918956749));
#6979=CARTESIAN_POINT('Ctrl Pts',(-4.95582010069894,-14.0975839969524,3.5188598421402));
#6980=CARTESIAN_POINT('Ctrl Pts',(-4.96946903225212,-14.1528929034841,3.27395542593033));
#6981=CARTESIAN_POINT('Ctrl Pts',(-4.96946903225212,-14.1528929034841,3.00000000000001));
#6982=CARTESIAN_POINT('',(-6.06573485814463,-13.7188505579254,-7.40000000000017));
#6983=CARTESIAN_POINT('Origin',(15.0702032624216,0.948136823700127,-7.40000000000017));
#6984=CARTESIAN_POINT('',(14.9218173737336,1.52949869726789,-5.40000000000018));
#6985=CARTESIAN_POINT('',(14.9958514042718,0.352761478905237,-5.40000000000018));
#6986=CARTESIAN_POINT('Ctrl Pts',(14.9218173737335,1.52949869726792,-5.40000000000017));
#6987=CARTESIAN_POINT('Ctrl Pts',(14.9218173737335,1.52949869726792,-5.64184495190772));
#6988=CARTESIAN_POINT('Ctrl Pts',(14.878362222875,1.52042329430726,-5.86043666394635));
#6989=CARTESIAN_POINT('Ctrl Pts',(14.7767372406336,1.47350926554022,-6.17195716963127));
#6990=CARTESIAN_POINT('Ctrl Pts',(14.72679675314,1.44456228442951,-6.283921842161));
#6991=CARTESIAN_POINT('Ctrl Pts',(14.6431597168732,1.37196398481899,-6.44438845994148));
#6992=CARTESIAN_POINT('Ctrl Pts',(14.6076612816015,1.33473519708193,-6.50471201785759));
#6993=CARTESIAN_POINT('Ctrl Pts',(14.5516340040473,1.25271252482688,-6.59358429611566));
#6994=CARTESIAN_POINT('Ctrl Pts',(14.52998811012,1.21362557581348,-6.62601218852708));
#6995=CARTESIAN_POINT('Ctrl Pts',(14.4933503892389,1.12102015798575,-6.68073387604062));
#6996=CARTESIAN_POINT('Ctrl Pts',(14.4794716805685,1.0678827785969,-6.70146852292256));
#6997=CARTESIAN_POINT('Ctrl Pts',(14.4715236912653,0.992105858174737,-6.71664584455103));
#6998=CARTESIAN_POINT('Ctrl Pts',(14.4704260950893,0.97323234974089,-6.71934847226449));
#6999=CARTESIAN_POINT('Ctrl Pts',(14.4701406802606,0.94496905677421,-6.72178626608945));
#7000=CARTESIAN_POINT('Ctrl Pts',(14.4702601920534,0.935720065910561,-6.72233139987149));
#7001=CARTESIAN_POINT('Ctrl Pts',(14.4708537923984,0.919300440232848,-6.72284943402956));
#7002=CARTESIAN_POINT('Ctrl Pts',(14.4712410709339,0.912140025436047,-6.72292390377946));
#7003=CARTESIAN_POINT('Ctrl Pts',(14.4723196862726,0.897181750084604,-6.7227618322019));
#7004=CARTESIAN_POINT('Ctrl Pts',(14.4730347808251,0.889392199566714,-6.72249669176142));
#7005=CARTESIAN_POINT('Ctrl Pts',(14.4752846293947,0.869222411914078,-6.7213395257757));
#7006=CARTESIAN_POINT('Ctrl Pts',(14.4770508675025,0.856900319812284,-6.72016983074935));
#7007=CARTESIAN_POINT('Ctrl Pts',(14.4853714578271,0.809366729266291,-6.71385351924497));
#7008=CARTESIAN_POINT('Ctrl Pts',(14.494586899508,0.775401281067768,-6.7054425711575));
#7009=CARTESIAN_POINT('Ctrl Pts',(14.523156515703,0.696775221383414,-6.67654393035395));
#7010=CARTESIAN_POINT('Ctrl Pts',(14.544734188021,0.655230493165221,-6.65279692783987));
#7011=CARTESIAN_POINT('Ctrl Pts',(14.5948269903088,0.578983579136178,-6.59228706282951));
#7012=CARTESIAN_POINT('Ctrl Pts',(14.6233215304011,0.545789913449315,-6.55507842195513));
#7013=CARTESIAN_POINT('Ctrl Pts',(14.6944102525794,0.476649143163476,-6.45279012089838));
#7014=CARTESIAN_POINT('Ctrl Pts',(14.7368113853167,0.447351414508809,-6.38325220661661));
#7015=CARTESIAN_POINT('Ctrl Pts',(14.8457502494488,0.385820016211535,-6.17344669420842));
#7016=CARTESIAN_POINT('Ctrl Pts',(14.9094634843265,0.368582651516137,-6.01059569961742));
#7017=CARTESIAN_POINT('Ctrl Pts',(14.9794262031917,0.354288858068015,-5.69012285335709));
#7018=CARTESIAN_POINT('Ctrl Pts',(14.9958514042718,0.352761478905205,-5.54690462051337));
#7019=CARTESIAN_POINT('Ctrl Pts',(14.9958514042718,0.352761478905205,-5.40000000000018));
#7020=CARTESIAN_POINT('',(14.9218173737336,1.52949869726797,3.));
#7021=CARTESIAN_POINT('',(14.9218173737336,1.52949869726793,-7.40000000000017));
#7022=CARTESIAN_POINT('',(14.9958514042719,0.352761478905164,3.));
#7023=CARTESIAN_POINT('Ctrl Pts',(14.9958514042719,0.352761478905192,3.));
#7024=CARTESIAN_POINT('Ctrl Pts',(14.9958514042719,0.352761478905192,3.10565605343006));
#7025=CARTESIAN_POINT('Ctrl Pts',(14.9874131861591,0.353609642801502,3.21321926522911));
#7026=CARTESIAN_POINT('Ctrl Pts',(14.9398600021832,0.36167549331378,3.50462837424022));
#7027=CARTESIAN_POINT('Ctrl Pts',(14.8864732984207,0.372683805958522,3.66920167867731));
#7028=CARTESIAN_POINT('Ctrl Pts',(14.7778048374131,0.421894653143599,3.91102175016846));
#7029=CARTESIAN_POINT('Ctrl Pts',(14.7297055891823,0.450389401793465,3.99578853461249));
#7030=CARTESIAN_POINT('Ctrl Pts',(14.650190673704,0.517482733075472,4.1181923468062));
#7031=CARTESIAN_POINT('Ctrl Pts',(14.6162363412286,0.552159843836606,4.16474641581281));
#7032=CARTESIAN_POINT('Ctrl Pts',(14.561616364197,0.627386127362757,4.23304513661114));
#7033=CARTESIAN_POINT('Ctrl Pts',(14.540101428512,0.663560671944174,4.25780281030087));
#7034=CARTESIAN_POINT('Ctrl Pts',(14.5036187754878,0.745599645211285,4.29692260056935));
#7035=CARTESIAN_POINT('Ctrl Pts',(14.4891992512544,0.79062678124911,4.31070649111199));
#7036=CARTESIAN_POINT('Ctrl Pts',(14.4778437608125,0.851748709826851,4.31961594449004));
#7037=CARTESIAN_POINT('Ctrl Pts',(14.4758221499175,0.865101325824811,4.32101104873136));
#7038=CARTESIAN_POINT('Ctrl Pts',(14.4733166596481,0.886564063891936,4.32237415998888));
#7039=CARTESIAN_POINT('Ctrl Pts',(14.4725427129549,0.894591825082927,4.32269101790769));
#7040=CARTESIAN_POINT('Ctrl Pts',(14.4713907040637,0.909741538802335,4.32292540053669));
#7041=CARTESIAN_POINT('Ctrl Pts',(14.4709770424073,0.916852691004275,4.3228856623177));
#7042=CARTESIAN_POINT('Ctrl Pts',(14.4703342955818,0.932798478136178,4.32246074825296));
#7043=CARTESIAN_POINT('Ctrl Pts',(14.4701737696424,0.941626441046749,4.32199527340072));
#7044=CARTESIAN_POINT('Ctrl Pts',(14.4702731019726,0.96744143594929,4.31996007923224));
#7045=CARTESIAN_POINT('Ctrl Pts',(14.4710608953262,0.984339049027473,4.31777223548773));
#7046=CARTESIAN_POINT('Ctrl Pts',(14.4774094349228,1.05601716391318,4.30484225416823));
#7047=CARTESIAN_POINT('Ctrl Pts',(14.4896277592909,1.1076172445446,4.28631126263275));
#7048=CARTESIAN_POINT('Ctrl Pts',(14.5229716091351,1.19860861300669,4.23647799546962));
#7049=CARTESIAN_POINT('Ctrl Pts',(14.5430561375207,1.23753533900348,4.20660589217609));
#7050=CARTESIAN_POINT('Ctrl Pts',(14.5940782422769,1.31724744647367,4.12678555422138));
#7051=CARTESIAN_POINT('Ctrl Pts',(14.6260103726301,1.35375312922683,4.07393732488759));
#7052=CARTESIAN_POINT('Ctrl Pts',(14.7030266078652,1.4268869972783,3.93244905999921));
#7053=CARTESIAN_POINT('Ctrl Pts',(14.7504891549153,1.45810128508656,3.83319918956752));
#7054=CARTESIAN_POINT('Ctrl Pts',(14.8659609464541,1.51829923273422,3.51885984214029));
#7055=CARTESIAN_POINT('Ctrl Pts',(14.9218173737336,1.52949869726797,3.27395542593047));
#7056=CARTESIAN_POINT('Ctrl Pts',(14.9218173737336,1.52949869726797,3.00000000000001));
#7057=CARTESIAN_POINT('',(14.9958514042718,0.3527614789052,-7.40000000000017));
#7058=CARTESIAN_POINT('Origin',(-14.3609530750645,-4.66615651076497,-7.40000000000017));
#7059=CARTESIAN_POINT('',(-14.0726501831926,-5.19235176211021,-5.40000000000018));
#7060=CARTESIAN_POINT('',(-14.4370009445798,-4.07099542203173,-5.40000000000018));
#7061=CARTESIAN_POINT('Ctrl Pts',(-14.0726501831926,-5.19235176211023,-5.40000000000017));
#7062=CARTESIAN_POINT('Ctrl Pts',(-14.0726501831926,-5.19235176211023,-5.64184495190765));
#7063=CARTESIAN_POINT('Ctrl Pts',(-14.0328172167451,-5.17275462305838,-5.86043666394629));
#7064=CARTESIAN_POINT('Ctrl Pts',(-13.9460520147164,-5.10204137940706,-6.17195716963164));
#7065=CARTESIAN_POINT('Ctrl Pts',(-13.9048793209378,-5.06158412673792,-6.28392184216126));
#7066=CARTESIAN_POINT('Ctrl Pts',(-13.8419243589017,-4.97046695109676,-6.44438845994145));
#7067=CARTESIAN_POINT('Ctrl Pts',(-13.8167995952726,-4.92557967232317,-6.50471201785757));
#7068=CARTESIAN_POINT('Ctrl Pts',(-13.7829307267778,-4.83220047581306,-6.59358429611562));
#7069=CARTESIAN_POINT('Ctrl Pts',(-13.771685407352,-4.78895840026043,-6.62601218852707));
#7070=CARTESIAN_POINT('Ctrl Pts',(-13.7592287587549,-4.69015092125127,-6.68073387604062));
#7071=CARTESIAN_POINT('Ctrl Pts',(-13.759000804123,-4.63523145585549,-6.70146852292256));
#7072=CARTESIAN_POINT('Ctrl Pts',(-13.7701474693085,-4.55985862216947,-6.71664584455101));
#7073=CARTESIAN_POINT('Ctrl Pts',(-13.7737780068175,-4.54130509863982,-6.71934847226449));
#7074=CARTESIAN_POINT('Ctrl Pts',(-13.7805303539594,-4.51385876921259,-6.72178626608945));
#7075=CARTESIAN_POINT('Ctrl Pts',(-13.7829462415637,-4.50493007377893,-6.72233139987149));
#7076=CARTESIAN_POINT('Ctrl Pts',(-13.7876045877194,-4.48917392323826,-6.72284943402956));
#7077=CARTESIAN_POINT('Ctrl Pts',(-13.7897604219354,-4.48233477829471,-6.72292390377946));
#7078=CARTESIAN_POINT('Ctrl Pts',(-13.7945251223991,-4.46811468539674,-6.7227618322019));
#7079=CARTESIAN_POINT('Ctrl Pts',(-13.7971549333806,-4.46074769471596,-6.72249669176143));
#7080=CARTESIAN_POINT('Ctrl Pts',(-13.8043501210357,-4.44177109261892,-6.7213395257757));
#7081=CARTESIAN_POINT('Ctrl Pts',(-13.8091252492199,-4.43027536725502,-6.72016983074936));
#7082=CARTESIAN_POINT('Ctrl Pts',(-13.8290055561684,-4.38630437853312,-6.71385351924497));
#7083=CARTESIAN_POINT('Ctrl Pts',(-13.8463783412829,-4.35569780449963,-6.7054425711575));
#7084=CARTESIAN_POINT('Ctrl Pts',(-13.8936038963603,-4.28664690169135,-6.67654393035396));
#7085=CARTESIAN_POINT('Ctrl Pts',(-13.9248354201968,-4.25177352639958,-6.65279692783987));
#7086=CARTESIAN_POINT('Ctrl Pts',(-13.992316301433,-4.19037962273175,-6.59228706282952));
#7087=CARTESIAN_POINT('Ctrl Pts',(-14.0281705621248,-4.16531510105169,-6.55507842195513));
#7088=CARTESIAN_POINT('Ctrl Pts',(-14.1142205117337,-4.1160255615026,-6.45279012089842));
#7089=CARTESIAN_POINT('Ctrl Pts',(-14.1625755837492,-4.09819300778446,-6.38325220661672));
#7090=CARTESIAN_POINT('Ctrl Pts',(-14.2833941696398,-4.06568672534187,-6.17344669420832));
#7091=CARTESIAN_POINT('Ctrl Pts',(-14.3493924943644,-4.06483574134834,-6.0105956996173));
#7092=CARTESIAN_POINT('Ctrl Pts',(-14.4207119276438,-4.06839003436618,-5.6901228533571));
#7093=CARTESIAN_POINT('Ctrl Pts',(-14.4370009445798,-4.07099542203169,-5.54690462051339));
#7094=CARTESIAN_POINT('Ctrl Pts',(-14.4370009445798,-4.07099542203169,-5.40000000000018));
#7095=CARTESIAN_POINT('',(-14.0726501831926,-5.19235176211029,3.));
#7096=CARTESIAN_POINT('',(-14.0726501831926,-5.19235176211025,-7.40000000000017));
#7097=CARTESIAN_POINT('',(-14.4370009445798,-4.07099542203166,3.));
#7098=CARTESIAN_POINT('Ctrl Pts',(-14.4370009445799,-4.0709954220317,3.));
#7099=CARTESIAN_POINT('Ctrl Pts',(-14.4370009445799,-4.0709954220317,3.10565605342981));
#7100=CARTESIAN_POINT('Ctrl Pts',(-14.4286168988223,-4.06971843978921,3.21321926522861));
#7101=CARTESIAN_POINT('Ctrl Pts',(-14.3805517901114,-4.06570489081828,3.50462837423983));
#7102=CARTESIAN_POINT('Ctrl Pts',(-14.3261046717894,-4.06309062374362,3.669201678677));
#7103=CARTESIAN_POINT('Ctrl Pts',(-14.2086119902784,-4.0837306743655,3.91102175016746));
#7104=CARTESIAN_POINT('Ctrl Pts',(-14.1549375125525,-4.09936841147297,3.99578853461177));
#7105=CARTESIAN_POINT('Ctrl Pts',(-14.0612352713752,-4.1445793270187,4.11819234680608));
#7106=CARTESIAN_POINT('Ctrl Pts',(-14.0197238299298,-4.16972289346648,4.16474641581269));
#7107=CARTESIAN_POINT('Ctrl Pts',(-13.9481118239538,-4.22900236903921,4.23304513661104));
#7108=CARTESIAN_POINT('Ctrl Pts',(-13.9182765761264,-4.25868987685443,4.2578028103008));
#7109=CARTESIAN_POINT('Ctrl Pts',(-13.8625378297289,-4.32907857805321,4.29692260056934));
#7110=CARTESIAN_POINT('Ctrl Pts',(-13.8373735279842,-4.36910511395874,4.31070649111198));
#7111=CARTESIAN_POINT('Ctrl Pts',(-13.8111743856346,-4.42548278911811,4.31961594449003));
#7112=CARTESIAN_POINT('Ctrl Pts',(-13.8058956267974,-4.4379131539454,4.32101104873135));
#7113=CARTESIAN_POINT('Ctrl Pts',(-13.798131285204,-4.45807851053655,4.32237415998888));
#7114=CARTESIAN_POINT('Ctrl Pts',(-13.7953852304446,-4.46566159213192,4.32269101790768));
#7115=CARTESIAN_POINT('Ctrl Pts',(-13.7905018334356,-4.48004885677534,4.32292540053669));
#7116=CARTESIAN_POINT('Ctrl Pts',(-13.7883326960821,-4.48683372558373,4.3228856623177));
#7117=CARTESIAN_POINT('Ctrl Pts',(-13.7837445863275,-4.50211870185506,4.32246074825296));
#7118=CARTESIAN_POINT('Ctrl Pts',(-13.7813936785055,-4.51062939689951,4.32199527340072));
#7119=CARTESIAN_POINT('Ctrl Pts',(-13.7750699619583,-4.53565806921278,4.31996007923224));
#7120=CARTESIAN_POINT('Ctrl Pts',(-13.7716307398454,-4.55222072894381,4.31777223548772));
#7121=CARTESIAN_POINT('Ctrl Pts',(-13.7599542060933,-4.62322576163952,4.30484225416822));
#7122=CARTESIAN_POINT('Ctrl Pts',(-13.7589562511035,-4.67624330456043,4.28631126263272));
#7123=CARTESIAN_POINT('Ctrl Pts',(-13.768623909434,-4.77266829011621,4.23647799546961));
#7124=CARTESIAN_POINT('Ctrl Pts',(-13.7783967623316,-4.81536688053252,4.2066058921761));
#7125=CARTESIAN_POINT('Ctrl Pts',(-13.8079923188314,-4.90526336704103,4.12678555422134));
#7126=CARTESIAN_POINT('Ctrl Pts',(-13.8298426484658,-4.94856335453572,4.0739373248875));
#7127=CARTESIAN_POINT('Ctrl Pts',(-13.8862516236543,-5.03855274648901,3.93244905999917));
#7128=CARTESIAN_POINT('Ctrl Pts',(-13.9244603697984,-5.08058983551715,3.83319918956747));
#7129=CARTESIAN_POINT('Ctrl Pts',(-14.0213337818601,-5.16761322075168,3.51885984214022));
#7130=CARTESIAN_POINT('Ctrl Pts',(-14.0726501831927,-5.1923517621103,3.27395542593036));
#7131=CARTESIAN_POINT('Ctrl Pts',(-14.0726501831927,-5.1923517621103,3.00000000000001));
#7132=CARTESIAN_POINT('',(-14.4370009445798,-4.07099542203169,-7.40000000000017));
#7133=CARTESIAN_POINT('Origin',(-8.87555711123218,-12.2161563420093,-7.40000000000017));
#7134=CARTESIAN_POINT('',(-8.33302536361334,-12.4723970546715,-5.40000000000018));
#7135=CARTESIAN_POINT('',(-9.28690804075179,-11.7793607230028,-5.40000000000018));
#7136=CARTESIAN_POINT('Ctrl Pts',(-8.33302536361331,-12.4723970546715,-5.40000000000017));
#7137=CARTESIAN_POINT('Ctrl Pts',(-8.33302536361331,-12.4723970546715,-5.64184495190763));
#7138=CARTESIAN_POINT('Ctrl Pts',(-8.31231872614268,-12.4331294059045,-5.86043666394622));
#7139=CARTESIAN_POINT('Ctrl Pts',(-8.28368840494112,-12.3249218838986,-6.17195716963141));
#7140=CARTESIAN_POINT('Ctrl Pts',(-8.27415917243721,-12.2679905767434,-6.2839218421611));
#7141=CARTESIAN_POINT('Ctrl Pts',(-8.27678487034216,-12.1572712349267,-6.44438845994144));
#7142=CARTESIAN_POINT('Ctrl Pts',(-8.28284259006531,-12.1061886980391,-6.50471201785757));
#7143=CARTESIAN_POINT('Ctrl Pts',(-8.31032901445231,-12.0107357197283,-6.59358429611566));
#7144=CARTESIAN_POINT('Ctrl Pts',(-8.32664841421803,-11.9691423128183,-6.62601218852708));
#7145=CARTESIAN_POINT('Ctrl Pts',(-8.37464835278775,-11.8818835487902,-6.68073387604064));
#7146=CARTESIAN_POINT('Ctrl Pts',(-8.40674478543999,-11.8373187795922,-6.70146852292258));
#7147=CARTESIAN_POINT('Ctrl Pts',(-8.46006566706991,-11.7828927216343,-6.71664584455104));
#7148=CARTESIAN_POINT('Ctrl Pts',(-8.47390832112217,-11.7700165821989,-6.71934847226452));
#7149=CARTESIAN_POINT('Ctrl Pts',(-8.49550363237875,-11.7517809653274,-6.72178626608948));
#7150=CARTESIAN_POINT('Ctrl Pts',(-8.50270628200523,-11.745977522089,-6.72233139987152));
#7151=CARTESIAN_POINT('Ctrl Pts',(-8.51573619613142,-11.7359686357062,-6.72284943402958));
#7152=CARTESIAN_POINT('Ctrl Pts',(-8.5215002511854,-11.7317028187784,-6.72292390377949));
#7153=CARTESIAN_POINT('Ctrl Pts',(-8.53371333572543,-11.7229991426264,-6.72276183220192));
#7154=CARTESIAN_POINT('Ctrl Pts',(-8.5401711059774,-11.7185848860795,-6.72249669176145));
#7155=CARTESIAN_POINT('Ctrl Pts',(-8.5571463019193,-11.7074617176786,-6.72133952577572));
#7156=CARTESIAN_POINT('Ctrl Pts',(-8.56776647960399,-11.7009682304211,-6.72016983074939));
#7157=CARTESIAN_POINT('Ctrl Pts',(-8.60969548447817,-11.677080304521,-6.713853519245));
#7158=CARTESIAN_POINT('Ctrl Pts',(-8.64174045571549,-11.6625305328698,-6.70544257115752));
#7159=CARTESIAN_POINT('Ctrl Pts',(-8.72053383467014,-11.6344256638268,-6.67654393035397));
#7160=CARTESIAN_POINT('Ctrl Pts',(-8.76629872390823,-11.6245699396823,-6.65279692783987));
#7161=CARTESIAN_POINT('Ctrl Pts',(-8.85697833478035,-11.6145654950664,-6.59228706282952));
#7162=CARTESIAN_POINT('Ctrl Pts',(-8.90071759720005,-11.6153624767378,-6.55507842195513));
#7163=CARTESIAN_POINT('Ctrl Pts',(-8.99930513323799,-11.6260652929383,-6.4527901208984));
#7164=CARTESIAN_POINT('Ctrl Pts',(-9.04890692034895,-11.6400608521314,-6.38325220661671));
#7165=CARTESIAN_POINT('Ctrl Pts',(-9.16575792299743,-11.6847781002007,-6.17344669420825));
#7166=CARTESIAN_POINT('Ctrl Pts',(-9.21965188514126,-11.7228824816372,-6.01059569961718));
#7167=CARTESIAN_POINT('Ctrl Pts',(-9.27526135767523,-11.7676784761751,-5.69012285335701));
#7168=CARTESIAN_POINT('Ctrl Pts',(-9.28690804075181,-11.7793607230027,-5.54690462051332));
#7169=CARTESIAN_POINT('Ctrl Pts',(-9.28690804075181,-11.7793607230027,-5.40000000000018));
#7170=CARTESIAN_POINT('',(-8.3330253636133,-12.4723970546715,3.));
#7171=CARTESIAN_POINT('',(-8.33302536361332,-12.4723970546715,-7.40000000000017));
#7172=CARTESIAN_POINT('',(-9.28690804075187,-11.7793607230028,3.));
#7173=CARTESIAN_POINT('Ctrl Pts',(-9.28690804075188,-11.7793607230028,3.));
#7174=CARTESIAN_POINT('Ctrl Pts',(-9.28690804075188,-11.7793607230028,3.10565605342967));
#7175=CARTESIAN_POINT('Ctrl Pts',(-9.28087579658196,-11.7733996042163,3.21321926522835));
#7176=CARTESIAN_POINT('Ctrl Pts',(-9.24434941169294,-11.741900612841,3.50462837423958));
#7177=CARTESIAN_POINT('Ctrl Pts',(-9.20183739530767,-11.7077824131702,3.6692016786768));
#7178=CARTESIAN_POINT('Ctrl Pts',(-9.09465190188836,-11.6554200994435,3.91102175016764));
#7179=CARTESIAN_POINT('Ctrl Pts',(-9.04203670599289,-11.6365222280853,3.99578853461188));
#7180=CARTESIAN_POINT('Ctrl Pts',(-8.93965569106923,-11.6180218316223,4.118192346806));
#7181=CARTESIAN_POINT('Ctrl Pts',(-8.89129321193086,-11.6139635910947,4.16474641581264));
#7182=CARTESIAN_POINT('Ctrl Pts',(-8.79851428058963,-11.6198292132509,4.23304513661104));
#7183=CARTESIAN_POINT('Ctrl Pts',(-8.75692717879477,-11.6263101929226,4.25780281030079));
#7184=CARTESIAN_POINT('Ctrl Pts',(-8.67046014522136,-11.6504934352907,4.29692260056933));
#7185=CARTESIAN_POINT('Ctrl Pts',(-8.62657478995273,-11.6680843776145,4.310706491112));
#7186=CARTESIAN_POINT('Ctrl Pts',(-8.57224127253655,-11.698295405426,4.31961594449006));
#7187=CARTESIAN_POINT('Ctrl Pts',(-8.56066428180196,-11.7052490052226,4.32101104873138));
#7188=CARTESIAN_POINT('Ctrl Pts',(-8.54252989829126,-11.7169993559201,4.3223741599889));
#7189=CARTESIAN_POINT('Ctrl Pts',(-8.53585106979471,-11.7215201073109,4.32269101790771));
#7190=CARTESIAN_POINT('Ctrl Pts',(-8.52344369664595,-11.7302892601671,4.32292540053671));
#7191=CARTESIAN_POINT('Ctrl Pts',(-8.51770078183947,-11.734503347391,4.32288566231772));
#7192=CARTESIAN_POINT('Ctrl Pts',(-8.50500463944213,-11.7441723297035,4.32246074825299));
#7193=CARTESIAN_POINT('Ctrl Pts',(-8.4981002540281,-11.7496757976811,4.32199527340076));
#7194=CARTESIAN_POINT('Ctrl Pts',(-8.47827277540352,-11.7662074316031,4.31996007923227));
#7195=CARTESIAN_POINT('Ctrl Pts',(-8.46575509913804,-11.7775853807602,4.31777223548774));
#7196=CARTESIAN_POINT('Ctrl Pts',(-8.41457287384018,-11.8281663645598,4.30484225416825));
#7197=CARTESIAN_POINT('Ctrl Pts',(-8.38260258145209,-11.8704718745574,4.28631126263275));
#7198=CARTESIAN_POINT('Ctrl Pts',(-8.33374669687504,-11.9541638335452,4.23647799546963));
#7199=CARTESIAN_POINT('Ctrl Pts',(-8.31655549921238,-11.9944520576339,4.20660589217612));
#7200=CARTESIAN_POINT('Ctrl Pts',(-8.28765897837612,-12.0845756745979,4.12678555422136));
#7201=CARTESIAN_POINT('Ctrl Pts',(-8.27988517230916,-12.1324494018541,4.07393732488751));
#7202=CARTESIAN_POINT('Ctrl Pts',(-8.27262655441908,-12.2384087129706,3.93244905999921));
#7203=CARTESIAN_POINT('Ctrl Pts',(-8.27882929840331,-12.2948759698804,3.83319918956752));
#7204=CARTESIAN_POINT('Ctrl Pts',(-8.30605047261894,-12.4222201303924,3.51885984214019));
#7205=CARTESIAN_POINT('Ctrl Pts',(-8.33302536361333,-12.4723970546716,3.27395542593032));
#7206=CARTESIAN_POINT('Ctrl Pts',(-8.33302536361333,-12.4723970546716,3.00000000000001));
#7207=CARTESIAN_POINT('',(-9.28690804075183,-11.7793607230028,-7.40000000000017));
#7208=CARTESIAN_POINT('Origin',(-12.7493513901102,-8.09098442333524,-7.40000000000017));
#7209=CARTESIAN_POINT('',(-12.3392466260547,-8.52895026960517,-5.40000000000018));
#7210=CARTESIAN_POINT('',(-12.9710206199644,-7.53343375071811,-5.40000000000018));
#7211=CARTESIAN_POINT('Ctrl Pts',(-12.3392466260547,-8.5289502696052,-5.40000000000017));
#7212=CARTESIAN_POINT('Ctrl Pts',(-12.3392466260547,-8.5289502696052,-5.64184495190776));
#7213=CARTESIAN_POINT('Ctrl Pts',(-12.3055386957953,-8.50006275478196,-5.86043666394636));
#7214=CARTESIAN_POINT('Ctrl Pts',(-12.2390850507232,-8.40999346941034,-6.17195716963112));
#7215=CARTESIAN_POINT('Ctrl Pts',(-12.2092671824322,-8.3605680231595,-6.28392184216089));
#7216=CARTESIAN_POINT('Ctrl Pts',(-12.1709499864234,-8.25665719873843,-6.44438845994144));
#7217=CARTESIAN_POINT('Ctrl Pts',(-12.1577775757384,-8.20693186173751,-6.50471201785755));
#7218=CARTESIAN_POINT('Ctrl Pts',(-12.1481952218715,-8.10806349931377,-6.59358429611557));
#7219=CARTESIAN_POINT('Ctrl Pts',(-12.1480570617241,-8.06338335586208,-6.62601218852705));
#7220=CARTESIAN_POINT('Ctrl Pts',(-12.1605641824546,-7.96458225296613,-6.68073387604063));
#7221=CARTESIAN_POINT('Ctrl Pts',(-12.1740013050891,-7.9113314935539,-6.70146852292257));
#7222=CARTESIAN_POINT('Ctrl Pts',(-12.2035422387952,-7.84109869894633,-6.71664584455102));
#7223=CARTESIAN_POINT('Ctrl Pts',(-12.2116727899654,-7.82403094643936,-6.71934847226451));
#7224=CARTESIAN_POINT('Ctrl Pts',(-12.2250386242734,-7.79912613437023,-6.72178626608947));
#7225=CARTESIAN_POINT('Ctrl Pts',(-12.229599088586,-7.79107875713801,-6.72233139987151));
#7226=CARTESIAN_POINT('Ctrl Pts',(-12.2380294795313,-7.77697609861985,-6.72284943402959));
#7227=CARTESIAN_POINT('Ctrl Pts',(-12.2418184104354,-7.77088795215896,-6.72292390377948));
#7228=CARTESIAN_POINT('Ctrl Pts',(-12.2499698123707,-7.75829954244898,-6.72276183220191));
#7229=CARTESIAN_POINT('Ctrl Pts',(-12.2543490990855,-7.75181800672359,-6.72249669176144));
#7230=CARTESIAN_POINT('Ctrl Pts',(-12.2660375257236,-7.73522695988313,-6.72133952577572));
#7231=CARTESIAN_POINT('Ctrl Pts',(-12.2735215051187,-7.72527991996004,-6.72016983074938));
#7232=CARTESIAN_POINT('Ctrl Pts',(-12.3037123758909,-7.68763439199765,-6.71385351924499));
#7233=CARTESIAN_POINT('Ctrl Pts',(-12.3281509084576,-7.66230981573884,-6.70544257115753));
#7234=CARTESIAN_POINT('Ctrl Pts',(-12.3910650471086,-7.60717279198148,-6.67654393035397));
#7235=CARTESIAN_POINT('Ctrl Pts',(-12.4299880309593,-7.58116199204103,-6.65279692783987));
#7236=CARTESIAN_POINT('Ctrl Pts',(-12.5106169191986,-7.53847870349286,-6.59228706282953));
#7237=CARTESIAN_POINT('Ctrl Pts',(-12.5515780454278,-7.52311822189762,-6.55507842195515));
#7238=CARTESIAN_POINT('Ctrl Pts',(-12.6471823876639,-7.49677695612936,-6.45279012089841));
#7239=CARTESIAN_POINT('Ctrl Pts',(-12.6984530719452,-7.49153006228142,-6.38325220661669));
#7240=CARTESIAN_POINT('Ctrl Pts',(-12.823559903503,-7.4900913849692,-6.17344669420832));
#7241=CARTESIAN_POINT('Ctrl Pts',(-12.8876964006074,-7.50568025213152,-6.01059569961728));
#7242=CARTESIAN_POINT('Ctrl Pts',(-12.9558912860134,-7.52685930231322,-5.69012285335689));
#7243=CARTESIAN_POINT('Ctrl Pts',(-12.9710206199644,-7.53343375071808,-5.54690462051327));
#7244=CARTESIAN_POINT('Ctrl Pts',(-12.9710206199644,-7.53343375071808,-5.40000000000018));
#7245=CARTESIAN_POINT('',(-12.3392466260547,-8.52895026960525,3.));
#7246=CARTESIAN_POINT('',(-12.3392466260547,-8.52895026960521,-7.40000000000017));
#7247=CARTESIAN_POINT('',(-12.9710206199645,-7.53343375071807,3.));
#7248=CARTESIAN_POINT('Ctrl Pts',(-12.9710206199645,-7.53343375071812,3.));
#7249=CARTESIAN_POINT('Ctrl Pts',(-12.9710206199645,-7.53343375071812,3.10565605342971));
#7250=CARTESIAN_POINT('Ctrl Pts',(-12.9632175469914,-7.53011185982754,3.21321926522845));
#7251=CARTESIAN_POINT('Ctrl Pts',(-12.917660621097,-7.51427109741607,3.50462837423973));
#7252=CARTESIAN_POINT('Ctrl Pts',(-12.865574200902,-7.49819851463689,3.66920167867692));
#7253=CARTESIAN_POINT('Ctrl Pts',(-12.7466397961743,-7.48897087840641,3.91102175016753));
#7254=CARTESIAN_POINT('Ctrl Pts',(-12.6907626537899,-7.4907690274376,3.99578853461181));
#7255=CARTESIAN_POINT('Ctrl Pts',(-12.58876074334,-7.51125675914891,4.118192346806));
#7256=CARTESIAN_POINT('Ctrl Pts',(-12.542300509459,-7.52528691853182,4.16474641581265));
#7257=CARTESIAN_POINT('Ctrl Pts',(-12.4581961202445,-7.56489483868629,4.23304513661104));
#7258=CARTESIAN_POINT('Ctrl Pts',(-12.4219152186221,-7.58622993443624,4.25780281030079));
#7259=CARTESIAN_POINT('Ctrl Pts',(-12.3504226492802,-7.64054558259876,4.29692260056933));
#7260=CARTESIAN_POINT('Ctrl Pts',(-12.3160947356508,-7.67305650391372,4.310706491112));
#7261=CARTESIAN_POINT('Ctrl Pts',(-12.2766981298609,-7.72114750898205,4.31961594449006));
#7262=CARTESIAN_POINT('Ctrl Pts',(-12.2684939069132,-7.73187457710081,4.32101104873137));
#7263=CARTESIAN_POINT('Ctrl Pts',(-12.2559585761333,-7.74947548869834,4.32237415998889));
#7264=CARTESIAN_POINT('Ctrl Pts',(-12.2514129580275,-7.75613741779281,4.3226910179077));
#7265=CARTESIAN_POINT('Ctrl Pts',(-12.2431050146947,-7.76885822861,4.32292540053671));
#7266=CARTESIAN_POINT('Ctrl Pts',(-12.2393166965215,-7.77489049576458,4.32288566231772));
#7267=CARTESIAN_POINT('Ctrl Pts',(-12.2310715116476,-7.78855424990202,4.32246074825298));
#7268=CARTESIAN_POINT('Ctrl Pts',(-12.2266779381276,-7.79621291881057,4.32199527340075));
#7269=CARTESIAN_POINT('Ctrl Pts',(-12.2143285150707,-7.81888262500412,4.31996007923226));
#7270=CARTESIAN_POINT('Ctrl Pts',(-12.2068783764651,-7.83406963856391,4.31777223548773));
#7271=CARTESIAN_POINT('Ctrl Pts',(-12.1779104489233,-7.89994008172702,4.30484225416824));
#7272=CARTESIAN_POINT('Ctrl Pts',(-12.1637589197578,-7.95104379973079,4.28631126263276));
#7273=CARTESIAN_POINT('Ctrl Pts',(-12.1491429320465,-8.04684366591158,4.23647799546963));
#7274=CARTESIAN_POINT('Ctrl Pts',(-12.1479900451666,-8.09063121127715,4.20660589217612));
#7275=CARTESIAN_POINT('Ctrl Pts',(-12.1542994557503,-8.18506354996041,4.12678555422138));
#7276=CARTESIAN_POINT('Ctrl Pts',(-12.1646950480949,-8.23243714473613,4.07393732488756));
#7277=CARTESIAN_POINT('Ctrl Pts',(-12.1969523798682,-8.3336276961371,3.93244905999913));
#7278=CARTESIAN_POINT('Ctrl Pts',(-12.223506529064,-8.38384624147988,3.8331991895674));
#7279=CARTESIAN_POINT('Ctrl Pts',(-12.2956946488934,-8.49222706495732,3.51885984214029));
#7280=CARTESIAN_POINT('Ctrl Pts',(-12.3392466260547,-8.52895026960528,3.27395542593045));
#7281=CARTESIAN_POINT('Ctrl Pts',(-12.3392466260547,-8.52895026960528,3.00000000000001));
#7282=CARTESIAN_POINT('',(-12.9710206199644,-7.53343375071809,-7.40000000000017));
#7283=CARTESIAN_POINT('Origin',(14.3609530750645,4.66615651076499,-7.40000000000017));
#7284=CARTESIAN_POINT('',(14.0726501831926,5.19235176211022,-5.40000000000018));
#7285=CARTESIAN_POINT('',(14.4370009445798,4.07099542203174,-5.40000000000018));
#7286=CARTESIAN_POINT('Ctrl Pts',(14.0726501831926,5.19235176211025,-5.40000000000017));
#7287=CARTESIAN_POINT('Ctrl Pts',(14.0726501831926,5.19235176211025,-5.64184495190752));
#7288=CARTESIAN_POINT('Ctrl Pts',(14.0328172167451,5.17275462305841,-5.86043666394601));
#7289=CARTESIAN_POINT('Ctrl Pts',(13.9460520147165,5.10204137940719,-6.17195716963128));
#7290=CARTESIAN_POINT('Ctrl Pts',(13.9048793209379,5.06158412673806,-6.28392184216097));
#7291=CARTESIAN_POINT('Ctrl Pts',(13.8419243589017,4.97046695109691,-6.44438845994126));
#7292=CARTESIAN_POINT('Ctrl Pts',(13.8167995952727,4.92557967232331,-6.50471201785742));
#7293=CARTESIAN_POINT('Ctrl Pts',(13.7829307267779,4.83220047581319,-6.59358429611553));
#7294=CARTESIAN_POINT('Ctrl Pts',(13.7716854073521,4.78895840026055,-6.62601218852699));
#7295=CARTESIAN_POINT('Ctrl Pts',(13.7592287587549,4.6901509212514,-6.68073387604057));
#7296=CARTESIAN_POINT('Ctrl Pts',(13.7590008041229,4.63523145585562,-6.70146852292252));
#7297=CARTESIAN_POINT('Ctrl Pts',(13.7701474693085,4.55985862216949,-6.71664584455101));
#7298=CARTESIAN_POINT('Ctrl Pts',(13.7737780068175,4.54130509863986,-6.71934847226448));
#7299=CARTESIAN_POINT('Ctrl Pts',(13.7805303539594,4.51385876921263,-6.72178626608944));
#7300=CARTESIAN_POINT('Ctrl Pts',(13.7829462415637,4.50493007377897,-6.72233139987148));
#7301=CARTESIAN_POINT('Ctrl Pts',(13.7876045877193,4.48917392323852,-6.72284943402954));
#7302=CARTESIAN_POINT('Ctrl Pts',(13.7897604219353,4.48233477829486,-6.72292390377945));
#7303=CARTESIAN_POINT('Ctrl Pts',(13.7945251223991,4.46811468539671,-6.72276183220189));
#7304=CARTESIAN_POINT('Ctrl Pts',(13.7971549333806,4.46074769471586,-6.72249669176141));
#7305=CARTESIAN_POINT('Ctrl Pts',(13.8043501210357,4.44177109261894,-6.72133952577569));
#7306=CARTESIAN_POINT('Ctrl Pts',(13.8091252492199,4.43027536725504,-6.72016983074935));
#7307=CARTESIAN_POINT('Ctrl Pts',(13.8290055561684,4.38630437853319,-6.71385351924497));
#7308=CARTESIAN_POINT('Ctrl Pts',(13.8463783412829,4.35569780449972,-6.70544257115751));
#7309=CARTESIAN_POINT('Ctrl Pts',(13.8936038963603,4.28664690169142,-6.67654393035398));
#7310=CARTESIAN_POINT('Ctrl Pts',(13.9248354201968,4.25177352639964,-6.65279692783989));
#7311=CARTESIAN_POINT('Ctrl Pts',(13.992316301433,4.19037962273183,-6.59228706282957));
#7312=CARTESIAN_POINT('Ctrl Pts',(14.0281705621247,4.16531510105177,-6.55507842195522));
#7313=CARTESIAN_POINT('Ctrl Pts',(14.1142205117336,4.11602556150265,-6.45279012089851));
#7314=CARTESIAN_POINT('Ctrl Pts',(14.1625755837491,4.09819300778451,-6.38325220661684));
#7315=CARTESIAN_POINT('Ctrl Pts',(14.2833941696396,4.06568672534191,-6.1734466942086));
#7316=CARTESIAN_POINT('Ctrl Pts',(14.3493924943643,4.06483574134836,-6.01059569961771));
#7317=CARTESIAN_POINT('Ctrl Pts',(14.4207119276437,4.06839003436618,-5.6901228533574));
#7318=CARTESIAN_POINT('Ctrl Pts',(14.4370009445798,4.0709954220317,-5.54690462051352));
#7319=CARTESIAN_POINT('Ctrl Pts',(14.4370009445798,4.0709954220317,-5.40000000000018));
#7320=CARTESIAN_POINT('',(14.0726501831926,5.1923517621103,3.));
#7321=CARTESIAN_POINT('',(14.0726501831926,5.19235176211026,-7.40000000000017));
#7322=CARTESIAN_POINT('',(14.4370009445798,4.07099542203168,3.));
#7323=CARTESIAN_POINT('Ctrl Pts',(14.4370009445799,4.07099542203172,3.));
#7324=CARTESIAN_POINT('Ctrl Pts',(14.4370009445799,4.07099542203172,3.10565605342949));
#7325=CARTESIAN_POINT('Ctrl Pts',(14.4286168988223,4.06971843978923,3.21321926522799));
#7326=CARTESIAN_POINT('Ctrl Pts',(14.3805517901116,4.0657048908183,3.50462837423909));
#7327=CARTESIAN_POINT('Ctrl Pts',(14.3261046717896,4.06309062374362,3.6692016786764));
#7328=CARTESIAN_POINT('Ctrl Pts',(14.2086119902786,4.08373067436545,3.91102175016698));
#7329=CARTESIAN_POINT('Ctrl Pts',(14.1549375125527,4.09936841147289,3.99578853461139));
#7330=CARTESIAN_POINT('Ctrl Pts',(14.0612352713754,4.14457932701862,4.11819234680586));
#7331=CARTESIAN_POINT('Ctrl Pts',(14.01972382993,4.16972289346638,4.16474641581251));
#7332=CARTESIAN_POINT('Ctrl Pts',(13.9481118239539,4.22900236903912,4.23304513661094));
#7333=CARTESIAN_POINT('Ctrl Pts',(13.9182765761265,4.25868987685433,4.2578028103007));
#7334=CARTESIAN_POINT('Ctrl Pts',(13.8625378297289,4.32907857805311,4.29692260056929));
#7335=CARTESIAN_POINT('Ctrl Pts',(13.8373735279843,4.36910511395867,4.31070649111196));
#7336=CARTESIAN_POINT('Ctrl Pts',(13.8111743856346,4.42548278911815,4.31961594449003));
#7337=CARTESIAN_POINT('Ctrl Pts',(13.8058956267974,4.43791315394542,4.32101104873135));
#7338=CARTESIAN_POINT('Ctrl Pts',(13.798131285204,4.45807851053648,4.32237415998887));
#7339=CARTESIAN_POINT('Ctrl Pts',(13.7953852304446,4.46566159213189,4.32269101790768));
#7340=CARTESIAN_POINT('Ctrl Pts',(13.7905018334356,4.48004885677544,4.32292540053668));
#7341=CARTESIAN_POINT('Ctrl Pts',(13.788332696082,4.48683372558392,4.32288566231769));
#7342=CARTESIAN_POINT('Ctrl Pts',(13.7837445863275,4.50211870185501,4.32246074825296));
#7343=CARTESIAN_POINT('Ctrl Pts',(13.7813936785055,4.51062939689942,4.32199527340073));
#7344=CARTESIAN_POINT('Ctrl Pts',(13.7750699619583,4.53565806921281,4.31996007923224));
#7345=CARTESIAN_POINT('Ctrl Pts',(13.7716307398454,4.55222072894386,4.31777223548771));
#7346=CARTESIAN_POINT('Ctrl Pts',(13.7599542060933,4.62322576163951,4.30484225416822));
#7347=CARTESIAN_POINT('Ctrl Pts',(13.7589562511035,4.67624330456042,4.28631126263272));
#7348=CARTESIAN_POINT('Ctrl Pts',(13.768623909434,4.77266829011621,4.23647799546961));
#7349=CARTESIAN_POINT('Ctrl Pts',(13.7783967623316,4.81536688053252,4.20660589217611));
#7350=CARTESIAN_POINT('Ctrl Pts',(13.8079923188314,4.90526336704104,4.12678555422134));
#7351=CARTESIAN_POINT('Ctrl Pts',(13.8298426484658,4.94856335453574,4.07393732488748));
#7352=CARTESIAN_POINT('Ctrl Pts',(13.8862516236544,5.0385527464891,3.93244905999904));
#7353=CARTESIAN_POINT('Ctrl Pts',(13.9244603697984,5.08058983551721,3.83319918956728));
#7354=CARTESIAN_POINT('Ctrl Pts',(14.0213337818601,5.16761322075168,3.51885984214026));
#7355=CARTESIAN_POINT('Ctrl Pts',(14.0726501831927,5.19235176211032,3.2739554259304));
#7356=CARTESIAN_POINT('Ctrl Pts',(14.0726501831927,5.19235176211032,3.00000000000001));
#7357=CARTESIAN_POINT('',(14.4370009445798,4.07099542203171,-7.40000000000017));
#7358=CARTESIAN_POINT('Origin',(12.7493513901102,8.09098442333526,-7.40000000000017));
#7359=CARTESIAN_POINT('',(12.3392466260547,8.52895026960518,-5.40000000000018));
#7360=CARTESIAN_POINT('',(12.9710206199644,7.53343375071813,-5.40000000000018));
#7361=CARTESIAN_POINT('Ctrl Pts',(12.3392466260547,8.52895026960521,-5.40000000000017));
#7362=CARTESIAN_POINT('Ctrl Pts',(12.3392466260547,8.52895026960521,-5.64184495190787));
#7363=CARTESIAN_POINT('Ctrl Pts',(12.3055386957953,8.50006275478194,-5.86043666394655));
#7364=CARTESIAN_POINT('Ctrl Pts',(12.2390850507232,8.40999346941027,-6.17195716963132));
#7365=CARTESIAN_POINT('Ctrl Pts',(12.2092671824322,8.36056802315942,-6.28392184216105));
#7366=CARTESIAN_POINT('Ctrl Pts',(12.1709499864234,8.25665719873836,-6.44438845994155));
#7367=CARTESIAN_POINT('Ctrl Pts',(12.1577775757384,8.20693186173743,-6.50471201785763));
#7368=CARTESIAN_POINT('Ctrl Pts',(12.1481952218715,8.10806349931369,-6.59358429611563));
#7369=CARTESIAN_POINT('Ctrl Pts',(12.1480570617241,8.06338335586201,-6.62601218852709));
#7370=CARTESIAN_POINT('Ctrl Pts',(12.1605641824547,7.96458225296607,-6.68073387604065));
#7371=CARTESIAN_POINT('Ctrl Pts',(12.1740013050891,7.91133149355384,-6.70146852292258));
#7372=CARTESIAN_POINT('Ctrl Pts',(12.2035422387953,7.84109869894627,-6.71664584455102));
#7373=CARTESIAN_POINT('Ctrl Pts',(12.2116727899654,7.82403094643933,-6.7193484722645));
#7374=CARTESIAN_POINT('Ctrl Pts',(12.2250386242735,7.79912613437012,-6.72178626608946));
#7375=CARTESIAN_POINT('Ctrl Pts',(12.2295990885861,7.79107875713796,-6.7223313998715));
#7376=CARTESIAN_POINT('Ctrl Pts',(12.2380294795312,7.77697609862007,-6.72284943402956));
#7377=CARTESIAN_POINT('Ctrl Pts',(12.2418184104354,7.77088795215907,-6.72292390377946));
#7378=CARTESIAN_POINT('Ctrl Pts',(12.2499698123708,7.75829954244895,-6.7227618322019));
#7379=CARTESIAN_POINT('Ctrl Pts',(12.2543490990856,7.75181800672352,-6.72249669176142));
#7380=CARTESIAN_POINT('Ctrl Pts',(12.2660375257236,7.73522695988314,-6.7213395257757));
#7381=CARTESIAN_POINT('Ctrl Pts',(12.2735215051187,7.72527991996007,-6.72016983074937));
#7382=CARTESIAN_POINT('Ctrl Pts',(12.3037123758909,7.68763439199762,-6.71385351924497));
#7383=CARTESIAN_POINT('Ctrl Pts',(12.3281509084576,7.66230981573878,-6.70544257115748));
#7384=CARTESIAN_POINT('Ctrl Pts',(12.3910650471087,7.60717279198143,-6.6765439303539));
#7385=CARTESIAN_POINT('Ctrl Pts',(12.4299880309594,7.58116199204099,-6.65279692783979));
#7386=CARTESIAN_POINT('Ctrl Pts',(12.5106169191987,7.53847870349283,-6.59228706282943));
#7387=CARTESIAN_POINT('Ctrl Pts',(12.551578045428,7.5231182218976,-6.55507842195501));
#7388=CARTESIAN_POINT('Ctrl Pts',(12.647182387664,7.49677695612935,-6.45279012089823));
#7389=CARTESIAN_POINT('Ctrl Pts',(12.6984530719454,7.49153006228144,-6.38325220661647));
#7390=CARTESIAN_POINT('Ctrl Pts',(12.8235599035032,7.49009138496924,-6.17344669420789));
#7391=CARTESIAN_POINT('Ctrl Pts',(12.8876964006076,7.5056802521316,-6.01059569961665));
#7392=CARTESIAN_POINT('Ctrl Pts',(12.9558912860135,7.52685930231327,-5.69012285335637));
#7393=CARTESIAN_POINT('Ctrl Pts',(12.9710206199644,7.5334337507181,-5.546904620513));
#7394=CARTESIAN_POINT('Ctrl Pts',(12.9710206199644,7.5334337507181,-5.40000000000018));
#7395=CARTESIAN_POINT('',(12.3392466260547,8.52895026960526,3.));
#7396=CARTESIAN_POINT('',(12.3392466260547,8.52895026960522,-7.40000000000017));
#7397=CARTESIAN_POINT('',(12.9710206199645,7.53343375071808,3.));
#7398=CARTESIAN_POINT('Ctrl Pts',(12.9710206199645,7.53343375071814,3.));
#7399=CARTESIAN_POINT('Ctrl Pts',(12.9710206199645,7.53343375071814,3.10565605343016));
#7400=CARTESIAN_POINT('Ctrl Pts',(12.9632175469913,7.53011185982753,3.21321926522929));
#7401=CARTESIAN_POINT('Ctrl Pts',(12.9176606210967,7.51427109741602,3.50462837424065));
#7402=CARTESIAN_POINT('Ctrl Pts',(12.8655742009017,7.49819851463686,3.66920167867766));
#7403=CARTESIAN_POINT('Ctrl Pts',(12.7466397961741,7.48897087840644,3.9110217501679));
#7404=CARTESIAN_POINT('Ctrl Pts',(12.6907626537897,7.49076902743763,3.99578853461213));
#7405=CARTESIAN_POINT('Ctrl Pts',(12.5887607433397,7.51125675914901,4.11819234680631));
#7406=CARTESIAN_POINT('Ctrl Pts',(12.5423005094587,7.52528691853195,4.16474641581289));
#7407=CARTESIAN_POINT('Ctrl Pts',(12.4581961202443,7.56489483868642,4.23304513661117));
#7408=CARTESIAN_POINT('Ctrl Pts',(12.4219152186219,7.58622993443639,4.2578028103009));
#7409=CARTESIAN_POINT('Ctrl Pts',(12.3504226492801,7.64054558259891,4.29692260056938));
#7410=CARTESIAN_POINT('Ctrl Pts',(12.3160947356508,7.67305650391384,4.31070649111201));
#7411=CARTESIAN_POINT('Ctrl Pts',(12.2766981298609,7.72114750898206,4.31961594449005));
#7412=CARTESIAN_POINT('Ctrl Pts',(12.2684939069132,7.73187457710083,4.32101104873136));
#7413=CARTESIAN_POINT('Ctrl Pts',(12.2559585761333,7.74947548869832,4.32237415998888));
#7414=CARTESIAN_POINT('Ctrl Pts',(12.2514129580275,7.75613741779281,4.32269101790769));
#7415=CARTESIAN_POINT('Ctrl Pts',(12.2431050146947,7.76885822861011,4.3229254005367));
#7416=CARTESIAN_POINT('Ctrl Pts',(12.2393166965214,7.77489049576477,4.3228856623177));
#7417=CARTESIAN_POINT('Ctrl Pts',(12.2310715116476,7.78855424990205,4.32246074825297));
#7418=CARTESIAN_POINT('Ctrl Pts',(12.2266779381276,7.79621291881059,4.32199527340074));
#7419=CARTESIAN_POINT('Ctrl Pts',(12.2143285150708,7.81888262500408,4.31996007923225));
#7420=CARTESIAN_POINT('Ctrl Pts',(12.2068783764651,7.83406963856381,4.31777223548775));
#7421=CARTESIAN_POINT('Ctrl Pts',(12.1779104489232,7.89994008172708,4.30484225416823));
#7422=CARTESIAN_POINT('Ctrl Pts',(12.1637589197578,7.95104379973088,4.28631126263271));
#7423=CARTESIAN_POINT('Ctrl Pts',(12.1491429320465,8.0468436659116,4.23647799546962));
#7424=CARTESIAN_POINT('Ctrl Pts',(12.1479900451666,8.09063121127716,4.20660589217612));
#7425=CARTESIAN_POINT('Ctrl Pts',(12.1542994557503,8.18506354996046,4.12678555422134));
#7426=CARTESIAN_POINT('Ctrl Pts',(12.1646950480949,8.23243714473618,4.07393732488749));
#7427=CARTESIAN_POINT('Ctrl Pts',(12.1969523798682,8.33362769613713,3.9324490599991));
#7428=CARTESIAN_POINT('Ctrl Pts',(12.223506529064,8.38384624147989,3.83319918956736));
#7429=CARTESIAN_POINT('Ctrl Pts',(12.2956946488934,8.49222706495735,3.5188598421402));
#7430=CARTESIAN_POINT('Ctrl Pts',(12.3392466260547,8.5289502696053,3.27395542593033));
#7431=CARTESIAN_POINT('Ctrl Pts',(12.3392466260547,8.5289502696053,3.00000000000001));
#7432=CARTESIAN_POINT('',(12.9710206199644,7.53343375071811,-7.40000000000017));
#7433=CARTESIAN_POINT('Origin',(5.55868062129244,14.0396246231025,-7.40000000000017));
#7434=CARTESIAN_POINT('',(4.96946903225215,14.152892903484,-5.40000000000018));
#7435=CARTESIAN_POINT('',(6.06573485814458,13.7188505579254,-5.40000000000018));
#7436=CARTESIAN_POINT('Ctrl Pts',(4.96946903225212,14.152892903484,-5.40000000000017));
#7437=CARTESIAN_POINT('Ctrl Pts',(4.96946903225212,14.152892903484,-5.64184495190764));
#7438=CARTESIAN_POINT('Ctrl Pts',(4.95917839901556,14.109709388775,-5.86043666394627));
#7439=CARTESIAN_POINT('Ctrl Pts',(4.95835766844005,13.9977813337035,-6.17195716963154));
#7440=CARTESIAN_POINT('Ctrl Pts',(4.96328605465088,13.9402688044957,-6.28392184216119));
#7441=CARTESIAN_POINT('Ctrl Pts',(4.99336404205118,13.8336808989166,-6.44438845994141));
#7442=CARTESIAN_POINT('Ctrl Pts',(5.0119351577045,13.785709707494,-6.50471201785756));
#7443=CARTESIAN_POINT('Ctrl Pts',(5.06229623593108,13.7000911558019,-6.59358429611565));
#7444=CARTESIAN_POINT('Ctrl Pts',(5.0884467914151,13.6638629519413,-6.62601218852708));
#7445=CARTESIAN_POINT('Ctrl Pts',(5.15663909582926,13.5912826817496,-6.68073387604064));
#7446=CARTESIAN_POINT('Ctrl Pts',(5.19880996745189,13.5561000549395,-6.70146852292258));
#7447=CARTESIAN_POINT('Ctrl Pts',(5.26399088574751,13.516644255711,-6.71664584455104));
#7448=CARTESIAN_POINT('Ctrl Pts',(5.28060081303117,13.5076151719479,-6.71934847226452));
#7449=CARTESIAN_POINT('Ctrl Pts',(5.30605268137591,13.4953229960329,-6.7217862660895));
#7450=CARTESIAN_POINT('Ctrl Pts',(5.31447230416371,13.4914931047586,-6.72233139987152));
#7451=CARTESIAN_POINT('Ctrl Pts',(5.32958196840248,13.4850390738203,-6.72284943402958));
#7452=CARTESIAN_POINT('Ctrl Pts',(5.33622580059801,13.4823407375766,-6.72292390377948));
#7453=CARTESIAN_POINT('Ctrl Pts',(5.350219704869,13.4769477740321,-6.72276183220192));
#7454=CARTESIAN_POINT('Ctrl Pts',(5.35757237335602,13.4742781816271,-6.72249669176145));
#7455=CARTESIAN_POINT('Ctrl Pts',(5.37678048179685,13.4677260275791,-6.72133952577572));
#7456=CARTESIAN_POINT('Ctrl Pts',(5.38868187168386,13.4640776759545,-6.72016983074937));
#7457=CARTESIAN_POINT('Ctrl Pts',(5.43523428536447,13.4513675526645,-6.713853519245));
#7458=CARTESIAN_POINT('Ctrl Pts',(5.46989088597399,13.4452441491261,-6.70544257115753));
#7459=CARTESIAN_POINT('Ctrl Pts',(5.553198222749,13.4376173627469,-6.67654393035396));
#7460=CARTESIAN_POINT('Ctrl Pts',(5.59997634276136,13.4394525394405,-6.65279692783988));
#7461=CARTESIAN_POINT('Ctrl Pts',(5.69029509111251,13.452313505045,-6.5922870628295));
#7462=CARTESIAN_POINT('Ctrl Pts',(5.73246200289049,13.4639629603075,-6.5550784219551));
#7463=CARTESIAN_POINT('Ctrl Pts',(5.82529054804074,13.4988472510691,-6.45279012089837));
#7464=CARTESIAN_POINT('Ctrl Pts',(5.86985344976176,13.524738576874,-6.38325220661665));
#7465=CARTESIAN_POINT('Ctrl Pts',(5.97191263591136,13.5971106130297,-6.17344669420819));
#7466=CARTESIAN_POINT('Ctrl Pts',(6.0146372458105,13.6474207586187,-6.01059569961708));
#7467=CARTESIAN_POINT('Ctrl Pts',(6.05735933367905,13.7046389180638,-5.69012285335674));
#7468=CARTESIAN_POINT('Ctrl Pts',(6.06573485814461,13.7188505579254,-5.54690462051318));
#7469=CARTESIAN_POINT('Ctrl Pts',(6.06573485814461,13.7188505579254,-5.40000000000018));
#7470=CARTESIAN_POINT('',(4.96946903225209,14.1528929034841,3.));
#7471=CARTESIAN_POINT('',(4.96946903225212,14.152892903484,-7.40000000000017));
#7472=CARTESIAN_POINT('',(6.06573485814466,13.7188505579254,3.));
#7473=CARTESIAN_POINT('Ctrl Pts',(6.06573485814467,13.7188505579255,3.));
#7474=CARTESIAN_POINT('Ctrl Pts',(6.06573485814467,13.7188505579255,3.10565605342976));
#7475=CARTESIAN_POINT('Ctrl Pts',(6.06137459797626,13.7115765605253,3.21321926522854));
#7476=CARTESIAN_POINT('Ctrl Pts',(6.03382923724673,13.6719834253501,3.50462837423988));
#7477=CARTESIAN_POINT('Ctrl Pts',(6.0011376652567,13.6283648031029,3.66920167867705));
#7478=CARTESIAN_POINT('Ctrl Pts',(5.91034157910609,13.5509915994856,3.91102175016722));
#7479=CARTESIAN_POINT('Ctrl Pts',(5.86407909583807,13.5196025723764,3.99578853461161));
#7480=CARTESIAN_POINT('Ctrl Pts',(5.76951543027238,13.4762222768388,4.11819234680604));
#7481=CARTESIAN_POINT('Ctrl Pts',(5.72368159072741,13.4602642739201,4.16474641581269));
#7482=CARTESIAN_POINT('Ctrl Pts',(5.63235875921061,13.4428724348036,4.23304513661107));
#7483=CARTESIAN_POINT('Ctrl Pts',(5.59046643858869,13.4388075109283,4.25780281030082));
#7484=CARTESIAN_POINT('Ctrl Pts',(5.50070179806098,13.4407275154447,4.29692260056935));
#7485=CARTESIAN_POINT('Ctrl Pts',(5.45382049246601,13.4468519619179,4.31070649111201));
#7486=CARTESIAN_POINT('Ctrl Pts',(5.39368078531419,13.4626016584211,4.31961594449007));
#7487=CARTESIAN_POINT('Ctrl Pts',(5.38073821708334,13.4664577175738,4.32101104873139));
#7488=CARTESIAN_POINT('Ctrl Pts',(5.36025136518839,13.4733290716076,4.32237415998891));
#7489=CARTESIAN_POINT('Ctrl Pts',(5.35265809921727,13.4760468381752,4.32269101790772));
#7490=CARTESIAN_POINT('Ctrl Pts',(5.33845972687711,13.4814549037407,4.32292540053672));
#7491=CARTESIAN_POINT('Ctrl Pts',(5.33184923542347,13.4841083928302,4.32288566231773));
#7492=CARTESIAN_POINT('Ctrl Pts',(5.31714738756595,13.490316204063,4.322460748253));
#7493=CARTESIAN_POINT('Ctrl Pts',(5.30909125928561,13.4939297196444,4.32199527340077));
#7494=CARTESIAN_POINT('Ctrl Pts',(5.2857754471875,13.5050110884653,4.31996007923228));
#7495=CARTESIAN_POINT('Ctrl Pts',(5.27082145584827,13.512918558929,4.31777223548775));
#7496=CARTESIAN_POINT('Ctrl Pts',(5.20866823512184,13.5491819462765,4.30484225416826));
#7497=CARTESIAN_POINT('Ctrl Pts',(5.16718139575063,13.5822076624764,4.28631126263275));
#7498=CARTESIAN_POINT('Ctrl Pts',(5.09904706478998,13.6511203202511,4.23647799546965));
#7499=CARTESIAN_POINT('Ctrl Pts',(5.07237668631159,13.6858675386883,4.20660589217616));
#7500=CARTESIAN_POINT('Ctrl Pts',(5.02197517068071,13.7659734839934,4.12678555422137));
#7501=CARTESIAN_POINT('Ctrl Pts',(5.00253988119686,13.8104099031206,4.07393732488749));
#7502=CARTESIAN_POINT('Ctrl Pts',(4.96915829700989,13.9112351627686,3.93244905999936));
#7503=CARTESIAN_POINT('Ctrl Pts',(4.96112333463634,13.9674709566682,3.83319918956772));
#7504=CARTESIAN_POINT('Ctrl Pts',(4.95582010069893,14.0975839969524,3.51885984214019));
#7505=CARTESIAN_POINT('Ctrl Pts',(4.96946903225212,14.1528929034841,3.27395542593034));
#7506=CARTESIAN_POINT('Ctrl Pts',(4.96946903225212,14.1528929034841,3.00000000000001));
#7507=CARTESIAN_POINT('',(6.06573485814462,13.7188505579254,-7.40000000000017));
#7508=CARTESIAN_POINT('Origin',(-14.8325371544702,-2.82945778700112,-7.40000000000017));
#7509=CARTESIAN_POINT('',(-14.6124573693499,-3.38763776530684,-5.40000000000018));
#7510=CARTESIAN_POINT('',(-14.8333919000773,-2.22945839582651,-5.40000000000018));
#7511=CARTESIAN_POINT('Ctrl Pts',(-14.6124573693499,-3.38763776530685,-5.40000000000017));
#7512=CARTESIAN_POINT('Ctrl Pts',(-14.6124573693499,-3.38763776530685,-5.64184495190769));
#7513=CARTESIAN_POINT('Ctrl Pts',(-14.5704823249343,-3.37318755003711,-5.86043666394625));
#7514=CARTESIAN_POINT('Ctrl Pts',(-14.4755385729566,-3.31390646476421,-6.17195716963126));
#7515=CARTESIAN_POINT('Ctrl Pts',(-14.429619899868,-3.27892853646223,-6.28392184216096));
#7516=CARTESIAN_POINT('Ctrl Pts',(-14.3557413462548,-3.1964201959272,-6.44438845994138));
#7517=CARTESIAN_POINT('Ctrl Pts',(-14.3251888310968,-3.15503583462207,-6.50471201785749));
#7518=CARTESIAN_POINT('Ctrl Pts',(-14.2798835121,-3.06663785577311,-6.59358429611553));
#7519=CARTESIAN_POINT('Ctrl Pts',(-14.2633071962217,-3.02514616914808,-6.62601218852699));
#7520=CARTESIAN_POINT('Ctrl Pts',(-14.2385649111748,-2.92867904867132,-6.68073387604056));
#7521=CARTESIAN_POINT('Ctrl Pts',(-14.2314555198495,-2.87422120995497,-6.7014685229225));
#7522=CARTESIAN_POINT('Ctrl Pts',(-14.233067569282,-2.7980456659841,-6.71664584455097));
#7523=CARTESIAN_POINT('Ctrl Pts',(-14.2343441058203,-2.7791834155236,-6.71934847226444));
#7524=CARTESIAN_POINT('Ctrl Pts',(-14.2376032714716,-2.75110721510029,-6.7217862660894));
#7525=CARTESIAN_POINT('Ctrl Pts',(-14.2388810468103,-2.74194613409164,-6.72233139987144));
#7526=CARTESIAN_POINT('Ctrl Pts',(-14.2415278912194,-2.72573037991762,-6.7228494340295));
#7527=CARTESIAN_POINT('Ctrl Pts',(-14.2428095538881,-2.71867496600126,-6.72292390377941));
#7528=CARTESIAN_POINT('Ctrl Pts',(-14.2457544330411,-2.70396982746683,-6.72276183220184));
#7529=CARTESIAN_POINT('Ctrl Pts',(-14.2474401784138,-2.69633132499393,-6.72249669176136));
#7530=CARTESIAN_POINT('Ctrl Pts',(-14.2522002309622,-2.67660256293772,-6.72133952577564));
#7531=CARTESIAN_POINT('Ctrl Pts',(-14.2554969094024,-2.66459900254592,-6.72016983074931));
#7532=CARTESIAN_POINT('Ctrl Pts',(-14.2697094279932,-2.61848307504949,-6.71385351924492));
#7533=CARTESIAN_POINT('Ctrl Pts',(-14.2831092026161,-2.58594045565961,-6.70544257115746));
#7534=CARTESIAN_POINT('Ctrl Pts',(-14.3213079971566,-2.51151510831975,-6.67654393035394));
#7535=CARTESIAN_POINT('Ctrl Pts',(-14.3479224582086,-2.47300237213676,-6.65279692783985));
#7536=CARTESIAN_POINT('Ctrl Pts',(-14.4071765360729,-2.40363498068772,-6.59228706282953));
#7537=CARTESIAN_POINT('Ctrl Pts',(-14.43960665766,-2.37427436981797,-6.55507842195518));
#7538=CARTESIAN_POINT('Ctrl Pts',(-14.5188004603418,-2.31458857457773,-6.45279012089847));
#7539=CARTESIAN_POINT('Ctrl Pts',(-14.5645392265512,-2.29083613833706,-6.38325220661678));
#7540=CARTESIAN_POINT('Ctrl Pts',(-14.6803310043155,-2.24344359359634,-6.17344669420855));
#7541=CARTESIAN_POINT('Ctrl Pts',(-14.7457022559614,-2.2343275364182,-6.01059569961767));
#7542=CARTESIAN_POINT('Ctrl Pts',(-14.8169047852443,-2.22891510758507,-5.6901228533575));
#7543=CARTESIAN_POINT('Ctrl Pts',(-14.8333919000773,-2.22945839582647,-5.54690462051359));
#7544=CARTESIAN_POINT('Ctrl Pts',(-14.8333919000773,-2.22945839582647,-5.40000000000018));
#7545=CARTESIAN_POINT('',(-14.6124573693499,-3.38763776530692,3.));
#7546=CARTESIAN_POINT('',(-14.6124573693499,-3.38763776530688,-7.40000000000017));
#7547=CARTESIAN_POINT('',(-14.8333919000774,-2.22945839582644,3.));
#7548=CARTESIAN_POINT('Ctrl Pts',(-14.8333919000774,-2.22945839582647,3.));
#7549=CARTESIAN_POINT('Ctrl Pts',(-14.8333919000774,-2.22945839582647,3.10565605342945));
#7550=CARTESIAN_POINT('Ctrl Pts',(-14.8249139167112,-2.22924228253553,3.21321926522793));
#7551=CARTESIAN_POINT('Ctrl Pts',(-14.7767247846685,-2.23128453709336,3.50462837423899));
#7552=CARTESIAN_POINT('Ctrl Pts',(-14.7223793435911,-2.23551491769296,3.66920167867631));
#7553=CARTESIAN_POINT('Ctrl Pts',(-14.6084000112526,-2.27071795304468,3.91102175016698));
#7554=CARTESIAN_POINT('Ctrl Pts',(-14.5571087009726,-2.29295957777752,3.99578853461137));
#7555=CARTESIAN_POINT('Ctrl Pts',(-14.4698117601923,-2.34955799662928,4.11819234680578));
#7556=CARTESIAN_POINT('Ctrl Pts',(-14.4317789733478,-2.37970606173185,4.16474641581245));
#7557=CARTESIAN_POINT('Ctrl Pts',(-14.3681613377858,-2.44749346520478,4.23304513661087));
#7558=CARTESIAN_POINT('Ctrl Pts',(-14.3422821811498,-2.48068622623804,4.25780281030065));
#7559=CARTESIAN_POINT('Ctrl Pts',(-14.2958049949436,-2.55750580882462,4.29692260056923));
#7560=CARTESIAN_POINT('Ctrl Pts',(-14.2758557764078,-2.60037064684726,4.31070649111191));
#7561=CARTESIAN_POINT('Ctrl Pts',(-14.2569292184494,-2.65958739042625,4.31961594448998));
#7562=CARTESIAN_POINT('Ctrl Pts',(-14.2532500220205,-2.67258134202834,4.3210110487313));
#7563=CARTESIAN_POINT('Ctrl Pts',(-14.2480742939273,-2.6935608187979,4.32237415998881));
#7564=CARTESIAN_POINT('Ctrl Pts',(-14.2463003047665,-2.70142827745255,4.32269101790763));
#7565=CARTESIAN_POINT('Ctrl Pts',(-14.2432586172015,-2.71631414615504,4.32292540053664));
#7566=CARTESIAN_POINT('Ctrl Pts',(-14.2419569536909,-2.72331737924497,4.32288566231765));
#7567=CARTESIAN_POINT('Ctrl Pts',(-14.2393207380532,-2.73905687154431,4.32246074825291));
#7568=CARTESIAN_POINT('Ctrl Pts',(-14.2380550407714,-2.74779510409542,4.32199527340068));
#7569=CARTESIAN_POINT('Ctrl Pts',(-14.2349181130509,-2.77341898969485,4.31996007923219));
#7570=CARTESIAN_POINT('Ctrl Pts',(-14.233581861932,-2.79028209673524,4.31777223548767));
#7571=CARTESIAN_POINT('Ctrl Pts',(-14.2308966914833,-2.86219069127189,4.30484225416819));
#7572=CARTESIAN_POINT('Ctrl Pts',(-14.2365514657565,-2.91491525195713,4.28631126263269));
#7573=CARTESIAN_POINT('Ctrl Pts',(-14.2582281469496,-3.00936821882151,4.23647799546958));
#7574=CARTESIAN_POINT('Ctrl Pts',(-14.2732754903886,-3.05050525484414,4.20660589217608));
#7575=CARTESIAN_POINT('Ctrl Pts',(-14.3139046944259,-3.13598357391048,4.12678555422132));
#7576=CARTESIAN_POINT('Ctrl Pts',(-14.3410096551306,-3.17620355560319,4.07393732488749));
#7577=CARTESIAN_POINT('Ctrl Pts',(-14.4082524901813,-3.25841343505995,3.93244905999922));
#7578=CARTESIAN_POINT('Ctrl Pts',(-14.4514285932471,-3.29533022338058,3.83319918956755));
#7579=CARTESIAN_POINT('Ctrl Pts',(-14.5584450517871,-3.36952594524979,3.51885984214041));
#7580=CARTESIAN_POINT('Ctrl Pts',(-14.6124573693499,-3.38763776530692,3.2739554259306));
#7581=CARTESIAN_POINT('Ctrl Pts',(-14.6124573693499,-3.38763776530692,3.00000000000001));
#7582=CARTESIAN_POINT('',(-14.8333919000773,-2.22945839582648,-7.40000000000017));
#7583=CARTESIAN_POINT('Origin',(12.7493513901102,-8.09098442333525,-7.40000000000017));
#7584=CARTESIAN_POINT('',(12.9710206199644,-7.53343375071812,-5.40000000000018));
#7585=CARTESIAN_POINT('',(12.3392466260547,-8.52895026960518,-5.40000000000018));
#7586=CARTESIAN_POINT('Ctrl Pts',(12.9710206199644,-7.53343375071809,-5.40000000000017));
#7587=CARTESIAN_POINT('Ctrl Pts',(12.9710206199644,-7.53343375071809,-5.64184495190791));
#7588=CARTESIAN_POINT('Ctrl Pts',(12.9305302764078,-7.51523360913326,-5.86043666394676));
#7589=CARTESIAN_POINT('Ctrl Pts',(12.8207385644862,-7.49345418985434,-6.17195716963215));
#7590=CARTESIAN_POINT('Ctrl Pts',(12.7633212528013,-7.48751850746784,-6.28392184216167));
#7591=CARTESIAN_POINT('Ctrl Pts',(12.6529852592499,-7.49709114915242,-6.44438845994176));
#7592=CARTESIAN_POINT('Ctrl Pts',(12.6023838894488,-7.50634441437952,-6.50471201785783));
#7593=CARTESIAN_POINT('Ctrl Pts',(12.5088451526538,-7.53977014268545,-6.59358429611581));
#7594=CARTESIAN_POINT('Ctrl Pts',(12.468358524421,-7.55866901147242,-6.62601218852721));
#7595=CARTESIAN_POINT('Ctrl Pts',(12.3842858867115,-7.61205325625476,-6.68073387604072));
#7596=CARTESIAN_POINT('Ctrl Pts',(12.3418244075869,-7.64688459893955,-6.70146852292263));
#7597=CARTESIAN_POINT('Ctrl Pts',(12.2908537928813,-7.70351770444463,-6.71664584455104));
#7598=CARTESIAN_POINT('Ctrl Pts',(12.2788722490055,-7.71814154266583,-6.71934847226451));
#7599=CARTESIAN_POINT('Ctrl Pts',(12.2620285967716,-7.74083926436592,-6.72178626608947));
#7600=CARTESIAN_POINT('Ctrl Pts',(12.2566888634148,-7.74839210242463,-6.72233139987151));
#7601=CARTESIAN_POINT('Ctrl Pts',(12.2475178823604,-7.76202476816752,-6.72284943402957));
#7602=CARTESIAN_POINT('Ctrl Pts',(12.2436224110592,-7.76804530203667,-6.72292390377947));
#7603=CARTESIAN_POINT('Ctrl Pts',(12.2357027755473,-7.78078079519158,-6.72276183220191));
#7604=CARTESIAN_POINT('Ctrl Pts',(12.2317027162764,-7.787502995971,-6.72249669176144));
#7605=CARTESIAN_POINT('Ctrl Pts',(12.2216673782799,-7.80514312476407,-6.72133952577571));
#7606=CARTESIAN_POINT('Ctrl Pts',(12.2158535509105,-7.81615007539252,-6.72016983074937));
#7607=CARTESIAN_POINT('Ctrl Pts',(12.1946455063748,-7.85949627823112,-6.71385351924496));
#7608=CARTESIAN_POINT('Ctrl Pts',(12.1821365657667,-7.89239160375872,-6.70544257115748));
#7609=CARTESIAN_POINT('Ctrl Pts',(12.1590346324629,-7.97279422130723,-6.67654393035387));
#7610=CARTESIAN_POINT('Ctrl Pts',(12.1520719575101,-8.01908765002978,-6.65279692783973));
#7611=CARTESIAN_POINT('Ctrl Pts',(12.1477810742577,-8.11021650967864,-6.59228706282937));
#7612=CARTESIAN_POINT('Ctrl Pts',(12.151322894279,-8.15381941976203,-6.55507842195496));
#7613=CARTESIAN_POINT('Ctrl Pts',(12.1681949535235,-8.25154038042819,-6.4527901208981));
#7614=CARTESIAN_POINT('Ctrl Pts',(12.1852774176599,-8.3001655013099,-6.3832522066163));
#7615=CARTESIAN_POINT('Ctrl Pts',(12.2372435616188,-8.41397810595854,-6.17344669420761));
#7616=CARTESIAN_POINT('Ctrl Pts',(12.2786567826451,-8.46537312677225,-6.01059569961624));
#7617=CARTESIAN_POINT('Ctrl Pts',(12.3268561301915,-8.5180601029449,-5.69012285335598));
#7618=CARTESIAN_POINT('Ctrl Pts',(12.3392466260547,-8.5289502696052,-5.54690462051275));
#7619=CARTESIAN_POINT('Ctrl Pts',(12.3392466260547,-8.5289502696052,-5.40000000000018));
#7620=CARTESIAN_POINT('',(12.9710206199645,-7.53343375071808,3.));
#7621=CARTESIAN_POINT('',(12.9710206199644,-7.5334337507181,-7.40000000000017));
#7622=CARTESIAN_POINT('',(12.3392466260547,-8.52895026960526,3.));
#7623=CARTESIAN_POINT('Ctrl Pts',(12.3392466260547,-8.52895026960527,3.));
#7624=CARTESIAN_POINT('Ctrl Pts',(12.3392466260547,-8.52895026960527,3.10565605342948));
#7625=CARTESIAN_POINT('Ctrl Pts',(12.3329185024291,-8.52330423043688,3.21321926522799));
#7626=CARTESIAN_POINT('Ctrl Pts',(12.2991881564344,-8.48882776005794,3.50462837423925));
#7627=CARTESIAN_POINT('Ctrl Pts',(12.262467929642,-8.44854193090879,3.66920167867653));
#7628=CARTESIAN_POINT('Ctrl Pts',(12.2034787081628,-8.34485580045956,3.91102175016667));
#7629=CARTESIAN_POINT('Ctrl Pts',(12.1813143919514,-8.29353103579507,3.99578853461119));
#7630=CARTESIAN_POINT('Ctrl Pts',(12.1564219446777,-8.19251369592262,4.11819234680591));
#7631=CARTESIAN_POINT('Ctrl Pts',(12.14933500697,-8.14450146812058,4.16474641581254));
#7632=CARTESIAN_POINT('Ctrl Pts',(12.1493634173604,-8.0515373093445,4.23304513661094));
#7633=CARTESIAN_POINT('Ctrl Pts',(12.1532203325717,-8.0096253261147,4.25780281030072));
#7634=CARTESIAN_POINT('Ctrl Pts',(12.1719265448748,-7.9218104371283,4.2969226005693));
#7635=CARTESIAN_POINT('Ctrl Pts',(12.1867271912352,-7.87690713517609,4.31070649111198));
#7636=CARTESIAN_POINT('Ctrl Pts',(12.213466974698,-7.82078386641331,4.31961594449006));
#7637=CARTESIAN_POINT('Ctrl Pts',(12.219679927891,-7.80879310008163,4.32101104873137));
#7638=CARTESIAN_POINT('Ctrl Pts',(12.2302684245934,-7.78995669000957,4.32237415998888));
#7639=CARTESIAN_POINT('Ctrl Pts',(12.2343608882029,-7.78300718032689,4.3226910179077));
#7640=CARTESIAN_POINT('Ctrl Pts',(12.2423336717331,-7.77007367063107,4.3229254005367));
#7641=CARTESIAN_POINT('Ctrl Pts',(12.2461788428143,-7.76407748342895,4.32288566231771));
#7642=CARTESIAN_POINT('Ctrl Pts',(12.2550315482216,-7.75079927354578,4.32246074825298));
#7643=CARTESIAN_POINT('Ctrl Pts',(12.2600906264152,-7.74356294674563,4.32199527340074));
#7644=CARTESIAN_POINT('Ctrl Pts',(12.2753446612501,-7.72273656323844,4.31996007923226));
#7645=CARTESIAN_POINT('Ctrl Pts',(12.2859141672276,-7.70952916040894,4.31777223548773));
#7646=CARTESIAN_POINT('Ctrl Pts',(12.3331815824927,-7.65527192529012,4.30484225416824));
#7647=CARTESIAN_POINT('Ctrl Pts',(12.3733961809615,-7.62070833401945,4.28631126263273));
#7648=CARTESIAN_POINT('Ctrl Pts',(12.4538553066112,-7.56669379378529,4.23647799546963));
#7649=CARTESIAN_POINT('Ctrl Pts',(12.4929845868601,-7.54700680050282,4.20660589217614));
#7650=CARTESIAN_POINT('Ctrl Pts',(12.5811159378969,-7.5125083916186,4.12678555422134));
#7651=CARTESIAN_POINT('Ctrl Pts',(12.6284070759664,-7.50174390917594,4.07393732488748));
#7652=CARTESIAN_POINT('Ctrl Pts',(12.7337015281981,-7.48784637431622,3.93244905999919));
#7653=CARTESIAN_POINT('Ctrl Pts',(12.7904468333924,-7.49049127020431,3.83319918956749));
#7654=CARTESIAN_POINT('Ctrl Pts',(12.9192489409638,-7.50966272365314,3.51885984214016));
#7655=CARTESIAN_POINT('Ctrl Pts',(12.9710206199645,-7.53343375071811,3.27395542593028));
#7656=CARTESIAN_POINT('Ctrl Pts',(12.9710206199645,-7.53343375071811,3.00000000000001));
#7657=CARTESIAN_POINT('',(12.3392466260547,-8.52895026960522,-7.40000000000017));
#7658=CARTESIAN_POINT('Origin',(8.87555711123218,12.2161563420093,-7.40000000000017));
#7659=CARTESIAN_POINT('',(8.33302536361333,12.4723970546715,-5.40000000000018));
#7660=CARTESIAN_POINT('',(9.28690804075178,11.7793607230028,-5.40000000000018));
#7661=CARTESIAN_POINT('Ctrl Pts',(8.33302536361331,12.4723970546715,-5.40000000000017));
#7662=CARTESIAN_POINT('Ctrl Pts',(8.33302536361331,12.4723970546715,-5.6418449519078));
#7663=CARTESIAN_POINT('Ctrl Pts',(8.31231872614264,12.4331294059044,-5.86043666394657));
#7664=CARTESIAN_POINT('Ctrl Pts',(8.28368840494106,12.3249218838984,-6.17195716963201));
#7665=CARTESIAN_POINT('Ctrl Pts',(8.27415917243719,12.2679905767431,-6.28392184216156));
#7666=CARTESIAN_POINT('Ctrl Pts',(8.27678487034217,12.1572712349265,-6.44438845994162));
#7667=CARTESIAN_POINT('Ctrl Pts',(8.28284259006533,12.106188698039,-6.50471201785773));
#7668=CARTESIAN_POINT('Ctrl Pts',(8.31032901445236,12.0107357197281,-6.59358429611576));
#7669=CARTESIAN_POINT('Ctrl Pts',(8.32664841421808,11.9691423128182,-6.62601218852717));
#7670=CARTESIAN_POINT('Ctrl Pts',(8.37464835278781,11.8818835487901,-6.68073387604069));
#7671=CARTESIAN_POINT('Ctrl Pts',(8.40674478544006,11.8373187795921,-6.70146852292262));
#7672=CARTESIAN_POINT('Ctrl Pts',(8.46006566707004,11.7828927216341,-6.71664584455108));
#7673=CARTESIAN_POINT('Ctrl Pts',(8.47390832112226,11.7700165821989,-6.71934847226452));
#7674=CARTESIAN_POINT('Ctrl Pts',(8.49550363237871,11.7517809653275,-6.72178626608947));
#7675=CARTESIAN_POINT('Ctrl Pts',(8.50270628200522,11.745977522089,-6.72233139987152));
#7676=CARTESIAN_POINT('Ctrl Pts',(8.51573619613151,11.7359686357061,-6.72284943402958));
#7677=CARTESIAN_POINT('Ctrl Pts',(8.52150025118546,11.7317028187783,-6.72292390377948));
#7678=CARTESIAN_POINT('Ctrl Pts',(8.53371333572546,11.7229991426264,-6.72276183220192));
#7679=CARTESIAN_POINT('Ctrl Pts',(8.54017110597743,11.7185848860794,-6.72249669176144));
#7680=CARTESIAN_POINT('Ctrl Pts',(8.55714630191929,11.7074617176787,-6.72133952577572));
#7681=CARTESIAN_POINT('Ctrl Pts',(8.56776647960396,11.7009682304211,-6.72016983074939));
#7682=CARTESIAN_POINT('Ctrl Pts',(8.60969548447813,11.677080304521,-6.713853519245));
#7683=CARTESIAN_POINT('Ctrl Pts',(8.64174045571543,11.6625305328699,-6.70544257115754));
#7684=CARTESIAN_POINT('Ctrl Pts',(8.7205338346701,11.6344256638268,-6.67654393035399));
#7685=CARTESIAN_POINT('Ctrl Pts',(8.76629872390821,11.6245699396823,-6.65279692783986));
#7686=CARTESIAN_POINT('Ctrl Pts',(8.85697833478024,11.6145654950664,-6.5922870628296));
#7687=CARTESIAN_POINT('Ctrl Pts',(8.9007175971999,11.6153624767378,-6.55507842195529));
#7688=CARTESIAN_POINT('Ctrl Pts',(8.99930513323792,11.6260652929382,-6.4527901208985));
#7689=CARTESIAN_POINT('Ctrl Pts',(9.04890692034889,11.6400608521314,-6.38325220661679));
#7690=CARTESIAN_POINT('Ctrl Pts',(9.16575792299729,11.6847781002007,-6.17344669420854));
#7691=CARTESIAN_POINT('Ctrl Pts',(9.21965188514115,11.7228824816371,-6.01059569961761));
#7692=CARTESIAN_POINT('Ctrl Pts',(9.27526135767519,11.767678476175,-5.69012285335739));
#7693=CARTESIAN_POINT('Ctrl Pts',(9.28690804075181,11.7793607230027,-5.54690462051354));
#7694=CARTESIAN_POINT('Ctrl Pts',(9.28690804075181,11.7793607230027,-5.40000000000018));
#7695=CARTESIAN_POINT('',(8.33302536361329,12.4723970546715,3.));
#7696=CARTESIAN_POINT('',(8.33302536361331,12.4723970546715,-7.40000000000017));
#7697=CARTESIAN_POINT('',(9.28690804075186,11.7793607230028,3.));
#7698=CARTESIAN_POINT('Ctrl Pts',(9.28690804075188,11.7793607230028,3.));
#7699=CARTESIAN_POINT('Ctrl Pts',(9.28690804075188,11.7793607230028,3.10565605342952));
#7700=CARTESIAN_POINT('Ctrl Pts',(9.28087579658198,11.7733996042163,3.21321926522805));
#7701=CARTESIAN_POINT('Ctrl Pts',(9.24434941169301,11.741900612841,3.50462837423929));
#7702=CARTESIAN_POINT('Ctrl Pts',(9.20183739530775,11.7077824131703,3.66920167867656));
#7703=CARTESIAN_POINT('Ctrl Pts',(9.09465190188843,11.6554200994435,3.91102175016753));
#7704=CARTESIAN_POINT('Ctrl Pts',(9.04203670599295,11.6365222280853,3.99578853461178));
#7705=CARTESIAN_POINT('Ctrl Pts',(8.93965569106931,11.6180218316223,4.11819234680593));
#7706=CARTESIAN_POINT('Ctrl Pts',(8.89129321193094,11.6139635910947,4.16474641581258));
#7707=CARTESIAN_POINT('Ctrl Pts',(8.79851428058978,11.6198292132509,4.23304513661094));
#7708=CARTESIAN_POINT('Ctrl Pts',(8.75692717879488,11.6263101929226,4.25780281030074));
#7709=CARTESIAN_POINT('Ctrl Pts',(8.67046014522137,11.6504934352906,4.29692260056935));
#7710=CARTESIAN_POINT('Ctrl Pts',(8.62657478995274,11.6680843776145,4.310706491112));
#7711=CARTESIAN_POINT('Ctrl Pts',(8.57224127253648,11.698295405426,4.31961594449007));
#7712=CARTESIAN_POINT('Ctrl Pts',(8.56066428180193,11.7052490052226,4.32101104873138));
#7713=CARTESIAN_POINT('Ctrl Pts',(8.54252989829139,11.71699935592,4.32237415998889));
#7714=CARTESIAN_POINT('Ctrl Pts',(8.53585106979478,11.7215201073108,4.32269101790771));
#7715=CARTESIAN_POINT('Ctrl Pts',(8.52344369664594,11.7302892601671,4.32292540053672));
#7716=CARTESIAN_POINT('Ctrl Pts',(8.51770078183946,11.7345033473911,4.32288566231773));
#7717=CARTESIAN_POINT('Ctrl Pts',(8.50500463944211,11.7441723297035,4.32246074825299));
#7718=CARTESIAN_POINT('Ctrl Pts',(8.49810025402807,11.7496757976811,4.32199527340076));
#7719=CARTESIAN_POINT('Ctrl Pts',(8.47827277540352,11.7662074316031,4.31996007923227));
#7720=CARTESIAN_POINT('Ctrl Pts',(8.46575509913805,11.7775853807602,4.31777223548775));
#7721=CARTESIAN_POINT('Ctrl Pts',(8.41457287384017,11.8281663645598,4.30484225416825));
#7722=CARTESIAN_POINT('Ctrl Pts',(8.38260258145208,11.8704718745574,4.28631126263274));
#7723=CARTESIAN_POINT('Ctrl Pts',(8.33374669687504,11.9541638335452,4.23647799546964));
#7724=CARTESIAN_POINT('Ctrl Pts',(8.31655549921239,11.9944520576339,4.20660589217615));
#7725=CARTESIAN_POINT('Ctrl Pts',(8.28765897837611,12.084575674598,4.12678555422134));
#7726=CARTESIAN_POINT('Ctrl Pts',(8.27988517230916,12.1324494018542,4.07393732488744));
#7727=CARTESIAN_POINT('Ctrl Pts',(8.27262655441909,12.2384087129704,3.93244905999942));
#7728=CARTESIAN_POINT('Ctrl Pts',(8.27882929840328,12.2948759698803,3.83319918956783));
#7729=CARTESIAN_POINT('Ctrl Pts',(8.30605047261895,12.4222201303924,3.51885984214011));
#7730=CARTESIAN_POINT('Ctrl Pts',(8.33302536361333,12.4723970546716,3.27395542593022));
#7731=CARTESIAN_POINT('Ctrl Pts',(8.33302536361333,12.4723970546716,3.00000000000001));
#7732=CARTESIAN_POINT('',(9.28690804075182,11.7793607230028,-7.40000000000017));
#7733=CARTESIAN_POINT('Origin',(-10.3366610684808,-11.0074260280282,-7.40000000000017));
#7734=CARTESIAN_POINT('',(-9.83052282282709,-11.3296434643759,-5.40000000000018));
#7735=CARTESIAN_POINT('',(-10.6900233657198,-10.5225187308156,-5.40000000000018));
#7736=CARTESIAN_POINT('Ctrl Pts',(-9.83052282282703,-11.329643464376,-5.40000000000017));
#7737=CARTESIAN_POINT('Ctrl Pts',(-9.83052282282703,-11.329643464376,-5.64184495190783));
#7738=CARTESIAN_POINT('Ctrl Pts',(-9.80505792198316,-11.2932806825785,-5.86043666394654));
#7739=CARTESIAN_POINT('Ctrl Pts',(-9.76309136078673,-11.1895147399378,-6.1719571696319));
#7740=CARTESIAN_POINT('Ctrl Pts',(-9.74650188431059,-11.1342266826671,-6.28392184216145));
#7741=CARTESIAN_POINT('Ctrl Pts',(-9.73523006467535,-11.0240513087222,-6.44438845994155));
#7742=CARTESIAN_POINT('Ctrl Pts',(-9.73483767794235,-10.9726123392947,-6.50471201785765));
#7743=CARTESIAN_POINT('Ctrl Pts',(-9.75014393323824,-10.8744670737807,-6.59358429611566));
#7744=CARTESIAN_POINT('Ctrl Pts',(-9.76112161347946,-10.8311562801652,-6.6260121885271));
#7745=CARTESIAN_POINT('Ctrl Pts',(-9.79780663514422,-10.7385695900425,-6.68073387604063));
#7746=CARTESIAN_POINT('Ctrl Pts',(-9.82406453121162,-10.6903334776703,-6.70146852292257));
#7747=CARTESIAN_POINT('Ctrl Pts',(-9.87014356792969,-10.6296537069245,-6.71664584455101));
#7748=CARTESIAN_POINT('Ctrl Pts',(-9.88226326032889,-10.6151441551011,-6.71934847226448));
#7749=CARTESIAN_POINT('Ctrl Pts',(-9.9014027572775,-10.5943457213256,-6.72178626608945));
#7750=CARTESIAN_POINT('Ctrl Pts',(-9.90782124755344,-10.5876853086027,-6.72233139987148));
#7751=CARTESIAN_POINT('Ctrl Pts',(-9.9194939708201,-10.5761222640081,-6.72284943402954));
#7752=CARTESIAN_POINT('Ctrl Pts',(-9.92467792594899,-10.5711676566625,-6.72292390377944));
#7753=CARTESIAN_POINT('Ctrl Pts',(-9.93570384679355,-10.5610019062195,-6.72276183220188));
#7754=CARTESIAN_POINT('Ctrl Pts',(-9.94155744255142,-10.5558130841766,-6.72249669176141));
#7755=CARTESIAN_POINT('Ctrl Pts',(-9.95700468133991,-10.5426500690831,-6.72133952577568));
#7756=CARTESIAN_POINT('Ctrl Pts',(-9.96672726599635,-10.5348767237019,-6.72016983074935));
#7757=CARTESIAN_POINT('Ctrl Pts',(-10.0053316971473,-10.5059220634714,-6.71385351924495));
#7758=CARTESIAN_POINT('Ctrl Pts',(-10.0353004142864,-10.4874707212509,-6.70544257115747));
#7759=CARTESIAN_POINT('Ctrl Pts',(-10.1099500097975,-10.449712038527,-6.67654393035392));
#7760=CARTESIAN_POINT('Ctrl Pts',(-10.1541187794385,-10.4341981681591,-6.65279692783982));
#7761=CARTESIAN_POINT('Ctrl Pts',(-10.2428294651005,-10.4129074427282,-6.59228706282946));
#7762=CARTESIAN_POINT('Ctrl Pts',(-10.2863237186617,-10.4082161567684,-6.55507842195506));
#7763=CARTESIAN_POINT('Ctrl Pts',(-10.3854752810939,-10.4064782833856,-6.45279012089832));
#7764=CARTESIAN_POINT('Ctrl Pts',(-10.4364400519874,-10.414146731045,-6.38325220661659));
#7765=CARTESIAN_POINT('Ctrl Pts',(-10.5579742068749,-10.4438660562498,-6.17344669420813));
#7766=CARTESIAN_POINT('Ctrl Pts',(-10.6162189443683,-10.4749152687123,-6.01059569961702));
#7767=CARTESIAN_POINT('Ctrl Pts',(-10.6770043464477,-10.5123883184438,-5.69012285335686));
#7768=CARTESIAN_POINT('Ctrl Pts',(-10.6900233657198,-10.5225187308156,-5.54690462051326));
#7769=CARTESIAN_POINT('Ctrl Pts',(-10.6900233657198,-10.5225187308156,-5.40000000000018));
#7770=CARTESIAN_POINT('',(-9.83052282282706,-11.329643464376,3.));
#7771=CARTESIAN_POINT('',(-9.83052282282707,-11.329643464376,-7.40000000000017));
#7772=CARTESIAN_POINT('',(-10.6900233657199,-10.5225187308156,3.));
#7773=CARTESIAN_POINT('Ctrl Pts',(-10.6900233657198,-10.5225187308157,3.));
#7774=CARTESIAN_POINT('Ctrl Pts',(-10.6900233657198,-10.5225187308157,3.10565605342964));
#7775=CARTESIAN_POINT('Ctrl Pts',(-10.6832915613038,-10.5173606578987,3.21321926522827));
#7776=CARTESIAN_POINT('Ctrl Pts',(-10.6431053274265,-10.4906880154074,3.50462837423933));
#7777=CARTESIAN_POINT('Ctrl Pts',(-10.5966523867,-10.4621670164105,3.66920167867659));
#7778=CARTESIAN_POINT('Ctrl Pts',(-10.4837493448151,-10.4236514996489,3.91102175016682));
#7779=CARTESIAN_POINT('Ctrl Pts',(-10.4291805041299,-10.411497076287,3.99578853461131));
#7780=CARTESIAN_POINT('Ctrl Pts',(-10.3252880795773,-10.4059743046319,4.11819234680594));
#7781=CARTESIAN_POINT('Ctrl Pts',(-10.2767983206242,-10.4080094904366,4.16474641581258));
#7782=CARTESIAN_POINT('Ctrl Pts',(-10.1854861362601,-10.4254571438817,4.23304513661098));
#7783=CARTESIAN_POINT('Ctrl Pts',(-10.1450392433232,-10.4370992650354,4.25780281030073));
#7784=CARTESIAN_POINT('Ctrl Pts',(-10.0622849921001,-10.4719290082287,4.29692260056929));
#7785=CARTESIAN_POINT('Ctrl Pts',(-10.0209504156485,-10.4948815342001,4.31070649111196));
#7786=CARTESIAN_POINT('Ctrl Pts',(-9.97083178005069,-10.5316641344624,4.31961594449002));
#7787=CARTESIAN_POINT('Ctrl Pts',(-9.96021759449336,-10.5400138847314,4.32101104873133));
#7788=CARTESIAN_POINT('Ctrl Pts',(-9.94369891546165,-10.553944421328,4.32237415998885));
#7789=CARTESIAN_POINT('Ctrl Pts',(-9.93763935191258,-10.5592666044157,4.32269101790767));
#7790=CARTESIAN_POINT('Ctrl Pts',(-9.92642888088996,-10.5695216660793,4.32292540053667));
#7791=CARTESIAN_POINT('Ctrl Pts',(-9.9212594158603,-10.5744223020496,4.32288566231768));
#7792=CARTESIAN_POINT('Ctrl Pts',(-9.90987523115651,-10.5856062901289,4.32246074825295));
#7793=CARTESIAN_POINT('Ctrl Pts',(-9.90371505632115,-10.5919317105674,4.32199527340071));
#7794=CARTESIAN_POINT('Ctrl Pts',(-9.8861158864233,-10.6108180296276,4.31996007923223));
#7795=CARTESIAN_POINT('Ctrl Pts',(-9.87512295093323,-10.6236751411003,4.31777223548771));
#7796=CARTESIAN_POINT('Ctrl Pts',(-9.83068379102569,-10.6802721125324,4.30484225416822));
#7797=CARTESIAN_POINT('Ctrl Pts',(-9.80426788030772,-10.7262509710706,4.28631126263272));
#7798=CARTESIAN_POINT('Ctrl Pts',(-9.76628662281638,-10.8154062599569,4.2364779954696));
#7799=CARTESIAN_POINT('Ctrl Pts',(-9.75428043628165,-10.8575314277571,4.20660589217608));
#7800=CARTESIAN_POINT('Ctrl Pts',(-9.73690725747776,-10.9505660874778,4.12678555422134));
#7801=CARTESIAN_POINT('Ctrl Pts',(-9.73519491923335,-10.9990366323469,4.07393732488751));
#7802=CARTESIAN_POINT('Ctrl Pts',(-9.74127376080183,-11.1050701686979,3.93244905999937));
#7803=CARTESIAN_POINT('Ctrl Pts',(-9.75450481819606,-11.1603147544606,3.83319918956776));
#7804=CARTESIAN_POINT('Ctrl Pts',(-9.79747180073495,-11.2832430504453,3.51885984214021));
#7805=CARTESIAN_POINT('Ctrl Pts',(-9.83052282282706,-11.3296434643761,3.27395542593036));
#7806=CARTESIAN_POINT('Ctrl Pts',(-9.83052282282706,-11.3296434643761,3.00000000000001));
#7807=CARTESIAN_POINT('',(-10.6900233657198,-10.5225187308156,-7.40000000000017));
#7808=CARTESIAN_POINT('Origin',(5.55868062129244,-14.0396246231025,-7.40000000000017));
#7809=CARTESIAN_POINT('',(6.06573485814458,-13.7188505579254,-5.40000000000018));
#7810=CARTESIAN_POINT('',(4.96946903225215,-14.152892903484,-5.40000000000018));
#7811=CARTESIAN_POINT('Ctrl Pts',(6.06573485814462,-13.7188505579254,-5.40000000000017));
#7812=CARTESIAN_POINT('Ctrl Pts',(6.06573485814462,-13.7188505579254,-5.64184495190765));
#7813=CARTESIAN_POINT('Ctrl Pts',(6.0436752569125,-13.6803267072805,-5.86043666394625));
#7814=CARTESIAN_POINT('Ctrl Pts',(5.96765351758224,-13.5981728378649,-6.17195716963144));
#7815=CARTESIAN_POINT('Ctrl Pts',(5.92469084322691,-13.5596217209063,-6.28392184216111));
#7816=CARTESIAN_POINT('Ctrl Pts',(5.82980049174491,-13.5025122809036,-6.4443884599414));
#7817=CARTESIAN_POINT('Ctrl Pts',(5.78342419080114,-13.4802555908108,-6.50471201785754));
#7818=CARTESIAN_POINT('Ctrl Pts',(5.68810261295622,-13.4523168830535,-6.59358429611562));
#7819=CARTESIAN_POINT('Ctrl Pts',(5.64423976631296,-13.4438089460863,-6.62601218852707));
#7820=CARTESIAN_POINT('Ctrl Pts',(5.54484510185621,-13.4375810507801,-6.68073387604062));
#7821=CARTESIAN_POINT('Ctrl Pts',(5.49001969409046,-13.440801967729,-6.70146852292258));
#7822=CARTESIAN_POINT('Ctrl Pts',(5.41549549637237,-13.4566593369026,-6.71664584455105));
#7823=CARTESIAN_POINT('Ctrl Pts',(5.39720654731964,-13.4614476957566,-6.71934847226452));
#7824=CARTESIAN_POINT('Ctrl Pts',(5.37023836033901,-13.4699100879678,-6.72178626608949));
#7825=CARTESIAN_POINT('Ctrl Pts',(5.36147897848407,-13.4728818457947,-6.72233139987152));
#7826=CARTESIAN_POINT('Ctrl Pts',(5.34604641908275,-13.4785203366466,-6.72284943402959));
#7827=CARTESIAN_POINT('Ctrl Pts',(5.33935613557988,-13.4811013502804,-6.72292390377949));
#7828=CARTESIAN_POINT('Ctrl Pts',(5.32546328080441,-13.486749535717,-6.72276183220193));
#7829=CARTESIAN_POINT('Ctrl Pts',(5.31827595439467,-13.4898367345394,-6.72249669176145));
#7830=CARTESIAN_POINT('Ctrl Pts',(5.29978858785811,-13.4982092748398,-6.72133952577573));
#7831=CARTESIAN_POINT('Ctrl Pts',(5.28861537946177,-13.5036968029673,-6.72016983074939));
#7832=CARTESIAN_POINT('Ctrl Pts',(5.24597945224365,-13.5262988418973,-6.71385351924501));
#7833=CARTESIAN_POINT('Ctrl Pts',(5.21652411949565,-13.5455591484734,-6.70544257115756));
#7834=CARTESIAN_POINT('Ctrl Pts',(5.15057479000921,-13.5970272567668,-6.67654393035402));
#7835=CARTESIAN_POINT('Ctrl Pts',(5.11773127296488,-13.6303868696775,-6.65279692783992));
#7836=CARTESIAN_POINT('Ctrl Pts',(5.06069567573298,-13.7015895479163,-6.59228706282961));
#7837=CARTESIAN_POINT('Ctrl Pts',(5.03793192081718,-13.7389468727528,-6.55507842195524));
#7838=CARTESIAN_POINT('Ctrl Pts',(4.99414276395666,-13.827921938238,-6.45279012089857));
#7839=CARTESIAN_POINT('Ctrl Pts',(4.97938163880355,-13.877301307877,-6.38325220661689));
#7840=CARTESIAN_POINT('Ctrl Pts',(4.95452576186087,-13.9999225722492,-6.17344669420863));
#7841=CARTESIAN_POINT('Ctrl Pts',(4.95782052618736,-14.065844098083,-6.01059569961774));
#7842=CARTESIAN_POINT('Ctrl Pts',(4.96584598988797,-14.1367996228471,-5.6901228533575));
#7843=CARTESIAN_POINT('Ctrl Pts',(4.96946903225212,-14.152892903484,-5.54690462051362));
#7844=CARTESIAN_POINT('Ctrl Pts',(4.96946903225212,-14.152892903484,-5.40000000000018));
#7845=CARTESIAN_POINT('',(6.06573485814466,-13.7188505579254,3.));
#7846=CARTESIAN_POINT('',(6.06573485814462,-13.7188505579254,-7.40000000000017));
#7847=CARTESIAN_POINT('',(4.96946903225209,-14.1528929034841,3.));
#7848=CARTESIAN_POINT('Ctrl Pts',(4.96946903225214,-14.1528929034841,3.));
#7849=CARTESIAN_POINT('Ctrl Pts',(4.96946903225214,-14.1528929034841,3.10565605342992));
#7850=CARTESIAN_POINT('Ctrl Pts',(4.96766813125352,-14.144605584104,3.21321926522884));
#7851=CARTESIAN_POINT('Ctrl Pts',(4.96064446895748,-14.0968873337308,3.50462837424007));
#7852=CARTESIAN_POINT('Ctrl Pts',(4.9546165976954,-14.0427118055473,3.6692016786772));
#7853=CARTESIAN_POINT('Ctrl Pts',(4.96783849337921,-13.9241549695029,3.91102175016767));
#7854=CARTESIAN_POINT('Ctrl Pts',(4.98007512464274,-13.8696045044608,3.99578853461194));
#7855=CARTESIAN_POINT('Ctrl Pts',(5.01931321436951,-13.7732483463768,4.11819234680616));
#7856=CARTESIAN_POINT('Ctrl Pts',(5.04180064075763,-13.7302400406787,4.16474641581276));
#7857=CARTESIAN_POINT('Ctrl Pts',(5.09646658676666,-13.6550471555696,4.23304513661109));
#7858=CARTESIAN_POINT('Ctrl Pts',(5.1242221423553,-13.6234066867493,4.25780281030085));
#7859=CARTESIAN_POINT('Ctrl Pts',(5.1909720826868,-13.5633581849182,4.29692260056937));
#7860=CARTESIAN_POINT('Ctrl Pts',(5.22933955578676,-13.5357302521904,4.31070649111201));
#7861=CARTESIAN_POINT('Ctrl Pts',(5.28396092472316,-13.5060428243504,4.31961594449006));
#7862=CARTESIAN_POINT('Ctrl Pts',(5.29603530505503,-13.4999939728725,4.32101104873138));
#7863=CARTESIAN_POINT('Ctrl Pts',(5.31567334287881,-13.4909787592168,4.32237415998891));
#7864=CARTESIAN_POINT('Ctrl Pts',(5.32306903478985,-13.4877619775362,4.32269101790771));
#7865=CARTESIAN_POINT('Ctrl Pts',(5.3371212784178,-13.4819848329741,4.32292540053672));
#7866=CARTESIAN_POINT('Ctrl Pts',(5.34375655757621,-13.4793939504802,4.32288566231772));
#7867=CARTESIAN_POINT('Ctrl Pts',(5.3587232826429,-13.4738551427112,4.32246074825299));
#7868=CARTESIAN_POINT('Ctrl Pts',(5.36706956905114,-13.4709744829054,4.32199527340077));
#7869=CARTESIAN_POINT('Ctrl Pts',(5.39165178354975,-13.4630916814306,4.31996007923227));
#7870=CARTESIAN_POINT('Ctrl Pts',(5.40796581011195,-13.4586192678276,4.31777223548774));
#7871=CARTESIAN_POINT('Ctrl Pts',(5.47809755497453,-13.4425073321555,4.30484225416825));
#7872=CARTESIAN_POINT('Ctrl Pts',(5.53094781777291,-13.4381823473377,4.28631126263276));
#7873=CARTESIAN_POINT('Ctrl Pts',(5.62778956793511,-13.4417763538141,4.23647799546965));
#7874=CARTESIAN_POINT('Ctrl Pts',(5.67101754494754,-13.4488488555436,4.20660589217613));
#7875=CARTESIAN_POINT('Ctrl Pts',(5.76259496164318,-13.4727413648814,4.1267855542214));
#7876=CARTESIAN_POINT('Ctrl Pts',(5.80718150005312,-13.491829749171,4.07393732488758));
#7877=CARTESIAN_POINT('Ctrl Pts',(5.90053526735576,-13.5424769334596,3.9324490599992));
#7878=CARTESIAN_POINT('Ctrl Pts',(5.94488855281211,-13.5779707527115,3.83319918956749));
#7879=CARTESIAN_POINT('Ctrl Pts',(6.0378229491464,-13.6691887636531,3.51885984214029));
#7880=CARTESIAN_POINT('Ctrl Pts',(6.06573485814469,-13.7188505579255,3.27395542593046));
#7881=CARTESIAN_POINT('Ctrl Pts',(6.06573485814469,-13.7188505579255,3.00000000000001));
#7882=CARTESIAN_POINT('',(4.96946903225212,-14.152892903484,-7.40000000000017));
#7883=CARTESIAN_POINT('Origin',(-15.0702032624216,-0.94813682370011,-7.40000000000017));
#7884=CARTESIAN_POINT('',(-14.9218173737336,-1.52949869726787,-5.40000000000018));
#7885=CARTESIAN_POINT('',(-14.9958514042718,-0.35276147890522,-5.40000000000018));
#7886=CARTESIAN_POINT('Ctrl Pts',(-14.9218173737335,-1.5294986972679,-5.40000000000017));
#7887=CARTESIAN_POINT('Ctrl Pts',(-14.9218173737335,-1.5294986972679,-5.64184495190769));
#7888=CARTESIAN_POINT('Ctrl Pts',(-14.8783622228751,-1.52042329430725,-5.86043666394627));
#7889=CARTESIAN_POINT('Ctrl Pts',(-14.7767372406336,-1.47350926554021,-6.17195716963137));
#7890=CARTESIAN_POINT('Ctrl Pts',(-14.72679675314,-1.44456228442945,-6.28392184216105));
#7891=CARTESIAN_POINT('Ctrl Pts',(-14.6431597168733,-1.37196398481906,-6.44438845994131));
#7892=CARTESIAN_POINT('Ctrl Pts',(-14.6076612816016,-1.33473519708201,-6.50471201785748));
#7893=CARTESIAN_POINT('Ctrl Pts',(-14.5516340040474,-1.25271252482694,-6.59358429611559));
#7894=CARTESIAN_POINT('Ctrl Pts',(-14.5299881101201,-1.21362557581355,-6.62601218852703));
#7895=CARTESIAN_POINT('Ctrl Pts',(-14.4933503892389,-1.1210201579858,-6.68073387604059));
#7896=CARTESIAN_POINT('Ctrl Pts',(-14.4794716805685,-1.06788277859696,-6.70146852292254));
#7897=CARTESIAN_POINT('Ctrl Pts',(-14.4715236912653,-0.992105858174835,
-6.716645844551));
#7898=CARTESIAN_POINT('Ctrl Pts',(-14.4704260950893,-0.973232349740947,
-6.71934847226449));
#7899=CARTESIAN_POINT('Ctrl Pts',(-14.4701406802606,-0.94496905677416,-6.72178626608945));
#7900=CARTESIAN_POINT('Ctrl Pts',(-14.4702601920534,-0.935720065910536,
-6.72233139987149));
#7901=CARTESIAN_POINT('Ctrl Pts',(-14.4708537923984,-0.91930044023288,-6.72284943402956));
#7902=CARTESIAN_POINT('Ctrl Pts',(-14.4712410709339,-0.912140025436062,
-6.72292390377946));
#7903=CARTESIAN_POINT('Ctrl Pts',(-14.4723196862726,-0.897181750084584,
-6.7227618322019));
#7904=CARTESIAN_POINT('Ctrl Pts',(-14.4730347808251,-0.889392199566675,
-6.72249669176142));
#7905=CARTESIAN_POINT('Ctrl Pts',(-14.4752846293947,-0.869222411914104,
-6.7213395257757));
#7906=CARTESIAN_POINT('Ctrl Pts',(-14.4770508675025,-0.856900319812333,
-6.72016983074937));
#7907=CARTESIAN_POINT('Ctrl Pts',(-14.4853714578271,-0.809366729266337,
-6.71385351924498));
#7908=CARTESIAN_POINT('Ctrl Pts',(-14.494586899508,-0.775401281067818,-6.70544257115752));
#7909=CARTESIAN_POINT('Ctrl Pts',(-14.5231565157029,-0.696775221383473,
-6.67654393035399));
#7910=CARTESIAN_POINT('Ctrl Pts',(-14.5447341880209,-0.655230493165259,
-6.6527969278399));
#7911=CARTESIAN_POINT('Ctrl Pts',(-14.5948269903087,-0.578983579136237,
-6.59228706282958));
#7912=CARTESIAN_POINT('Ctrl Pts',(-14.623321530401,-0.545789913449364,-6.55507842195521));
#7913=CARTESIAN_POINT('Ctrl Pts',(-14.6944102525793,-0.47664914316354,-6.4527901208985));
#7914=CARTESIAN_POINT('Ctrl Pts',(-14.7368113853166,-0.447351414508849,
-6.3832522066168));
#7915=CARTESIAN_POINT('Ctrl Pts',(-14.8457502494487,-0.385820016211549,
-6.17344669420859));
#7916=CARTESIAN_POINT('Ctrl Pts',(-14.9094634843264,-0.368582651516144,
-6.01059569961768));
#7917=CARTESIAN_POINT('Ctrl Pts',(-14.9794262031917,-0.354288858068006,
-5.69012285335739));
#7918=CARTESIAN_POINT('Ctrl Pts',(-14.9958514042718,-0.352761478905188,
-5.54690462051357));
#7919=CARTESIAN_POINT('Ctrl Pts',(-14.9958514042718,-0.352761478905188,
-5.40000000000018));
#7920=CARTESIAN_POINT('',(-14.9218173737336,-1.52949869726795,3.));
#7921=CARTESIAN_POINT('',(-14.9218173737336,-1.52949869726791,-7.40000000000017));
#7922=CARTESIAN_POINT('',(-14.9958514042719,-0.352761478905147,3.));
#7923=CARTESIAN_POINT('Ctrl Pts',(-14.9958514042719,-0.352761478905175,
3.));
#7924=CARTESIAN_POINT('Ctrl Pts',(-14.9958514042719,-0.352761478905175,
3.10565605342978));
#7925=CARTESIAN_POINT('Ctrl Pts',(-14.9874131861592,-0.353609642801479,
3.21321926522858));
#7926=CARTESIAN_POINT('Ctrl Pts',(-14.9398600021834,-0.361675493313728,
3.50462837423972));
#7927=CARTESIAN_POINT('Ctrl Pts',(-14.8864732984208,-0.372683805958475,
3.66920167867691));
#7928=CARTESIAN_POINT('Ctrl Pts',(-14.7778048374135,-0.421894653143422,
3.91102175016778));
#7929=CARTESIAN_POINT('Ctrl Pts',(-14.7297055891826,-0.450389401793212,
3.99578853461198));
#7930=CARTESIAN_POINT('Ctrl Pts',(-14.6501906737042,-0.517482733075323,
4.118192346806));
#7931=CARTESIAN_POINT('Ctrl Pts',(-14.6162363412288,-0.552159843836451,
4.16474641581265));
#7932=CARTESIAN_POINT('Ctrl Pts',(-14.5616163641971,-0.627386127362593,
4.23304513661102));
#7933=CARTESIAN_POINT('Ctrl Pts',(-14.5401014285121,-0.663560671944014,
4.25780281030078));
#7934=CARTESIAN_POINT('Ctrl Pts',(-14.5036187754879,-0.745599645211154,
4.29692260056931));
#7935=CARTESIAN_POINT('Ctrl Pts',(-14.4891992512544,-0.790626781249016,
4.31070649111198));
#7936=CARTESIAN_POINT('Ctrl Pts',(-14.4778437608125,-0.851748709826847,
4.31961594449005));
#7937=CARTESIAN_POINT('Ctrl Pts',(-14.4758221499175,-0.865101325824794,
4.32101104873136));
#7938=CARTESIAN_POINT('Ctrl Pts',(-14.4733166596481,-0.886564063891859,
4.32237415998888));
#7939=CARTESIAN_POINT('Ctrl Pts',(-14.4725427129549,-0.894591825082876,
4.32269101790769));
#7940=CARTESIAN_POINT('Ctrl Pts',(-14.4713907040637,-0.909741538802395,
4.32292540053669));
#7941=CARTESIAN_POINT('Ctrl Pts',(-14.4709770424073,-0.916852691004417,
4.3228856623177));
#7942=CARTESIAN_POINT('Ctrl Pts',(-14.4703342955818,-0.932798478136117,
4.32246074825296));
#7943=CARTESIAN_POINT('Ctrl Pts',(-14.4701737696424,-0.941626441046644,
4.32199527340073));
#7944=CARTESIAN_POINT('Ctrl Pts',(-14.4702731019726,-0.967441435949293,
4.31996007923225));
#7945=CARTESIAN_POINT('Ctrl Pts',(-14.4710608953262,-0.984339049027491,
4.31777223548772));
#7946=CARTESIAN_POINT('Ctrl Pts',(-14.4774094349228,-1.05601716391316,4.30484225416823));
#7947=CARTESIAN_POINT('Ctrl Pts',(-14.4896277592909,-1.10761724454457,4.28631126263276));
#7948=CARTESIAN_POINT('Ctrl Pts',(-14.5229716091351,-1.19860861300666,4.23647799546963));
#7949=CARTESIAN_POINT('Ctrl Pts',(-14.5430561375206,-1.23753533900344,4.20660589217612));
#7950=CARTESIAN_POINT('Ctrl Pts',(-14.5940782422769,-1.31724744647367,4.12678555422137));
#7951=CARTESIAN_POINT('Ctrl Pts',(-14.6260103726301,-1.35375312922684,4.07393732488754));
#7952=CARTESIAN_POINT('Ctrl Pts',(-14.7030266078653,-1.42688699727834,3.93244905999908));
#7953=CARTESIAN_POINT('Ctrl Pts',(-14.7504891549154,-1.45810128508657,3.83319918956732));
#7954=CARTESIAN_POINT('Ctrl Pts',(-14.865960946454,-1.51829923273418,3.51885984214039));
#7955=CARTESIAN_POINT('Ctrl Pts',(-14.9218173737336,-1.52949869726795,3.27395542593058));
#7956=CARTESIAN_POINT('Ctrl Pts',(-14.9218173737336,-1.52949869726795,3.00000000000001));
#7957=CARTESIAN_POINT('',(-14.9958514042718,-0.352761478905183,-7.40000000000017));
#7958=CARTESIAN_POINT('Origin',(11.6347497058575,-9.62510203006741,-7.40000000000017));
#7959=CARTESIAN_POINT('',(11.9245506362999,-9.09973033239552,-5.40000000000018));
#7960=CARTESIAN_POINT('',(11.1729870646552,-10.0082146286462,-5.40000000000018));
#7961=CARTESIAN_POINT('Ctrl Pts',(11.9245506363,-9.09973033239548,-5.40000000000017));
#7962=CARTESIAN_POINT('Ctrl Pts',(11.9245506363,-9.09973033239548,-5.64184495190771));
#7963=CARTESIAN_POINT('Ctrl Pts',(11.8866606537924,-9.07659891867713,-5.86043666394634));
#7964=CARTESIAN_POINT('Ctrl Pts',(11.7804643673561,-9.04123068635075,-6.17195716963162));
#7965=CARTESIAN_POINT('Ctrl Pts',(11.7242437465904,-9.02814551125671,-6.28392184216124));
#7966=CARTESIAN_POINT('Ctrl Pts',(11.6135780151679,-9.02381390295203,-6.44438845994141));
#7967=CARTESIAN_POINT('Ctrl Pts',(11.5622159106296,-9.026652170119,-6.50471201785756));
#7968=CARTESIAN_POINT('Ctrl Pts',(11.4652254001,-9.04809081422741,-6.59358429611562));
#7969=CARTESIAN_POINT('Ctrl Pts',(11.4226893646878,-9.06176633975662,-6.62601218852706));
#7970=CARTESIAN_POINT('Ctrl Pts',(11.3325888448179,-9.10419253828533,-6.68073387604063));
#7971=CARTESIAN_POINT('Ctrl Pts',(11.2860966623308,-9.13342739094881,-6.70146852292256));
#7972=CARTESIAN_POINT('Ctrl Pts',(11.2284299559066,-9.18322561554365,-6.71664584455099));
#7973=CARTESIAN_POINT('Ctrl Pts',(11.2147100371515,-9.19623245479554,-6.71934847226449));
#7974=CARTESIAN_POINT('Ctrl Pts',(11.1951544232911,-9.21664012878116,-6.72178626608947));
#7975=CARTESIAN_POINT('Ctrl Pts',(11.1889101737102,-9.22346416440785,-6.72233139987149));
#7976=CARTESIAN_POINT('Ctrl Pts',(11.1781028825011,-9.23583990379895,-6.72284943402955));
#7977=CARTESIAN_POINT('Ctrl Pts',(11.173483555177,-9.24132473194586,-6.72292390377946));
#7978=CARTESIAN_POINT('Ctrl Pts',(11.1640301878185,-9.252967208406,-6.72276183220189));
#7979=CARTESIAN_POINT('Ctrl Pts',(11.1592191550493,-9.25913506226162,-6.72249669176141));
#7980=CARTESIAN_POINT('Ctrl Pts',(11.1470520543082,-9.27537833200918,-6.72133952577569));
#7981=CARTESIAN_POINT('Ctrl Pts',(11.1399045339902,-9.28556982376067,-6.72016983074936));
#7982=CARTESIAN_POINT('Ctrl Pts',(11.1134310014557,-9.3259161560438,-6.71385351924496));
#7983=CARTESIAN_POINT('Ctrl Pts',(11.0968978200631,-9.35698430612935,-6.70544257115749));
#7984=CARTESIAN_POINT('Ctrl Pts',(11.0639009323592,-9.43385748502074,-6.67654393035394));
#7985=CARTESIAN_POINT('Ctrl Pts',(11.0511910550634,-9.47891322166453,-6.65279692783984));
#7986=CARTESIAN_POINT('Ctrl Pts',(11.0355125320563,-9.56878571276335,-6.5922870628295));
#7987=CARTESIAN_POINT('Ctrl Pts',(11.0335615300553,-9.61248870863315,-6.55507842195512));
#7988=CARTESIAN_POINT('Ctrl Pts',(11.0380528640859,-9.71155374007856,-6.45279012089838));
#7989=CARTESIAN_POINT('Ctrl Pts',(11.0489062842576,-9.76193643782596,-6.38325220661666));
#7990=CARTESIAN_POINT('Ctrl Pts',(11.0861981578887,-9.8813646809509,-6.17344669420832));
#7991=CARTESIAN_POINT('Ctrl Pts',(11.1208433191501,-9.93754488957814,-6.01059569961728));
#7992=CARTESIAN_POINT('Ctrl Pts',(11.1620591713542,-9.99585739329072,-5.69012285335689));
#7993=CARTESIAN_POINT('Ctrl Pts',(11.1729870646551,-10.0082146286462,-5.54690462051324));
#7994=CARTESIAN_POINT('Ctrl Pts',(11.1729870646551,-10.0082146286462,-5.40000000000018));
#7995=CARTESIAN_POINT('',(11.9245506363,-9.09973033239549,3.));
#7996=CARTESIAN_POINT('',(11.9245506363,-9.0997303323955,-7.40000000000017));
#7997=CARTESIAN_POINT('',(11.1729870646552,-10.0082146286463,3.));
#7998=CARTESIAN_POINT('Ctrl Pts',(11.1729870646552,-10.0082146286463,3.));
#7999=CARTESIAN_POINT('Ctrl Pts',(11.1729870646552,-10.0082146286463,3.10565605342985));
#8000=CARTESIAN_POINT('Ctrl Pts',(11.1674164765202,-10.0018199859867,3.21321926522868));
#8001=CARTESIAN_POINT('Ctrl Pts',(11.1382731518929,-9.96338783954148,3.5046283742398));
#8002=CARTESIAN_POINT('Ctrl Pts',(11.1068916282907,-9.91881741142689,3.66920167867697));
#8003=CARTESIAN_POINT('Ctrl Pts',(11.0613628724469,-9.80855556721185,3.91102175016799));
#8004=CARTESIAN_POINT('Ctrl Pts',(11.0458060272064,-9.75485758822608,3.99578853461213));
#8005=CARTESIAN_POINT('Ctrl Pts',(11.0337706941669,-9.65151694934337,4.11819234680607));
#8006=CARTESIAN_POINT('Ctrl Pts',(11.0327571668408,-9.60299508347912,4.1647464158127));
#8007=CARTESIAN_POINT('Ctrl Pts',(11.0444368518318,-9.51076753562813,4.23304513661106));
#8008=CARTESIAN_POINT('Ctrl Pts',(11.053516318498,-9.46966944055964,4.2578028103008));
#8009=CARTESIAN_POINT('Ctrl Pts',(11.0830811507216,-9.38489150827768,4.29692260056933));
#8010=CARTESIAN_POINT('Ctrl Pts',(11.103392965596,-9.34219729514058,4.31070649111198));
#8011=CARTESIAN_POINT('Ctrl Pts',(11.1369560086316,-9.2898679586415,4.31961594449004));
#8012=CARTESIAN_POINT('Ctrl Pts',(11.1446228123503,-9.27875043259746,4.32101104873135));
#8013=CARTESIAN_POINT('Ctrl Pts',(11.1574886437766,-9.2613896437753,4.32237415998886));
#8014=CARTESIAN_POINT('Ctrl Pts',(11.1624198416084,-9.25500785474958,4.32269101790768));
#8015=CARTESIAN_POINT('Ctrl Pts',(11.1719507559507,-9.24317558438101,4.32292540053669));
#8016=CARTESIAN_POINT('Ctrl Pts',(11.1765171282406,-9.23770860663109,4.32288566231769));
#8017=CARTESIAN_POINT('Ctrl Pts',(11.186964228402,-9.22564463759361,4.32246074825296));
#8018=CARTESIAN_POINT('Ctrl Pts',(11.1928903664898,-9.21909944202061,4.32199527340074));
#8019=CARTESIAN_POINT('Ctrl Pts',(11.2106343566925,-9.20034911827847,4.31996007923224));
#8020=CARTESIAN_POINT('Ctrl Pts',(11.222775845462,-9.18857057012646,4.3177722354877));
#8021=CARTESIAN_POINT('Ctrl Pts',(11.2764707777613,-9.14066534750988,4.30484225416823));
#8022=CARTESIAN_POINT('Ctrl Pts',(11.3207002387672,-9.11141452614259,4.28631126263275));
#8023=CARTESIAN_POINT('Ctrl Pts',(11.4072947371662,-9.06791010907895,4.23647799546962));
#8024=CARTESIAN_POINT('Ctrl Pts',(11.4485829058803,-9.05328255283937,4.20660589217612));
#8025=CARTESIAN_POINT('Ctrl Pts',(11.5403431120288,-9.03010196141721,4.12678555422134));
#8026=CARTESIAN_POINT('Ctrl Pts',(11.5886104927417,-9.02534951138699,4.07393732488748));
#8027=CARTESIAN_POINT('Ctrl Pts',(11.6948164897502,-9.02475845691521,3.93244905999913));
#8028=CARTESIAN_POINT('Ctrl Pts',(11.75078284791,-9.03449456959884,3.83319918956742));
#8029=CARTESIAN_POINT('Ctrl Pts',(11.8761664921389,-9.06965803504279,3.51885984214029));
#8030=CARTESIAN_POINT('Ctrl Pts',(11.9245506363001,-9.09973033239551,3.27395542593044));
#8031=CARTESIAN_POINT('Ctrl Pts',(11.9245506363001,-9.09973033239551,3.00000000000001));
#8032=CARTESIAN_POINT('',(11.1729870646552,-10.0082146286463,-7.40000000000017));
#8033=CARTESIAN_POINT('Origin',(-14.8325371544701,2.82945778700115,-7.40000000000017));
#8034=CARTESIAN_POINT('',(-14.8333919000773,2.22945839582653,-5.40000000000018));
#8035=CARTESIAN_POINT('',(-14.6124573693499,3.38763776530686,-5.40000000000018));
#8036=CARTESIAN_POINT('Ctrl Pts',(-14.8333919000773,2.2294583958265,-5.40000000000017));
#8037=CARTESIAN_POINT('Ctrl Pts',(-14.8333919000773,2.2294583958265,-5.64184495190824));
#8038=CARTESIAN_POINT('Ctrl Pts',(-14.789045011753,2.22744182175094,-5.86043666394703));
#8039=CARTESIAN_POINT('Ctrl Pts',(-14.6789457206836,2.24760885466863,-6.17195716963118));
#8040=CARTESIAN_POINT('Ctrl Pts',(-14.6233753839727,2.26322671893817,-6.28392184216098));
#8041=CARTESIAN_POINT('Ctrl Pts',(-14.5243114960592,2.31274452435562,-6.4443884599417));
#8042=CARTESIAN_POINT('Ctrl Pts',(-14.480669886387,2.33997559940471,-6.50471201785777));
#8043=CARTESIAN_POINT('Ctrl Pts',(-14.4060045996761,2.40548796124861,-6.59358429611578));
#8044=CARTESIAN_POINT('Ctrl Pts',(-14.3753182223708,2.43796380696452,-6.6260121885272));
#8045=CARTESIAN_POINT('Ctrl Pts',(-14.3168015119528,2.51854842462987,-6.68073387604072));
#8046=CARTESIAN_POINT('Ctrl Pts',(-14.290144099552,2.56656490103916,-6.70146852292265));
#8047=CARTESIAN_POINT('Ctrl Pts',(-14.2636008571586,2.63798456559925,-6.71664584455109));
#8048=CARTESIAN_POINT('Ctrl Pts',(-14.257844093302,2.6559921669905,-6.71934847226456));
#8049=CARTESIAN_POINT('Ctrl Pts',(-14.2505388501662,2.68329653685472,-6.72178626608952));
#8050=CARTESIAN_POINT('Ctrl Pts',(-14.248354476782,2.69228467503685,-6.72233139987155));
#8051=CARTESIAN_POINT('Ctrl Pts',(-14.2448460332236,2.7083360703829,-6.72284943402961));
#8052=CARTESIAN_POINT('Ctrl Pts',(-14.2434404219438,2.71536783983714,-6.72292390377951));
#8053=CARTESIAN_POINT('Ctrl Pts',(-14.2407651787889,2.73012441418904,-6.72276183220195));
#8054=CARTESIAN_POINT('Ctrl Pts',(-14.2395206248916,2.73784707843701,-6.72249669176147));
#8055=CARTESIAN_POINT('Ctrl Pts',(-14.2366837681158,2.75794270970774,-6.72133952577575));
#8056=CARTESIAN_POINT('Ctrl Pts',(-14.2353301369112,2.77031692618316,-6.72016983074941));
#8057=CARTESIAN_POINT('Ctrl Pts',(-14.2315681973208,2.81842640824303,-6.71385351924501));
#8058=CARTESIAN_POINT('Ctrl Pts',(-14.2320472554753,2.85361655658014,-6.70544257115753));
#8059=CARTESIAN_POINT('Ctrl Pts',(-14.2401657987305,2.93687740864418,-6.67654393035396));
#8060=CARTESIAN_POINT('Ctrl Pts',(-14.2507338150212,2.98248308172402,-6.65279692783988));
#8061=CARTESIAN_POINT('Ctrl Pts',(-14.2802910233644,3.06879213208936,-6.59228706282945));
#8062=CARTESIAN_POINT('Ctrl Pts',(-14.2996354261077,3.10802926169019,-6.55507842195498));
#8063=CARTESIAN_POINT('Ctrl Pts',(-14.3512961549949,3.19267689383366,-6.45279012089824));
#8064=CARTESIAN_POINT('Ctrl Pts',(-14.3850791293438,3.23159891338401,-6.38325220661644));
#8065=CARTESIAN_POINT('Ctrl Pts',(-14.4752932422351,3.31828918348438,-6.17344669420792));
#8066=CARTESIAN_POINT('Ctrl Pts',(-14.5327180503976,3.35082984186318,-6.01059569961666));
#8067=CARTESIAN_POINT('Ctrl Pts',(-14.5969280399173,3.38207359016591,-5.69012285335627));
#8068=CARTESIAN_POINT('Ctrl Pts',(-14.6124573693498,3.38763776530691,-5.54690462051293));
#8069=CARTESIAN_POINT('Ctrl Pts',(-14.6124573693498,3.38763776530691,-5.40000000000018));
#8070=CARTESIAN_POINT('',(-14.8333919000774,2.22945839582647,3.));
#8071=CARTESIAN_POINT('',(-14.8333919000773,2.2294583958265,-7.40000000000017));
#8072=CARTESIAN_POINT('',(-14.6124573693499,3.38763776530694,3.));
#8073=CARTESIAN_POINT('Ctrl Pts',(-14.6124573693499,3.38763776530695,3.));
#8074=CARTESIAN_POINT('Ctrl Pts',(-14.6124573693499,3.38763776530695,3.10565605342999));
#8075=CARTESIAN_POINT('Ctrl Pts',(-14.6044951831596,3.38471774852877,3.21321926522896));
#8076=CARTESIAN_POINT('Ctrl Pts',(-14.5604418653563,3.36507930558511,3.50462837424014));
#8077=CARTESIAN_POINT('Ctrl Pts',(-14.5114700590932,3.34114010599016,3.66920167867726));
#8078=CARTESIAN_POINT('Ctrl Pts',(-14.4184538576496,3.26645056075572,3.91102175016771));
#8079=CARTESIAN_POINT('Ctrl Pts',(-14.3789520915767,3.22688923041774,3.99578853461199));
#8080=CARTESIAN_POINT('Ctrl Pts',(-14.3186207163717,3.14212920415538,4.11819234680628));
#8081=CARTESIAN_POINT('Ctrl Pts',(-14.2943569684511,3.1000974394835,4.16474641581284));
#8082=CARTESIAN_POINT('Ctrl Pts',(-14.2601609943989,3.01365109206091,4.23304513661112));
#8083=CARTESIAN_POINT('Ctrl Pts',(-14.2483182333919,2.97326249038998,4.25780281030089));
#8084=CARTESIAN_POINT('Ctrl Pts',(-14.2333840130043,2.88472805546305,4.29692260056941));
#8085=CARTESIAN_POINT('Ctrl Pts',(-14.2306152980209,2.83752953984837,4.31070649111204));
#8086=CARTESIAN_POINT('Ctrl Pts',(-14.2348169667138,2.7755038734155,4.3196159444901));
#8087=CARTESIAN_POINT('Ctrl Pts',(-14.2361795290084,2.76206800021751,4.32101104873141));
#8088=CARTESIAN_POINT('Ctrl Pts',(-14.2390903192313,2.74065646344182,4.32237415998892));
#8089=CARTESIAN_POINT('Ctrl Pts',(-14.2403371105214,2.73268843641477,4.32269101790774));
#8090=CARTESIAN_POINT('Ctrl Pts',(-14.2429888747034,2.71772818584881,4.32292540053675));
#8091=CARTESIAN_POINT('Ctrl Pts',(-14.2443566806274,2.71073757009898,4.32288566231775));
#8092=CARTESIAN_POINT('Ctrl Pts',(-14.2476996828779,2.69513290455694,4.32246074825302));
#8093=CARTESIAN_POINT('Ctrl Pts',(-14.2497396252561,2.686542367157,4.32199527340078));
#8094=CARTESIAN_POINT('Ctrl Pts',(-14.256255765048,2.66156310073564,4.3199600792323));
#8095=CARTESIAN_POINT('Ctrl Pts',(-14.2612210739145,2.6453922734851,4.31777223548779));
#8096=CARTESIAN_POINT('Ctrl Pts',(-14.2851957847687,2.57754487598124,4.30484225416829));
#8097=CARTESIAN_POINT('Ctrl Pts',(-14.3098626662387,2.53060448047719,4.28631126263278));
#8098=CARTESIAN_POINT('Ctrl Pts',(-14.3647875908808,2.45076405143218,4.23647799546967));
#8099=CARTESIAN_POINT('Ctrl Pts',(-14.3939218099702,2.4180550992118,4.20660589217614));
#8100=CARTESIAN_POINT('Ctrl Pts',(-14.4631645564949,2.35353597565282,4.12678555422141));
#8101=CARTESIAN_POINT('Ctrl Pts',(-14.5031720743787,2.32611838394707,4.07393732488759));
#8102=CARTESIAN_POINT('Ctrl Pts',(-14.5959563563544,2.27443530969483,3.93244905999955));
#8103=CARTESIAN_POINT('Ctrl Pts',(-14.6496904579244,2.25600513160749,3.83319918956799));
#8104=CARTESIAN_POINT('Ctrl Pts',(-14.7765051116025,2.22641507998991,3.51885984214014));
#8105=CARTESIAN_POINT('Ctrl Pts',(-14.8333919000774,2.22945839582649,3.27395542593028));
#8106=CARTESIAN_POINT('Ctrl Pts',(-14.8333919000774,2.22945839582649,3.00000000000001));
#8107=CARTESIAN_POINT('',(-14.6124573693499,3.3876377653069,-7.40000000000017));
#8108=CARTESIAN_POINT('Origin',(0.,15.0999996624887,-7.40000000000017));
#8109=CARTESIAN_POINT('',(-0.589531915751304,14.9884105935323,-5.40000000000018));
#8110=CARTESIAN_POINT('',(0.589531915751304,14.9884105935323,-5.40000000000018));
#8111=CARTESIAN_POINT('Ctrl Pts',(-0.589531915751334,14.9884105935323,-5.40000000000017));
#8112=CARTESIAN_POINT('Ctrl Pts',(-0.589531915751334,14.9884105935323,-5.64184495190771));
#8113=CARTESIAN_POINT('Ctrl Pts',(-0.583202992523998,14.9444713422208,-5.86043666394645));
#8114=CARTESIAN_POINT('Ctrl Pts',(-0.542762623308192,14.8401011374279,-6.1719571696322));
#8115=CARTESIAN_POINT('Ctrl Pts',(-0.517008551607513,14.7884416000959,-6.28392184216168));
#8116=CARTESIAN_POINT('Ctrl Pts',(-0.449805121117057,14.7004111174659,-6.44438845994159));
#8117=CARTESIAN_POINT('Ctrl Pts',(-0.414878761081667,14.6626451153239,-6.5047120178577));
#8118=CARTESIAN_POINT('Ctrl Pts',(-0.336535923699459,14.6015781485996,-6.59358429611573));
#8119=CARTESIAN_POINT('Ctrl Pts',(-0.298885260776742,14.5775206780641,-6.62601218852714));
#8120=CARTESIAN_POINT('Ctrl Pts',(-0.208763080115869,14.5351405110594,-6.68073387604067));
#8121=CARTESIAN_POINT('Ctrl Pts',(-0.156602006534985,14.517952665192,-6.70146852292259));
#8122=CARTESIAN_POINT('Ctrl Pts',(-0.0814736729333013,14.5052622872286,
-6.71664584455103));
#8123=CARTESIAN_POINT('Ctrl Pts',(-0.0627063256912352,14.502981779508,-6.71934847226449));
#8124=CARTESIAN_POINT('Ctrl Pts',(-0.0345167252223427,14.5009222610313,
-6.72178626608945));
#8125=CARTESIAN_POINT('Ctrl Pts',(-0.0252784809219397,14.5004607880534,
-6.72233139987149));
#8126=CARTESIAN_POINT('Ctrl Pts',(-0.00885398315089692,14.500022220237,
-6.72284943402955));
#8127=CARTESIAN_POINT('Ctrl Pts',(-0.00168338037656452,14.4999591284016,
-6.72292390377946));
#8128=CARTESIAN_POINT('Ctrl Pts',(0.0133131050528511,14.5000963774588,-6.72276183220189));
#8129=CARTESIAN_POINT('Ctrl Pts',(0.0211321858305566,14.5003209510115,-6.72249669176142));
#8130=CARTESIAN_POINT('Ctrl Pts',(0.0414034421752184,14.5012998885734,-6.72133952577569));
#8131=CARTESIAN_POINT('Ctrl Pts',(0.0538121224513203,14.5022889308491,-6.72016983074937));
#8132=CARTESIAN_POINT('Ctrl Pts',(0.101774370503845,14.5076084435439,-6.71385351924495));
#8133=CARTESIAN_POINT('Ctrl Pts',(0.136251438019904,14.5146729925173,-6.70544257115746));
#8134=CARTESIAN_POINT('Ctrl Pts',(0.216516248179552,14.5382492619647,-6.67654393035386));
#8135=CARTESIAN_POINT('Ctrl Pts',(0.259333870621657,14.5571757406068,-6.65279692783976));
#8136=CARTESIAN_POINT('Ctrl Pts',(0.338575681863132,14.6023821128475,-6.59228706282936));
#8137=CARTESIAN_POINT('Ctrl Pts',(0.373493034409276,14.6287361779604,-6.55507842195495));
#8138=CARTESIAN_POINT('Ctrl Pts',(0.446961068976919,14.6953432378972,-6.45279012089808));
#8139=CARTESIAN_POINT('Ctrl Pts',(0.478863374409708,14.7358210820815,-6.38325220661623));
#8140=CARTESIAN_POINT('Ctrl Pts',(0.547113682423753,14.8406813917836,-6.17344669420772));
#8141=CARTESIAN_POINT('Ctrl Pts',(0.568317620236232,14.9031865600617,-6.0105956996164));
#8142=CARTESIAN_POINT('Ctrl Pts',(0.586976203613229,14.9721137087658,-5.69012285335607));
#8143=CARTESIAN_POINT('Ctrl Pts',(0.589531915751334,14.9884105935323,-5.54690462051278));
#8144=CARTESIAN_POINT('Ctrl Pts',(0.589531915751334,14.9884105935323,-5.40000000000018));
#8145=CARTESIAN_POINT('',(-0.589531915751379,14.9884105935323,3.));
#8146=CARTESIAN_POINT('',(-0.589531915751341,14.9884105935323,-7.40000000000017));
#8147=CARTESIAN_POINT('',(0.589531915751379,14.9884105935323,3.));
#8148=CARTESIAN_POINT('Ctrl Pts',(0.589531915751353,14.9884105935324,3.));
#8149=CARTESIAN_POINT('Ctrl Pts',(0.589531915751353,14.9884105935324,3.10565605343048));
#8150=CARTESIAN_POINT('Ctrl Pts',(0.58815558541354,14.9800422829671,3.21321926522991));
#8151=CARTESIAN_POINT('Ctrl Pts',(0.577119761887591,14.9330893932812,3.50462837424137));
#8152=CARTESIAN_POINT('Ctrl Pts',(0.562780992767955,14.8804992536535,3.66920167867824));
#8153=CARTESIAN_POINT('Ctrl Pts',(0.50684390282568,14.7751351996925,3.91102175016826));
#8154=CARTESIAN_POINT('Ctrl Pts',(0.47538520526799,14.7289200644124,3.99578853461242));
#8155=CARTESIAN_POINT('Ctrl Pts',(0.403431484495713,14.6537748785842,4.11819234680655));
#8156=CARTESIAN_POINT('Ctrl Pts',(0.366690790915027,14.6220649410284,4.16474641581306));
#8157=CARTESIAN_POINT('Ctrl Pts',(0.288183332541188,14.5722762414696,4.23304513661124));
#8158=CARTESIAN_POINT('Ctrl Pts',(0.250729236170897,14.5530751790436,4.25780281030098));
#8159=CARTESIAN_POINT('Ctrl Pts',(0.166561383340313,14.5218157859546,4.29692260056942));
#8160=CARTESIAN_POINT('Ctrl Pts',(0.120717688652059,14.5102519926232,4.31070649111201));
#8161=CARTESIAN_POINT('Ctrl Pts',(0.059003353094054,14.5027567872978,4.31961594449006));
#8162=CARTESIAN_POINT('Ctrl Pts',(0.0455501474353048,14.5015775832857,4.32101104873136));
#8163=CARTESIAN_POINT('Ctrl Pts',(0.0239724401436078,14.5004246935028,4.32237415998887));
#8164=CARTESIAN_POINT('Ctrl Pts',(0.0159119233905133,14.5001563413125,4.32269101790769));
#8165=CARTESIAN_POINT('Ctrl Pts',(0.000719768933545987,14.4999578640428,
4.32292540053669));
#8166=CARTESIAN_POINT('Ctrl Pts',(-0.00640332506431575,14.4999915315944,
4.3228856623177));
#8167=CARTESIAN_POINT('Ctrl Pts',(-0.022358005234641,14.5003512973413,4.32246074825297));
#8168=CARTESIAN_POINT('Ctrl Pts',(-0.0311786276840286,14.5007454005407,
4.32199527340073));
#8169=CARTESIAN_POINT('Ctrl Pts',(-0.0569364454625593,14.5024654738027,
4.31996007923225));
#8170=CARTESIAN_POINT('Ctrl Pts',(-0.073751249007293,14.5043127225301,4.31777223548771));
#8171=CARTESIAN_POINT('Ctrl Pts',(-0.144889295407015,14.5151494408066,4.30484225416823));
#8172=CARTESIAN_POINT('Ctrl Pts',(-0.195620360131383,14.5305836509731,4.28631126263272));
#8173=CARTESIAN_POINT('Ctrl Pts',(-0.284338500257954,14.5695750996447,4.23647799546961));
#8174=CARTESIAN_POINT('Ctrl Pts',(-0.321927295281105,14.5920642251503,4.2066058921761));
#8175=CARTESIAN_POINT('Ctrl Pts',(-0.398278404650614,14.6479908140786,4.12678555422136));
#8176=CARTESIAN_POINT('Ctrl Pts',(-0.432707016723235,14.6821521444526,4.07393732488755));
#8177=CARTESIAN_POINT('Ctrl Pts',(-0.500860682369498,14.7636085193105,3.93244905999884));
#8178=CARTESIAN_POINT('Ctrl Pts',(-0.529033177923437,14.812937371214,3.83319918956698));
#8179=CARTESIAN_POINT('Ctrl Pts',(-0.581861804890543,14.9319611659563,3.51885984214027));
#8180=CARTESIAN_POINT('Ctrl Pts',(-0.589531915751378,14.9884105935324,3.27395542593042));
#8181=CARTESIAN_POINT('Ctrl Pts',(-0.589531915751378,14.9884105935324,3.00000000000001));
#8182=CARTESIAN_POINT('',(0.589531915751341,14.9884105935323,-7.40000000000017));
#8183=CARTESIAN_POINT('Origin',(7.27448031633859,13.2322305728989,-7.40000000000017));
#8184=CARTESIAN_POINT('',(6.70411111650733,13.418453492766,-5.40000000000018));
#8185=CARTESIAN_POINT('',(7.73733262825117,12.8504351599392,-5.40000000000018));
#8186=CARTESIAN_POINT('Ctrl Pts',(6.7041111165073,13.418453492766,-5.40000000000017));
#8187=CARTESIAN_POINT('Ctrl Pts',(6.7041111165073,13.418453492766,-5.64184495190828));
#8188=CARTESIAN_POINT('Ctrl Pts',(6.68848929845231,13.3769002513075,-5.860436663947));
#8189=CARTESIAN_POINT('Ctrl Pts',(6.6736467345139,13.2659576471987,-6.17195716963148));
#8190=CARTESIAN_POINT('Ctrl Pts',(6.67132802767132,13.2082809308818,-6.28392184216117));
#8191=CARTESIAN_POINT('Ctrl Pts',(6.68780983429206,13.0987637313544,-6.44438845994149));
#8192=CARTESIAN_POINT('Ctrl Pts',(6.70022212661261,13.0488432291287,-6.50471201785765));
#8193=CARTESIAN_POINT('Ctrl Pts',(6.73945524275859,12.9575878885098,-6.59358429611571));
#8194=CARTESIAN_POINT('Ctrl Pts',(6.76085899536576,12.9183678211792,-6.62601218852714));
#8195=CARTESIAN_POINT('Ctrl Pts',(6.81941686313545,12.8378131060802,-6.68073387604067));
#8196=CARTESIAN_POINT('Ctrl Pts',(6.85684565245612,12.7976224930883,-6.70146852292261));
#8197=CARTESIAN_POINT('Ctrl Pts',(6.91656747684226,12.7503084793649,-6.71664584455106));
#8198=CARTESIAN_POINT('Ctrl Pts',(6.93191478562396,12.7392688167284,-6.71934847226453));
#8199=CARTESIAN_POINT('Ctrl Pts',(6.95562534022961,12.7238836033323,-6.72178626608949));
#8200=CARTESIAN_POINT('Ctrl Pts',(6.96349855911933,12.7190286533451,-6.72233139987152));
#8201=CARTESIAN_POINT('Ctrl Pts',(6.97768017457545,12.7107317712915,-6.72284943402959));
#8202=CARTESIAN_POINT('Ctrl Pts',(6.98393342696308,12.7072220192626,-6.72292390377949));
#8203=CARTESIAN_POINT('Ctrl Pts',(6.99714106755973,12.7001176795739,-6.72276183220193));
#8204=CARTESIAN_POINT('Ctrl Pts',(7.00410116941128,12.6965476039856,-6.72249669176145));
#8205=CARTESIAN_POINT('Ctrl Pts',(7.02233661352597,12.6876397012878,-6.72133952577573));
#8206=CARTESIAN_POINT('Ctrl Pts',(7.0336868976926,12.682528478327,-6.7201698307494));
#8207=CARTESIAN_POINT('Ctrl Pts',(7.07827923083603,12.6640840136186,-6.71385351924499));
#8208=CARTESIAN_POINT('Ctrl Pts',(7.11189508783245,12.6536652711274,-6.70544257115752));
#8209=CARTESIAN_POINT('Ctrl Pts',(7.19358963157566,12.6356574463392,-6.67654393035395));
#8210=CARTESIAN_POINT('Ctrl Pts',(7.24022890076894,12.6316152990752,-6.65279692783987));
#8211=CARTESIAN_POINT('Ctrl Pts',(7.33144736521839,12.6330549113422,-6.5922870628295));
#8212=CARTESIAN_POINT('Ctrl Pts',(7.37474184219965,12.6393275917679,-6.55507842195512));
#8213=CARTESIAN_POINT('Ctrl Pts',(7.47121056750666,12.6623023077466,-6.45279012089831));
#8214=CARTESIAN_POINT('Ctrl Pts',(7.51866712102172,12.6824042601445,-6.38325220661652));
#8215=CARTESIAN_POINT('Ctrl Pts',(7.62899216131589,12.7414142133635,-6.17344669420816));
#8216=CARTESIAN_POINT('Ctrl Pts',(7.67768540813253,12.7859728349163,-6.01059569961703));
#8217=CARTESIAN_POINT('Ctrl Pts',(7.72724195651962,12.8373853146668,-5.69012285335661));
#8218=CARTESIAN_POINT('Ctrl Pts',(7.73733262825121,12.8504351599391,-5.5469046205131));
#8219=CARTESIAN_POINT('Ctrl Pts',(7.73733262825121,12.8504351599391,-5.40000000000018));
#8220=CARTESIAN_POINT('',(6.70411111650728,13.418453492766,3.));
#8221=CARTESIAN_POINT('',(6.70411111650731,13.418453492766,-7.40000000000017));
#8222=CARTESIAN_POINT('',(7.73733262825126,12.8504351599391,3.));
#8223=CARTESIAN_POINT('Ctrl Pts',(7.73733262825128,12.8504351599392,3.));
#8224=CARTESIAN_POINT('Ctrl Pts',(7.73733262825128,12.8504351599392,3.10565605342967));
#8225=CARTESIAN_POINT('Ctrl Pts',(7.73209507642155,12.8437650056873,3.21321926522836));
#8226=CARTESIAN_POINT('Ctrl Pts',(7.69980458343035,12.8079364233388,3.50462837423972));
#8227=CARTESIAN_POINT('Ctrl Pts',(7.6619039312801,12.7687590873841,3.66920167867691));
#8228=CARTESIAN_POINT('Ctrl Pts',(7.56212636558767,12.7033757616597,3.91102175016715));
#8229=CARTESIAN_POINT('Ctrl Pts',(7.51229458755212,12.6780324730254,3.99578853461156));
#8230=CARTESIAN_POINT('Ctrl Pts',(7.4130395920215,12.6468462140583,4.11819234680603));
#8231=CARTESIAN_POINT('Ctrl Pts',(7.36556709788421,12.6367585480758,4.16474641581267));
#8232=CARTESIAN_POINT('Ctrl Pts',(7.27278459873664,12.6309496345777,4.23304513661105));
#8233=CARTESIAN_POINT('Ctrl Pts',(7.23071314152198,12.6321672638464,4.25780281030081));
#8234=CARTESIAN_POINT('Ctrl Pts',(7.14189696237067,12.6453226212107,4.29692260056936));
#8235=CARTESIAN_POINT('Ctrl Pts',(7.09615292655338,12.6572745602182,4.31070649111202));
#8236=CARTESIAN_POINT('Ctrl Pts',(7.03846139934566,12.6804375696231,4.31961594449009));
#8237=CARTESIAN_POINT('Ctrl Pts',(7.02610417949352,12.6858853565247,4.32101104873139));
#8238=CARTESIAN_POINT('Ctrl Pts',(7.00664008156505,12.6952702112731,4.3223741599889));
#8239=CARTESIAN_POINT('Ctrl Pts',(6.99944731723604,12.698918236017,4.32269101790772));
#8240=CARTESIAN_POINT('Ctrl Pts',(6.98603871364728,12.706063185287,4.32292540053673));
#8241=CARTESIAN_POINT('Ctrl Pts',(6.97981291826107,12.7095242650918,4.32288566231774));
#8242=CARTESIAN_POINT('Ctrl Pts',(6.96600504392014,12.7175257560102,4.322460748253));
#8243=CARTESIAN_POINT('Ctrl Pts',(6.95846533420984,12.7221204785494,4.32199527340076));
#8244=CARTESIAN_POINT('Ctrl Pts',(6.93672223804099,12.7360367135906,4.31996007923228));
#8245=CARTESIAN_POINT('Ctrl Pts',(6.92287723223255,12.7457560633771,4.31777223548777));
#8246=CARTESIAN_POINT('Ctrl Pts',(6.86575911581203,12.7895233672141,4.30484225416827));
#8247=CARTESIAN_POINT('Ctrl Pts',(6.8287386323629,12.8274883455063,4.28631126263276));
#8248=CARTESIAN_POINT('Ctrl Pts',(6.76977860718502,12.9043971024072,4.23647799546965));
#8249=CARTESIAN_POINT('Ctrl Pts',(6.74767351385109,12.9422130134236,4.20660589217616));
#8250=CARTESIAN_POINT('Ctrl Pts',(6.70770936637796,13.0280042843541,4.12678555422135));
#8251=CARTESIAN_POINT('Ctrl Pts',(6.69399669005398,13.0745261967202,4.07393732488746));
#8252=CARTESIAN_POINT('Ctrl Pts',(6.67351508544556,13.1787402409685,3.93244905999935));
#8253=CARTESIAN_POINT('Ctrl Pts',(6.67259169504175,13.2355396466522,3.83319918956771));
#8254=CARTESIAN_POINT('Ctrl Pts',(6.68363776675564,13.3652913782086,3.51885984214013));
#8255=CARTESIAN_POINT('Ctrl Pts',(6.70411111650731,13.4184534927661,3.27395542593024));
#8256=CARTESIAN_POINT('Ctrl Pts',(6.70411111650731,13.4184534927661,3.00000000000001));
#8257=CARTESIAN_POINT('',(7.73733262825122,12.8504351599392,-7.40000000000017));
#8258=CARTESIAN_POINT('Origin',(-1.89253178451961,-14.9809316549987,-7.40000000000017));
#8259=CARTESIAN_POINT('',(-1.29366268516588,-14.9441104404715,-5.40000000000018));
#8260=CARTESIAN_POINT('',(-2.46342924618787,-14.7963345578906,-5.40000000000018));
#8261=CARTESIAN_POINT('Ctrl Pts',(-1.29366268516588,-14.9441104404715,-5.40000000000017));
#8262=CARTESIAN_POINT('Ctrl Pts',(-1.29366268516588,-14.9441104404715,-5.64184495190762));
#8263=CARTESIAN_POINT('Ctrl Pts',(-1.29443465449598,-14.8997244388676,-5.86043666394615));
#8264=CARTESIAN_POINT('Ctrl Pts',(-1.32147508406697,-14.7911087020734,-6.1719571696311));
#8265=CARTESIAN_POINT('Ctrl Pts',(-1.34055142036152,-14.7366286745395,-6.28392184216085));
#8266=CARTESIAN_POINT('Ctrl Pts',(-1.39619178668974,-14.6408695153083,-6.4443884599413));
#8267=CARTESIAN_POINT('Ctrl Pts',(-1.42610940677697,-14.5990238757334,-6.50471201785745));
#8268=CARTESIAN_POINT('Ctrl Pts',(-1.49618076708301,-14.5286194791459,-6.59358429611552));
#8269=CARTESIAN_POINT('Ctrl Pts',(-1.53051934270927,-14.5000328296212,-6.62601218852699));
#8270=CARTESIAN_POINT('Ctrl Pts',(-1.61461923968777,-14.4466915385736,-6.68073387604058));
#8271=CARTESIAN_POINT('Ctrl Pts',(-1.66421479932313,-14.4231017079865,-6.70146852292253));
#8272=CARTESIAN_POINT('Ctrl Pts',(-1.73716019746938,-14.4010953204611,-6.716645844551));
#8273=CARTESIAN_POINT('Ctrl Pts',(-1.75549373516614,-14.3964806229097,-6.71934847226448));
#8274=CARTESIAN_POINT('Ctrl Pts',(-1.78320292610528,-14.3909042505717,-6.72178626608945));
#8275=CARTESIAN_POINT('Ctrl Pts',(-1.79231048618953,-14.3892885574155,-6.72233139987148));
#8276=CARTESIAN_POINT('Ctrl Pts',(-1.80855050476739,-14.3867949124219,-6.72284943402955));
#8277=CARTESIAN_POINT('Ctrl Pts',(-1.81565665769332,-14.3858336032522,-6.72292390377945));
#8278=CARTESIAN_POINT('Ctrl Pts',(-1.83055209322406,-14.3840902120486,-6.72276183220189));
#8279=CARTESIAN_POINT('Ctrl Pts',(-1.838337664744,-14.3833330240944,-6.72249669176141));
#8280=CARTESIAN_POINT('Ctrl Pts',(-1.85857176958759,-14.3817635803352,-6.72133952577569));
#8281=CARTESIAN_POINT('Ctrl Pts',(-1.87100656357996,-14.3811896036938,-6.72016983074936));
#8282=CARTESIAN_POINT('Ctrl Pts',(-1.91925732670784,-14.3804559068047,-6.71385351924498));
#8283=CARTESIAN_POINT('Ctrl Pts',(-1.95434795501517,-14.3831436273437,-6.70544257115752));
#8284=CARTESIAN_POINT('Ctrl Pts',(-2.03693474325795,-14.3964741426659,-6.676543930354));
#8285=CARTESIAN_POINT('Ctrl Pts',(-2.08178685272635,-14.4098849092966,-6.65279692783991));
#8286=CARTESIAN_POINT('Ctrl Pts',(-2.16606967942841,-14.4448031833533,-6.59228706282961));
#8287=CARTESIAN_POINT('Ctrl Pts',(-2.20401473841858,-14.466573134089,-6.55507842195527));
#8288=CARTESIAN_POINT('Ctrl Pts',(-2.28525153378989,-14.5234469911277,-6.45279012089858));
#8289=CARTESIAN_POINT('Ctrl Pts',(-2.32197549911495,-14.5596072363223,-6.3832522066169));
#8290=CARTESIAN_POINT('Ctrl Pts',(-2.40283011475245,-14.6550866593669,-6.17344669420875));
#8291=CARTESIAN_POINT('Ctrl Pts',(-2.4317008280368,-14.7144413976333,-6.01059569961792));
#8292=CARTESIAN_POINT('Ctrl Pts',(-2.45885114533845,-14.7804864945942,-5.69012285335765));
#8293=CARTESIAN_POINT('Ctrl Pts',(-2.46342924618786,-14.7963345578906,-5.54690462051371));
#8294=CARTESIAN_POINT('Ctrl Pts',(-2.46342924618786,-14.7963345578906,-5.40000000000018));
#8295=CARTESIAN_POINT('',(-1.29366268516585,-14.9441104404716,3.));
#8296=CARTESIAN_POINT('',(-1.29366268516588,-14.9441104404715,-7.40000000000017));
#8297=CARTESIAN_POINT('',(-2.46342924618791,-14.7963345578906,3.));
#8298=CARTESIAN_POINT('Ctrl Pts',(-2.46342924618789,-14.7963345578907,3.));
#8299=CARTESIAN_POINT('Ctrl Pts',(-2.46342924618789,-14.7963345578907,3.10565605342974));
#8300=CARTESIAN_POINT('Ctrl Pts',(-2.4610149412033,-14.7882047338855,3.21321926522848));
#8301=CARTESIAN_POINT('Ctrl Pts',(-2.44418138095271,-14.7430052372068,3.50462837423967));
#8302=CARTESIAN_POINT('Ctrl Pts',(-2.42336438505731,-14.6926269108371,3.66920167867687));
#8303=CARTESIAN_POINT('Ctrl Pts',(-2.3546627581925,-14.5951044602708,3.91102175016747));
#8304=CARTESIAN_POINT('Ctrl Pts',(-2.31765982951705,-14.5531965654248,3.99578853461176));
#8305=CARTESIAN_POINT('Ctrl Pts',(-2.23685529619807,-14.487662114323,4.11819234680599));
#8306=CARTESIAN_POINT('Ctrl Pts',(-2.19643000495019,-14.4608070490259,4.16474641581263));
#8307=CARTESIAN_POINT('Ctrl Pts',(-2.11230142262393,-14.4212505418511,4.23304513661101));
#8308=CARTESIAN_POINT('Ctrl Pts',(-2.0727361317488,-14.4068951285457,4.25780281030077));
#8309=CARTESIAN_POINT('Ctrl Pts',(-1.98531412676235,-14.3864312542653,4.2969226005693));
#8310=CARTESIAN_POINT('Ctrl Pts',(-1.93838259568896,-14.380704383392,4.31070649111197));
#8311=CARTESIAN_POINT('Ctrl Pts',(-1.87621549778022,-14.3810031372321,4.31961594449004));
#8312=CARTESIAN_POINT('Ctrl Pts',(-1.86272058121448,-14.3815193653628,4.32101104873134));
#8313=CARTESIAN_POINT('Ctrl Pts',(-1.84116852518527,-14.383079970288,4.32237415998885));
#8314=CARTESIAN_POINT('Ctrl Pts',(-1.83313793456658,-14.3838239847637,4.32269101790767));
#8315=CARTESIAN_POINT('Ctrl Pts',(-1.8180406989871,-14.3855311543895,4.32292540053668));
#8316=CARTESIAN_POINT('Ctrl Pts',(-1.810977992376,-14.3864573168661,4.32288566231768));
#8317=CARTESIAN_POINT('Ctrl Pts',(-1.79519421022888,-14.3888138974089,4.32246074825295));
#8318=CARTESIAN_POINT('Ctrl Pts',(-1.78649253525051,-14.3903104101204,4.32199527340074));
#8319=CARTESIAN_POINT('Ctrl Pts',(-1.76115340790239,-14.3952452306828,4.31996007923224));
#8320=CARTESIAN_POINT('Ctrl Pts',(-1.74470271576215,-14.3991853670023,4.3177722354877));
#8321=CARTESIAN_POINT('Ctrl Pts',(-1.67548381504902,-14.4188525959031,4.30484225416822));
#8322=CARTESIAN_POINT('Ctrl Pts',(-1.62708719939032,-14.4405233910965,4.28631126263273));
#8323=CARTESIAN_POINT('Ctrl Pts',(-1.54395555264083,-14.490326711927,4.23647799546961));
#8324=CARTESIAN_POINT('Ctrl Pts',(-1.50948179131332,-14.5173496291869,4.20660589217611));
#8325=CARTESIAN_POINT('Ctrl Pts',(-1.44074219347874,-14.5824045516805,4.12678555422135));
#8326=CARTESIAN_POINT('Ctrl Pts',(-1.41086661129426,-14.6206115590392,4.07393732488749));
#8327=CARTESIAN_POINT('Ctrl Pts',(-1.35345954851369,-14.7099675453459,3.93244905999925));
#8328=CARTESIAN_POINT('Ctrl Pts',(-1.33169174601888,-14.7624383744837,3.83319918956758));
#8329=CARTESIAN_POINT('Ctrl Pts',(-1.29419732562064,-14.8871448136966,3.5188598421403));
#8330=CARTESIAN_POINT('Ctrl Pts',(-1.29366268516585,-14.9441104404716,3.27395542593047));
#8331=CARTESIAN_POINT('Ctrl Pts',(-1.29366268516585,-14.9441104404716,3.00000000000001));
#8332=CARTESIAN_POINT('',(-2.46342924618787,-14.7963345578906,-7.40000000000017));
#8333=CARTESIAN_POINT('Origin',(-3.75521721225366,14.6256054061346,-7.40000000000017));
#8334=CARTESIAN_POINT('',(-4.29847682583067,14.3709114873691,-5.40000000000018));
#8335=CARTESIAN_POINT('',(-3.15645545274144,14.6641327385857,-5.40000000000018));
#8336=CARTESIAN_POINT('Ctrl Pts',(-4.29847682583069,14.3709114873691,-5.40000000000017));
#8337=CARTESIAN_POINT('Ctrl Pts',(-4.29847682583069,14.3709114873691,-5.64184495190777));
#8338=CARTESIAN_POINT('Ctrl Pts',(-4.2814194899138,14.3299266076395,-5.86043666394632));
#8339=CARTESIAN_POINT('Ctrl Pts',(-4.21629381480857,14.2388924956111,-6.17195716963089));
#8340=CARTESIAN_POINT('Ctrl Pts',(-4.17850165011888,14.1952607148249,-6.28392184216071));
#8341=CARTESIAN_POINT('Ctrl Pts',(-4.0915172481831,14.1267086852289,-6.44438845994136));
#8342=CARTESIAN_POINT('Ctrl Pts',(-4.04829614116194,14.0988150040273,-6.50471201785749));
#8343=CARTESIAN_POINT('Ctrl Pts',(-3.95722785101439,14.0591496397457,-6.59358429611554));
#8344=CARTESIAN_POINT('Ctrl Pts',(-3.91477720326915,14.0452113179996,-6.626012188527));
#8345=CARTESIAN_POINT('Ctrl Pts',(-3.81694685768638,14.0265750768126,-6.68073387604059));
#8346=CARTESIAN_POINT('Ctrl Pts',(-3.76215007670017,14.0228991502326,-6.70146852292252));
#8347=CARTESIAN_POINT('Ctrl Pts',(-3.68622606918606,14.0292911206351,-6.71664584455098));
#8348=CARTESIAN_POINT('Ctrl Pts',(-3.66748119346062,14.0317495087261,-6.71934847226445));
#8349=CARTESIAN_POINT('Ctrl Pts',(-3.63966503970992,14.0367651623694,-6.72178626608942));
#8350=CARTESIAN_POINT('Ctrl Pts',(-3.63060226817935,14.0386156453464,-6.72233139987145));
#8351=CARTESIAN_POINT('Ctrl Pts',(-3.61458470882758,14.0422754624418,-6.72284943402952));
#8352=CARTESIAN_POINT('Ctrl Pts',(-3.60762369342377,14.0439976091473,-6.72292390377942));
#8353=CARTESIAN_POINT('Ctrl Pts',(-3.59313248261315,14.0478600205423,-6.72276183220186));
#8354=CARTESIAN_POINT('Ctrl Pts',(-3.58561490180777,14.0500220650203,-6.72249669176138));
#8355=CARTESIAN_POINT('Ctrl Pts',(-3.56622395612939,14.0560115039115,-6.72133952577566));
#8356=CARTESIAN_POINT('Ctrl Pts',(-3.55445108217406,14.0600553869031,-6.72016983074933));
#8357=CARTESIAN_POINT('Ctrl Pts',(-3.50931856535243,14.077135503381,-6.71385351924493));
#8358=CARTESIAN_POINT('Ctrl Pts',(-3.47768154019839,14.0925522045879,-6.70544257115745));
#8359=CARTESIAN_POINT('Ctrl Pts',(-3.40580157643527,14.1353488287587,-6.67654393035393));
#8360=CARTESIAN_POINT('Ctrl Pts',(-3.36903597217619,14.1643290069648,-6.65279692783985));
#8361=CARTESIAN_POINT('Ctrl Pts',(-3.30352605576203,14.2278217749892,-6.5922870628295));
#8362=CARTESIAN_POINT('Ctrl Pts',(-3.27625968553389,14.2620314711495,-6.55507842195514));
#8363=CARTESIAN_POINT('Ctrl Pts',(-3.22166428659055,14.3448167050435,-6.45279012089843));
#8364=CARTESIAN_POINT('Ctrl Pts',(-3.20083068124999,14.3919566440575,-6.38325220661676));
#8365=CARTESIAN_POINT('Ctrl Pts',(-3.16080228075354,14.5104957357047,-6.17344669420827));
#8366=CARTESIAN_POINT('Ctrl Pts',(-3.15580890688505,14.5763103940843,-6.01059569961727));
#8367=CARTESIAN_POINT('Ctrl Pts',(-3.15487800204935,14.6477122706586,-5.69012285335736));
#8368=CARTESIAN_POINT('Ctrl Pts',(-3.15645545274141,14.6641327385856,-5.54690462051353));
#8369=CARTESIAN_POINT('Ctrl Pts',(-3.15645545274141,14.6641327385856,-5.40000000000018));
#8370=CARTESIAN_POINT('',(-4.29847682583075,14.3709114873691,3.));
#8371=CARTESIAN_POINT('',(-4.29847682583071,14.3709114873691,-7.40000000000017));
#8372=CARTESIAN_POINT('',(-3.15645545274138,14.6641327385857,3.));
#8373=CARTESIAN_POINT('Ctrl Pts',(-3.15645545274142,14.6641327385857,3.));
#8374=CARTESIAN_POINT('Ctrl Pts',(-3.15645545274142,14.6641327385857,3.10565605342985));
#8375=CARTESIAN_POINT('Ctrl Pts',(-3.15570742892056,14.6556850544488,3.21321926522868));
#8376=CARTESIAN_POINT('Ctrl Pts',(-3.1547198329189,14.6074627784256,3.50462837423992));
#8377=CARTESIAN_POINT('Ctrl Pts',(-3.15552948734946,14.5529589478664,3.66920167867706));
#8378=CARTESIAN_POINT('Ctrl Pts',(-3.18350623605928,14.4369941108251,3.91102175016819));
#8379=CARTESIAN_POINT('Ctrl Pts',(-3.20248336400667,14.3844074490574,3.99578853461226));
#8380=CARTESIAN_POINT('Ctrl Pts',(-3.25348867854237,14.2937289247249,4.11819234680597));
#8381=CARTESIAN_POINT('Ctrl Pts',(-3.28118915488002,14.2538781742268,4.16474641581266));
#8382=CARTESIAN_POINT('Ctrl Pts',(-3.34484821100865,14.1861296672549,4.23304513661107));
#8383=CARTESIAN_POINT('Ctrl Pts',(-3.37635050802002,14.1582173865132,4.25780281030079));
#8384=CARTESIAN_POINT('Ctrl Pts',(-3.45010017803995,14.1070083709166,4.29692260056931));
#8385=CARTESIAN_POINT('Ctrl Pts',(-3.49162781030019,14.0844070121578,4.31070649111195));
#8386=CARTESIAN_POINT('Ctrl Pts',(-3.54953929475531,14.061799551344,4.31961594449001));
#8387=CARTESIAN_POINT('Ctrl Pts',(-3.56227658710688,14.057311717997,4.32101104873132));
#8388=CARTESIAN_POINT('Ctrl Pts',(-3.5828896790154,14.050828890775,4.32237415998883));
#8389=CARTESIAN_POINT('Ctrl Pts',(-3.59063022333651,14.0485644003604,4.32269101790765));
#8390=CARTESIAN_POINT('Ctrl Pts',(-3.60529572903498,14.0445940234415,4.32292540053666));
#8391=CARTESIAN_POINT('Ctrl Pts',(-3.61220341071602,14.0428551918224,4.32288566231767));
#8392=CARTESIAN_POINT('Ctrl Pts',(-3.6277463153733,14.0392358872555,4.32246074825293));
#8393=CARTESIAN_POINT('Ctrl Pts',(-3.63638783122867,14.0374240093765,4.32199527340069));
#8394=CARTESIAN_POINT('Ctrl Pts',(-3.66176418462172,14.0326843345771,4.31996007923221));
#8395=CARTESIAN_POINT('Ctrl Pts',(-3.67851011227038,14.0302918769926,4.3177722354877));
#8396=CARTESIAN_POINT('Ctrl Pts',(-3.75010820837426,14.0230968271048,4.30484225416819));
#8397=CARTESIAN_POINT('Ctrl Pts',(-3.80308379539718,14.0254298404154,4.28631126263268));
#8398=CARTESIAN_POINT('Ctrl Pts',(-3.89871147098096,14.0411329967692,4.23647799546957));
#8399=CARTESIAN_POINT('Ctrl Pts',(-3.94071216297192,14.0535676318494,4.20660589217606));
#8400=CARTESIAN_POINT('Ctrl Pts',(-4.02857293893081,14.0887494353707,4.12678555422131));
#8401=CARTESIAN_POINT('Ctrl Pts',(-4.0704154902415,14.1132754770811,4.07393732488746));
#8402=CARTESIAN_POINT('Ctrl Pts',(-4.15668535982786,14.1752236227155,3.93244905999885));
#8403=CARTESIAN_POINT('Ctrl Pts',(-4.19624035124223,14.2159965032866,3.83319918956701));
#8404=CARTESIAN_POINT('Ctrl Pts',(-4.27700928383255,14.3181430013682,3.51885984214026));
#8405=CARTESIAN_POINT('Ctrl Pts',(-4.29847682583076,14.3709114873692,3.27395542593041));
#8406=CARTESIAN_POINT('Ctrl Pts',(-4.29847682583076,14.3709114873692,3.00000000000001));
#8407=CARTESIAN_POINT('',(-3.15645545274141,14.6641327385857,-7.40000000000017));
#8408=CARTESIAN_POINT('Origin',(-10.3366610684808,11.0074260280282,-7.40000000000017));
#8409=CARTESIAN_POINT('',(-10.6900233657198,10.5225187308156,-5.40000000000018));
#8410=CARTESIAN_POINT('',(-9.83052282282708,11.3296434643759,-5.40000000000018));
#8411=CARTESIAN_POINT('Ctrl Pts',(-10.6900233657198,10.5225187308156,-5.40000000000017));
#8412=CARTESIAN_POINT('Ctrl Pts',(-10.6900233657198,10.5225187308156,-5.64184495190745));
#8413=CARTESIAN_POINT('Ctrl Pts',(-10.6553312919198,10.4948208411762,-5.86043666394593));
#8414=CARTESIAN_POINT('Ctrl Pts',(-10.5544052098442,10.446421573954,-6.17195716963151));
#8415=CARTESIAN_POINT('Ctrl Pts',(-10.5002679127718,10.4263932671804,-6.28392184216112));
#8416=CARTESIAN_POINT('Ctrl Pts',(-10.3910177081713,10.408225720937,-6.44438845994121));
#8417=CARTESIAN_POINT('Ctrl Pts',(-10.3397048799666,10.4046042288752,-6.5047120178574));
#8418=CARTESIAN_POINT('Ctrl Pts',(-10.2407921939929,10.4137176885616,-6.59358429611554));
#8419=CARTESIAN_POINT('Ctrl Pts',(-10.1968775700895,10.4219541996262,-6.62601218852698));
#8420=CARTESIAN_POINT('Ctrl Pts',(-10.1021701070811,10.4527532654062,-6.68073387604055));
#8421=CARTESIAN_POINT('Ctrl Pts',(-10.0523804307223,10.4759305769578,-6.70146852292251));
#8422=CARTESIAN_POINT('Ctrl Pts',(-9.98892707098819,10.5181085728927,-6.71664584455098));
#8423=CARTESIAN_POINT('Ctrl Pts',(-9.97368514866855,10.5292932875503,-6.71934847226447));
#8424=CARTESIAN_POINT('Ctrl Pts',(-9.95172597689429,10.5470890726115,-6.72178626608944));
#8425=CARTESIAN_POINT('Ctrl Pts',(-9.94467568663537,10.5530766866879,-6.72233139987147));
#8426=CARTESIAN_POINT('Ctrl Pts',(-9.93240252270961,10.5640003269242,-6.72284943402954));
#8427=CARTESIAN_POINT('Ctrl Pts',(-9.92713218891412,10.5688629503325,-6.72292390377944));
#8428=CARTESIAN_POINT('Ctrl Pts',(-9.91629417495933,10.5792288012892,-6.72276183220188));
#8429=CARTESIAN_POINT('Ctrl Pts',(-9.9107480415527,10.5847450374811,-6.7224966917614));
#8430=CARTESIAN_POINT('Ctrl Pts',(-9.89664106051395,10.5993352821162,-6.72133952577568));
#8431=CARTESIAN_POINT('Ctrl Pts',(-9.8882725679124,10.6085505890777,-6.72016983074935));
#8432=CARTESIAN_POINT('Ctrl Pts',(-9.85695105080182,10.6452607650434,-6.71385351924497));
#8433=CARTESIAN_POINT('Ctrl Pts',(-9.8366543667716,10.6740117764008,-6.70544257115753));
#8434=CARTESIAN_POINT('Ctrl Pts',(-9.79428290529806,10.7461431806823,-6.67654393035401));
#8435=CARTESIAN_POINT('Ctrl Pts',(-9.77602626801685,10.7892506693655,-6.65279692783992));
#8436=CARTESIAN_POINT('Ctrl Pts',(-9.74920736492864,10.8764494490423,-6.59228706282962));
#8437=CARTESIAN_POINT('Ctrl Pts',(-9.74179430937233,10.9195633083468,-6.55507842195523));
#8438=CARTESIAN_POINT('Ctrl Pts',(-9.73383408716837,11.0184100958469,-6.45279012089866));
#8439=CARTESIAN_POINT('Ctrl Pts',(-9.73828729845593,11.0697558052194,-6.38325220661707));
#8440=CARTESIAN_POINT('Ctrl Pts',(-9.76031678663512,11.1929162320837,-6.17344669420882));
#8441=CARTESIAN_POINT('Ctrl Pts',(-9.78764751324226,11.2529956330738,-6.01059569961806));
#8442=CARTESIAN_POINT('Ctrl Pts',(-9.82122987149374,11.3160140413086,-5.69012285335796));
#8443=CARTESIAN_POINT('Ctrl Pts',(-9.83052282282703,11.329643464376,-5.54690462051386));
#8444=CARTESIAN_POINT('Ctrl Pts',(-9.83052282282703,11.329643464376,-5.40000000000018));
#8445=CARTESIAN_POINT('',(-10.6900233657198,10.5225187308156,3.));
#8446=CARTESIAN_POINT('',(-10.6900233657198,10.5225187308156,-7.40000000000017));
#8447=CARTESIAN_POINT('',(-9.83052282282705,11.329643464376,3.));
#8448=CARTESIAN_POINT('Ctrl Pts',(-9.83052282282708,11.329643464376,3.));
#8449=CARTESIAN_POINT('Ctrl Pts',(-9.83052282282708,11.329643464376,3.10565605342927));
#8450=CARTESIAN_POINT('Ctrl Pts',(-9.82579762168547,11.3226010655601,3.21321926522758));
#8451=CARTESIAN_POINT('Ctrl Pts',(-9.80170092606439,11.2808193409565,3.50462837423873));
#8452=CARTESIAN_POINT('Ctrl Pts',(-9.77615301102592,11.2326672161529,3.66920167867611));
#8453=CARTESIAN_POINT('Ctrl Pts',(-9.74480273649494,11.1175685533233,3.91102175016712));
#8454=CARTESIAN_POINT('Ctrl Pts',(-9.73609870296789,11.0623442092226,3.99578853461145));
#8455=CARTESIAN_POINT('Ctrl Pts',(-9.73711028855386,10.9583100149368,4.11819234680563));
#8456=CARTESIAN_POINT('Ctrl Pts',(-9.74218615554077,10.9100437298206,4.16474641581237));
#8457=CARTESIAN_POINT('Ctrl Pts',(-9.76533291952291,10.8200072764183,4.23304513661085));
#8458=CARTESIAN_POINT('Ctrl Pts',(-9.77949174903077,10.7803712110211,4.25780281030064));
#8459=CARTESIAN_POINT('Ctrl Pts',(-9.81944894610953,10.6999672340794,4.29692260056928));
#8460=CARTESIAN_POINT('Ctrl Pts',(-9.84495160004383,10.6601554230027,4.31070649111195));
#8461=CARTESIAN_POINT('Ctrl Pts',(-9.88480859341401,10.6124452836639,4.31961594449001));
#8462=CARTESIAN_POINT('Ctrl Pts',(-9.8938083375837,10.6023763279344,4.32101104873133));
#8463=CARTESIAN_POINT('Ctrl Pts',(-9.90874860188678,10.5867649503727,4.32237415998885));
#8464=CARTESIAN_POINT('Ctrl Pts',(-9.91444076600531,10.5810515266292,4.32269101790767));
#8465=CARTESIAN_POINT('Ctrl Pts',(-9.92537950294685,10.5705070975601,4.32292540053667));
#8466=CARTESIAN_POINT('Ctrl Pts',(-9.93059506202645,10.5656555467674,4.32288566231769));
#8467=CARTESIAN_POINT('Ctrl Pts',(-9.94247179993205,10.5549960745735,4.32246074825295));
#8468=CARTESIAN_POINT('Ctrl Pts',(-9.94917153917658,10.5492452318716,4.32199527340071));
#8469=CARTESIAN_POINT('Ctrl Pts',(-9.96912565142143,10.5328666717012,4.31996007923223));
#8470=CARTESIAN_POINT('Ctrl Pts',(-9.98264764445207,10.5227027329672,4.3177722354877));
#8471=CARTESIAN_POINT('Ctrl Pts',(-10.0419232926274,10.4819050168306,4.30484225416822));
#8472=CARTESIAN_POINT('Ctrl Pts',(-10.089470091149,10.4584282682933,4.28631126263273));
#8473=CARTESIAN_POINT('Ctrl Pts',(-10.1808343153285,10.4261200650456,4.23647799546962));
#8474=CARTESIAN_POINT('Ctrl Pts',(-10.2236302334227,10.4167826311488,4.20660589217614));
#8475=CARTESIAN_POINT('Ctrl Pts',(-10.3175721814173,10.4052854289629,4.12678555422133));
#8476=CARTESIAN_POINT('Ctrl Pts',(-10.3660545993461,10.4066199603211,4.07393732488744));
#8477=CARTESIAN_POINT('Ctrl Pts',(-10.471497209114,10.4193447075193,3.93244905999921));
#8478=CARTESIAN_POINT('Ctrl Pts',(-10.5258019973384,10.4360184926854,3.83319918956752));
#8479=CARTESIAN_POINT('Ctrl Pts',(-10.6457898032549,10.4866194212688,3.5188598421403));
#8480=CARTESIAN_POINT('Ctrl Pts',(-10.6900233657199,10.5225187308157,3.27395542593046));
#8481=CARTESIAN_POINT('Ctrl Pts',(-10.6900233657199,10.5225187308157,3.00000000000001));
#8482=CARTESIAN_POINT('',(-9.83052282282707,11.329643464376,-7.40000000000017));
#8483=CARTESIAN_POINT('Origin',(-14.3609530750645,4.66615651076498,-7.40000000000017));
#8484=CARTESIAN_POINT('',(-14.4370009445798,4.07099542203173,-5.40000000000018));
#8485=CARTESIAN_POINT('',(-14.0726501831926,5.19235176211022,-5.40000000000018));
#8486=CARTESIAN_POINT('Ctrl Pts',(-14.4370009445798,4.07099542203169,-5.40000000000017));
#8487=CARTESIAN_POINT('Ctrl Pts',(-14.4370009445798,4.07099542203169,-5.64184495190809));
#8488=CARTESIAN_POINT('Ctrl Pts',(-14.3932564884654,4.06343661033282,-5.86043666394706));
#8489=CARTESIAN_POINT('Ctrl Pts',(-14.2814977637438,4.06964552000954,-6.17195716963188));
#8490=CARTESIAN_POINT('Ctrl Pts',(-14.2244081783056,4.07817542276434,-6.2839218421615));
#8491=CARTESIAN_POINT('Ctrl Pts',(-14.1199192120655,4.11488676809414,-6.44438845994184));
#8492=CARTESIAN_POINT('Ctrl Pts',(-14.0732087708314,4.13643337392479,-6.5047120178579));
#8493=CARTESIAN_POINT('Ctrl Pts',(-13.9909213660593,4.19207110940949,-6.59358429611585));
#8494=CARTESIAN_POINT('Ctrl Pts',(-13.9564066572483,4.22044485048782,-6.62601218852724));
#8495=CARTESIAN_POINT('Ctrl Pts',(-13.8882514378625,4.29305994583919,-6.68073387604072));
#8496=CARTESIAN_POINT('Ctrl Pts',(-13.8557861668679,4.33735673829552,-6.70146852292263));
#8497=CARTESIAN_POINT('Ctrl Pts',(-13.8205009683696,4.40488648707007,-6.71664584455105));
#8498=CARTESIAN_POINT('Ctrl Pts',(-13.8125326474043,4.4220305793167,-6.7193484722645));
#8499=CARTESIAN_POINT('Ctrl Pts',(-13.8018628633272,4.44820405632477,-6.72178626608945));
#8500=CARTESIAN_POINT('Ctrl Pts',(-13.7985692019574,4.4568475457732,-6.72233139987149));
#8501=CARTESIAN_POINT('Ctrl Pts',(-13.7930766502424,4.47233264649687,-6.72284943402956));
#8502=CARTESIAN_POINT('Ctrl Pts',(-13.7908008082241,4.47913279854178,-6.72292390377945));
#8503=CARTESIAN_POINT('Ctrl Pts',(-13.7862971709806,4.49343771602209,-6.72276183220189));
#8504=CARTESIAN_POINT('Ctrl Pts',(-13.7840945242807,4.50094350079152,-6.72249669176141));
#8505=CARTESIAN_POINT('Ctrl Pts',(-13.7787613865201,4.52052511957455,-6.72133952577569));
#8506=CARTESIAN_POINT('Ctrl Pts',(-13.7758675285382,4.53263210668113,-6.72016983074935));
#8507=CARTESIAN_POINT('Ctrl Pts',(-13.7661055360135,4.57989073505212,-6.71385351924493));
#8508=CARTESIAN_POINT('Ctrl Pts',(-13.7621703215706,4.61486344046641,-6.70544257115744));
#8509=CARTESIAN_POINT('Ctrl Pts',(-13.7597894958689,4.6984852791212,-6.67654393035379));
#8510=CARTESIAN_POINT('Ctrl Pts',(-13.7645582737187,4.74505586150112,-6.65279692783968));
#8511=CARTESIAN_POINT('Ctrl Pts',(-13.7830650222777,4.8343888397218,-6.59228706282923));
#8512=CARTESIAN_POINT('Ctrl Pts',(-13.7973391722988,4.87574106938335,-6.55507842195476));
#8513=CARTESIAN_POINT('Ctrl Pts',(-13.8379833794583,4.9661960358641,-6.45279012089787));
#8514=CARTESIAN_POINT('Ctrl Pts',(-13.8666217423969,5.00904527307941,-6.383252206616));
#8515=CARTESIAN_POINT('Ctrl Pts',(-13.9452593181923,5.10635879098875,-6.17344669420711));
#8516=CARTESIAN_POINT('Ctrl Pts',(-13.9981528886536,5.1458400934506,-6.01059569961549));
#8517=CARTESIAN_POINT('Ctrl Pts',(-14.0579406832236,5.18488512107936,-5.69012285335509));
#8518=CARTESIAN_POINT('Ctrl Pts',(-14.0726501831926,5.19235176211024,-5.54690462051228));
#8519=CARTESIAN_POINT('Ctrl Pts',(-14.0726501831926,5.19235176211024,-5.40000000000018));
#8520=CARTESIAN_POINT('',(-14.4370009445798,4.07099542203167,3.));
#8521=CARTESIAN_POINT('',(-14.4370009445798,4.0709954220317,-7.40000000000017));
#8522=CARTESIAN_POINT('',(-14.0726501831926,5.1923517621103,3.));
#8523=CARTESIAN_POINT('Ctrl Pts',(-14.0726501831927,5.19235176211029,3.));
#8524=CARTESIAN_POINT('Ctrl Pts',(-14.0726501831927,5.19235176211029,3.10565605343002));
#8525=CARTESIAN_POINT('Ctrl Pts',(-14.0651167563636,5.1884568439951,3.21321926522905));
#8526=CARTESIAN_POINT('Ctrl Pts',(-14.0238721616855,5.16345191127021,3.50462837424042));
#8527=CARTESIAN_POINT('Ctrl Pts',(-13.9782868900361,5.13356368458186,3.66920167867748));
#8528=CARTESIAN_POINT('Ctrl Pts',(-13.8953652313412,5.04780506741952,3.91102175016777));
#8529=CARTESIAN_POINT('Ctrl Pts',(-13.8611332979477,5.00360480591422,3.99578853461202));
#8530=CARTESIAN_POINT('Ctrl Pts',(-13.8119009018248,4.91195161143578,4.11819234680619));
#8531=CARTESIAN_POINT('Ctrl Pts',(-13.7930964577825,4.86721022579733,4.16474641581279));
#8532=CARTESIAN_POINT('Ctrl Pts',(-13.7700047294519,4.77715964164161,4.23304513661106));
#8533=CARTESIAN_POINT('Ctrl Pts',(-13.7633173861993,4.735605224627,4.25780281030084));
#8534=CARTESIAN_POINT('Ctrl Pts',(-13.7595972336112,4.64589715603146,4.29692260056937));
#8535=CARTESIAN_POINT('Ctrl Pts',(-13.7627658933538,4.59872380280825,4.31070649111199));
#8536=CARTESIAN_POINT('Ctrl Pts',(-13.7747083079722,4.53771383600511,4.31961594449004));
#8537=CARTESIAN_POINT('Ctrl Pts',(-13.7777440874898,4.52455468301866,4.32101104873135));
#8538=CARTESIAN_POINT('Ctrl Pts',(-13.783315502402,4.50367680135651,4.32237415998887));
#8539=CARTESIAN_POINT('Ctrl Pts',(-13.7855511209629,4.49592786898652,4.32269101790768));
#8540=CARTESIAN_POINT('Ctrl Pts',(-13.7900569917706,4.48141793864437,4.32292540053669));
#8541=CARTESIAN_POINT('Ctrl Pts',(-13.7922901686128,4.4746538775271,4.3228856623177));
#8542=CARTESIAN_POINT('Ctrl Pts',(-13.7975625934831,4.45959124871554,4.32246074825296));
#8543=CARTESIAN_POINT('Ctrl Pts',(-13.8006631301368,4.45132412284344,4.32199527340073));
#8544=CARTESIAN_POINT('Ctrl Pts',(-13.8102586204528,4.42735851426914,4.31996007923224));
#8545=CARTESIAN_POINT('Ctrl Pts',(-13.8172115184446,4.41193751703732,4.31777223548772));
#8546=CARTESIAN_POINT('Ctrl Pts',(-13.8495007152609,4.34762994456303,4.30484225416823));
#8547=CARTESIAN_POINT('Ctrl Pts',(-13.8798562825561,4.30415126811453,4.28631126263274));
#8548=CARTESIAN_POINT('Ctrl Pts',(-13.9443547669035,4.23182432310837,4.23647799546961));
#8549=CARTESIAN_POINT('Ctrl Pts',(-13.9773587727217,4.20302477663178,4.20660589217608));
#8550=CARTESIAN_POINT('Ctrl Pts',(-14.0541419098906,4.14769282295581,4.12678555422136));
#8551=CARTESIAN_POINT('Ctrl Pts',(-14.0972702919713,4.12550569873317,4.07393732488752));
#8552=CARTESIAN_POINT('Ctrl Pts',(-14.195800548987,4.08585911504225,3.9324490599992));
#8553=CARTESIAN_POINT('Ctrl Pts',(-14.2514208549313,4.07430893311648,3.8331991895675));
#8554=CARTESIAN_POINT('Ctrl Pts',(-14.3809441540378,4.06084629850285,3.51885984214031));
#8555=CARTESIAN_POINT('Ctrl Pts',(-14.4370009445799,4.07099542203168,3.27395542593047));
#8556=CARTESIAN_POINT('Ctrl Pts',(-14.4370009445799,4.07099542203168,3.00000000000001));
#8557=CARTESIAN_POINT('',(-14.0726501831926,5.19235176211026,-7.40000000000017));
#8558=CARTESIAN_POINT('Origin',(0.,-6.50958759135581E-16,3.00000000000001));
#8559=CARTESIAN_POINT('',(-13.0000000000001,-2.63141694445986E-15,5.00000000000001));
#8560=CARTESIAN_POINT('Origin',(0.,-1.0393761055683E-15,5.00000000000001));
#8561=CARTESIAN_POINT('',(-15.0000000000001,-2.48792895785662E-15,3.));
#8562=CARTESIAN_POINT('Origin',(-13.0000000000001,-2.24299959802715E-15,
3.00000000000001));
#8563=CARTESIAN_POINT('Origin',(0.,-6.50958759135579E-16,3.));
#8564=CARTESIAN_POINT('Origin',(0.,-6.50958759135579E-16,3.));
#8565=CARTESIAN_POINT('Origin',(0.,-6.50958759135579E-16,3.));
#8566=CARTESIAN_POINT('Origin',(0.,-6.50958759135579E-16,3.));
#8567=CARTESIAN_POINT('Origin',(0.,-6.50958759135579E-16,3.));
#8568=CARTESIAN_POINT('Origin',(0.,-6.50958759135579E-16,3.));
#8569=CARTESIAN_POINT('Origin',(0.,-6.50958759135579E-16,3.));
#8570=CARTESIAN_POINT('Origin',(0.,-6.50958759135579E-16,3.));
#8571=CARTESIAN_POINT('Origin',(0.,-6.50958759135579E-16,3.));
#8572=CARTESIAN_POINT('Origin',(0.,-6.50958759135579E-16,3.));
#8573=CARTESIAN_POINT('Origin',(0.,-6.50958759135579E-16,3.));
#8574=CARTESIAN_POINT('Origin',(0.,-6.50958759135579E-16,3.));
#8575=CARTESIAN_POINT('Origin',(0.,-6.50958759135579E-16,3.));
#8576=CARTESIAN_POINT('Origin',(0.,-6.50958759135579E-16,3.));
#8577=CARTESIAN_POINT('Origin',(0.,-6.50958759135579E-16,3.));
#8578=CARTESIAN_POINT('Origin',(0.,-6.50958759135579E-16,3.));
#8579=CARTESIAN_POINT('Origin',(0.,-6.50958759135579E-16,3.));
#8580=CARTESIAN_POINT('Origin',(0.,-6.50958759135579E-16,3.));
#8581=CARTESIAN_POINT('Origin',(0.,-6.50958759135579E-16,3.));
#8582=CARTESIAN_POINT('Origin',(0.,-6.50958759135579E-16,3.));
#8583=CARTESIAN_POINT('Origin',(0.,-6.50958759135579E-16,3.));
#8584=CARTESIAN_POINT('Origin',(0.,-6.50958759135579E-16,3.));
#8585=CARTESIAN_POINT('Origin',(0.,-6.50958759135579E-16,3.));
#8586=CARTESIAN_POINT('Origin',(0.,-6.50958759135579E-16,3.));
#8587=CARTESIAN_POINT('Origin',(0.,-6.50958759135579E-16,3.));
#8588=CARTESIAN_POINT('Origin',(0.,-6.50958759135579E-16,3.));
#8589=CARTESIAN_POINT('Origin',(0.,-6.50958759135579E-16,3.));
#8590=CARTESIAN_POINT('Origin',(0.,-6.50958759135579E-16,3.));
#8591=CARTESIAN_POINT('Origin',(0.,-6.50958759135579E-16,3.));
#8592=CARTESIAN_POINT('Origin',(0.,-6.50958759135579E-16,3.));
#8593=CARTESIAN_POINT('Origin',(0.,-6.50958759135579E-16,3.));
#8594=CARTESIAN_POINT('Origin',(0.,-6.50958759135579E-16,3.));
#8595=CARTESIAN_POINT('Origin',(0.,-6.50958759135579E-16,3.));
#8596=CARTESIAN_POINT('Origin',(0.,-6.50958759135579E-16,3.));
#8597=CARTESIAN_POINT('Origin',(0.,-6.50958759135579E-16,3.));
#8598=CARTESIAN_POINT('Origin',(0.,-6.50958759135579E-16,3.));
#8599=CARTESIAN_POINT('Origin',(0.,-6.50958759135579E-16,3.));
#8600=CARTESIAN_POINT('Origin',(0.,-6.50958759135579E-16,3.));
#8601=CARTESIAN_POINT('Origin',(0.,-6.50958759135579E-16,3.));
#8602=CARTESIAN_POINT('Origin',(0.,-6.50958759135579E-16,3.));
#8603=CARTESIAN_POINT('Origin',(0.,-6.50958759135579E-16,3.));
#8604=CARTESIAN_POINT('Origin',(0.,-6.50958759135579E-16,3.));
#8605=CARTESIAN_POINT('Origin',(0.,-6.50958759135579E-16,3.));
#8606=CARTESIAN_POINT('Origin',(0.,-6.50958759135579E-16,3.));
#8607=CARTESIAN_POINT('Origin',(0.,-6.50958759135579E-16,3.));
#8608=CARTESIAN_POINT('Origin',(0.,-6.50958759135579E-16,3.));
#8609=CARTESIAN_POINT('Origin',(0.,-6.50958759135579E-16,3.));
#8610=CARTESIAN_POINT('Origin',(0.,-6.50958759135579E-16,3.));
#8611=CARTESIAN_POINT('Origin',(0.,-6.50958759135579E-16,3.));
#8612=CARTESIAN_POINT('Origin',(0.,-6.50958759135579E-16,3.));
#8613=CARTESIAN_POINT('Origin',(0.,-6.50958759135579E-16,3.));
#8614=CARTESIAN_POINT('Origin',(0.,1.64717668373139E-16,-1.20000000000009));
#8615=CARTESIAN_POINT('Origin',(0.,9.80394095881857E-16,-5.40000000000018));
#8616=CARTESIAN_POINT('Origin',(0.,1.64717668373139E-16,-1.20000000000009));
#8617=CARTESIAN_POINT('Origin',(0.,9.80394095881857E-16,-5.40000000000018));
#8618=CARTESIAN_POINT('Origin',(0.,1.64717668373139E-16,-1.20000000000009));
#8619=CARTESIAN_POINT('Origin',(0.,9.80394095881857E-16,-5.40000000000018));
#8620=CARTESIAN_POINT('Origin',(0.,1.64717668373139E-16,-1.20000000000009));
#8621=CARTESIAN_POINT('Origin',(0.,9.80394095881857E-16,-5.40000000000018));
#8622=CARTESIAN_POINT('Origin',(0.,1.64717668373139E-16,-1.20000000000009));
#8623=CARTESIAN_POINT('Origin',(0.,9.80394095881857E-16,-5.40000000000018));
#8624=CARTESIAN_POINT('Origin',(0.,1.64717668373139E-16,-1.20000000000009));
#8625=CARTESIAN_POINT('Origin',(0.,9.80394095881857E-16,-5.40000000000018));
#8626=CARTESIAN_POINT('Origin',(0.,1.64717668373139E-16,-1.20000000000009));
#8627=CARTESIAN_POINT('Origin',(0.,9.80394095881857E-16,-5.40000000000018));
#8628=CARTESIAN_POINT('Origin',(0.,1.64717668373139E-16,-1.20000000000009));
#8629=CARTESIAN_POINT('Origin',(0.,9.80394095881857E-16,-5.40000000000018));
#8630=CARTESIAN_POINT('Origin',(0.,1.64717668373139E-16,-1.20000000000009));
#8631=CARTESIAN_POINT('',(-15.,-8.56576102839173E-16,-5.40000000000018));
#8632=CARTESIAN_POINT('Origin',(0.,9.80394095881857E-16,-5.40000000000018));
#8633=CARTESIAN_POINT('Origin',(0.,9.80394095881857E-16,-5.40000000000018));
#8634=CARTESIAN_POINT('Origin',(0.,1.64717668373139E-16,-1.20000000000009));
#8635=CARTESIAN_POINT('Origin',(0.,9.80394095881857E-16,-5.40000000000018));
#8636=CARTESIAN_POINT('Origin',(0.,1.64717668373139E-16,-1.20000000000009));
#8637=CARTESIAN_POINT('Origin',(0.,9.80394095881857E-16,-5.40000000000018));
#8638=CARTESIAN_POINT('Origin',(0.,1.64717668373139E-16,-1.20000000000009));
#8639=CARTESIAN_POINT('Origin',(0.,9.80394095881857E-16,-5.40000000000018));
#8640=CARTESIAN_POINT('Origin',(0.,1.64717668373139E-16,-1.20000000000009));
#8641=CARTESIAN_POINT('Origin',(0.,9.80394095881857E-16,-5.40000000000018));
#8642=CARTESIAN_POINT('Origin',(0.,1.64717668373139E-16,-1.20000000000009));
#8643=CARTESIAN_POINT('Origin',(0.,9.80394095881857E-16,-5.40000000000018));
#8644=CARTESIAN_POINT('Origin',(0.,1.64717668373139E-16,-1.20000000000009));
#8645=CARTESIAN_POINT('Origin',(0.,9.80394095881857E-16,-5.40000000000018));
#8646=CARTESIAN_POINT('Origin',(0.,1.64717668373139E-16,-1.20000000000009));
#8647=CARTESIAN_POINT('Origin',(0.,9.80394095881857E-16,-5.40000000000018));
#8648=CARTESIAN_POINT('Origin',(0.,1.64717668373139E-16,-1.20000000000009));
#8649=CARTESIAN_POINT('Origin',(0.,9.80394095881857E-16,-5.40000000000018));
#8650=CARTESIAN_POINT('Origin',(0.,1.64717668373139E-16,-1.20000000000009));
#8651=CARTESIAN_POINT('Origin',(0.,9.80394095881857E-16,-5.40000000000018));
#8652=CARTESIAN_POINT('Origin',(0.,1.64717668373139E-16,-1.20000000000009));
#8653=CARTESIAN_POINT('Origin',(0.,9.80394095881857E-16,-5.40000000000018));
#8654=CARTESIAN_POINT('Origin',(0.,1.64717668373139E-16,-1.20000000000009));
#8655=CARTESIAN_POINT('Origin',(0.,9.80394095881857E-16,-5.40000000000018));
#8656=CARTESIAN_POINT('Origin',(0.,1.64717668373139E-16,-1.20000000000009));
#8657=CARTESIAN_POINT('Origin',(0.,9.80394095881857E-16,-5.40000000000018));
#8658=CARTESIAN_POINT('Origin',(0.,1.64717668373139E-16,-1.20000000000009));
#8659=CARTESIAN_POINT('Origin',(0.,9.80394095881857E-16,-5.40000000000018));
#8660=CARTESIAN_POINT('Origin',(0.,1.64717668373139E-16,-1.20000000000009));
#8661=CARTESIAN_POINT('Origin',(0.,9.80394095881857E-16,-5.40000000000018));
#8662=CARTESIAN_POINT('Origin',(0.,1.64717668373139E-16,-1.20000000000009));
#8663=CARTESIAN_POINT('Origin',(0.,9.80394095881857E-16,-5.40000000000018));
#8664=CARTESIAN_POINT('Origin',(0.,1.64717668373139E-16,-1.20000000000009));
#8665=CARTESIAN_POINT('Origin',(0.,9.80394095881857E-16,-5.40000000000018));
#8666=CARTESIAN_POINT('Origin',(0.,1.64717668373139E-16,-1.20000000000009));
#8667=CARTESIAN_POINT('Origin',(0.,9.80394095881857E-16,-5.40000000000018));
#8668=CARTESIAN_POINT('Origin',(0.,1.64717668373139E-16,-1.20000000000009));
#8669=CARTESIAN_POINT('Origin',(0.,9.80394095881857E-16,-5.40000000000018));
#8670=CARTESIAN_POINT('Origin',(0.,1.64717668373139E-16,-1.20000000000009));
#8671=CARTESIAN_POINT('Origin',(0.,9.80394095881857E-16,-5.40000000000018));
#8672=CARTESIAN_POINT('Origin',(0.,1.64717668373139E-16,-1.20000000000009));
#8673=CARTESIAN_POINT('Origin',(0.,9.80394095881857E-16,-5.40000000000018));
#8674=CARTESIAN_POINT('Origin',(0.,1.64717668373139E-16,-1.20000000000009));
#8675=CARTESIAN_POINT('Origin',(0.,9.80394095881857E-16,-5.40000000000018));
#8676=CARTESIAN_POINT('Origin',(0.,1.64717668373139E-16,-1.20000000000009));
#8677=CARTESIAN_POINT('Origin',(0.,9.80394095881857E-16,-5.40000000000018));
#8678=CARTESIAN_POINT('Origin',(0.,1.64717668373139E-16,-1.20000000000009));
#8679=CARTESIAN_POINT('Origin',(0.,9.80394095881857E-16,-5.40000000000018));
#8680=CARTESIAN_POINT('Origin',(0.,1.64717668373139E-16,-1.20000000000009));
#8681=CARTESIAN_POINT('Origin',(0.,9.80394095881857E-16,-5.40000000000018));
#8682=CARTESIAN_POINT('Origin',(0.,1.64717668373139E-16,-1.20000000000009));
#8683=CARTESIAN_POINT('Origin',(0.,9.80394095881857E-16,-5.40000000000018));
#8684=CARTESIAN_POINT('Origin',(0.,1.64717668373139E-16,-1.20000000000009));
#8685=CARTESIAN_POINT('Origin',(0.,9.80394095881857E-16,-5.40000000000018));
#8686=CARTESIAN_POINT('Origin',(0.,1.64717668373139E-16,-1.20000000000009));
#8687=CARTESIAN_POINT('Origin',(0.,9.80394095881857E-16,-5.40000000000018));
#8688=CARTESIAN_POINT('Origin',(0.,1.64717668373139E-16,-1.20000000000009));
#8689=CARTESIAN_POINT('Origin',(0.,9.80394095881857E-16,-5.40000000000018));
#8690=CARTESIAN_POINT('Origin',(0.,1.64717668373139E-16,-1.20000000000009));
#8691=CARTESIAN_POINT('Origin',(0.,9.80394095881857E-16,-5.40000000000018));
#8692=CARTESIAN_POINT('Origin',(0.,1.64717668373139E-16,-1.20000000000009));
#8693=CARTESIAN_POINT('Origin',(0.,9.80394095881857E-16,-5.40000000000018));
#8694=CARTESIAN_POINT('Origin',(0.,1.64717668373139E-16,-1.20000000000009));
#8695=CARTESIAN_POINT('Origin',(0.,9.80394095881857E-16,-5.40000000000018));
#8696=CARTESIAN_POINT('Origin',(0.,1.64717668373139E-16,-1.20000000000009));
#8697=CARTESIAN_POINT('Origin',(0.,9.80394095881857E-16,-5.40000000000018));
#8698=CARTESIAN_POINT('Origin',(0.,1.64717668373139E-16,-1.20000000000009));
#8699=CARTESIAN_POINT('Origin',(0.,9.80394095881857E-16,-5.40000000000018));
#8700=CARTESIAN_POINT('Origin',(0.,1.64717668373139E-16,-1.20000000000009));
#8701=CARTESIAN_POINT('Origin',(0.,9.80394095881857E-16,-5.40000000000018));
#8702=CARTESIAN_POINT('Origin',(0.,1.64717668373139E-16,-1.20000000000009));
#8703=CARTESIAN_POINT('Origin',(0.,9.80394095881857E-16,-5.40000000000018));
#8704=CARTESIAN_POINT('Origin',(0.,1.64717668373139E-16,-1.20000000000009));
#8705=CARTESIAN_POINT('Origin',(0.,9.80394095881857E-16,-5.40000000000018));
#8706=CARTESIAN_POINT('Origin',(0.,1.64717668373139E-16,-1.20000000000009));
#8707=CARTESIAN_POINT('Origin',(0.,9.80394095881857E-16,-5.40000000000018));
#8708=CARTESIAN_POINT('Origin',(0.,1.64717668373139E-16,-1.20000000000009));
#8709=CARTESIAN_POINT('Origin',(0.,9.80394095881857E-16,-5.40000000000018));
#8710=CARTESIAN_POINT('Origin',(0.,1.64717668373139E-16,-1.20000000000009));
#8711=CARTESIAN_POINT('Origin',(0.,9.80394095881857E-16,-5.40000000000018));
#8712=CARTESIAN_POINT('Origin',(0.,1.64717668373139E-16,-1.20000000000009));
#8713=CARTESIAN_POINT('Origin',(0.,9.80394095881857E-16,-5.40000000000018));
#8714=CARTESIAN_POINT('Origin',(0.,9.80394095881855E-16,-5.40000000000017));
#8715=CARTESIAN_POINT('Origin',(0.,9.80394095881857E-16,-5.40000000000018));
#8716=CARTESIAN_POINT('',(-13.,-2.23229396576991E-16,-7.40000000000017));
#8717=CARTESIAN_POINT('Origin',(-13.,-6.11646743009704E-16,-5.40000000000017));
#8718=CARTESIAN_POINT('Origin',(0.,1.36881144231457E-15,-7.40000000000017));
#8719=CARTESIAN_POINT('Ctrl Pts',(-7.49804835167353,-6.07273374300143,-7.39873276569333));
#8720=CARTESIAN_POINT('Ctrl Pts',(-6.23121953573251,-7.63692299591078,-7.29912823649738));
#8721=CARTESIAN_POINT('Ctrl Pts',(-2.69329200448634,-9.94488736950081,-7.09996377616824));
#8722=CARTESIAN_POINT('Ctrl Pts',(3.6421893401774,-9.63427248090702,-6.80123938470593));
#8723=CARTESIAN_POINT('Ctrl Pts',(8.59533293624152,-5.68176782194145,-6.5025595913064));
#8724=CARTESIAN_POINT('Ctrl Pts',(10.1010711975431,-0.24554646772066,-6.2370664416179));
#8725=CARTESIAN_POINT('Ctrl Pts',(8.90228113150967,4.39037912711394,-6.00475993564049));
#8726=CARTESIAN_POINT('Ctrl Pts',(5.52029301144157,8.7256796539607,-5.73926678595201));
#8727=CARTESIAN_POINT('Ctrl Pts',(-0.0791484532447178,10.3365124528488,
-5.47377363626352));
#8728=CARTESIAN_POINT('Ctrl Pts',(-4.27804303171174,8.77847069511563,-5.25806045214164));
#8729=CARTESIAN_POINT('Ctrl Pts',(-6.47891733015728,7.25370569673067,-5.1253138772974));
#8730=CARTESIAN_POINT('Ctrl Pts',(-8.34152823600118,5.27006447063951,-4.99256730245316));
#8731=CARTESIAN_POINT('Ctrl Pts',(-9.77078444353736,1.78644491993881,-4.81004076204233));
#8732=CARTESIAN_POINT('Ctrl Pts',(-9.65716829537288,-2.3265627891654,-4.61092089977597));
#8733=CARTESIAN_POINT('Ctrl Pts',(-7.88688321024381,-6.03763203600817,-4.41180103750961));
#8734=CARTESIAN_POINT('Ctrl Pts',(-4.76549110838568,-8.71523610203779,-4.21268117524325));
#8735=CARTESIAN_POINT('Ctrl Pts',(-0.826846079124281,-9.89884829265523,
-4.01356131297689));
#8736=CARTESIAN_POINT('Ctrl Pts',(2.40328441260773,-9.49078072956766,-3.85592475534936));
#8737=CARTESIAN_POINT('Ctrl Pts',(5.48425375040674,-8.14447824696075,-3.68999153679406));
#8738=CARTESIAN_POINT('Ctrl Pts',(8.58852381168327,-5.40753082153986,-3.49087167452769));
#8739=CARTESIAN_POINT('Ctrl Pts',(10.3009318817324,0.142747337121129,-3.21708186391145));
#8740=CARTESIAN_POINT('Ctrl Pts',(8.26485107417047,6.1490033568242,-2.91840207051191));
#8741=CARTESIAN_POINT('Ctrl Pts',(3.09975394145377,9.82292171861838,-2.61972227711236));
#8742=CARTESIAN_POINT('Ctrl Pts',(-3.23793745614478,9.77929673852274,-2.32104248371283));
#8743=CARTESIAN_POINT('Ctrl Pts',(-8.35411443558387,6.02914277892031,-2.02236269031328));
#8744=CARTESIAN_POINT('Ctrl Pts',(-9.81089053348121,1.50789270424997,-1.79835284526363));
#8745=CARTESIAN_POINT('Ctrl Pts',(-9.49031519442403,-2.51725804713698,-1.59923298299727));
#8746=CARTESIAN_POINT('Ctrl Pts',(-8.18102167133017,-5.70276086233743,-1.43329976444197));
#8747=CARTESIAN_POINT('Ctrl Pts',(-5.00308938318439,-8.57990415315784,-1.22588324124785));
#8748=CARTESIAN_POINT('Ctrl Pts',(-1.10113315735809,-9.87209151210145,-1.02676337898149));
#8749=CARTESIAN_POINT('Ctrl Pts',(2.99319927124592,-9.47114381338169,-0.827643516715128));
#8750=CARTESIAN_POINT('Ctrl Pts',(6.57214172220327,-7.4477026874721,-0.628523654448767));
#8751=CARTESIAN_POINT('Ctrl Pts',(9.02666483316558,-4.14676849514518,-0.429403792182407));
#8752=CARTESIAN_POINT('Ctrl Pts',(9.74196915479114,-0.971249720300416,-0.271767234554869));
#8753=CARTESIAN_POINT('Ctrl Pts',(9.52503651318065,2.38497850829922,-0.10583401599957));
#8754=CARTESIAN_POINT('Ctrl Pts',(8.00813696698055,6.23307007200551,0.0932858462667931));
#8755=CARTESIAN_POINT('Ctrl Pts',(3.37102996890417,9.73652749467507,0.367075656883039));
#8756=CARTESIAN_POINT('Ctrl Pts',(-2.43855787873328,9.85023065626416,0.640865467499286));
#8757=CARTESIAN_POINT('Ctrl Pts',(-6.01133549459331,7.76462033567415,0.839985329765645));
#8758=CARTESIAN_POINT('Ctrl Pts',(-7.35792843460232,6.26200509394195,0.939545260898825));
#8759=CARTESIAN_POINT('Ctrl Pts',(-7.6635378524642,5.86250901897996,0.96443524368212));
#8760=CARTESIAN_POINT('Ctrl Pts',(-7.93082184752717,-6.42420609056768,-7.72059678237967));
#8761=CARTESIAN_POINT('Ctrl Pts',(-6.59067267528081,-8.07867749565614,-7.62099225318372));
#8762=CARTESIAN_POINT('Ctrl Pts',(-2.84814019468365,-10.5197235054145,-7.42182779285459));
#8763=CARTESIAN_POINT('Ctrl Pts',(3.85338817489348,-10.1906683872573,-7.12310340139227));
#8764=CARTESIAN_POINT('Ctrl Pts',(9.09242269285253,-6.00939846106407,-6.82442360799273));
#8765=CARTESIAN_POINT('Ctrl Pts',(10.6847415115115,-0.258949061663296,-6.55893045830425));
#8766=CARTESIAN_POINT('Ctrl Pts',(9.41632357460473,4.64475230875696,-6.32662395232682));
#8767=CARTESIAN_POINT('Ctrl Pts',(5.83858332615959,9.23028842627708,-6.06113080263835));
#8768=CARTESIAN_POINT('Ctrl Pts',(-0.0845254058436709,10.9337615981903,
-5.79563765294986));
#8769=CARTESIAN_POINT('Ctrl Pts',(-4.52591567721361,9.28536795875235,-5.57992446882798));
#8770=CARTESIAN_POINT('Ctrl Pts',(-6.85384043076682,7.67232923095725,-5.44717789398374));
#8771=CARTESIAN_POINT('Ctrl Pts',(-8.82392084934821,5.5739261682593,-5.3144313191395));
#8772=CARTESIAN_POINT('Ctrl Pts',(-10.3354902371062,1.88890802943743,-5.13190477872867));
#8773=CARTESIAN_POINT('Ctrl Pts',(-10.214989422159,-2.46174503036249,-4.93278491646231));
#8774=CARTESIAN_POINT('Ctrl Pts',(-8.3421267582734,-6.38710640918064,-4.73366505419595));
#8775=CARTESIAN_POINT('Ctrl Pts',(-5.0401689262682,-9.21918272666552,-4.53454519192959));
#8776=CARTESIAN_POINT('Ctrl Pts',(-0.873852537852617,-10.4708791647967,
-4.33542532966323));
#8777=CARTESIAN_POINT('Ctrl Pts',(2.54288678161138,-10.0389818207925,-4.17778877203569));
#8778=CARTESIAN_POINT('Ctrl Pts',(5.80177332734627,-8.61464895450397,-4.0118555534804));
#8779=CARTESIAN_POINT('Ctrl Pts',(9.08519878806479,-5.71931626486073,-3.81273569121403));
#8780=CARTESIAN_POINT('Ctrl Pts',(10.8961202019381,0.151796331266466,-3.53894588059779));
#8781=CARTESIAN_POINT('Ctrl Pts',(8.74192536140623,6.50494226480094,-3.24026608719825));
#8782=CARTESIAN_POINT('Ctrl Pts',(3.27809747538326,10.3907421676821,-2.9415862937987));
#8783=CARTESIAN_POINT('Ctrl Pts',(-3.42578945359032,10.344103735069,-2.64290650039917));
#8784=CARTESIAN_POINT('Ctrl Pts',(-8.83729331579728,6.37686388616766,-2.34422670699962));
#8785=CARTESIAN_POINT('Ctrl Pts',(-10.3778920237731,1.59425764193102,-2.12021686194997));
#8786=CARTESIAN_POINT('Ctrl Pts',(-10.0384805527948,-2.66344591335209,-1.92109699968361));
#8787=CARTESIAN_POINT('Ctrl Pts',(-8.65328690607063,-6.03290886394555,-1.75516378112831));
#8788=CARTESIAN_POINT('Ctrl Pts',(-5.29150641213574,-9.07604962858766,-1.54774725793419));
#8789=CARTESIAN_POINT('Ctrl Pts',(-1.16399032212945,-10.442597667426,-1.34862739566783));
#8790=CARTESIAN_POINT('Ctrl Pts',(3.16688606780934,-10.0181644026891,-1.14950753340147));
#8791=CARTESIAN_POINT('Ctrl Pts',(6.95246650439639,-7.87752834148603,-0.950387671135108));
#8792=CARTESIAN_POINT('Ctrl Pts',(9.54855807935445,-4.38567160623827,-0.751267808868746));
#8793=CARTESIAN_POINT('Ctrl Pts',(10.3049465647792,-1.02661218605245,-0.593631251241211));
#8794=CARTESIAN_POINT('Ctrl Pts',(10.0752183940683,2.52352581617903,-0.42769803268591));
#8795=CARTESIAN_POINT('Ctrl Pts',(8.47037150037114,6.59384649034056,-0.228578170419548));
#8796=CARTESIAN_POINT('Ctrl Pts',(3.56505484577119,10.2993770861739,0.0452116401966985));
#8797=CARTESIAN_POINT('Ctrl Pts',(-2.58022633503359,10.4191984309724,0.319001450812945));
#8798=CARTESIAN_POINT('Ctrl Pts',(-6.35928090664342,8.21280143531235,0.518121313079304));
#8799=CARTESIAN_POINT('Ctrl Pts',(-7.78356465987106,6.62325868854436,0.617681244212484));
#8800=CARTESIAN_POINT('Ctrl Pts',(-8.10680148411543,6.20065553084858,0.642571226995779));
#8801=CARTESIAN_POINT('Ctrl Pts',(-8.36363412314531,-6.77562736566371,-8.04246435205777));
#8802=CARTESIAN_POINT('Ctrl Pts',(-6.95017519209168,-8.52038897125047,-7.94285982286182));
#8803=CARTESIAN_POINT('Ctrl Pts',(-3.00305391967219,-11.09453970818,-7.74369536253267));
#8804=CARTESIAN_POINT('Ctrl Pts',(4.06452227498902,-10.7470864752846,-7.44497097107038));
#8805=CARTESIAN_POINT('Ctrl Pts',(9.58947290426658,-6.33708501104091,-7.14629117767082));
#8806=CARTESIAN_POINT('Ctrl Pts',(11.268408104654,-0.272418701344742,-6.88079802798235));
#8807=CARTESIAN_POINT('Ctrl Pts',(9.9303933324041,4.8990654474945,-6.64849152200492));
#8808=CARTESIAN_POINT('Ctrl Pts',(6.15693044462558,9.73485870932271,-6.38299837231644));
#8809=CARTESIAN_POINT('Ctrl Pts',(-0.089833676783331,11.5310091122805,-6.11750522262796));
#8810=CARTESIAN_POINT('Ctrl Pts',(-4.77372913028445,9.79229182511958,-5.90179203850607));
#8811=CARTESIAN_POINT('Ctrl Pts',(-7.22871398964803,8.09099428047102,-5.76904546366183));
#8812=CARTESIAN_POINT('Ctrl Pts',(-9.30627671948615,5.87784216862064,-5.6362988888176));
#8813=CARTESIAN_POINT('Ctrl Pts',(-10.900182126939,1.99143567747698,-5.45377234840676));
#8814=CARTESIAN_POINT('Ctrl Pts',(-10.772824003711,-2.59686265253753,-5.25465248614041));
#8815=CARTESIAN_POINT('Ctrl Pts',(-8.79740876261498,-6.73652712338957,-5.05553262387404));
#8816=CARTESIAN_POINT('Ctrl Pts',(-5.31490364399489,-9.72309590238019,-4.85641276160768));
#8817=CARTESIAN_POINT('Ctrl Pts',(-0.920924580451923,-11.0429024648003,
-4.65729289934133));
#8818=CARTESIAN_POINT('Ctrl Pts',(2.68242561763415,-10.5871969223485,-4.49965634171379));
#8819=CARTESIAN_POINT('Ctrl Pts',(6.11923765567518,-9.08485438441008,-4.33372312315849));
#8820=CARTESIAN_POINT('Ctrl Pts',(9.5818360640828,-6.03115763476014,-4.13460326089212));
#8821=CARTESIAN_POINT('Ctrl Pts',(11.4913073151606,0.160776874672884,-3.86081345027588));
#8822=CARTESIAN_POINT('Ctrl Pts',(9.21903877638198,6.86082499346854,-3.56213365687634));
#8823=CARTESIAN_POINT('Ctrl Pts',(3.45650561143579,10.9585399833202,-3.2634538634768));
#8824=CARTESIAN_POINT('Ctrl Pts',(-3.61357582064609,10.9089302031319,-2.96477407007726));
#8825=CARTESIAN_POINT('Ctrl Pts',(-9.32043040358751,6.72463923143884,-2.66609427667772));
#8826=CARTESIAN_POINT('Ctrl Pts',(-10.9448814755315,1.68068743565882,-2.44208443162807));
#8827=CARTESIAN_POINT('Ctrl Pts',(-10.5866606476635,-2.80957021609483,-2.24296456936171));
#8828=CARTESIAN_POINT('Ctrl Pts',(-9.12558831148416,-6.36300133186833,-2.07703135080641));
#8829=CARTESIAN_POINT('Ctrl Pts',(-5.57997939926441,-9.57216009436756,-1.86961482761228));
#8830=CARTESIAN_POINT('Ctrl Pts',(-1.22691282433776,-11.0130944406834,-1.67049496534592));
#8831=CARTESIAN_POINT('Ctrl Pts',(3.34050932618738,-10.5652029171906,-1.47137510307956));
#8832=CARTESIAN_POINT('Ctrl Pts',(7.33274044989293,-8.30739608514472,-1.2722552408132));
#8833=CARTESIAN_POINT('Ctrl Pts',(10.0704218932704,-4.62463382135448,-1.07313537854684));
#8834=CARTESIAN_POINT('Ctrl Pts',(10.8679155172291,-1.08203915778095,-0.915498820919302));
#8835=CARTESIAN_POINT('Ctrl Pts',(10.6254141244046,2.66200935485479,-0.749565602364003));
#8836=CARTESIAN_POINT('Ctrl Pts',(8.93264576032396,6.95456841638529,-0.550445740097639));
#8837=CARTESIAN_POINT('Ctrl Pts',(3.75914370293629,10.8622022535246,-0.276655929481395));
#8838=CARTESIAN_POINT('Ctrl Pts',(-2.72182886374611,10.9881803691546,-0.00286611886514833));
#8839=CARTESIAN_POINT('Ctrl Pts',(-6.70717349021147,8.66102084963725,0.196253743401212));
#8840=CARTESIAN_POINT('Ctrl Pts',(-8.20915776936688,6.9845598688533,0.295813674534391));
#8841=CARTESIAN_POINT('Ctrl Pts',(-8.5500245767941,6.53885173032963,0.320703657317686));
#8842=CARTESIAN_POINT('Ctrl Pts',(-8.79647031154635,-7.12701747831938,-8.36433375215781));
#8843=CARTESIAN_POINT('Ctrl Pts',(-7.30970808393281,-8.96207424440538,-8.26472922296185));
#8844=CARTESIAN_POINT('Ctrl Pts',(-3.15800785086646,-11.669343907449,-8.06556476263272));
#8845=CARTESIAN_POINT('Ctrl Pts',(4.27561679405213,-11.303518351366,-7.7668403711704));
#8846=CARTESIAN_POINT('Ctrl Pts',(10.0864990664903,-6.66480593084375,-7.46816057777088));
#8847=CARTESIAN_POINT('Ctrl Pts',(11.8520726284609,-0.285929419730233,-7.20266742808238));
#8848=CARTESIAN_POINT('Ctrl Pts',(10.4444800084769,5.15334189395304,-6.97036092210497));
#8849=CARTESIAN_POINT('Ctrl Pts',(6.47531247610008,10.2394055934617,-6.7048677724165));
#8850=CARTESIAN_POINT('Ctrl Pts',(-0.0950998731933645,12.1282558407904,
-6.43937462272799));
#8851=CARTESIAN_POINT('Ctrl Pts',(-5.02150641011205,10.2992321715933,-6.22366143860612));
#8852=CARTESIAN_POINT('Ctrl Pts',(-7.6035573316982,8.50968491264389,-6.09091486376188));
#8853=CARTESIAN_POINT('Ctrl Pts',(-9.78861025270182,6.18179154453373,-5.95816828891764));
#8854=CARTESIAN_POINT('Ctrl Pts',(-11.4648657012357,2.09400290073546,-5.77564174850681));
#8855=CARTESIAN_POINT('Ctrl Pts',(-11.3306670286812,-2.73194073686724,-5.57652188624044));
#8856=CARTESIAN_POINT('Ctrl Pts',(-9.25271448902731,-7.08591508911268,-5.37740202397409));
#8857=CARTESIAN_POINT('Ctrl Pts',(-5.58967331847311,-10.2269887685,-5.17828216170773));
#8858=CARTESIAN_POINT('Ctrl Pts',(-0.968036818477379,-11.6149213296848,
-4.97916229944137));
#8859=CARTESIAN_POINT('Ctrl Pts',(2.82192558254171,-11.1354208050129,-4.82152574181383));
#8860=CARTESIAN_POINT('Ctrl Pts',(6.43666825062076,-9.55508125390079,-4.65559252325854));
#8861=CARTESIAN_POINT('Ctrl Pts',(10.078450422461,-6.34303337864493,-4.45647266099217));
#8862=CARTESIAN_POINT('Ctrl Pts',(12.0864939015763,0.169715486855532,-4.18268285037593));
#8863=CARTESIAN_POINT('Ctrl Pts',(9.69617633326135,7.21667343289559,-3.88400305697638));
#8864=CARTESIAN_POINT('Ctrl Pts',(3.63495338820697,11.5263241368179,-3.58532326357685));
#8865=CARTESIAN_POINT('Ctrl Pts',(-3.8013220484028,11.4737688023591,-3.2866434701773));
#8866=CARTESIAN_POINT('Ctrl Pts',(-9.80354206118497,7.07244792901563,-2.98796367677777));
#8867=CARTESIAN_POINT('Ctrl Pts',(-11.5118637568266,1.76715699281058,-2.76395383172811));
#8868=CARTESIAN_POINT('Ctrl Pts',(-11.1348499663925,-2.95565563064245,-2.56483396946175));
#8869=CARTESIAN_POINT('Ctrl Pts',(-9.59791204480385,-6.69305989651978,-2.39890075090646));
#8870=CARTESIAN_POINT('Ctrl Pts',(-5.86848677167295,-10.0682492908951,-2.19148422771233));
#8871=CARTESIAN_POINT('Ctrl Pts',(-1.28987537586834,-11.583585669879,-1.99236436544597));
#8872=CARTESIAN_POINT('Ctrl Pts',(3.51409372157796,-11.1122526102237,-1.79324450317961));
#8873=CARTESIAN_POINT('Ctrl Pts',(7.71298338805023,-8.7372897669998,-1.59412464091325));
#8874=CARTESIAN_POINT('Ctrl Pts',(10.5922678627869,-4.86363233127027,-1.39500477864689));
#8875=CARTESIAN_POINT('Ctrl Pts',(11.4308794917073,-1.1375056670789,-1.23736822101935));
#8876=CARTESIAN_POINT('Ctrl Pts',(11.1756185358234,2.80045387637598,-1.07143500246405));
#8877=CARTESIAN_POINT('Ctrl Pts',(9.39494452282058,7.31525708835014,-0.872315140197686));
#8878=CARTESIAN_POINT('Ctrl Pts',(3.95327182609981,11.4250126594701,-0.598525329581441));
#8879=CARTESIAN_POINT('Ctrl Pts',(-2.86339105509703,11.557171189273,-0.324735518965194));
#8880=CARTESIAN_POINT('Ctrl Pts',(-7.05503383442446,9.10926389722507,-0.125615656698834));
#8881=CARTESIAN_POINT('Ctrl Pts',(-8.63472461846326,7.34589033181481,-0.0260557255656547));
#8882=CARTESIAN_POINT('Ctrl Pts',(-8.99322299306563,6.87707849112128,-0.00116574278235969));
#8883=CARTESIAN_POINT('Ctrl Pts',(8.59812972883207,4.38515070653608,2.63763598636058E-10));
#8884=CARTESIAN_POINT('Ctrl Pts',(8.50702080513625,4.61007839523073,1.37444668189376E-10));
#8885=CARTESIAN_POINT('Ctrl Pts',(8.40750672499529,4.83131923601454,1.84780137286719E-10));
#8886=CARTESIAN_POINT('Ctrl Pts',(8.29977981246912,5.04838106283664,4.03726385656E-10));
#8887=CARTESIAN_POINT('Ctrl Pts',(8.20499304980935,5.23936943685587,5.9637209913927E-10));
#8888=CARTESIAN_POINT('Ctrl Pts',(8.10384717891067,5.42712279176873,9.21304670170053E-10));
#8889=CARTESIAN_POINT('Ctrl Pts',(7.99644022353528,5.6113008021863,1.35570399351082E-9));
#8890=CARTESIAN_POINT('Ctrl Pts',(7.8749518691689,5.81962514503638,1.847052087373E-9));
#8891=CARTESIAN_POINT('Ctrl Pts',(7.74545396194515,6.02337613121421,2.47891648744075E-9));
#8892=CARTESIAN_POINT('Ctrl Pts',(7.60835160654845,6.22226230404185,3.1888973961447E-9));
#8893=CARTESIAN_POINT('Ctrl Pts',(7.47144449625422,6.42086524649695,3.89786723326733E-9));
#8894=CARTESIAN_POINT('Ctrl Pts',(7.32695416206011,6.61461770046298,4.68462669798982E-9));
#8895=CARTESIAN_POINT('Ctrl Pts',(7.17523898814363,6.80320364812947,5.45759110126554E-9));
#8896=CARTESIAN_POINT('Ctrl Pts',(7.15759796549786,6.82513190281603,5.54747166195067E-9));
#8897=CARTESIAN_POINT('Ctrl Pts',(7.13985921195909,6.84699026925109,5.63713167036788E-9));
#8898=CARTESIAN_POINT('Ctrl Pts',(7.12202387073098,6.86877748456194,5.72640307394678E-9));
#8899=CARTESIAN_POINT('Ctrl Pts',(6.96784483087023,7.05711881736323,6.49812227422375E-9));
#8900=CARTESIAN_POINT('Ctrl Pts',(6.80696765889558,7.2395148219832,7.2302708060933E-9));
#8901=CARTESIAN_POINT('Ctrl Pts',(6.63987772612833,7.41571587067246,7.96656166035525E-9));
#8902=CARTESIAN_POINT('Ctrl Pts',(6.47040682102926,7.59442772186681,8.71334439837787E-9));
#8903=CARTESIAN_POINT('Ctrl Pts',(6.29454450902194,7.76676728676828,9.46433539704582E-9));
#8904=CARTESIAN_POINT('Ctrl Pts',(6.1127471874509,7.93245563038522,1.0234942421361E-8));
#8905=CARTESIAN_POINT('Ctrl Pts',(5.92873555157146,8.10016207892712,1.10149355364357E-8));
#8906=CARTESIAN_POINT('Ctrl Pts',(5.73864308972742,8.26105483384151,1.1814972225914E-8));
#8907=CARTESIAN_POINT('Ctrl Pts',(5.54289668338081,8.41481881719325,1.26212043038976E-8));
#8908=CARTESIAN_POINT('Ctrl Pts',(5.34716453276671,8.56857160228977,1.34273776659687E-8));
#8909=CARTESIAN_POINT('Ctrl Pts',(5.14577880028282,8.71519716144829,1.423963206229E-8));
#8910=CARTESIAN_POINT('Ctrl Pts',(4.93912647374894,8.85434700770383,1.50158240841414E-8));
#8911=CARTESIAN_POINT('Ctrl Pts',(4.73452903170805,8.99211319249247,1.57842979013346E-8));
#8912=CARTESIAN_POINT('Ctrl Pts',(4.52476871091163,9.12255203639154,1.65172714588316E-8));
#8913=CARTESIAN_POINT('Ctrl Pts',(4.31018931928089,9.2452855773694,1.71480524779888E-8));
#8914=CARTESIAN_POINT('Ctrl Pts',(4.25195278877063,9.27859527943104,1.73192455165572E-8));
#8915=CARTESIAN_POINT('Ctrl Pts',(4.19336114086586,9.3113371817257,1.74827766796412E-8));
#8916=CARTESIAN_POINT('Ctrl Pts',(4.13442091357208,9.3435031503536,1.76369882587402E-8));
#8917=CARTESIAN_POINT('Ctrl Pts',(3.91061587387973,9.46564224305897,1.82225533840758E-8));
#8918=CARTESIAN_POINT('Ctrl Pts',(3.68261368814639,9.57902902075289,1.86830402788666E-8));
#8919=CARTESIAN_POINT('Ctrl Pts',(3.45087937445581,9.68336869174223,1.90728987048416E-8));
#8920=CARTESIAN_POINT('Ctrl Pts',(3.42236302073372,9.69620833951728,1.9120871709168E-8));
#8921=CARTESIAN_POINT('Ctrl Pts',(3.39379009973463,9.70891095024112,1.91677457412607E-8));
#8922=CARTESIAN_POINT('Ctrl Pts',(3.36516143507848,9.7214759413353,1.92135814480743E-8));
#8923=CARTESIAN_POINT('Ctrl Pts',(3.13911221390764,9.82068791943391,1.95755062839998E-8));
#8924=CARTESIAN_POINT('Ctrl Pts',(2.90959041261802,9.91132327850443,1.98749845425147E-8));
#8925=CARTESIAN_POINT('Ctrl Pts',(2.67711527800523,9.99346332234833,2.01339669381184E-8));
#8926=CARTESIAN_POINT('Ctrl Pts',(2.43980674043671,10.0773111442364,2.0398337509377E-8));
#8927=CARTESIAN_POINT('Ctrl Pts',(2.19942031524006,10.1523069821261,2.06204976161183E-8));
#8928=CARTESIAN_POINT('Ctrl Pts',(1.95647716798379,10.2184930111603,2.07991165401822E-8));
#8929=CARTESIAN_POINT('Ctrl Pts',(1.71168228363506,10.2851835167618,2.09790969156426E-8));
#8930=CARTESIAN_POINT('Ctrl Pts',(1.46429096540326,10.3429295829321,2.11147734921135E-8));
#8931=CARTESIAN_POINT('Ctrl Pts',(1.21481324964558,10.3917266565841,2.11808010575076E-8));
#8932=CARTESIAN_POINT('Ctrl Pts',(0.964675671309905,10.4406527973261,2.12470032642295E-8));
#8933=CARTESIAN_POINT('Ctrl Pts',(0.712440008911201,10.4805826964578,2.12431135754324E-8));
#8934=CARTESIAN_POINT('Ctrl Pts',(0.458606430728646,10.5114615436687,2.1120523108209E-8));
#8935=CARTESIAN_POINT('Ctrl Pts',(0.410583773072566,10.5173034985395,2.1097330274221E-8));
#8936=CARTESIAN_POINT('Ctrl Pts',(0.362503897845058,10.522821344009,2.10698307961388E-8));
#8937=CARTESIAN_POINT('Ctrl Pts',(0.314370165455427,10.5280145002816,2.103761165273E-8));
#8938=CARTESIAN_POINT('Ctrl Pts',(0.0584513725075286,10.5556256207766,2.08663084928613E-8));
#8939=CARTESIAN_POINT('Ctrl Pts',(-0.198064805127699,10.5739622169486,2.05712114899642E-8));
#8940=CARTESIAN_POINT('Ctrl Pts',(-0.454632732118095,10.583105980407,2.02084843303751E-8));
#8941=CARTESIAN_POINT('Ctrl Pts',(-0.715315639778355,10.5923963966848,1.98399395486552E-8));
#8942=CARTESIAN_POINT('Ctrl Pts',(-0.976052551539967,10.5921969593604,1.94014771185144E-8));
#8943=CARTESIAN_POINT('Ctrl Pts',(-1.23629492174061,10.5825452756409,1.89280432438821E-8));
#8944=CARTESIAN_POINT('Ctrl Pts',(-1.49719642271195,10.5728691465486,1.84534102761335E-8));
#8945=CARTESIAN_POINT('Ctrl Pts',(-1.7576015357883,10.5536929579027,1.79434847677877E-8));
#8946=CARTESIAN_POINT('Ctrl Pts',(-2.01697175043212,10.5250041671819,1.74106219441583E-8));
#8947=CARTESIAN_POINT('Ctrl Pts',(-2.27463751915333,10.4965039042473,1.68812608173922E-8));
#8948=CARTESIAN_POINT('Ctrl Pts',(-2.53128261377232,10.4586157087451,1.6329075898565E-8));
#8949=CARTESIAN_POINT('Ctrl Pts',(-2.78638312419265,10.4112763106078,1.57453780014194E-8));
#8950=CARTESIAN_POINT('Ctrl Pts',(-2.89588901509007,10.3909551322651,1.54948165339548E-8));
#8951=CARTESIAN_POINT('Ctrl Pts',(-3.00511027925717,10.3688917437937,1.52381470472639E-8));
#8952=CARTESIAN_POINT('Ctrl Pts',(-3.11400523806058,10.3450781875076,1.4973650430683E-8));
#8953=CARTESIAN_POINT('Ctrl Pts',(-3.34314982403084,10.2949679936511,1.44170734316336E-8));
#8954=CARTESIAN_POINT('Ctrl Pts',(-3.57085015435991,10.2371102700151,1.38264041443388E-8));
#8955=CARTESIAN_POINT('Ctrl Pts',(-3.79678986043158,10.1716766359749,1.31756537902206E-8));
#8956=CARTESIAN_POINT('Ctrl Pts',(-4.04569122454615,10.0995931538162,1.24587689328935E-8));
#8957=CARTESIAN_POINT('Ctrl Pts',(-4.29157702322054,10.0185708226384,1.1677798948528E-8));
#8958=CARTESIAN_POINT('Ctrl Pts',(-4.53404638648666,9.92899058968273,1.0887876489285E-8));
#8959=CARTESIAN_POINT('Ctrl Pts',(-4.7801926880538,9.83805191298333,1.00859725065106E-8));
#8960=CARTESIAN_POINT('Ctrl Pts',(-5.02281867894192,9.73829370951199,9.27481774618409E-9));
#8961=CARTESIAN_POINT('Ctrl Pts',(-5.26150680296472,9.63006086672734,8.49263548374779E-9));
#8962=CARTESIAN_POINT('Ctrl Pts',(-5.50357194165921,9.52029672070111,7.69938672612243E-9));
#8963=CARTESIAN_POINT('Ctrl Pts',(-5.74158758890277,9.401816309768,6.93591249273615E-9));
#8964=CARTESIAN_POINT('Ctrl Pts',(-5.97511154727296,9.2749263683688,6.2229440489503E-9));
#8965=CARTESIAN_POINT('Ctrl Pts',(-6.20905362523376,9.14780923327726,5.50869905060486E-9));
#8966=CARTESIAN_POINT('Ctrl Pts',(-6.43848852080573,9.01225218795697,4.84504845360509E-9));
#8967=CARTESIAN_POINT('Ctrl Pts',(-6.66295599518882,8.86851372381675,4.23486412604035E-9));
#8968=CARTESIAN_POINT('Ctrl Pts',(-6.88581515780544,8.72580514725292,3.62905054558481E-9));
#8969=CARTESIAN_POINT('Ctrl Pts',(-7.10377839980917,8.57503167168566,3.07582902910854E-9));
#8970=CARTESIAN_POINT('Ctrl Pts',(-7.31637113119582,8.4164012665454,2.5616526677652E-9));
#8971=CARTESIAN_POINT('Ctrl Pts',(-7.40265593491568,8.35201809933994,2.35296441146158E-9));
#8972=CARTESIAN_POINT('Ctrl Pts',(-7.48805572611948,8.28634016340353,2.15053086265389E-9));
#8973=CARTESIAN_POINT('Ctrl Pts',(-7.57253676344929,8.21937984231991,1.95272975567207E-9));
#8974=CARTESIAN_POINT('Ctrl Pts',(-7.62268049477175,8.17963553453431,1.83532259620786E-9));
#8975=CARTESIAN_POINT('Ctrl Pts',(-7.67246383772292,8.13946850596517,1.72151697046443E-9));
#8976=CARTESIAN_POINT('Ctrl Pts',(-7.72188148937271,8.09888275880171,1.61192792447196E-9));
#8977=CARTESIAN_POINT('Ctrl Pts',(-7.92841356968081,7.92926201575363,1.15392185044249E-9));
#8978=CARTESIAN_POINT('Ctrl Pts',(-8.12855980279307,7.7523314097986,7.70866819591828E-10));
#8979=CARTESIAN_POINT('Ctrl Pts',(-8.32207304250579,7.56855684155361,4.97720864522933E-10));
#8980=CARTESIAN_POINT('Ctrl Pts',(-8.51802452497078,7.38246673660561,2.21129428217985E-10));
#8981=CARTESIAN_POINT('Ctrl Pts',(-8.70717528021465,7.18935879508931,5.71758523128754E-11));
#8982=CARTESIAN_POINT('Ctrl Pts',(-8.88924396528387,6.98966973486095,2.58989496515483E-11));
#8983=CARTESIAN_POINT('Ctrl Pts',(-8.9236218290607,6.95196482526794,1.99933042153571E-11));
#8984=CARTESIAN_POINT('Ctrl Pts',(-8.95774711897671,6.91402515887592,1.87641452346131E-11));
#8985=CARTESIAN_POINT('Ctrl Pts',(-8.99161782213688,6.87585350554826,2.23006058064357E-11));
#8986=CARTESIAN_POINT('Ctrl Pts',(-7.49822974969818,-6.07636503682434,-7.40000000000017));
#8987=CARTESIAN_POINT('Ctrl Pts',(-7.36162810648533,-6.27795000671733,-7.40000000000017));
#8988=CARTESIAN_POINT('Ctrl Pts',(-7.2174241775178,-6.47407505842199,-7.40008983850618));
#8989=CARTESIAN_POINT('Ctrl Pts',(-7.06605475199348,-6.66445883645246,-7.40022234543596));
#8990=CARTESIAN_POINT('Ctrl Pts',(-6.91278946596875,-6.85722711903817,-7.40035651197865));
#8991=CARTESIAN_POINT('Ctrl Pts',(-6.75217745853367,-7.04410970310188,-7.4005344224589));
#8992=CARTESIAN_POINT('Ctrl Pts',(-6.58463677915547,-7.22477320028943,-7.40070711199559));
#8993=CARTESIAN_POINT('Ctrl Pts',(-6.41573675600794,-7.40690251342186,-7.40088120265138));
#8994=CARTESIAN_POINT('Ctrl Pts',(-6.23979453236516,-7.58271169196194,-7.40104998729913));
#8995=CARTESIAN_POINT('Ctrl Pts',(-6.05721222124139,-7.75181314221831,-7.40116329940175));
#8996=CARTESIAN_POINT('Ctrl Pts',(-5.88959870380157,-7.90705101113997,-7.40126732174636));
#8997=CARTESIAN_POINT('Ctrl Pts',(-5.7163885580553,-8.05663553602304,-7.40132459439521));
#8998=CARTESIAN_POINT('Ctrl Pts',(-5.53788061742467,-8.20023017388148,-7.40129630533821));
#8999=CARTESIAN_POINT('Ctrl Pts',(-5.35343903548529,-8.34859792755709,-7.40126707594704));
#9000=CARTESIAN_POINT('Ctrl Pts',(-5.1639116592291,-8.49010601953051,-7.40114371684071));
#9001=CARTESIAN_POINT('Ctrl Pts',(-4.96979976675386,-8.62458243604129,-7.40096652945961));
#9002=CARTESIAN_POINT('Ctrl Pts',(-4.77305993927899,-8.76087942767021,-7.40078694327175));
#9003=CARTESIAN_POINT('Ctrl Pts',(-4.57161048994346,-8.88995363650277,-7.40055206146266));
#9004=CARTESIAN_POINT('Ctrl Pts',(-4.36592044684037,-9.01161770097014,-7.40030384471433));
#9005=CARTESIAN_POINT('Ctrl Pts',(-4.15965327613584,-9.13362313193561,-7.40005493151645));
#9006=CARTESIAN_POINT('Ctrl Pts',(-3.94912141747311,-9.24817736921153,-7.39979260844426));
#9007=CARTESIAN_POINT('Ctrl Pts',(-3.73474817222088,-9.35507441972081,-7.39955919051344));
#9008=CARTESIAN_POINT('Ctrl Pts',(-3.52135904587418,-9.46148074011017,-7.39932684412958));
#9009=CARTESIAN_POINT('Ctrl Pts',(-3.30416337576364,-9.56030058955593,-7.39912313810827));
#9010=CARTESIAN_POINT('Ctrl Pts',(-3.08353415408512,-9.65130524387249,-7.39898980750293));
#9011=CARTESIAN_POINT('Ctrl Pts',(-2.9422454356488,-9.70958370255673,-7.39890442393401));
#9012=CARTESIAN_POINT('Ctrl Pts',(-2.79954773665038,-9.76465661816743,-7.39884790126839));
#9013=CARTESIAN_POINT('Ctrl Pts',(-2.65553037332764,-9.81645670311356,-7.39883120013328));
#9014=CARTESIAN_POINT('Ctrl Pts',(-2.47313291130113,-9.88206132056346,-7.39881004820696));
#9015=CARTESIAN_POINT('Ctrl Pts',(-2.28861905451445,-9.94241686799338,-7.39885277052973));
#9016=CARTESIAN_POINT('Ctrl Pts',(-2.10221340714231,-9.9975636474237,-7.39898163340619));
#9017=CARTESIAN_POINT('Ctrl Pts',(-1.87238274654139,-10.065557406868,-7.39914051614627));
#9018=CARTESIAN_POINT('Ctrl Pts',(-1.64054145779422,-10.1251925039716,-7.39932635536351));
#9019=CARTESIAN_POINT('Ctrl Pts',(-1.40714820230889,-10.1765885010921,-7.39951865811971));
#9020=CARTESIAN_POINT('Ctrl Pts',(-1.16942136204915,-10.2289388056116,-7.39971453150308));
#9021=CARTESIAN_POINT('Ctrl Pts',(-0.930083849330793,-10.2727412886984,
-7.39991711068033));
#9022=CARTESIAN_POINT('Ctrl Pts',(-0.689597841824294,-10.3080730899839,
-7.40010473983545));
#9023=CARTESIAN_POINT('Ctrl Pts',(-0.444581356753096,-10.3440705014423,
-7.40029590370631));
#9024=CARTESIAN_POINT('Ctrl Pts',(-0.198372090914928,-10.3712751699621,
-7.40047154896701));
#9025=CARTESIAN_POINT('Ctrl Pts',(0.0485555563981294,-10.3897166637124,
-7.40060877265985));
#9026=CARTESIAN_POINT('Ctrl Pts',(0.29647135759309,-10.4082319565444,-7.40074654549382));
#9027=CARTESIAN_POINT('Ctrl Pts',(0.545111967818855,-10.4179137840593,-7.40084558863398));
#9028=CARTESIAN_POINT('Ctrl Pts',(0.794001948106039,-10.4187396540458,-7.4008827230356));
#9029=CARTESIAN_POINT('Ctrl Pts',(1.04175023662715,-10.4195617356558,-7.40091968709674));
#9030=CARTESIAN_POINT('Ctrl Pts',(1.2897462701997,-10.4116088457563,-7.40089530908385));
#9031=CARTESIAN_POINT('Ctrl Pts',(1.53751583500452,-10.3948077367922,-7.40078672744409));
#9032=CARTESIAN_POINT('Ctrl Pts',(1.65258096493921,-10.3870052377745,-7.40073630171687));
#9033=CARTESIAN_POINT('Ctrl Pts',(1.76759711667138,-10.3772937205117,-7.40066771571744));
#9034=CARTESIAN_POINT('Ctrl Pts',(1.8825157977273,-10.3656621409782,-7.400578679668));
#9035=CARTESIAN_POINT('Ctrl Pts',(2.15388574377148,-10.3381952306256,-7.4003684291873));
#9036=CARTESIAN_POINT('Ctrl Pts',(2.42377760331188,-10.3003902746286,-7.4002012302018));
#9037=CARTESIAN_POINT('Ctrl Pts',(2.69153120465091,-10.2523359999286,-7.4000743601893));
#9038=CARTESIAN_POINT('Ctrl Pts',(2.96140442222094,-10.2039013134615,-7.39994648583648));
#9039=CARTESIAN_POINT('Ctrl Pts',(3.22910608127419,-10.1450544987378,-7.39985958149605));
#9040=CARTESIAN_POINT('Ctrl Pts',(3.49397218022078,-10.0758351229133,-7.39981085948875));
#9041=CARTESIAN_POINT('Ctrl Pts',(3.58963065443204,-10.0508360010794,-7.39979326315272));
#9042=CARTESIAN_POINT('Ctrl Pts',(3.68491933389005,-10.0244834446431,-7.39978064712951));
#9043=CARTESIAN_POINT('Ctrl Pts',(3.7798070481909,-9.99677765056204,-7.39977288009855));
#9044=CARTESIAN_POINT('Ctrl Pts',(4.03846471792003,-9.92125347772454,-7.39975170768288));
#9045=CARTESIAN_POINT('Ctrl Pts',(4.29414354697988,-9.83567760234212,-7.39976656675806));
#9046=CARTESIAN_POINT('Ctrl Pts',(4.54638099143276,-9.74045570469616,-7.39981479734879));
#9047=CARTESIAN_POINT('Ctrl Pts',(4.80160908005,-9.6441048120545,-7.39986359978378));
#9048=CARTESIAN_POINT('Ctrl Pts',(5.05331427577816,-9.53787759058525,-7.39994656976193));
#9049=CARTESIAN_POINT('Ctrl Pts',(5.30100451827975,-9.42214248165782,-7.40006095157898));
#9050=CARTESIAN_POINT('Ctrl Pts',(5.47871089410133,-9.33910785520226,-7.40014301528066));
#9051=CARTESIAN_POINT('Ctrl Pts',(5.65435036772037,-9.25117803682198,-7.40024124792388));
#9052=CARTESIAN_POINT('Ctrl Pts',(5.82773463779009,-9.15847394884316,-7.40035463182325));
#9053=CARTESIAN_POINT('Ctrl Pts',(6.04896900748874,-9.0401856493092,-7.40049930708993));
#9054=CARTESIAN_POINT('Ctrl Pts',(6.26572089056023,-8.91433481531076,-7.40055337077074));
#9055=CARTESIAN_POINT('Ctrl Pts',(6.47768221286967,-8.78133110212643,-7.4005417769051));
#9056=CARTESIAN_POINT('Ctrl Pts',(6.69204012750721,-8.64682355005699,-7.4005300519506));
#9057=CARTESIAN_POINT('Ctrl Pts',(6.9014990880392,-8.50500039534239,-7.40045117631009));
#9058=CARTESIAN_POINT('Ctrl Pts',(7.10574397584738,-8.3562321315019,-7.40033096015151));
#9059=CARTESIAN_POINT('Ctrl Pts',(7.31176393452591,-8.20617093830385,-7.40020969920691));
#9060=CARTESIAN_POINT('Ctrl Pts',(7.51247939978596,-8.04904329254794,-7.40004637604985));
#9061=CARTESIAN_POINT('Ctrl Pts',(7.70756178343001,-7.88517682282743,-7.39986747972456));
#9062=CARTESIAN_POINT('Ctrl Pts',(7.9024011877445,-7.72151445234032,-7.39968880621852));
#9063=CARTESIAN_POINT('Ctrl Pts',(8.09162214867241,-7.55112983591436,-7.39949459831391));
#9064=CARTESIAN_POINT('Ctrl Pts',(8.27488301645788,-7.3742995061125,-7.39931124626476));
#9065=CARTESIAN_POINT('Ctrl Pts',(8.45604225734403,-7.19949705810678,-7.39912999688817));
#9066=CARTESIAN_POINT('Ctrl Pts',(8.63137789147854,-7.01839561077456,-7.39895935580627));
#9067=CARTESIAN_POINT('Ctrl Pts',(8.80053716223539,-6.83121718265766,-7.3988248157762));
#9068=CARTESIAN_POINT('Ctrl Pts',(8.90835342014042,-6.71191613820519,-7.39873906462277));
#9069=CARTESIAN_POINT('Ctrl Pts',(9.01366014547388,-6.5901455204328,-7.39866797896646));
#9070=CARTESIAN_POINT('Ctrl Pts',(9.11635946441845,-6.46595384761688,-7.39861815939958));
#9071=CARTESIAN_POINT('Ctrl Pts',(9.19539230074689,-6.37038144994293,-7.39857982047274));
#9072=CARTESIAN_POINT('Ctrl Pts',(9.27276730615024,-6.27357292264356,-7.39857650683142));
#9073=CARTESIAN_POINT('Ctrl Pts',(9.34843927703931,-6.17555632529574,-7.39860147004357));
#9074=CARTESIAN_POINT('Ctrl Pts',(9.5153505405518,-5.95935904754147,-7.39865653192755));
#9075=CARTESIAN_POINT('Ctrl Pts',(9.67397981617266,-5.73728558988864,-7.39884916652544));
#9076=CARTESIAN_POINT('Ctrl Pts',(9.82419207581501,-5.50989036904917,-7.39910695439085));
#9077=CARTESIAN_POINT('Ctrl Pts',(9.96514756005748,-5.29650829528125,-7.39934885617361));
#9078=CARTESIAN_POINT('Ctrl Pts',(10.0986908551455,-5.07843946598646,-7.39964812855578));
#9079=CARTESIAN_POINT('Ctrl Pts',(10.2246700934613,-4.85613133802612,-7.39994493235344));
#9080=CARTESIAN_POINT('Ctrl Pts',(10.2250580074695,4.8563068783569,-7.39977111681021));
#9081=CARTESIAN_POINT('Ctrl Pts',(9.21243142492583,6.98841380780256,-7.30021118567703));
#9082=CARTESIAN_POINT('Ctrl Pts',(5.81630227660112,10.5956194684214,-7.10109132341067));
#9083=CARTESIAN_POINT('Ctrl Pts',(-1.49217493126305,11.9909242724212,-6.80241153001114));
#9084=CARTESIAN_POINT('Ctrl Pts',(-8.23130021393607,8.85213503969174,-6.50373173661162));
#9085=CARTESIAN_POINT('Ctrl Pts',(-11.4495137400802,3.06958489020849,-6.23823858692313));
#9086=CARTESIAN_POINT('Ctrl Pts',(-11.3629080723729,-2.54740660327341,-6.00593208094573));
#9087=CARTESIAN_POINT('Ctrl Pts',(-8.70403869233628,-8.42453903210308,-5.74043893125725));
#9088=CARTESIAN_POINT('Ctrl Pts',(-2.7643932140915,-11.8076553513386,-5.47494578156878));
#9089=CARTESIAN_POINT('Ctrl Pts',(2.45355276114711,-11.1906522215793,-5.25923259744689));
#9090=CARTESIAN_POINT('Ctrl Pts',(5.3840255759564,-10.060045243468,-5.12648602260265));
#9091=CARTESIAN_POINT('Ctrl Pts',(8.05563800698489,-8.31260624644132,-4.99373944775841));
#9092=CARTESIAN_POINT('Ctrl Pts',(10.647345182378,-4.73531221610907,-4.81121290734759));
#9093=CARTESIAN_POINT('Ctrl Pts',(11.6536801137402,-0.0142411406715525,
-4.61209304508122));
#9094=CARTESIAN_POINT('Ctrl Pts',(10.6600810599945,4.70603256540154,-4.41297318281488));
#9095=CARTESIAN_POINT('Ctrl Pts',(7.84051210244758,8.62108252744236,-4.21385332054851));
#9096=CARTESIAN_POINT('Ctrl Pts',(3.6765321968559,11.0583782245899,-4.01473345828216));
#9097=CARTESIAN_POINT('Ctrl Pts',(-0.119190095985033,11.4851630786331,-3.85709690065462));
#9098=CARTESIAN_POINT('Ctrl Pts',(-4.00392405929353,10.8009590505409,-3.69116368209933));
#9099=CARTESIAN_POINT('Ctrl Pts',(-8.29929632123326,8.53757796509421,-3.49204381983297));
#9100=CARTESIAN_POINT('Ctrl Pts',(-11.7846052354432,2.68203385772252,-3.21825400921674));
#9101=CARTESIAN_POINT('Ctrl Pts',(-11.1217981232578,-4.72863681983562,-2.9195742158172));
#9102=CARTESIAN_POINT('Ctrl Pts',(-6.24714482133316,-10.3440981217931,-2.62089442241767));
#9103=CARTESIAN_POINT('Ctrl Pts',(0.991194983515672,-12.0446315409962,-2.32221462901814));
#9104=CARTESIAN_POINT('Ctrl Pts',(7.86031585182637,-9.18160423049486,-2.02353483561861));
#9105=CARTESIAN_POINT('Ctrl Pts',(10.7700338996404,-4.42876870106432,-1.79952499056895));
#9106=CARTESIAN_POINT('Ctrl Pts',(11.5160893363287,0.249254595724447,-1.6004051283026));
#9107=CARTESIAN_POINT('Ctrl Pts',(10.9029632616043,4.2430336548935,-1.4344719097473));
#9108=CARTESIAN_POINT('Ctrl Pts',(8.07407774148055,8.40106185900254,-1.22705538655317));
#9109=CARTESIAN_POINT('Ctrl Pts',(3.98183122369778,10.9523226085249,-1.02793552428682));
#9110=CARTESIAN_POINT('Ctrl Pts',(-0.79716766633548,11.6256946771408,-0.828815662020466));
#9111=CARTESIAN_POINT('Ctrl Pts',(-5.43675587147772,10.3066998859399,-0.629695799754108));
#9112=CARTESIAN_POINT('Ctrl Pts',(-9.14702801596208,7.22115878785261,-0.430575937487753));
#9113=CARTESIAN_POINT('Ctrl Pts',(-10.8396936160215,3.79786838839664,-0.272939379860224));
#9114=CARTESIAN_POINT('Ctrl Pts',(-11.5190375611029,-0.0889289489642363,
-0.107006161304927));
#9115=CARTESIAN_POINT('Ctrl Pts',(-10.8527203851182,-4.89505541816907,0.0921137009614283));
#9116=CARTESIAN_POINT('Ctrl Pts',(-6.53165229104322,-10.1714971217952,0.365903511577665));
#9117=CARTESIAN_POINT('Ctrl Pts',(-1.1399328720277,-11.5879818139018,0.589913356627317));
#9118=CARTESIAN_POINT('Ctrl Pts',(3.55505168660381,-10.9568352965558,0.789073255128695));
#9119=CARTESIAN_POINT('Ctrl Pts',(5.74437267596532,-9.91338237915397,0.888673222496897));
#9120=CARTESIAN_POINT('Ctrl Pts',(7.1211842063803,-8.79910581120057,0.963383207081804));
#9121=CARTESIAN_POINT('Ctrl Pts',(9.72178681844808,4.6178843919412,-7.7212804567508));
#9122=CARTESIAN_POINT('Ctrl Pts',(8.75887552730836,6.64505027799669,-7.62172052561762));
#9123=CARTESIAN_POINT('Ctrl Pts',(5.52965111028555,10.0746306490031,-7.42260066335126));
#9124=CARTESIAN_POINT('Ctrl Pts',(-1.41934108443802,11.4009401087382,-7.12392086995173));
#9125=CARTESIAN_POINT('Ctrl Pts',(-7.82677363035428,8.4162448289043,-6.82524107655219));
#9126=CARTESIAN_POINT('Ctrl Pts',(-10.8863842824266,2.91802177720163,-6.55974792686372));
#9127=CARTESIAN_POINT('Ctrl Pts',(-10.8037694722155,-2.42262878332895,-6.32744142088631));
#9128=CARTESIAN_POINT('Ctrl Pts',(-8.27542502829481,-8.01049865382492,-6.06194827119783));
#9129=CARTESIAN_POINT('Ctrl Pts',(-2.62782728458934,-11.2268918751669,-5.79645512150937));
#9130=CARTESIAN_POINT('Ctrl Pts',(2.33338395696047,-10.6399925360815,-5.58074193738747));
#9131=CARTESIAN_POINT('Ctrl Pts',(5.11963320224474,-9.5648667558212,-5.44799536254324));
#9132=CARTESIAN_POINT('Ctrl Pts',(7.65972749659891,-7.90326744174676,-5.315248787699));
#9133=CARTESIAN_POINT('Ctrl Pts',(10.1237596832863,-4.50183955400287,-5.13272224728817));
#9134=CARTESIAN_POINT('Ctrl Pts',(11.0803595900885,-0.0129806753360394,
-4.93360238502181));
#9135=CARTESIAN_POINT('Ctrl Pts',(10.1354154351639,4.47502395248372,-4.73448252275546));
#9136=CARTESIAN_POINT('Ctrl Pts',(7.45437156111556,8.19733141501007,-4.53536266048909));
#9137=CARTESIAN_POINT('Ctrl Pts',(3.49512814017504,10.5145204300038,-4.33624279822275));
#9138=CARTESIAN_POINT('Ctrl Pts',(-0.113878101509652,10.9201266152049,-4.17860624059521));
#9139=CARTESIAN_POINT('Ctrl Pts',(-3.8074635573194,10.2693964366037,-4.01267302203992));
#9140=CARTESIAN_POINT('Ctrl Pts',(-7.89140946676847,8.11715962544751,-3.81355315977356));
#9141=CARTESIAN_POINT('Ctrl Pts',(-11.2049717863805,2.54952082770042,-3.53976334915732));
#9142=CARTESIAN_POINT('Ctrl Pts',(-10.5744165208479,-4.4965383447932,-3.24108355575779));
#9143=CARTESIAN_POINT('Ctrl Pts',(-5.93930972539574,-9.8355039742498,-2.94240376235826));
#9144=CARTESIAN_POINT('Ctrl Pts',(0.943010203743083,-11.4520292327268,-2.64372396895872));
#9145=CARTESIAN_POINT('Ctrl Pts',(7.47405626569006,-8.72952308652988,-2.34504417555919));
#9146=CARTESIAN_POINT('Ctrl Pts',(10.2403978271721,-4.21037103453613,-2.12103433050954));
#9147=CARTESIAN_POINT('Ctrl Pts',(10.9495251338873,0.237545353275493,-1.92191446824318));
#9148=CARTESIAN_POINT('Ctrl Pts',(10.3663709064701,4.03481468321344,-1.75598124968788));
#9149=CARTESIAN_POINT('Ctrl Pts',(7.67645714269707,7.9881462178208,-1.54856472649376));
#9150=CARTESIAN_POINT('Ctrl Pts',(3.78541258605115,10.4136970707522,-1.3494448642274));
#9151=CARTESIAN_POINT('Ctrl Pts',(-0.758508233852903,11.053711949472,-1.15032500196105));
#9152=CARTESIAN_POINT('Ctrl Pts',(-5.16978121022438,9.79938430835359,-0.951205139694688));
#9153=CARTESIAN_POINT('Ctrl Pts',(-8.69737240623848,6.86546304276409,-0.752085277428335));
#9154=CARTESIAN_POINT('Ctrl Pts',(-10.3066002174125,3.61050551198618,-0.594448719800805));
#9155=CARTESIAN_POINT('Ctrl Pts',(-10.9523360173605,-0.0851073196829772,
-0.428515501245508));
#9156=CARTESIAN_POINT('Ctrl Pts',(-10.3185684809054,-4.65475679700244,-0.229395638979152));
#9157=CARTESIAN_POINT('Ctrl Pts',(-6.20982870284501,-9.67140800114699,0.0443941716370846));
#9158=CARTESIAN_POINT('Ctrl Pts',(-1.08329537443709,-11.0179475234931,0.268404016686737));
#9159=CARTESIAN_POINT('Ctrl Pts',(3.38068165089061,-10.4176256568731,0.467563915188115));
#9160=CARTESIAN_POINT('Ctrl Pts',(5.46224544346237,-9.4254019339473,0.567163882556317));
#9161=CARTESIAN_POINT('Ctrl Pts',(6.77126899692781,-8.36587779090163,0.641873867141224));
#9162=CARTESIAN_POINT('Ctrl Pts',(9.21849787490475,4.37949687250034,-8.04278796869476));
#9163=CARTESIAN_POINT('Ctrl Pts',(8.30529462607665,6.30171803554476,-7.94322803756157));
#9164=CARTESIAN_POINT('Ctrl Pts',(5.24296269144293,9.55366098682036,-7.74410817529521));
#9165=CARTESIAN_POINT('Ctrl Pts',(-1.34654861218185,10.8109496827412,-7.4454283818957));
#9166=CARTESIAN_POINT('Ctrl Pts',(-7.42227695841081,7.98032530465409,-7.14674858849615));
#9167=CARTESIAN_POINT('Ctrl Pts',(-10.3232643985199,2.76641873203232,-6.88125543880768));
#9168=CARTESIAN_POINT('Ctrl Pts',(-10.2446210070051,-2.29789007774981,-6.64894893283027));
#9169=CARTESIAN_POINT('Ctrl Pts',(-7.84678139863655,-7.59648764884023,-6.38345578314179));
#9170=CARTESIAN_POINT('Ctrl Pts',(-2.49122020926578,-10.6461368955397,-6.1179626334533));
#9171=CARTESIAN_POINT('Ctrl Pts',(2.21325367682227,-10.0893233202239,-5.90224944933143));
#9172=CARTESIAN_POINT('Ctrl Pts',(4.85527517962677,-9.06966871070695,-5.76950287448719));
#9173=CARTESIAN_POINT('Ctrl Pts',(7.26384503504613,-7.49389998530573,-5.63675629964297));
#9174=CARTESIAN_POINT('Ctrl Pts',(9.60018961118687,-4.26832958167453,-5.45422975923213));
#9175=CARTESIAN_POINT('Ctrl Pts',(10.5070380409445,-0.0116798594183421,
-5.25510989696578));
#9176=CARTESIAN_POINT('Ctrl Pts',(9.61073254346209,4.24405183314374,-5.05599003469941));
#9177=CARTESIAN_POINT('Ctrl Pts',(7.06820044488662,7.77360665230901,-4.85687017243306));
#9178=CARTESIAN_POINT('Ctrl Pts',(3.31368545158588,9.97067436818612,-4.6577503101667));
#9179=CARTESIAN_POINT('Ctrl Pts',(-0.108605864992191,10.3550886724652,-4.50011375253917));
#9180=CARTESIAN_POINT('Ctrl Pts',(-3.61104009652076,9.73781897675881,-4.33418053398387));
#9181=CARTESIAN_POINT('Ctrl Pts',(-7.48355141420798,7.69671176123502,-4.13506067171752));
#9182=CARTESIAN_POINT('Ctrl Pts',(-10.6253465535684,2.41696674493041,-3.86127086110127));
#9183=CARTESIAN_POINT('Ctrl Pts',(-10.0270175230351,-4.26447795233312,-3.56259106770175));
#9184=CARTESIAN_POINT('Ctrl Pts',(-5.63143823673394,-9.3269305128209,-3.26391127430221));
#9185=CARTESIAN_POINT('Ctrl Pts',(0.89486704216566,-10.8594223900733,-2.96523148090268));
#9186=CARTESIAN_POINT('Ctrl Pts',(7.08782775953464,-8.27741388148847,-2.66655168750314));
#9187=CARTESIAN_POINT('Ctrl Pts',(9.71077609300528,-3.99193566382844,-2.44254184245349));
#9188=CARTESIAN_POINT('Ctrl Pts',(10.382959020203,0.225875968252774,-2.24342198018713));
#9189=CARTESIAN_POINT('Ctrl Pts',(9.82976286456076,3.82663308008186,-2.07748876163184));
#9190=CARTESIAN_POINT('Ctrl Pts',(7.27880670642491,7.57525776734389,-1.87007223843772));
#9191=CARTESIAN_POINT('Ctrl Pts',(3.58895566236062,9.87508431832564,-1.67095237617136));
#9192=CARTESIAN_POINT('Ctrl Pts',(-0.719888993174946,10.4817253992402,-1.471832513905));
#9193=CARTESIAN_POINT('Ctrl Pts',(-4.90284173775966,9.29204896090391,-1.27271265163865));
#9194=CARTESIAN_POINT('Ctrl Pts',(-8.24774097392813,6.50973496065279,-1.07359278937229));
#9195=CARTESIAN_POINT('Ctrl Pts',(-9.77351896409256,3.42310474942183,-0.915956231744767));
#9196=CARTESIAN_POINT('Ctrl Pts',(-10.3856331179627,-0.0813255745525531,
-0.75002301318947));
#9197=CARTESIAN_POINT('Ctrl Pts',(-9.78439863982784,-4.41449530582262,-0.550903150923114));
#9198=CARTESIAN_POINT('Ctrl Pts',(-5.88796928429119,-9.17134058489896,-0.277113340306878));
#9199=CARTESIAN_POINT('Ctrl Pts',(-1.02661765417189,-10.4479160915728,-0.0531034952572253));
#9200=CARTESIAN_POINT('Ctrl Pts',(3.20634924418536,-9.87840272114238,0.146056403244153));
#9201=CARTESIAN_POINT('Ctrl Pts',(5.18015199337987,-8.93740066038643,0.245656370612355));
#9202=CARTESIAN_POINT('Ctrl Pts',(6.42138360876409,-7.93262430291335,0.320366355197261));
#9203=CARTESIAN_POINT('Ctrl Pts',(8.71517967617298,4.14116625262421,-8.36429193584666));
#9204=CARTESIAN_POINT('Ctrl Pts',(7.8516726667777,5.95843662570019,-8.26473200471348));
#9205=CARTESIAN_POINT('Ctrl Pts',(4.95621334258727,9.03272227263931,-8.06561214244711));
#9206=CARTESIAN_POINT('Ctrl Pts',(-1.27382359094454,10.220948696803,-7.7669323490476));
#9207=CARTESIAN_POINT('Ctrl Pts',(-7.01782884138937,7.54435770874777,-7.46825255564804));
#9208=CARTESIAN_POINT('Ctrl Pts',(-9.76015980425081,2.61475046029097,-7.20275940595957));
#9209=CARTESIAN_POINT('Ctrl Pts',(-9.6854561238847,-2.173215104094,-6.97045289998216));
#9210=CARTESIAN_POINT('Ctrl Pts',(-7.41808863723199,-7.18252431636387,-6.7049597502937));
#9211=CARTESIAN_POINT('Ctrl Pts',(-2.3545459365193,-10.0653954360433,-6.43946660060521));
#9212=CARTESIAN_POINT('Ctrl Pts',(2.09318616871315,-9.53863823837907,-6.22375341648334));
#9213=CARTESIAN_POINT('Ctrl Pts',(4.59097303619547,-8.57443847254103,-6.09100684163909));
#9214=CARTESIAN_POINT('Ctrl Pts',(6.86800809653356,-7.08448555151568,-5.95826026679486));
#9215=CARTESIAN_POINT('Ctrl Pts',(9.07664439788112,-4.034758612458,-5.77573372638402));
#9216=CARTESIAN_POINT('Ctrl Pts',(9.93371448576169,-0.0103132206416628,
-5.57661386411767));
#9217=CARTESIAN_POINT('Ctrl Pts',(9.08602117835577,4.01313910692706,-5.37749400185131));
#9218=CARTESIAN_POINT('Ctrl Pts',(6.68197922917709,7.34992462678172,-5.17837413958496));
#9219=CARTESIAN_POINT('Ctrl Pts',(3.13217963967954,9.42684712560661,-4.97925427731859));
#9220=CARTESIAN_POINT('Ctrl Pts',(-0.103398480231991,9.79004798939956,-4.82161771969108));
#9221=CARTESIAN_POINT('Ctrl Pts',(-3.41467694302263,9.20621698824796,-4.65568450113578));
#9222=CARTESIAN_POINT('Ctrl Pts',(-7.07574010668714,7.27621549084848,-4.45656463886942));
#9223=CARTESIAN_POINT('Ctrl Pts',(-10.045734383896,2.28434561797224,-4.18277482825317));
#9224=CARTESIAN_POINT('Ctrl Pts',(-9.4795898302543,-4.03247954563055,-3.88409503485364));
#9225=CARTESIAN_POINT('Ctrl Pts',(-5.32350720351292,-8.81839049846458,-3.58541524145411));
#9226=CARTESIAN_POINT('Ctrl Pts',(0.846791741455456,-10.2668078048644,-3.28673544805457));
#9227=CARTESIAN_POINT('Ctrl Pts',(6.7016497258601,-7.82525863866314,-2.98805565465505));
#9228=CARTESIAN_POINT('Ctrl Pts',(9.18117744082774,-3.7734386620202,-2.76404580960538));
#9229=CARTESIAN_POINT('Ctrl Pts',(9.81638945719768,0.214271592930441,-2.56492594733904));
#9230=CARTESIAN_POINT('Ctrl Pts',(9.29312892000109,3.6185123120416,-2.39899272878373));
#9231=CARTESIAN_POINT('Ctrl Pts',(6.88110736729914,7.16241343019453,-2.19157620558962));
#9232=CARTESIAN_POINT('Ctrl Pts',(3.39243616978273,9.33649210758401,-1.99245634332325));
#9233=CARTESIAN_POINT('Ctrl Pts',(-0.681335291077252,9.90973227933388,-1.79333648105691));
#9234=CARTESIAN_POINT('Ctrl Pts',(-4.63595951131568,8.78468106810552,-1.59421661879054));
#9235=CARTESIAN_POINT('Ctrl Pts',(-7.7981487167534,6.15395392186655,-1.39509675652419));
#9236=CARTESIAN_POINT('Ctrl Pts',(-9.24045721375249,3.23564207679076,-1.23746019889666));
#9237=CARTESIAN_POINT('Ctrl Pts',(-9.81892767533537,-0.077608887021342,
-1.07152698034136));
#9238=CARTESIAN_POINT('Ctrl Pts',(-9.25019922661005,-4.17429424268546,-0.872407118075012));
#9239=CARTESIAN_POINT('Ctrl Pts',(-5.56605123179386,-8.67130827885688,-0.598617307458775));
#9240=CARTESIAN_POINT('Ctrl Pts',(-0.96987428692863,-9.87788899454088,-0.374607462409123));
#9241=CARTESIAN_POINT('Ctrl Pts',(3.03207811547639,-9.33915777882462,-0.175447563907746));
#9242=CARTESIAN_POINT('Ctrl Pts',(4.89811348885296,-8.44936513101544,-0.0758475965395433));
#9243=CARTESIAN_POINT('Ctrl Pts',(6.07154666136142,-7.49932901876026,-0.00113761195463667));
#9244=CARTESIAN_POINT('Ctrl Pts',(-11.0115922858373,-2.62467943390671,1.78497002689497E-15));
#9245=CARTESIAN_POINT('Ctrl Pts',(-10.6837347624127,-3.66375221403926,1.58033068924195E-15));
#9246=CARTESIAN_POINT('Ctrl Pts',(-10.211107296992,-4.63722422443367,1.58517197785152E-15));
#9247=CARTESIAN_POINT('Ctrl Pts',(-8.99839177281054,-6.41076041908839,1.26392775301032E-15));
#9248=CARTESIAN_POINT('Ctrl Pts',(-8.27421704920045,-7.2013139472105,1.35057088209443E-16));
#9249=CARTESIAN_POINT('Ctrl Pts',(-6.36010451724889,-8.7629046591842,-1.79658686057667E-16));
#9250=CARTESIAN_POINT('Ctrl Pts',(-5.12420838867485,-9.41760555306151,4.99419341106249E-16));
#9251=CARTESIAN_POINT('Ctrl Pts',(-2.47513349283624,-10.1976413629409,3.3627690077283E-16));
#9252=CARTESIAN_POINT('Ctrl Pts',(-1.10041563298922,-10.3315092545617,-2.7516891779473E-17));
#9253=CARTESIAN_POINT('Ctrl Pts',(1.35027848039118,-10.07688426601,2.25439080796166E-17));
#9254=CARTESIAN_POINT('Ctrl Pts',(2.42325171035539,-9.77811037760763,-3.69616007901109E-16));
#9255=CARTESIAN_POINT('Ctrl Pts',(4.39661838229343,-8.85792560073444,-1.87890073093705E-16));
#9256=CARTESIAN_POINT('Ctrl Pts',(5.29689189776864,-8.24691955032529,7.35180688670173E-16));
#9257=CARTESIAN_POINT('Ctrl Pts',(6.07102811058872,-7.50255150735013,8.94056223386879E-16));
#9258=CARTESIAN_POINT('Ctrl Pts',(10.2246997276134,4.85613714487793,-7.40000000000733));
#9259=CARTESIAN_POINT('Ctrl Pts',(10.1666279636767,4.95843059905385,-7.40000000000998));
#9260=CARTESIAN_POINT('Ctrl Pts',(10.1068764972155,5.05984960086324,-7.4000000000248));
#9261=CARTESIAN_POINT('Ctrl Pts',(10.0454690484501,5.16036272744746,-7.40000000007226));
#9262=CARTESIAN_POINT('Ctrl Pts',(9.90592618435906,5.38876970159,-7.40000000018013));
#9263=CARTESIAN_POINT('Ctrl Pts',(9.75833314124767,5.61168539122206,-7.40000000036439));
#9264=CARTESIAN_POINT('Ctrl Pts',(9.60312922221153,5.82880283144107,-7.40000000064008));
#9265=CARTESIAN_POINT('Ctrl Pts',(9.44693565851896,6.04730470264523,-7.40000000091752));
#9266=CARTESIAN_POINT('Ctrl Pts',(9.28303344322808,6.25993465988184,-7.40000000128768));
#9267=CARTESIAN_POINT('Ctrl Pts',(9.11182580192094,6.4663518822594,-7.40000000175093));
#9268=CARTESIAN_POINT('Ctrl Pts',(8.94022816405049,6.67323930565555,-7.40000000221523));
#9269=CARTESIAN_POINT('Ctrl Pts',(8.76129126979285,6.87388607845711,-7.40000000277313));
#9270=CARTESIAN_POINT('Ctrl Pts',(8.57538618985049,7.06791051299481,-7.40000000340855));
#9271=CARTESIAN_POINT('Ctrl Pts',(8.39054757942464,7.26082190024539,-7.40000000404032));
#9272=CARTESIAN_POINT('Ctrl Pts',(8.19881997340213,7.44718706806663,-7.4000000047488));
#9273=CARTESIAN_POINT('Ctrl Pts',(8.00054144209793,7.62658708227311,-7.40000000550076));
#9274=CARTESIAN_POINT('Ctrl Pts',(7.80539752959664,7.80315093134324,-7.40000000624084));
#9275=CARTESIAN_POINT('Ctrl Pts',(7.60390767069849,7.97296836339493,-7.40000000702308));
#9276=CARTESIAN_POINT('Ctrl Pts',(7.39637601647726,8.1355931065647,-7.40000000779807));
#9277=CARTESIAN_POINT('Ctrl Pts',(7.3124246611412,8.20137857746798,-7.40000000811157));
#9278=CARTESIAN_POINT('Ctrl Pts',(7.22748446581256,8.26598648249743,-7.40000000842367));
#9279=CARTESIAN_POINT('Ctrl Pts',(7.14157498810773,8.32938490526669,-7.40000000873024));
#9280=CARTESIAN_POINT('Ctrl Pts',(6.92954694045855,8.48585476357487,-7.40000000948688));
#9281=CARTESIAN_POINT('Ctrl Pts',(6.71236926988867,8.63440517448808,-7.40000001020268));
#9282=CARTESIAN_POINT('Ctrl Pts',(6.49041126648813,8.77470578022591,-7.40000001090672));
#9283=CARTESIAN_POINT('Ctrl Pts',(6.27046769104427,8.91373305741415,-7.40000001160438));
#9284=CARTESIAN_POINT('Ctrl Pts',(6.04582962423462,9.0446598888715,-7.40000001229054));
#9285=CARTESIAN_POINT('Ctrl Pts',(5.81683121913823,9.16712081706319,-7.40000001297596));
#9286=CARTESIAN_POINT('Ctrl Pts',(5.61379293180642,9.27569911530347,-7.40000001358367));
#9287=CARTESIAN_POINT('Ctrl Pts',(5.40732631129874,9.37762171272282,-7.4000000141906));
#9288=CARTESIAN_POINT('Ctrl Pts',(5.19765240173987,9.4726016887564,-7.40000001479193));
#9289=CARTESIAN_POINT('Ctrl Pts',(4.95840241750909,9.58097930147934,-7.40000001547809));
#9290=CARTESIAN_POINT('Ctrl Pts',(4.71497599781708,9.6803183806439,-7.40000001615746));
#9291=CARTESIAN_POINT('Ctrl Pts',(4.46791419606673,9.77052518225659,-7.40000001680328));
#9292=CARTESIAN_POINT('Ctrl Pts',(4.22221732378259,9.86023362305145,-7.40000001744553));
#9293=CARTESIAN_POINT('Ctrl Pts',(3.9729244494681,9.94091039730388,-7.40000001805469));
#9294=CARTESIAN_POINT('Ctrl Pts',(3.72056870325565,10.0124120821479,-7.40000001858253));
#9295=CARTESIAN_POINT('Ctrl Pts',(3.6041546867034,10.0453964641081,-7.40000001882603));
#9296=CARTESIAN_POINT('Ctrl Pts',(3.4870889485159,10.0764276146741,-7.40000001905189));
#9297=CARTESIAN_POINT('Ctrl Pts',(3.36942450388012,10.1054877594596,-7.40000001925373));
#9298=CARTESIAN_POINT('Ctrl Pts',(3.11975093216412,10.1671508231458,-7.400000019682));
#9299=CARTESIAN_POINT('Ctrl Pts',(2.86827289858678,10.2197230100709,-7.40000001999513));
#9300=CARTESIAN_POINT('Ctrl Pts',(2.61551079932555,10.2631973979371,-7.40000002023841));
#9301=CARTESIAN_POINT('Ctrl Pts',(2.36155990322141,10.3068762555999,-7.40000002048285));
#9302=CARTESIAN_POINT('Ctrl Pts',(2.10631215707265,10.3413715744189,-7.40000002065685));
#9303=CARTESIAN_POINT('Ctrl Pts',(1.85028859846071,10.3666243455516,-7.40000002078484));
#9304=CARTESIAN_POINT('Ctrl Pts',(1.59596466089358,10.3917094753099,-7.40000002091199));
#9305=CARTESIAN_POINT('Ctrl Pts',(1.34087452422208,10.4076743130804,-7.40000002099381));
#9306=CARTESIAN_POINT('Ctrl Pts',(1.0855322449769,10.4144100717064,-7.40000002103185));
#9307=CARTESIAN_POINT('Ctrl Pts',(0.832770405984481,10.4210777600435,-7.4000000210695));
#9308=CARTESIAN_POINT('Ctrl Pts',(0.579760897569342,10.4187018893503,-7.40000002106428));
#9309=CARTESIAN_POINT('Ctrl Pts',(0.327014879331917,10.4071278046628,-7.40000002099466));
#9310=CARTESIAN_POINT('Ctrl Pts',(0.0792974581410414,10.3957839962364,-7.40000002092643));
#9311=CARTESIAN_POINT('Ctrl Pts',(-0.168167349793468,10.3756042060951,-7.40000002079633));
#9312=CARTESIAN_POINT('Ctrl Pts',(-0.414878207094627,10.3463970655378,-7.40000002056141));
#9313=CARTESIAN_POINT('Ctrl Pts',(-0.502124654158006,10.3360682973986,-7.40000002047833));
#9314=CARTESIAN_POINT('Ctrl Pts',(-0.589276591153899,10.3246101531637,-7.40000002038192));
#9315=CARTESIAN_POINT('Ctrl Pts',(-0.676311051097328,10.3120128072355,-7.40000002026958));
#9316=CARTESIAN_POINT('Ctrl Pts',(-0.875669616413457,10.2831576984351,-7.40000002001228));
#9317=CARTESIAN_POINT('Ctrl Pts',(-1.07383748467154,10.2484101385289,-7.40000001966753));
#9318=CARTESIAN_POINT('Ctrl Pts',(-1.27056638635141,10.2077372611846,-7.4000000192705));
#9319=CARTESIAN_POINT('Ctrl Pts',(-1.51465100169296,10.1572737881684,-7.4000000187779));
#9320=CARTESIAN_POINT('Ctrl Pts',(-1.75652132587423,10.0976904597346,-7.40000001820569));
#9321=CARTESIAN_POINT('Ctrl Pts',(-1.99574697617264,10.0292761350012,-7.4000000175994));
#9322=CARTESIAN_POINT('Ctrl Pts',(-2.2371440675963,9.96024081633131,-7.40000001698762));
#9323=CARTESIAN_POINT('Ctrl Pts',(-2.47584885787951,9.88221313512662,-7.40000001634131));
#9324=CARTESIAN_POINT('Ctrl Pts',(-2.71139766241443,9.79544170258604,-7.40000001568128));
#9325=CARTESIAN_POINT('Ctrl Pts',(-2.94634109924312,9.70889327530836,-7.40000001502295));
#9326=CARTESIAN_POINT('Ctrl Pts',(-3.17814530411301,9.61364558147554,-7.40000001435106));
#9327=CARTESIAN_POINT('Ctrl Pts',(-3.40632028042786,9.50990316416396,-7.40000001365867));
#9328=CARTESIAN_POINT('Ctrl Pts',(-3.6314952003839,9.40752475750667,-7.40000001297539));
#9329=CARTESIAN_POINT('Ctrl Pts',(-3.8531361535231,9.29687310393709,-7.40000001227219));
#9330=CARTESIAN_POINT('Ctrl Pts',(-4.07073570684754,9.17810996495395,-7.40000001151446));
#9331=CARTESIAN_POINT('Ctrl Pts',(-4.17354464522081,9.12199812074199,-7.40000001115646));
#9332=CARTESIAN_POINT('Ctrl Pts',(-4.27545086253103,9.06407511108079,-7.40000001078588));
#9333=CARTESIAN_POINT('Ctrl Pts',(-4.37639750736083,9.00435565224183,-7.40000001039679));
#9334=CARTESIAN_POINT('Ctrl Pts',(-4.58857555389805,8.87883233110445,-7.40000000957898));
#9335=CARTESIAN_POINT('Ctrl Pts',(-4.79588384829266,8.74574937511438,-7.40000000871693));
#9336=CARTESIAN_POINT('Ctrl Pts',(-4.99787427575064,8.60534030265494,-7.40000000787503));
#9337=CARTESIAN_POINT('Ctrl Pts',(-5.1984653637672,8.46590394932631,-7.40000000703897));
#9338=CARTESIAN_POINT('Ctrl Pts',(-5.39381249041692,8.3192422178758,-7.40000000622284));
#9339=CARTESIAN_POINT('Ctrl Pts',(-5.58344110906666,8.16554733696105,-7.40000000546123));
#9340=CARTESIAN_POINT('Ctrl Pts',(-5.77046618334298,8.01396264091859,-7.40000000471008));
#9341=CARTESIAN_POINT('Ctrl Pts',(-5.95192908938726,7.8555361838918,-7.40000000401199));
#9342=CARTESIAN_POINT('Ctrl Pts',(-6.12733336982763,7.69042297041427,-7.40000000337154));
#9343=CARTESIAN_POINT('Ctrl Pts',(-6.23169086759464,7.59218818524527,-7.4000000029905));
#9344=CARTESIAN_POINT('Ctrl Pts',(-6.33390299901573,7.49158596083358,-7.40000000262933));
#9345=CARTESIAN_POINT('Ctrl Pts',(-6.43385815209763,7.38864379565605,-7.40000000228393));
#9346=CARTESIAN_POINT('Ctrl Pts',(-6.50898380637019,7.3112731221815,-7.40000000202432));
#9347=CARTESIAN_POINT('Ctrl Pts',(-6.58275181840009,7.23266556897212,-7.40000000177582));
#9348=CARTESIAN_POINT('Ctrl Pts',(-6.65512146206711,7.15283987828209,-7.40000000154581));
#9349=CARTESIAN_POINT('Ctrl Pts',(-6.81787622034869,6.97331694111392,-7.40000000102853));
#9350=CARTESIAN_POINT('Ctrl Pts',(-6.97356153769858,6.78763486935806,-7.40000000060695));
#9351=CARTESIAN_POINT('Ctrl Pts',(-7.12197887521523,6.5962953584711,-7.40000000034258));
#9352=CARTESIAN_POINT('Ctrl Pts',(-7.25286264593768,6.42756010764323,-7.40000000010944));
#9353=CARTESIAN_POINT('Ctrl Pts',(-7.37809370789671,6.25442439738407,-7.39999999999819));
#9354=CARTESIAN_POINT('Ctrl Pts',(-7.4975056125208,6.07721771541989,-7.40000000002982));
#9355=CARTESIAN_POINT('Origin',(0.,-9.42271768960143E-16,4.50000000000014));
#9356=CARTESIAN_POINT('',(-7.9262528829543,-1.86696100016947E-15,4.26315789473704));
#9357=CARTESIAN_POINT('Origin',(0.,-8.96274977935227E-16,4.26315789473704));
#9358=CARTESIAN_POINT('',(-8.36660026534053,-2.06398912903776E-15,5.00000000000001));
#9359=CARTESIAN_POINT('Origin',(-8.36660026534053,-1.96688479242961E-15,
4.50000000000014));
#9360=CARTESIAN_POINT('Origin',(0.,-1.0393761055683E-15,5.00000000000001));
#9361=CARTESIAN_POINT('Origin',(0.,0.,0.));
#9362=CARTESIAN_POINT('',(-9.,-1.10218211923262E-15,-2.44249065417534E-14));
#9363=CARTESIAN_POINT('Origin',(0.,-6.83327394865023E-17,-2.44249065417534E-14));
#9364=CARTESIAN_POINT('Origin',(0.,0.,0.));
#9365=CARTESIAN_POINT('Origin',(0.,-11.,0.));
#9366=CARTESIAN_POINT('Origin',(0.,-13.,-7.40000000000017));
#9367=CARTESIAN_POINT('Origin',(0.,1.64717668373139E-16,-1.20000000000009));
#9368=CARTESIAN_POINT('Origin',(0.,-8.36660026534053,5.00000000000001));
#9369=UNCERTAINTY_MEASURE_WITH_UNIT(LENGTH_MEASURE(0.01),#9373,
'DISTANCE_ACCURACY_VALUE',
'Maximum model space distance between geometric entities at asserted c
onnectivities');
#9370=UNCERTAINTY_MEASURE_WITH_UNIT(LENGTH_MEASURE(0.01),#9373,
'DISTANCE_ACCURACY_VALUE',
'Maximum model space distance between geometric entities at asserted c
onnectivities');
#9371=(
GEOMETRIC_REPRESENTATION_CONTEXT(3)
GLOBAL_UNCERTAINTY_ASSIGNED_CONTEXT((#9369))
GLOBAL_UNIT_ASSIGNED_CONTEXT((#9373,#9375,#9376))
REPRESENTATION_CONTEXT('','3D')
);
#9372=(
GEOMETRIC_REPRESENTATION_CONTEXT(3)
GLOBAL_UNCERTAINTY_ASSIGNED_CONTEXT((#9370))
GLOBAL_UNIT_ASSIGNED_CONTEXT((#9373,#9375,#9376))
REPRESENTATION_CONTEXT('','3D')
);
#9373=(
LENGTH_UNIT()
NAMED_UNIT(*)
SI_UNIT(.MILLI.,.METRE.)
);
#9374=(
LENGTH_UNIT()
NAMED_UNIT(*)
SI_UNIT($,.METRE.)
);
#9375=(
NAMED_UNIT(*)
PLANE_ANGLE_UNIT()
SI_UNIT($,.RADIAN.)
);
#9376=(
NAMED_UNIT(*)
SI_UNIT($,.STERADIAN.)
SOLID_ANGLE_UNIT()
);
#9377=SHAPE_DEFINITION_REPRESENTATION(#9378,#9379);
#9378=PRODUCT_DEFINITION_SHAPE('',$,#9381);
#9379=SHAPE_REPRESENTATION('',(#2180),#9371);
#9380=PRODUCT_DEFINITION_CONTEXT('part definition',#9385,'design');
#9381=PRODUCT_DEFINITION('Screw','Screw_V3 v1',#9382,#9380);
#9382=PRODUCT_DEFINITION_FORMATION('',$,#9387);
#9383=PRODUCT_RELATED_PRODUCT_CATEGORY('Screw_V3 v1','Screw_V3 v1',(#9387));
#9384=APPLICATION_PROTOCOL_DEFINITION('international standard',
'automotive_design',2009,#9385);
#9385=APPLICATION_CONTEXT(
'Core Data for Automotive Mechanical Design Process');
#9386=PRODUCT_CONTEXT('part definition',#9385,'mechanical');
#9387=PRODUCT('Screw','Screw_V3 v1',$,(#9386));
#9388=PRESENTATION_STYLE_ASSIGNMENT((#9390));
#9389=PRESENTATION_STYLE_ASSIGNMENT((#9391));
#9390=SURFACE_STYLE_USAGE(.BOTH.,#9392);
#9391=SURFACE_STYLE_USAGE(.BOTH.,#9393);
#9392=SURFACE_SIDE_STYLE('',(#9394));
#9393=SURFACE_SIDE_STYLE('',(#9395));
#9394=SURFACE_STYLE_FILL_AREA(#9396);
#9395=SURFACE_STYLE_FILL_AREA(#9397);
#9396=FILL_AREA_STYLE('Steel - Satin',(#9398));
#9397=FILL_AREA_STYLE('Opaque(89,86,86)',(#9399));
#9398=FILL_AREA_STYLE_COLOUR('Steel - Satin',#9400);
#9399=FILL_AREA_STYLE_COLOUR('Opaque(89,86,86)',#9401);
#9400=COLOUR_RGB('Steel - Satin',0.627450980392157,0.627450980392157,0.627450980392157);
#9401=COLOUR_RGB('Opaque(89,86,86)',0.349019607843137,0.337254901960784,
0.337254901960784);
ENDSEC;
END-ISO-10303-21;
