ISO-10303-21;
HEADER;
/* Generated by software containing ST-Developer
 * from STEP Tools, Inc. (www.steptools.com) 
 */

FILE_DESCRIPTION(
/* description */ (''),
/* implementation_level */ '2;1');

FILE_NAME(
/* name */ 'bas_connection.step',
/* time_stamp */ '2026-10-03T22:25:27+03:00',
/* author */ (''),
/* organization */ (''),
/* preprocessor_version */ 'ST-DEVELOPER v20.2',
/* originating_system */ 'Autodesk Translation Framework v15.15.0.0',
/* authorisation */ '');

FILE_SCHEMA (('AUTOMOTIVE_DESIGN { 1 0 10303 214 3 1 1 }'));
ENDSEC;

DATA;
#10=MECHANICAL_DESIGN_GEOMETRIC_PRESENTATION_REPRESENTATION('',(#13),#2442);
#11=SHAPE_REPRESENTATION_RELATIONSHIP('SRR','None',#2449,#12);
#12=ADVANCED_BREP_SHAPE_REPRESENTATION('',(#14),#2441);
#13=STYLED_ITEM('',(#2458),#14);
#14=MANIFOLD_SOLID_BREP('Body1',#447);
#15=FACE_BOUND('',#72,.T.);
#16=FACE_BOUND('',#74,.T.);
#17=FACE_BOUND('',#79,.T.);
#18=PLANE('',#478);
#19=PLANE('',#479);
#20=PLANE('',#480);
#21=PLANE('',#481);
#22=PLANE('',#482);
#23=PLANE('',#483);
#24=PLANE('',#484);
#25=PLANE('',#485);
#26=PLANE('',#486);
#27=PLANE('',#487);
#28=PLANE('',#488);
#29=PLANE('',#489);
#30=PLANE('',#490);
#31=PLANE('',#491);
#32=SPHERICAL_SURFACE('',#472,9.);
#33=B_SPLINE_SURFACE_WITH_KNOTS('',3,3,((#1574,#1575,#1576,#1577,#1578,
#1579,#1580,#1581,#1582,#1583,#1584,#1585,#1586,#1587,#1588,#1589,#1590,
#1591,#1592,#1593,#1594,#1595,#1596,#1597,#1598,#1599,#1600,#1601,#1602,
#1603,#1604,#1605,#1606,#1607,#1608,#1609,#1610,#1611,#1612),(#1613,#1614,
#1615,#1616,#1617,#1618,#1619,#1620,#1621,#1622,#1623,#1624,#1625,#1626,
#1627,#1628,#1629,#1630,#1631,#1632,#1633,#1634,#1635,#1636,#1637,#1638,
#1639,#1640,#1641,#1642,#1643,#1644,#1645,#1646,#1647,#1648,#1649,#1650,
#1651),(#1652,#1653,#1654,#1655,#1656,#1657,#1658,#1659,#1660,#1661,#1662,
#1663,#1664,#1665,#1666,#1667,#1668,#1669,#1670,#1671,#1672,#1673,#1674,
#1675,#1676,#1677,#1678,#1679,#1680,#1681,#1682,#1683,#1684,#1685,#1686,
#1687,#1688,#1689,#1690),(#1691,#1692,#1693,#1694,#1695,#1696,#1697,#1698,
#1699,#1700,#1701,#1702,#1703,#1704,#1705,#1706,#1707,#1708,#1709,#1710,
#1711,#1712,#1713,#1714,#1715,#1716,#1717,#1718,#1719,#1720,#1721,#1722,
#1723,#1724,#1725,#1726,#1727,#1728,#1729)),.UNSPECIFIED.,.F.,.F.,.F.,(4,
4),(4,1,1,1,1,1,1,1,1,1,1,1,1,1,1,1,1,1,1,1,1,1,1,1,1,1,1,1,1,1,1,1,1,1,
1,1,4),(-0.000103480497328925,0.197938142154566),(8.30409179358786,8.79216256279431,
9.28023333200075,9.7683041012072,10.2563748704136,10.7444456396201,11.2325164088265,
11.720587178033,12.2086579472394,12.6967287164459,13.1847994856523,13.6728702548588,
14.1609410240652,14.6490117932717,15.1370825624781,15.6251533316845,16.113224100891,
16.6012948700974,17.0893656393039,17.5774364085103,18.0655071777168,18.5535779469232,
19.0416487161297,19.5297194853361,20.0177902545425,20.505861023749,20.9939317929554,
21.4820025621619,21.9700733313683,22.4581441005748,22.9462148697812,23.4342856389877,
23.9223564081941,24.4104271774006,24.898497946607,25.3865687158134,25.8747429655172),
 .UNSPECIFIED.);
#34=B_SPLINE_SURFACE_WITH_KNOTS('',3,3,((#1969,#1970,#1971,#1972,#1973,
#1974,#1975,#1976,#1977,#1978,#1979,#1980,#1981,#1982,#1983,#1984,#1985,
#1986,#1987,#1988,#1989,#1990,#1991,#1992,#1993,#1994,#1995,#1996,#1997,
#1998,#1999,#2000,#2001,#2002,#2003,#2004,#2005,#2006,#2007),(#2008,#2009,
#2010,#2011,#2012,#2013,#2014,#2015,#2016,#2017,#2018,#2019,#2020,#2021,
#2022,#2023,#2024,#2025,#2026,#2027,#2028,#2029,#2030,#2031,#2032,#2033,
#2034,#2035,#2036,#2037,#2038,#2039,#2040,#2041,#2042,#2043,#2044,#2045,
#2046),(#2047,#2048,#2049,#2050,#2051,#2052,#2053,#2054,#2055,#2056,#2057,
#2058,#2059,#2060,#2061,#2062,#2063,#2064,#2065,#2066,#2067,#2068,#2069,
#2070,#2071,#2072,#2073,#2074,#2075,#2076,#2077,#2078,#2079,#2080,#2081,
#2082,#2083,#2084,#2085),(#2086,#2087,#2088,#2089,#2090,#2091,#2092,#2093,
#2094,#2095,#2096,#2097,#2098,#2099,#2100,#2101,#2102,#2103,#2104,#2105,
#2106,#2107,#2108,#2109,#2110,#2111,#2112,#2113,#2114,#2115,#2116,#2117,
#2118,#2119,#2120,#2121,#2122,#2123,#2124)),.UNSPECIFIED.,.F.,.F.,.F.,(4,
4),(4,1,1,1,1,1,1,1,1,1,1,1,1,1,1,1,1,1,1,1,1,1,1,1,1,1,1,1,1,1,1,1,1,1,
1,1,4),(-7.48987772918899E-5,0.197967281578324),(11.614929276994,12.1031036170248,
12.5911743862312,13.0792451554377,13.5673159246441,14.0553866938505,14.543457463057,
15.0315282322634,15.5195990014699,16.0076697706763,16.4957405398828,16.9838113090892,
17.4718820782957,17.9599528475021,18.4480236167086,18.936094385915,19.4241651551214,
19.9122359243279,20.4003066935343,20.8883774627408,21.3764482319472,21.8645190011537,
22.3525897703601,22.8406605395666,23.328731308773,23.8168020779795,24.3048728471859,
24.7929436163923,25.2810143855988,25.7690851548052,26.2571559240117,26.7452266932181,
27.2332974624246,27.721368231631,28.2094390008375,28.6975097700439,29.1855805392503),
 .UNSPECIFIED.);
#35=FACE_OUTER_BOUND('',#60,.T.);
#36=FACE_OUTER_BOUND('',#61,.T.);
#37=FACE_OUTER_BOUND('',#62,.T.);
#38=FACE_OUTER_BOUND('',#63,.T.);
#39=FACE_OUTER_BOUND('',#64,.T.);
#40=FACE_OUTER_BOUND('',#65,.T.);
#41=FACE_OUTER_BOUND('',#66,.T.);
#42=FACE_OUTER_BOUND('',#67,.T.);
#43=FACE_OUTER_BOUND('',#68,.T.);
#44=FACE_OUTER_BOUND('',#69,.T.);
#45=FACE_OUTER_BOUND('',#70,.T.);
#46=FACE_OUTER_BOUND('',#71,.T.);
#47=FACE_OUTER_BOUND('',#73,.T.);
#48=FACE_OUTER_BOUND('',#75,.T.);
#49=FACE_OUTER_BOUND('',#76,.T.);
#50=FACE_OUTER_BOUND('',#77,.T.);
#51=FACE_OUTER_BOUND('',#78,.T.);
#52=FACE_OUTER_BOUND('',#80,.T.);
#53=FACE_OUTER_BOUND('',#81,.T.);
#54=FACE_OUTER_BOUND('',#82,.T.);
#55=FACE_OUTER_BOUND('',#83,.T.);
#56=FACE_OUTER_BOUND('',#84,.T.);
#57=FACE_OUTER_BOUND('',#85,.T.);
#58=FACE_OUTER_BOUND('',#86,.T.);
#59=FACE_OUTER_BOUND('',#87,.T.);
#60=EDGE_LOOP('',(#290,#291,#292,#293));
#61=EDGE_LOOP('',(#294,#295,#296,#297));
#62=EDGE_LOOP('',(#298,#299,#300,#301));
#63=EDGE_LOOP('',(#302,#303,#304,#305));
#64=EDGE_LOOP('',(#306,#307,#308,#309));
#65=EDGE_LOOP('',(#310,#311,#312,#313));
#66=EDGE_LOOP('',(#314,#315,#316,#317));
#67=EDGE_LOOP('',(#318,#319,#320,#321,#322,#323,#324,#325,#326));
#68=EDGE_LOOP('',(#327,#328,#329,#330,#331,#332,#333,#334,#335));
#69=EDGE_LOOP('',(#336,#337,#338));
#70=EDGE_LOOP('',(#339,#340,#341,#342));
#71=EDGE_LOOP('',(#343));
#72=EDGE_LOOP('',(#344,#345,#346,#347));
#73=EDGE_LOOP('',(#348,#349,#350,#351));
#74=EDGE_LOOP('',(#352));
#75=EDGE_LOOP('',(#353,#354,#355,#356));
#76=EDGE_LOOP('',(#357,#358,#359,#360));
#77=EDGE_LOOP('',(#361,#362,#363,#364));
#78=EDGE_LOOP('',(#365,#366,#367,#368));
#79=EDGE_LOOP('',(#369));
#80=EDGE_LOOP('',(#370,#371,#372,#373));
#81=EDGE_LOOP('',(#374,#375,#376,#377));
#82=EDGE_LOOP('',(#378,#379,#380,#381));
#83=EDGE_LOOP('',(#382,#383,#384,#385));
#84=EDGE_LOOP('',(#386,#387,#388,#389));
#85=EDGE_LOOP('',(#390,#391,#392,#393));
#86=EDGE_LOOP('',(#394,#395,#396,#397,#398,#399,#400,#401,#402,#403));
#87=EDGE_LOOP('',(#404,#405,#406,#407,#408,#409,#410,#411,#412,#413));
#88=CIRCLE('',#462,9.1687);
#89=CIRCLE('',#465,10.88225);
#90=CIRCLE('',#469,10.88225);
#91=CIRCLE('',#471,9.16869999999999);
#92=CIRCLE('',#473,8.77496438739209);
#93=CIRCLE('',#474,9.);
#94=CIRCLE('',#476,11.5);
#95=CIRCLE('',#477,11.5);
#96=B_SPLINE_CURVE_WITH_KNOTS('',3,(#598,#599,#600,#601,#602,#603,#604,
#605,#606,#607,#608,#609,#610,#611,#612,#613,#614,#615,#616,#617,#618,#619,
#620,#621,#622,#623,#624,#625,#626,#627,#628,#629,#630,#631,#632,#633,#634,
#635,#636,#637),.UNSPECIFIED.,.F.,.F.,(4,2,2,2,2,2,2,2,2,2,2,2,2,2,2,2,
2,2,2,4),(-4.37039072445929,-4.18518222027238,-3.83432103720094,-3.47472992475977,
-3.27887835120763,-3.10038657889316,-2.73936849954687,-2.56452953227043,
-2.33269671258261,-2.15653462028235,-1.904132219904,-1.72700422252526,-1.37268846254024,
-1.19751902432643,-1.02976828622099,-0.851512336641803,-0.491115301179637,
-0.369452654955,-0.184984223387559,-0.000133540788541668),.UNSPECIFIED.);
#97=B_SPLINE_CURVE_WITH_KNOTS('',3,(#640,#641,#642,#643,#644,#645,#646,
#647,#648,#649,#650,#651,#652,#653,#654,#655,#656,#657,#658,#659,#660,#661,
#662,#663,#664,#665,#666,#667,#668,#669,#670,#671),.UNSPECIFIED.,.F.,.F.,
(4,2,2,2,2,2,2,2,2,2,2,2,2,2,2,4),(-14.2550341167994,-14.0159058007173,
-13.7798618692952,-13.624473616338,-13.4462009664394,-13.0937609879612,
-12.9066900595247,-12.7314166894736,-12.5528961797855,-12.2015693321414,
-12.0050627048778,-11.8296248828731,-11.6513395362404,-11.299158196753,
-11.121106370321,-11.0243377006089),.UNSPECIFIED.);
#98=B_SPLINE_CURVE_WITH_KNOTS('',3,(#676,#677,#678,#679,#680,#681,#682,
#683,#684,#685,#686,#687,#688,#689,#690,#691,#692,#693,#694,#695,#696,#697,
#698,#699,#700,#701,#702,#703,#704,#705,#706,#707,#708,#709,#710,#711,#712,
#713,#714,#715,#716,#717,#718,#719,#720,#721,#722,#723,#724,#725,#726,#727,
#728,#729,#730,#731),.UNSPECIFIED.,.F.,.F.,(4,2,2,2,2,2,2,2,2,2,2,2,2,2,
2,2,2,2,2,2,2,2,2,2,2,2,2,4),(-10.1491849581519,-10.0300971934586,-9.85204850435603,
-9.49912478814868,-9.31670198464292,-9.14148711365256,-8.89147114873916,
-8.71660526526253,-8.35637380000269,-8.1781443623434,-8.00940190483322,
-7.83419983373933,-7.4800902251405,-7.30296464018448,-7.12749186955259,
-6.76873146412833,-6.59377741573611,-6.31858406799829,-6.14361518080254,
-5.86205067785058,-5.68687926790886,-5.51970656325798,-5.34140427628526,
-4.98088268555956,-4.80604024095288,-4.56207497434017,-4.38658288753774,
-4.37039072445929),.UNSPECIFIED.);
#99=B_SPLINE_CURVE_WITH_KNOTS('',3,(#732,#733,#734,#735,#736,#737,#738,
#739,#740,#741,#742,#743,#744,#745,#746,#747,#748,#749,#750,#751,#752,#753,
#754,#755,#756,#757,#758,#759,#760,#761,#762,#763,#764,#765,#766,#767,#768,
#769,#770,#771,#772,#773,#774,#775,#776,#777,#778,#779,#780,#781,#782,#783,
#784,#785),.UNSPECIFIED.,.F.,.F.,(4,2,2,2,2,2,2,2,2,2,2,2,2,2,2,2,2,2,2,
2,2,2,2,2,2,2,4),(-11.0243377006089,-10.7610757447456,-10.4105680866689,
-10.205156741871,-10.029588678324,-9.85152578260928,-9.4986154023598,-9.31594142939432,
-9.14071672622402,-8.89077660355042,-8.71590492235922,-8.3556568874394,
-8.17742009090373,-8.00869308833395,-7.83348527619396,-7.4793591883879,
-7.30222702471961,-7.12674927013116,-6.76797922688076,-6.59301907886731,
-6.31777898893332,-6.14280320810578,-5.86100691083136,-5.68582023551631,
-5.51773407033323,-5.33948100812369,-5.24459885470978),.UNSPECIFIED.);
#100=B_SPLINE_CURVE_WITH_KNOTS('',3,(#791,#792,#793,#794,#795,#796,#797,
#798),.UNSPECIFIED.,.F.,.F.,(4,1,1,1,1,4),(-4.09293039016014,-3.90456615365156,
-3.41649538444512,-2.92842461523867,-2.44035384603223,-2.07204649494859),
 .UNSPECIFIED.);
#101=B_SPLINE_CURVE_WITH_KNOTS('',3,(#801,#802,#803,#804,#805,#806),
 .UNSPECIFIED.,.F.,.F.,(4,1,1,4),(0.,0.488070769206446,0.976141538412891,
1.12068616718152),.UNSPECIFIED.);
#102=B_SPLINE_CURVE_WITH_KNOTS('',3,(#811,#812,#813,#814,#815,#816,#817,
#818,#819,#820,#821,#822,#823,#824,#825,#826,#827,#828,#829,#830,#831,#832,
#833,#834,#835,#836,#837,#838,#839,#840,#841,#842,#843,#844,#845,#846,#847,
#848,#849,#850,#851,#852,#853,#854,#855,#856,#857,#858,#859,#860,#861,#862,
#863,#864,#865,#866,#867,#868,#869,#870,#871,#872,#873,#874,#875,#876,#877,
#878,#879,#880,#881,#882,#883,#884,#885,#886,#887,#888,#889,#890,#891,#892,
#893,#894,#895,#896,#897,#898,#899,#900,#901,#902,#903,#904,#905,#906,#907,
#908,#909,#910,#911,#912,#913,#914,#915,#916,#917,#918,#919,#920,#921,#922,
#923,#924,#925,#926,#927,#928,#929,#930,#931,#932,#933,#934,#935,#936,#937,
#938,#939,#940,#941,#942,#943,#944,#945,#946,#947,#948,#949,#950,#951,#952,
#953,#954,#955,#956,#957,#958,#959,#960,#961,#962,#963,#964,#965,#966,#967,
#968,#969,#970,#971,#972,#973,#974,#975,#976,#977,#978,#979,#980,#981,#982,
#983,#984,#985,#986,#987,#988,#989,#990,#991,#992,#993,#994,#995,#996,#997,
#998,#999,#1000,#1001,#1002,#1003,#1004,#1005,#1006,#1007,#1008,#1009,#1010,
#1011,#1012,#1013,#1014,#1015,#1016,#1017,#1018,#1019,#1020,#1021,#1022,
#1023,#1024,#1025,#1026,#1027,#1028,#1029,#1030,#1031,#1032,#1033,#1034,
#1035,#1036,#1037,#1038,#1039,#1040,#1041,#1042,#1043,#1044,#1045,#1046,
#1047,#1048,#1049,#1050,#1051,#1052,#1053,#1054,#1055,#1056,#1057,#1058,
#1059,#1060,#1061,#1062,#1063,#1064,#1065,#1066,#1067,#1068,#1069,#1070,
#1071,#1072,#1073,#1074,#1075,#1076,#1077,#1078,#1079,#1080,#1081,#1082,
#1083,#1084),.UNSPECIFIED.,.F.,.F.,(4,3,3,3,3,3,3,3,3,3,3,3,3,3,3,3,3,3,
3,3,3,3,3,3,3,3,3,3,3,3,3,3,3,3,3,3,3,3,3,3,3,3,3,3,3,3,3,3,3,3,3,3,3,3,
3,3,3,3,3,3,3,3,3,3,3,3,3,3,3,3,3,3,3,3,3,3,3,3,3,3,3,3,3,3,3,3,3,3,3,3,
3,4),(-10.3761157272218,-10.300658092394,-10.2494861533354,-10.1774023720271,
-10.1053304137948,-10.0332659427956,-9.9611960509826,-9.88912731463099,
-9.81704325001849,-9.7614153841289,-9.68933158914776,-9.61725961709497,
-9.54519513216729,-9.47312522635849,-9.40105647599473,-9.32897239743851,
-9.27334461492246,-9.20126082503768,-9.1291888581283,-9.05712437837656,
-8.98505447775657,-8.912985732581,-8.840901659177,-8.78527384571601,-8.71319005582824,
-8.64111808891689,-8.56905360916412,-8.49698370854484,-8.42491496337086,
-8.35283088996979,-8.29720307650957,-8.22511928146885,-8.15304730937688,
-8.08098282443069,-8.00891291863466,-7.93684416830126,-7.86476008980323,
-7.80913230730312,-7.7370485262094,-7.66497656811792,-7.59291209718595,
-7.52084220532681,-7.44877346886588,-7.37668940404358,-7.32106153809668,
-7.24897772833157,-7.17690574148545,-7.10484124179689,-7.03277132138014,
-6.96070255651598,-6.88861846372936,-6.83299076889023,-6.7609070055008,
-6.68883506512335,-6.61677061186547,-6.54470073749557,-6.47263201839429,
-6.4005479706072,-6.34491999968379,-6.27283618712394,-6.20076419757355,
-6.12869969527786,-6.05662977242012,-5.98456100521103,-5.91247691024859,
-5.85684923047734,-5.78476540400653,-5.71269340017869,-5.64062888328263,
-5.56855894543579,-5.49649016304451,-5.42440605269519,-5.3687784612709,
-5.29669488632267,-5.22462313533718,-5.15255887188242,-5.08048918660818,
-5.00842065591942,-4.93633679417628,-4.88070769206445,-4.80862327383375,
-4.73655067634666,-4.66448556557316,-4.59241503768758,-4.52034566829656,
-4.44826097977747,-4.39263692285801,-4.31771029717617,-4.24543591252026,
-4.17317109425507,-4.10090994206233,-4.09293042013064),.UNSPECIFIED.);
#103=B_SPLINE_CURVE_WITH_KNOTS('',3,(#1085,#1086,#1087,#1088,#1089,#1090,
#1091,#1092,#1093,#1094,#1095,#1096,#1097,#1098,#1099,#1100,#1101),
 .UNSPECIFIED.,.F.,.F.,(4,1,1,1,1,1,1,1,1,1,1,1,1,1,4),(1.12068616718152,
1.46421230761934,1.95228307682578,2.44035384603222,2.92842461523867,3.41649538444512,
3.90456615365156,4.39263692285801,4.88070769206445,5.3687784612709,5.85684923047734,
6.34491999968379,6.83299076889023,7.32106153809668,7.4038714743611),
 .UNSPECIFIED.);
#104=B_SPLINE_CURVE_WITH_KNOTS('',3,(#1106,#1107,#1108,#1109,#1110,#1111,
#1112,#1113,#1114,#1115,#1116,#1117,#1118,#1119,#1120,#1121,#1122,#1123,
#1124,#1125,#1126,#1127,#1128,#1129,#1130,#1131,#1132,#1133,#1134,#1135,
#1136,#1137,#1138,#1139,#1140,#1141,#1142,#1143,#1144,#1145,#1146,#1147,
#1148,#1149,#1150,#1151,#1152,#1153,#1154,#1155,#1156,#1157,#1158,#1159,
#1160,#1161,#1162,#1163,#1164,#1165,#1166,#1167,#1168,#1169,#1170,#1171,
#1172,#1173,#1174,#1175,#1176,#1177,#1178,#1179,#1180,#1181,#1182,#1183,
#1184,#1185,#1186,#1187,#1188,#1189,#1190,#1191,#1192,#1193,#1194,#1195,
#1196,#1197,#1198,#1199,#1200,#1201,#1202,#1203,#1204,#1205,#1206,#1207,
#1208,#1209,#1210,#1211,#1212,#1213,#1214,#1215,#1216,#1217,#1218,#1219,
#1220,#1221,#1222,#1223,#1224,#1225,#1226,#1227,#1228,#1229,#1230,#1231,
#1232,#1233,#1234,#1235,#1236,#1237,#1238,#1239,#1240,#1241,#1242,#1243,
#1244,#1245,#1246,#1247,#1248,#1249,#1250,#1251,#1252,#1253,#1254,#1255,
#1256,#1257,#1258,#1259,#1260,#1261,#1262,#1263,#1264,#1265,#1266,#1267,
#1268,#1269,#1270,#1271,#1272,#1273,#1274,#1275,#1276,#1277,#1278,#1279,
#1280,#1281,#1282,#1283,#1284,#1285,#1286,#1287,#1288,#1289,#1290,#1291,
#1292,#1293,#1294,#1295,#1296,#1297,#1298,#1299,#1300,#1301,#1302,#1303,
#1304,#1305,#1306,#1307,#1308,#1309,#1310,#1311,#1312,#1313,#1314,#1315,
#1316,#1317,#1318,#1319,#1320,#1321,#1322,#1323,#1324,#1325,#1326,#1327,
#1328,#1329,#1330,#1331,#1332,#1333,#1334,#1335,#1336,#1337,#1338,#1339,
#1340,#1341,#1342,#1343,#1344,#1345,#1346,#1347,#1348,#1349,#1350,#1351,
#1352,#1353,#1354,#1355,#1356,#1357,#1358,#1359,#1360,#1361,#1362,#1363,
#1364,#1365,#1366,#1367,#1368,#1369,#1370,#1371,#1372,#1373,#1374,#1375,
#1376),.UNSPECIFIED.,.F.,.F.,(4,3,3,3,3,3,3,3,3,3,3,3,3,3,3,3,3,3,3,3,3,
3,3,3,3,3,3,3,3,3,3,3,3,3,3,3,3,3,3,3,3,3,3,3,3,3,3,3,3,3,3,3,3,3,3,3,3,
3,3,3,3,3,3,3,3,3,3,3,3,3,3,3,3,3,3,3,3,3,3,3,3,3,3,3,3,3,3,3,3,3,4),(-16.6593010344898,
-16.5944061530191,-16.5222286829969,-16.4500619306464,-16.3779018378911,
-16.3057357371909,-16.233570614901,-16.1613905353134,-16.1063353838127,
-16.0342898041453,-15.9622564564074,-15.8902308942105,-15.818200095936,
-15.7461704971372,-15.6741253774345,-15.6182646146062,-15.546170003733,
-15.4740871172889,-15.4020116509345,-15.3299307385198,-15.2578509843879,
-15.1857559810512,-15.1301938453998,-15.0581101973602,-14.986038358393,
-14.9139739923434,-14.8419041826569,-14.769835515542,-14.697751498895,-14.6421230761934,
-14.5700417921734,-14.4979723671336,-14.4259104579181,-14.3538431537711,
-14.2817770155971,-14.2096955485768,-14.1540523069869,-14.081966296035,
-14.0098920800232,-13.9378253296239,-13.8657531412818,-13.7936821023431,
-13.7215957409268,-13.6659815377805,-13.5938990712476,-13.5218284433277,
-13.4497653143436,-13.3776967730519,-13.3056293899097,-13.2335466737032,
-13.177910768574,-13.1058263636664,-13.033753774908,-12.9616886682731,-12.8896181374647,
-12.8175487612181,-12.7454640595824,-12.6898399993676,-12.6177564211178,
-12.5456846679693,-12.4736204034887,-12.4015507189387,-12.3294821899486,
-12.2573983314557,-12.2017692301611,-12.1296854033249,-12.0576133992576,
-11.9855488822481,-11.9134789444815,-11.8414101622783,-11.7693260522889,
-11.7136984609547,-11.6416146495168,-11.5695426607016,-11.4974781587543,
-11.4254082356504,-11.3533394678639,-11.2812553717968,-11.2256276917482,
-11.1535439274709,-11.0814719865118,-11.0094075329781,-10.9373376588029,
-10.8652689401587,-10.7931848932458,-10.7375569225418,-10.6656668397658,
-10.5932790616519,-10.5214061604651,-10.4487609438877,-10.3761157273102),
 .UNSPECIFIED.);
#105=B_SPLINE_CURVE_WITH_KNOTS('',3,(#1377,#1378,#1379,#1380,#1381,#1382,
#1383,#1384,#1385,#1386,#1387,#1388,#1389,#1390,#1391,#1392,#1393),
 .UNSPECIFIED.,.F.,.F.,(4,1,1,1,1,1,1,1,1,1,1,1,1,1,4),(7.4038714743611,
7.80913230730312,8.29720307650957,8.78527384571602,9.27334461492246,9.76141538412891,
10.2494861533354,10.7375569225418,11.2256276917482,11.7136984609547,12.2017692301611,
12.6898399993676,13.177910768574,13.6659815377805,13.6870567815407),
 .UNSPECIFIED.);
#106=B_SPLINE_CURVE_WITH_KNOTS('',3,(#1396,#1397,#1398,#1399,#1400,#1401,
#1402,#1403,#1404,#1405,#1406,#1407,#1408,#1409,#1410,#1411,#1412,#1413,
#1414,#1415,#1416,#1417,#1418,#1419,#1420,#1421,#1422,#1423,#1424,#1425,
#1426,#1427,#1428,#1429,#1430,#1431,#1432,#1433,#1434,#1435,#1436,#1437,
#1438,#1439,#1440,#1441,#1442,#1443,#1444,#1445,#1446,#1447,#1448,#1449,
#1450,#1451,#1452,#1453,#1454,#1455,#1456,#1457,#1458,#1459,#1460,#1461,
#1462,#1463,#1464,#1465,#1466,#1467,#1468,#1469,#1470,#1471,#1472,#1473,
#1474),.UNSPECIFIED.,.F.,.F.,(4,3,3,3,3,3,3,3,3,3,3,3,3,3,3,3,3,3,3,3,3,
3,3,3,3,3,4),(13.6870567815407,13.7590164596793,13.8309642041503,13.9029046972995,
13.974850458344,14.046796117744,14.1187561711128,14.1540523069869,14.2261334785319,
14.2982028261069,14.3702646928654,14.4423320084882,14.5143981881892,14.5864797446538,
14.6421230761934,14.7142067395639,14.7862785638701,14.8583428854968,14.9304126054767,
15.0024811577745,15.0745650201071,15.1301938453998,15.2020661185638,15.2761805283503,
15.3480360280927,15.4232798929012,15.4985237577097),.UNSPECIFIED.);
#107=B_SPLINE_CURVE_WITH_KNOTS('',3,(#1477,#1478,#1479,#1480,#1481),
 .UNSPECIFIED.,.F.,.F.,(4,1,4),(-17.570547691432,-17.0824769222256,-16.6593010647259),
 .UNSPECIFIED.);
#108=B_SPLINE_CURVE_WITH_KNOTS('',3,(#1484,#1485,#1486,#1487,#1488,#1489,
#1490,#1491,#1492,#1493,#1494,#1495,#1496,#1497,#1498,#1499,#1500,#1501,
#1502,#1503,#1504,#1505,#1506,#1507,#1508,#1509,#1510,#1511,#1512,#1513,
#1514,#1515,#1516,#1517,#1518,#1519,#1520,#1521,#1522,#1523,#1524,#1525,
#1526,#1527,#1528,#1529,#1530,#1531,#1532,#1533),.UNSPECIFIED.,.F.,.F.,
(4,2,2,2,2,2,2,2,2,2,2,2,2,2,2,2,2,2,2,2,2,2,2,2,4),(-5.24459885470978,
-4.97911804166904,-4.80426485603222,-4.55671322218214,-4.38139153063441,
-4.19167370820879,-3.83956545271532,-3.66130235547737,-3.48589218352512,
-3.29039222295921,-2.93889425440728,-2.7604417281644,-2.58515043400358,
-2.3974856923442,-2.04516040118816,-1.86696332404324,-1.69151000456131,
-1.49318110302473,-1.14196647571031,-0.963419796922054,-0.788188425703521,
-0.604494304162592,-0.304647775896867,-0.153568746197584,-0.000133574312685161),
 .UNSPECIFIED.);
#109=B_SPLINE_CURVE_WITH_KNOTS('',3,(#1536,#1537,#1538,#1539,#1540,#1541,
#1542,#1543,#1544,#1545,#1546,#1547,#1548,#1549,#1550,#1551,#1552,#1553,
#1554,#1555,#1556,#1557,#1558,#1559,#1560,#1561,#1562,#1563,#1564,#1565,
#1566,#1567,#1568,#1569,#1570,#1571,#1572,#1573),.UNSPECIFIED.,.F.,.F.,
(4,2,2,2,2,2,2,2,2,2,2,2,2,2,2,2,2,2,4),(-14.2555192631607,-14.0167678135332,
-13.7812888700462,-13.6262369104891,-13.4478926661082,-13.0957030786421,
-12.9062903172325,-12.7309867973507,-12.5525296397836,-12.2010299466471,
-12.0062832690082,-11.8308780361519,-11.6525571004755,-11.3005230550889,
-11.1219255655888,-10.7618782071345,-10.4114194911871,-10.2056643262723,
-10.1491849581519),.UNSPECIFIED.);
#110=B_SPLINE_CURVE_WITH_KNOTS('',3,(#1730,#1731,#1732,#1733,#1734,#1735,
#1736,#1737,#1738,#1739,#1740,#1741,#1742,#1743,#1744,#1745,#1746,#1747,
#1748,#1749,#1750,#1751,#1752,#1753,#1754,#1755,#1756,#1757,#1758,#1759,
#1760,#1761,#1762,#1763,#1764,#1765,#1766,#1767,#1768,#1769,#1770,#1771,
#1772,#1773,#1774,#1775,#1776,#1777,#1778,#1779,#1780,#1781,#1782,#1783,
#1784,#1785,#1786,#1787,#1788,#1789,#1790,#1791,#1792,#1793,#1794,#1795,
#1796,#1797,#1798,#1799,#1800,#1801,#1802,#1803,#1804,#1805,#1806,#1807,
#1808,#1809,#1810,#1811,#1812,#1813,#1814,#1815,#1816,#1817,#1818,#1819,
#1820,#1821,#1822,#1823,#1824,#1825,#1826,#1827,#1828,#1829,#1830,#1831,
#1832,#1833,#1834,#1835,#1836,#1837,#1838,#1839,#1840,#1841,#1842,#1843,
#1844,#1845,#1846,#1847,#1848,#1849,#1850),.UNSPECIFIED.,.F.,.F.,(4,3,3,
3,3,3,3,3,3,3,3,3,3,3,3,3,3,3,3,3,3,3,3,3,3,3,3,3,3,3,3,3,3,3,3,3,3,3,3,
3,4),(0.,0.0783961279209648,0.130415033402384,0.209045516989978,0.287577636201628,
0.36546265469789,0.401100563952908,0.415053011601713,0.425888943170248,
0.502690866136532,0.579003520796907,0.650565928738034,0.72731494251484,
0.780317113187834,0.803866184969406,0.818386941394059,0.830938631338063,
0.905866690591646,0.980844050138967,1.05533599785846,1.12864150373491,1.15133230789879,
1.21148024145908,1.22360233852034,1.29661347277403,1.36997250850041,1.44281270941513,
1.51489953431849,1.57370765534979,1.59306370108725,1.60567037866272,1.63251577638109,
1.70437016363282,1.77618335368042,1.81587177896857,1.84083033184759,1.85621478570875,
1.92673305669915,1.99680532999861,2.06572816510862,2.09369075598557),
 .UNSPECIFIED.);
#111=B_SPLINE_CURVE_WITH_KNOTS('',3,(#1851,#1852,#1853,#1854,#1855,#1856,
#1857,#1858,#1859,#1860,#1861,#1862,#1863,#1864,#1865,#1866,#1867,#1868,
#1869,#1870,#1871,#1872,#1873,#1874,#1875,#1876,#1877,#1878,#1879,#1880,
#1881,#1882,#1883,#1884,#1885,#1886,#1887,#1888,#1889,#1890,#1891,#1892,
#1893,#1894,#1895,#1896,#1897,#1898,#1899,#1900,#1901,#1902,#1903,#1904,
#1905,#1906,#1907,#1908,#1909,#1910,#1911,#1912,#1913,#1914,#1915,#1916,
#1917,#1918,#1919,#1920,#1921,#1922,#1923,#1924,#1925,#1926,#1927,#1928,
#1929,#1930,#1931,#1932,#1933,#1934,#1935,#1936,#1937,#1938,#1939,#1940,
#1941,#1942,#1943,#1944,#1945,#1946,#1947,#1948,#1949,#1950,#1951,#1952,
#1953,#1954,#1955,#1956,#1957,#1958,#1959,#1960,#1961,#1962,#1963,#1964,
#1965,#1966,#1967,#1968),.UNSPECIFIED.,.F.,.F.,(4,3,3,3,3,3,3,3,3,3,3,3,
3,3,3,3,3,3,3,3,3,3,3,3,3,3,3,3,3,3,3,3,3,3,3,3,3,3,3,4),(-2.0936907559856,
-2.02316771131457,-1.98237150020064,-1.91246457471025,-1.87442791679406,
-1.85361311579243,-1.84164000750876,-1.76994218901829,-1.69825669721372,
-1.62639657789339,-1.60817131138072,-1.59817110575601,-1.58462050911903,
-1.51641322878617,-1.44230566765906,-1.3694080769314,-1.29469553060456,
-1.21998298427773,-1.20925225423668,-1.1348817880801,-1.05978781951475,
-1.03018297209871,-0.955735889496057,-0.880714805269548,-0.825509272559046,
-0.817514758560872,-0.741519451890351,-0.664879659226726,-0.588007839783532,
-0.524610573434683,-0.459034251755348,-0.430344611020638,-0.417847000065796,
-0.408167528221444,-0.331345048012197,-0.25348806342981,-0.17485258769925,
-0.0962923380549305,-0.0185402235924139,0.),.UNSPECIFIED.);
#112=B_SPLINE_CURVE_WITH_KNOTS('',3,(#2125,#2126,#2127,#2128,#2129,#2130,
#2131,#2132,#2133,#2134,#2135,#2136,#2137,#2138,#2139,#2140,#2141,#2142,
#2143,#2144,#2145,#2146,#2147,#2148,#2149,#2150,#2151,#2152,#2153,#2154,
#2155,#2156,#2157,#2158,#2159,#2160,#2161,#2162,#2163,#2164,#2165,#2166,
#2167,#2168,#2169,#2170,#2171,#2172,#2173,#2174,#2175,#2176,#2177,#2178,
#2179,#2180,#2181,#2182,#2183,#2184,#2185,#2186,#2187,#2188,#2189,#2190,
#2191,#2192,#2193,#2194,#2195,#2196,#2197,#2198,#2199,#2200,#2201,#2202,
#2203,#2204,#2205,#2206,#2207,#2208,#2209,#2210,#2211,#2212,#2213,#2214,
#2215,#2216,#2217,#2218,#2219,#2220,#2221,#2222,#2223,#2224,#2225,#2226,
#2227,#2228,#2229,#2230,#2231,#2232,#2233,#2234,#2235,#2236,#2237,#2238,
#2239),.UNSPECIFIED.,.F.,.F.,(4,3,3,3,3,3,3,3,3,3,3,3,3,3,3,3,3,3,3,3,3,
3,3,3,3,3,3,3,3,3,3,3,3,3,3,3,3,3,4),(5.63963875385028E-7,0.0702237508371223,
0.111065332349055,0.180764127623224,0.251068240232911,0.321662486982179,
0.361676626817779,0.36939165029418,0.441029951842882,0.513465167923768,
0.57630238633614,0.648203075417244,0.720525670848842,0.735059223054326,
0.744958527093434,0.817632213406414,0.89157986587831,0.965823641964091,
1.03977319905545,1.06072524259006,1.12364541058672,1.1309900588244,1.20497482934234,
1.28002921135004,1.35598811024389,1.43191742026256,1.49800200341296,1.51753946793046,
1.53270014535151,1.56408658656336,1.64029027214677,1.71731020264962,1.76341484837092,
1.79319121088938,1.81003909256045,1.88832852071279,1.96698210508867,2.04539909776912,
2.08614736842007),.UNSPECIFIED.);
#113=B_SPLINE_CURVE_WITH_KNOTS('',3,(#2240,#2241,#2242,#2243,#2244,#2245,
#2246,#2247,#2248,#2249,#2250,#2251,#2252,#2253,#2254,#2255,#2256,#2257,
#2258,#2259,#2260,#2261,#2262,#2263,#2264,#2265,#2266,#2267,#2268,#2269,
#2270,#2271,#2272,#2273,#2274,#2275,#2276,#2277,#2278,#2279,#2280,#2281,
#2282,#2283,#2284,#2285,#2286,#2287,#2288,#2289,#2290,#2291,#2292,#2293,
#2294,#2295,#2296,#2297,#2298,#2299,#2300,#2301,#2302,#2303,#2304,#2305,
#2306,#2307,#2308,#2309,#2310,#2311,#2312,#2313,#2314,#2315,#2316,#2317,
#2318,#2319,#2320,#2321,#2322,#2323,#2324,#2325,#2326,#2327,#2328,#2329,
#2330,#2331,#2332,#2333,#2334,#2335,#2336,#2337,#2338,#2339,#2340,#2341,
#2342,#2343,#2344,#2345,#2346,#2347,#2348,#2349,#2350,#2351,#2352,#2353,
#2354,#2355,#2356,#2357,#2358,#2359,#2360,#2361,#2362,#2363),
 .UNSPECIFIED.,.F.,.F.,(4,3,3,3,3,3,3,3,3,3,3,3,3,3,3,3,3,3,3,3,3,3,3,3,
3,3,3,3,3,3,3,3,3,3,3,3,3,3,3,3,3,4),(-2.08614736842006,-2.00795988065782,
-1.95628680261735,-1.87764211692605,-1.82281005638425,-1.8063165327463,
-1.79352383915021,-1.71606926495327,-1.63904157054583,-1.56274231958294,
-1.53046772420258,-1.51785478712199,-1.43898563259162,-1.36310448297232,
-1.28712336868256,-1.21160211942828,-1.14370476510238,-1.1276625369853,
-1.11715509163153,-1.09831931715961,-1.02422808082273,-0.950651872517505,
-0.940012702124685,-0.865813926401448,-0.792113509974846,-0.750632445608112,
-0.738655411127633,-0.73002430239057,-0.708905902428311,-0.636514295632032,
-0.564396805624429,-0.493277839139299,-0.460264995040973,-0.388242385542782,
-0.364698649548919,-0.354842364572159,-0.284428778818908,-0.213859098077554,
-0.143735752413719,-0.0740577866174325,-0.00437982082114571,0.),
 .UNSPECIFIED.);
#114=LINE('',#596,#150);
#115=LINE('',#675,#151);
#116=LINE('',#789,#152);
#117=LINE('',#810,#153);
#118=LINE('',#1105,#154);
#119=LINE('',#2373,#155);
#120=LINE('',#2380,#156);
#121=LINE('',#2382,#157);
#122=LINE('',#2384,#158);
#123=LINE('',#2385,#159);
#124=LINE('',#2389,#160);
#125=LINE('',#2391,#161);
#126=LINE('',#2393,#162);
#127=LINE('',#2394,#163);
#128=LINE('',#2397,#164);
#129=LINE('',#2399,#165);
#130=LINE('',#2400,#166);
#131=LINE('',#2402,#167);
#132=LINE('',#2403,#168);
#133=LINE('',#2406,#169);
#134=LINE('',#2408,#170);
#135=LINE('',#2409,#171);
#136=LINE('',#2412,#172);
#137=LINE('',#2414,#173);
#138=LINE('',#2415,#174);
#139=LINE('',#2418,#175);
#140=LINE('',#2420,#176);
#141=LINE('',#2421,#177);
#142=LINE('',#2424,#178);
#143=LINE('',#2426,#179);
#144=LINE('',#2427,#180);
#145=LINE('',#2430,#181);
#146=LINE('',#2432,#182);
#147=LINE('',#2433,#183);
#148=LINE('',#2435,#184);
#149=LINE('',#2436,#185);
#150=VECTOR('',#496,9.1687);
#151=VECTOR('',#501,9.1687);
#152=VECTOR('',#504,10.88225);
#153=VECTOR('',#509,10.88225);
#154=VECTOR('',#512,10.88225);
#155=VECTOR('',#531,11.5);
#156=VECTOR('',#540,10.);
#157=VECTOR('',#541,10.);
#158=VECTOR('',#542,10.);
#159=VECTOR('',#543,10.);
#160=VECTOR('',#546,10.);
#161=VECTOR('',#547,10.);
#162=VECTOR('',#548,10.);
#163=VECTOR('',#549,10.);
#164=VECTOR('',#552,10.);
#165=VECTOR('',#553,10.);
#166=VECTOR('',#554,10.);
#167=VECTOR('',#557,10.);
#168=VECTOR('',#558,10.);
#169=VECTOR('',#561,10.);
#170=VECTOR('',#562,10.);
#171=VECTOR('',#563,10.);
#172=VECTOR('',#566,10.);
#173=VECTOR('',#567,10.);
#174=VECTOR('',#568,10.);
#175=VECTOR('',#571,10.);
#176=VECTOR('',#572,10.);
#177=VECTOR('',#573,10.);
#178=VECTOR('',#576,10.);
#179=VECTOR('',#577,10.);
#180=VECTOR('',#578,10.);
#181=VECTOR('',#581,10.);
#182=VECTOR('',#582,10.);
#183=VECTOR('',#583,10.);
#184=VECTOR('',#586,10.);
#185=VECTOR('',#587,10.);
#186=VERTEX_POINT('',#594);
#187=VERTEX_POINT('',#595);
#188=VERTEX_POINT('',#597);
#189=VERTEX_POINT('',#638);
#190=VERTEX_POINT('',#673);
#191=VERTEX_POINT('',#674);
#192=VERTEX_POINT('',#787);
#193=VERTEX_POINT('',#788);
#194=VERTEX_POINT('',#790);
#195=VERTEX_POINT('',#799);
#196=VERTEX_POINT('',#808);
#197=VERTEX_POINT('',#809);
#198=VERTEX_POINT('',#1103);
#199=VERTEX_POINT('',#1104);
#200=VERTEX_POINT('',#1395);
#201=VERTEX_POINT('',#1475);
#202=VERTEX_POINT('',#1483);
#203=VERTEX_POINT('',#1534);
#204=VERTEX_POINT('',#2365);
#205=VERTEX_POINT('',#2367);
#206=VERTEX_POINT('',#2370);
#207=VERTEX_POINT('',#2372);
#208=VERTEX_POINT('',#2378);
#209=VERTEX_POINT('',#2379);
#210=VERTEX_POINT('',#2381);
#211=VERTEX_POINT('',#2383);
#212=VERTEX_POINT('',#2387);
#213=VERTEX_POINT('',#2388);
#214=VERTEX_POINT('',#2390);
#215=VERTEX_POINT('',#2392);
#216=VERTEX_POINT('',#2396);
#217=VERTEX_POINT('',#2398);
#218=VERTEX_POINT('',#2405);
#219=VERTEX_POINT('',#2407);
#220=VERTEX_POINT('',#2411);
#221=VERTEX_POINT('',#2413);
#222=VERTEX_POINT('',#2417);
#223=VERTEX_POINT('',#2419);
#224=VERTEX_POINT('',#2423);
#225=VERTEX_POINT('',#2425);
#226=VERTEX_POINT('',#2429);
#227=VERTEX_POINT('',#2431);
#228=EDGE_CURVE('',#186,#187,#114,.T.);
#229=EDGE_CURVE('',#188,#186,#96,.F.);
#230=EDGE_CURVE('',#189,#188,#88,.T.);
#231=EDGE_CURVE('',#189,#187,#97,.T.);
#232=EDGE_CURVE('',#190,#191,#115,.T.);
#233=EDGE_CURVE('',#186,#190,#98,.F.);
#234=EDGE_CURVE('',#187,#191,#99,.T.);
#235=EDGE_CURVE('',#192,#193,#116,.T.);
#236=EDGE_CURVE('',#192,#194,#100,.T.);
#237=EDGE_CURVE('',#194,#195,#89,.F.);
#238=EDGE_CURVE('',#195,#193,#101,.T.);
#239=EDGE_CURVE('',#196,#197,#117,.T.);
#240=EDGE_CURVE('',#196,#192,#102,.T.);
#241=EDGE_CURVE('',#193,#197,#103,.T.);
#242=EDGE_CURVE('',#198,#199,#118,.T.);
#243=EDGE_CURVE('',#198,#196,#104,.T.);
#244=EDGE_CURVE('',#197,#199,#105,.T.);
#245=EDGE_CURVE('',#199,#200,#106,.T.);
#246=EDGE_CURVE('',#201,#200,#90,.F.);
#247=EDGE_CURVE('',#201,#198,#107,.T.);
#248=EDGE_CURVE('',#191,#202,#108,.T.);
#249=EDGE_CURVE('',#203,#202,#91,.T.);
#250=EDGE_CURVE('',#190,#203,#109,.F.);
#251=EDGE_CURVE('',#200,#203,#110,.T.);
#252=EDGE_CURVE('',#188,#195,#111,.T.);
#253=EDGE_CURVE('',#202,#201,#112,.T.);
#254=EDGE_CURVE('',#194,#189,#113,.T.);
#255=EDGE_CURVE('',#204,#204,#92,.T.);
#256=EDGE_CURVE('',#205,#204,#93,.T.);
#257=EDGE_CURVE('',#206,#206,#94,.T.);
#258=EDGE_CURVE('',#206,#207,#119,.T.);
#259=EDGE_CURVE('',#207,#207,#95,.T.);
#260=EDGE_CURVE('',#208,#209,#120,.T.);
#261=EDGE_CURVE('',#209,#210,#121,.T.);
#262=EDGE_CURVE('',#210,#211,#122,.T.);
#263=EDGE_CURVE('',#211,#208,#123,.T.);
#264=EDGE_CURVE('',#212,#213,#124,.T.);
#265=EDGE_CURVE('',#213,#214,#125,.T.);
#266=EDGE_CURVE('',#214,#215,#126,.T.);
#267=EDGE_CURVE('',#215,#212,#127,.T.);
#268=EDGE_CURVE('',#213,#216,#128,.T.);
#269=EDGE_CURVE('',#216,#217,#129,.T.);
#270=EDGE_CURVE('',#217,#214,#130,.T.);
#271=EDGE_CURVE('',#212,#209,#131,.T.);
#272=EDGE_CURVE('',#215,#210,#132,.T.);
#273=EDGE_CURVE('',#218,#208,#133,.T.);
#274=EDGE_CURVE('',#219,#211,#134,.T.);
#275=EDGE_CURVE('',#218,#219,#135,.T.);
#276=EDGE_CURVE('',#220,#218,#136,.T.);
#277=EDGE_CURVE('',#221,#219,#137,.T.);
#278=EDGE_CURVE('',#220,#221,#138,.T.);
#279=EDGE_CURVE('',#222,#220,#139,.T.);
#280=EDGE_CURVE('',#223,#221,#140,.T.);
#281=EDGE_CURVE('',#222,#223,#141,.T.);
#282=EDGE_CURVE('',#224,#222,#142,.T.);
#283=EDGE_CURVE('',#225,#223,#143,.T.);
#284=EDGE_CURVE('',#224,#225,#144,.T.);
#285=EDGE_CURVE('',#226,#224,#145,.T.);
#286=EDGE_CURVE('',#227,#225,#146,.T.);
#287=EDGE_CURVE('',#226,#227,#147,.T.);
#288=EDGE_CURVE('',#226,#216,#148,.T.);
#289=EDGE_CURVE('',#217,#227,#149,.T.);
#290=ORIENTED_EDGE('',*,*,#228,.F.);
#291=ORIENTED_EDGE('',*,*,#229,.F.);
#292=ORIENTED_EDGE('',*,*,#230,.F.);
#293=ORIENTED_EDGE('',*,*,#231,.T.);
#294=ORIENTED_EDGE('',*,*,#232,.F.);
#295=ORIENTED_EDGE('',*,*,#233,.F.);
#296=ORIENTED_EDGE('',*,*,#228,.T.);
#297=ORIENTED_EDGE('',*,*,#234,.T.);
#298=ORIENTED_EDGE('',*,*,#235,.F.);
#299=ORIENTED_EDGE('',*,*,#236,.T.);
#300=ORIENTED_EDGE('',*,*,#237,.T.);
#301=ORIENTED_EDGE('',*,*,#238,.T.);
#302=ORIENTED_EDGE('',*,*,#239,.F.);
#303=ORIENTED_EDGE('',*,*,#240,.T.);
#304=ORIENTED_EDGE('',*,*,#235,.T.);
#305=ORIENTED_EDGE('',*,*,#241,.T.);
#306=ORIENTED_EDGE('',*,*,#242,.F.);
#307=ORIENTED_EDGE('',*,*,#243,.T.);
#308=ORIENTED_EDGE('',*,*,#239,.T.);
#309=ORIENTED_EDGE('',*,*,#244,.T.);
#310=ORIENTED_EDGE('',*,*,#242,.T.);
#311=ORIENTED_EDGE('',*,*,#245,.T.);
#312=ORIENTED_EDGE('',*,*,#246,.F.);
#313=ORIENTED_EDGE('',*,*,#247,.T.);
#314=ORIENTED_EDGE('',*,*,#232,.T.);
#315=ORIENTED_EDGE('',*,*,#248,.T.);
#316=ORIENTED_EDGE('',*,*,#249,.F.);
#317=ORIENTED_EDGE('',*,*,#250,.F.);
#318=ORIENTED_EDGE('',*,*,#251,.F.);
#319=ORIENTED_EDGE('',*,*,#245,.F.);
#320=ORIENTED_EDGE('',*,*,#244,.F.);
#321=ORIENTED_EDGE('',*,*,#241,.F.);
#322=ORIENTED_EDGE('',*,*,#238,.F.);
#323=ORIENTED_EDGE('',*,*,#252,.F.);
#324=ORIENTED_EDGE('',*,*,#229,.T.);
#325=ORIENTED_EDGE('',*,*,#233,.T.);
#326=ORIENTED_EDGE('',*,*,#250,.T.);
#327=ORIENTED_EDGE('',*,*,#253,.F.);
#328=ORIENTED_EDGE('',*,*,#248,.F.);
#329=ORIENTED_EDGE('',*,*,#234,.F.);
#330=ORIENTED_EDGE('',*,*,#231,.F.);
#331=ORIENTED_EDGE('',*,*,#254,.F.);
#332=ORIENTED_EDGE('',*,*,#236,.F.);
#333=ORIENTED_EDGE('',*,*,#240,.F.);
#334=ORIENTED_EDGE('',*,*,#243,.F.);
#335=ORIENTED_EDGE('',*,*,#247,.F.);
#336=ORIENTED_EDGE('',*,*,#255,.T.);
#337=ORIENTED_EDGE('',*,*,#256,.F.);
#338=ORIENTED_EDGE('',*,*,#256,.T.);
#339=ORIENTED_EDGE('',*,*,#257,.F.);
#340=ORIENTED_EDGE('',*,*,#258,.T.);
#341=ORIENTED_EDGE('',*,*,#259,.F.);
#342=ORIENTED_EDGE('',*,*,#258,.F.);
#343=ORIENTED_EDGE('',*,*,#257,.T.);
#344=ORIENTED_EDGE('',*,*,#254,.T.);
#345=ORIENTED_EDGE('',*,*,#230,.T.);
#346=ORIENTED_EDGE('',*,*,#252,.T.);
#347=ORIENTED_EDGE('',*,*,#237,.F.);
#348=ORIENTED_EDGE('',*,*,#253,.T.);
#349=ORIENTED_EDGE('',*,*,#246,.T.);
#350=ORIENTED_EDGE('',*,*,#251,.T.);
#351=ORIENTED_EDGE('',*,*,#249,.T.);
#352=ORIENTED_EDGE('',*,*,#255,.F.);
#353=ORIENTED_EDGE('',*,*,#260,.T.);
#354=ORIENTED_EDGE('',*,*,#261,.T.);
#355=ORIENTED_EDGE('',*,*,#262,.T.);
#356=ORIENTED_EDGE('',*,*,#263,.T.);
#357=ORIENTED_EDGE('',*,*,#264,.T.);
#358=ORIENTED_EDGE('',*,*,#265,.T.);
#359=ORIENTED_EDGE('',*,*,#266,.T.);
#360=ORIENTED_EDGE('',*,*,#267,.T.);
#361=ORIENTED_EDGE('',*,*,#268,.T.);
#362=ORIENTED_EDGE('',*,*,#269,.T.);
#363=ORIENTED_EDGE('',*,*,#270,.T.);
#364=ORIENTED_EDGE('',*,*,#265,.F.);
#365=ORIENTED_EDGE('',*,*,#271,.F.);
#366=ORIENTED_EDGE('',*,*,#267,.F.);
#367=ORIENTED_EDGE('',*,*,#272,.T.);
#368=ORIENTED_EDGE('',*,*,#261,.F.);
#369=ORIENTED_EDGE('',*,*,#259,.T.);
#370=ORIENTED_EDGE('',*,*,#273,.T.);
#371=ORIENTED_EDGE('',*,*,#263,.F.);
#372=ORIENTED_EDGE('',*,*,#274,.F.);
#373=ORIENTED_EDGE('',*,*,#275,.F.);
#374=ORIENTED_EDGE('',*,*,#276,.T.);
#375=ORIENTED_EDGE('',*,*,#275,.T.);
#376=ORIENTED_EDGE('',*,*,#277,.F.);
#377=ORIENTED_EDGE('',*,*,#278,.F.);
#378=ORIENTED_EDGE('',*,*,#279,.T.);
#379=ORIENTED_EDGE('',*,*,#278,.T.);
#380=ORIENTED_EDGE('',*,*,#280,.F.);
#381=ORIENTED_EDGE('',*,*,#281,.F.);
#382=ORIENTED_EDGE('',*,*,#282,.T.);
#383=ORIENTED_EDGE('',*,*,#281,.T.);
#384=ORIENTED_EDGE('',*,*,#283,.F.);
#385=ORIENTED_EDGE('',*,*,#284,.F.);
#386=ORIENTED_EDGE('',*,*,#285,.T.);
#387=ORIENTED_EDGE('',*,*,#284,.T.);
#388=ORIENTED_EDGE('',*,*,#286,.F.);
#389=ORIENTED_EDGE('',*,*,#287,.F.);
#390=ORIENTED_EDGE('',*,*,#288,.F.);
#391=ORIENTED_EDGE('',*,*,#287,.T.);
#392=ORIENTED_EDGE('',*,*,#289,.F.);
#393=ORIENTED_EDGE('',*,*,#269,.F.);
#394=ORIENTED_EDGE('',*,*,#288,.T.);
#395=ORIENTED_EDGE('',*,*,#268,.F.);
#396=ORIENTED_EDGE('',*,*,#264,.F.);
#397=ORIENTED_EDGE('',*,*,#271,.T.);
#398=ORIENTED_EDGE('',*,*,#260,.F.);
#399=ORIENTED_EDGE('',*,*,#273,.F.);
#400=ORIENTED_EDGE('',*,*,#276,.F.);
#401=ORIENTED_EDGE('',*,*,#279,.F.);
#402=ORIENTED_EDGE('',*,*,#282,.F.);
#403=ORIENTED_EDGE('',*,*,#285,.F.);
#404=ORIENTED_EDGE('',*,*,#289,.T.);
#405=ORIENTED_EDGE('',*,*,#286,.T.);
#406=ORIENTED_EDGE('',*,*,#283,.T.);
#407=ORIENTED_EDGE('',*,*,#280,.T.);
#408=ORIENTED_EDGE('',*,*,#277,.T.);
#409=ORIENTED_EDGE('',*,*,#274,.T.);
#410=ORIENTED_EDGE('',*,*,#262,.F.);
#411=ORIENTED_EDGE('',*,*,#272,.F.);
#412=ORIENTED_EDGE('',*,*,#266,.F.);
#413=ORIENTED_EDGE('',*,*,#270,.F.);
#414=CYLINDRICAL_SURFACE('',#461,9.1687);
#415=CYLINDRICAL_SURFACE('',#463,9.1687);
#416=CYLINDRICAL_SURFACE('',#464,10.88225);
#417=CYLINDRICAL_SURFACE('',#466,10.88225);
#418=CYLINDRICAL_SURFACE('',#467,10.88225);
#419=CYLINDRICAL_SURFACE('',#468,10.88225);
#420=CYLINDRICAL_SURFACE('',#470,9.1687);
#421=CYLINDRICAL_SURFACE('',#475,11.5);
#422=ADVANCED_FACE('',(#35),#414,.T.);
#423=ADVANCED_FACE('',(#36),#415,.T.);
#424=ADVANCED_FACE('',(#37),#416,.T.);
#425=ADVANCED_FACE('',(#38),#417,.T.);
#426=ADVANCED_FACE('',(#39),#418,.T.);
#427=ADVANCED_FACE('',(#40),#419,.T.);
#428=ADVANCED_FACE('',(#41),#420,.T.);
#429=ADVANCED_FACE('',(#42),#33,.F.);
#430=ADVANCED_FACE('',(#43),#34,.F.);
#431=ADVANCED_FACE('',(#44),#32,.F.);
#432=ADVANCED_FACE('',(#45),#421,.T.);
#433=ADVANCED_FACE('',(#46,#15),#18,.T.);
#434=ADVANCED_FACE('',(#47,#16),#19,.T.);
#435=ADVANCED_FACE('',(#48),#20,.T.);
#436=ADVANCED_FACE('',(#49),#21,.T.);
#437=ADVANCED_FACE('',(#50),#22,.T.);
#438=ADVANCED_FACE('',(#51,#17),#23,.T.);
#439=ADVANCED_FACE('',(#52),#24,.T.);
#440=ADVANCED_FACE('',(#53),#25,.T.);
#441=ADVANCED_FACE('',(#54),#26,.T.);
#442=ADVANCED_FACE('',(#55),#27,.T.);
#443=ADVANCED_FACE('',(#56),#28,.T.);
#444=ADVANCED_FACE('',(#57),#29,.T.);
#445=ADVANCED_FACE('',(#58),#30,.T.);
#446=ADVANCED_FACE('',(#59),#31,.T.);
#447=CLOSED_SHELL('',(#422,#423,#424,#425,#426,#427,#428,#429,#430,#431,
#432,#433,#434,#435,#436,#437,#438,#439,#440,#441,#442,#443,#444,#445,#446));
#448=DERIVED_UNIT_ELEMENT(#450,1.);
#449=DERIVED_UNIT_ELEMENT(#2444,-3.);
#450=(
MASS_UNIT()
NAMED_UNIT(*)
SI_UNIT(.KILO.,.GRAM.)
);
#451=DERIVED_UNIT((#448,#449));
#452=MEASURE_REPRESENTATION_ITEM('density measure',
POSITIVE_RATIO_MEASURE(7850.),#451);
#453=PROPERTY_DEFINITION_REPRESENTATION(#458,#455);
#454=PROPERTY_DEFINITION_REPRESENTATION(#459,#456);
#455=REPRESENTATION('material name',(#457),#2441);
#456=REPRESENTATION('density',(#452),#2441);
#457=DESCRIPTIVE_REPRESENTATION_ITEM('Steel','Steel');
#458=PROPERTY_DEFINITION('material property','material name',#2451);
#459=PROPERTY_DEFINITION('material property','density of part',#2451);
#460=AXIS2_PLACEMENT_3D('',#592,#492,#493);
#461=AXIS2_PLACEMENT_3D('',#593,#494,#495);
#462=AXIS2_PLACEMENT_3D('',#639,#497,#498);
#463=AXIS2_PLACEMENT_3D('',#672,#499,#500);
#464=AXIS2_PLACEMENT_3D('',#786,#502,#503);
#465=AXIS2_PLACEMENT_3D('',#800,#505,#506);
#466=AXIS2_PLACEMENT_3D('',#807,#507,#508);
#467=AXIS2_PLACEMENT_3D('',#1102,#510,#511);
#468=AXIS2_PLACEMENT_3D('',#1394,#513,#514);
#469=AXIS2_PLACEMENT_3D('',#1476,#515,#516);
#470=AXIS2_PLACEMENT_3D('',#1482,#517,#518);
#471=AXIS2_PLACEMENT_3D('',#1535,#519,#520);
#472=AXIS2_PLACEMENT_3D('',#2364,#521,#522);
#473=AXIS2_PLACEMENT_3D('',#2366,#523,#524);
#474=AXIS2_PLACEMENT_3D('',#2368,#525,#526);
#475=AXIS2_PLACEMENT_3D('',#2369,#527,#528);
#476=AXIS2_PLACEMENT_3D('',#2371,#529,#530);
#477=AXIS2_PLACEMENT_3D('',#2374,#532,#533);
#478=AXIS2_PLACEMENT_3D('',#2375,#534,#535);
#479=AXIS2_PLACEMENT_3D('',#2376,#536,#537);
#480=AXIS2_PLACEMENT_3D('',#2377,#538,#539);
#481=AXIS2_PLACEMENT_3D('',#2386,#544,#545);
#482=AXIS2_PLACEMENT_3D('',#2395,#550,#551);
#483=AXIS2_PLACEMENT_3D('',#2401,#555,#556);
#484=AXIS2_PLACEMENT_3D('',#2404,#559,#560);
#485=AXIS2_PLACEMENT_3D('',#2410,#564,#565);
#486=AXIS2_PLACEMENT_3D('',#2416,#569,#570);
#487=AXIS2_PLACEMENT_3D('',#2422,#574,#575);
#488=AXIS2_PLACEMENT_3D('',#2428,#579,#580);
#489=AXIS2_PLACEMENT_3D('',#2434,#584,#585);
#490=AXIS2_PLACEMENT_3D('',#2437,#588,#589);
#491=AXIS2_PLACEMENT_3D('',#2438,#590,#591);
#492=DIRECTION('axis',(0.,0.,1.));
#493=DIRECTION('refdir',(1.,0.,0.));
#494=DIRECTION('center_axis',(1.,-4.93038065763132E-32,2.29932470039846E-16));
#495=DIRECTION('ref_axis',(-4.24012266004641E-17,0.982849910573987,0.184407302688116));
#496=DIRECTION('',(-1.,4.93038065763132E-32,-2.29932470039846E-16));
#497=DIRECTION('center_axis',(-1.,4.93038065763132E-32,-2.29932470039846E-16));
#498=DIRECTION('ref_axis',(0.,1.,2.90704519288913E-16));
#499=DIRECTION('center_axis',(1.,-4.93038065763132E-32,2.29932470039846E-16));
#500=DIRECTION('ref_axis',(1.26083283119035E-16,0.836249465531875,-0.548349187468763));
#501=DIRECTION('',(-1.,4.93038065763132E-32,-2.29932470039846E-16));
#502=DIRECTION('center_axis',(1.,-4.93038065763132E-32,2.29932470039846E-16));
#503=DIRECTION('ref_axis',(4.53066292139155E-32,1.,1.50901388764331E-47));
#504=DIRECTION('',(-1.,4.93038065763132E-32,-2.29932470039846E-16));
#505=DIRECTION('center_axis',(-1.,4.93038065763132E-32,-2.29932470039846E-16));
#506=DIRECTION('ref_axis',(4.53066292139155E-32,1.,1.50901388764331E-47));
#507=DIRECTION('center_axis',(1.,-4.93038065763132E-32,2.29932470039846E-16));
#508=DIRECTION('ref_axis',(4.53066292139155E-32,1.,1.50901388764331E-47));
#509=DIRECTION('',(-1.,4.93038065763132E-32,-2.29932470039846E-16));
#510=DIRECTION('center_axis',(1.,-4.93038065763132E-32,2.29932470039846E-16));
#511=DIRECTION('ref_axis',(4.53066292139155E-32,1.,1.50901388764331E-47));
#512=DIRECTION('',(-1.,4.93038065763132E-32,-2.29932470039846E-16));
#513=DIRECTION('center_axis',(1.,-4.93038065763132E-32,2.29932470039846E-16));
#514=DIRECTION('ref_axis',(4.53066292139155E-32,1.,1.50901388764331E-47));
#515=DIRECTION('center_axis',(-1.,4.93038065763132E-32,-2.29932470039846E-16));
#516=DIRECTION('ref_axis',(4.53066292139155E-32,1.,1.50901388764331E-47));
#517=DIRECTION('center_axis',(1.,-4.93038065763132E-32,2.29932470039846E-16));
#518=DIRECTION('ref_axis',(1.75828767060415E-16,0.644389519525266,-0.764697421942821));
#519=DIRECTION('center_axis',(1.,-4.93038065763132E-32,2.29932470039846E-16));
#520=DIRECTION('ref_axis',(0.,1.,2.90704519288913E-16));
#521=DIRECTION('center_axis',(1.,0.,3.94745964311167E-16));
#522=DIRECTION('ref_axis',(0.,0.,1.));
#523=DIRECTION('center_axis',(1.,-4.93038065763132E-32,2.29932470039846E-16));
#524=DIRECTION('ref_axis',(-2.29932470039846E-16,0.,1.));
#525=DIRECTION('center_axis',(-1.93082265152201E-16,-1.,0.));
#526=DIRECTION('ref_axis',(0.,0.,-1.));
#527=DIRECTION('center_axis',(1.,-4.93038065763132E-32,2.29932470039846E-16));
#528=DIRECTION('ref_axis',(6.4309312925626E-32,1.,1.90393813087611E-47));
#529=DIRECTION('center_axis',(1.,-4.93038065763132E-32,2.29932470039846E-16));
#530=DIRECTION('ref_axis',(-2.29932470039846E-16,0.,1.));
#531=DIRECTION('',(-1.,4.93038065763132E-32,-2.29932470039846E-16));
#532=DIRECTION('center_axis',(-1.,0.,0.));
#533=DIRECTION('ref_axis',(6.4309312925626E-32,1.,1.90393813087611E-47));
#534=DIRECTION('center_axis',(1.,-4.93038065763132E-32,2.29932470039846E-16));
#535=DIRECTION('ref_axis',(-2.29932470039846E-16,0.,1.));
#536=DIRECTION('center_axis',(1.,-4.93038065763132E-32,2.29932470039846E-16));
#537=DIRECTION('ref_axis',(-2.29932470039846E-16,0.,1.));
#538=DIRECTION('center_axis',(0.,-1.,0.));
#539=DIRECTION('ref_axis',(0.,0.,-1.));
#540=DIRECTION('',(1.,0.,0.));
#541=DIRECTION('',(0.,0.,1.));
#542=DIRECTION('',(-1.,0.,0.));
#543=DIRECTION('',(0.,0.,-1.));
#544=DIRECTION('center_axis',(0.,1.,0.));
#545=DIRECTION('ref_axis',(0.,0.,1.));
#546=DIRECTION('',(-1.,0.,0.));
#547=DIRECTION('',(0.,0.,1.));
#548=DIRECTION('',(1.,0.,0.));
#549=DIRECTION('',(0.,0.,-1.));
#550=DIRECTION('center_axis',(-1.,0.,0.));
#551=DIRECTION('ref_axis',(0.,-1.,0.));
#552=DIRECTION('',(0.,-1.,0.));
#553=DIRECTION('',(0.,0.,1.));
#554=DIRECTION('',(0.,1.,0.));
#555=DIRECTION('center_axis',(1.,0.,0.));
#556=DIRECTION('ref_axis',(0.,1.,0.));
#557=DIRECTION('',(0.,-1.,0.));
#558=DIRECTION('',(0.,-1.,0.));
#559=DIRECTION('center_axis',(-1.,0.,0.));
#560=DIRECTION('ref_axis',(0.,-1.,0.));
#561=DIRECTION('',(0.,-1.,0.));
#562=DIRECTION('',(0.,-1.,0.));
#563=DIRECTION('',(0.,0.,1.));
#564=DIRECTION('center_axis',(0.,-1.,0.));
#565=DIRECTION('ref_axis',(1.,0.,0.));
#566=DIRECTION('',(1.,0.,0.));
#567=DIRECTION('',(1.,0.,0.));
#568=DIRECTION('',(0.,0.,1.));
#569=DIRECTION('center_axis',(0.665659812090322,-0.746255327999658,0.));
#570=DIRECTION('ref_axis',(0.746255327999658,0.665659812090322,0.));
#571=DIRECTION('',(0.746255327999658,0.665659812090322,0.));
#572=DIRECTION('',(0.746255327999658,0.665659812090322,0.));
#573=DIRECTION('',(0.,0.,1.));
#574=DIRECTION('center_axis',(-1.,0.,0.));
#575=DIRECTION('ref_axis',(0.,-1.,0.));
#576=DIRECTION('',(0.,-1.,0.));
#577=DIRECTION('',(0.,-1.,0.));
#578=DIRECTION('',(0.,0.,1.));
#579=DIRECTION('center_axis',(0.665659812090322,0.746255327999658,0.));
#580=DIRECTION('ref_axis',(-0.746255327999658,0.665659812090322,0.));
#581=DIRECTION('',(-0.746255327999658,0.665659812090322,0.));
#582=DIRECTION('',(-0.746255327999658,0.665659812090322,0.));
#583=DIRECTION('',(0.,0.,1.));
#584=DIRECTION('center_axis',(-1.77635683940029E-13,1.,0.));
#585=DIRECTION('ref_axis',(-1.,-1.77635683940029E-13,0.));
#586=DIRECTION('',(1.,1.77635683940029E-13,0.));
#587=DIRECTION('',(-1.,-1.77635683940029E-13,0.));
#588=DIRECTION('center_axis',(0.,0.,-1.));
#589=DIRECTION('ref_axis',(-1.,0.,0.));
#590=DIRECTION('center_axis',(0.,0.,1.));
#591=DIRECTION('ref_axis',(1.,0.,0.));
#592=CARTESIAN_POINT('',(0.,0.,0.));
#593=CARTESIAN_POINT('Origin',(30.9542308607266,130.00000089407,27.5));
#594=CARTESIAN_POINT('',(38.7682411933016,122.332680428948,32.5276492096329));
#595=CARTESIAN_POINT('',(38.1772133105752,122.332680283818,32.5276489883053));
#596=CARTESIAN_POINT('',(30.9542308607266,122.332680419448,32.5276491951448));
#597=CARTESIAN_POINT('',(36.5000384706495,124.676703313209,20.0349104120845));
#598=CARTESIAN_POINT('Ctrl Pts',(38.7682411933016,122.332680428948,32.5276492096329));
#599=CARTESIAN_POINT('Ctrl Pts',(38.7362045691343,122.67060913334,33.0430009302696));
#600=CARTESIAN_POINT('Ctrl Pts',(38.7047914277016,123.059714108806,33.5230903875728));
#601=CARTESIAN_POINT('Ctrl Pts',(38.6122384613007,124.317176783953,34.7893628301673));
#602=CARTESIAN_POINT('Ctrl Pts',(38.5506153039528,125.291032343503,35.4532980831261));
#603=CARTESIAN_POINT('Ctrl Pts',(38.4287954779643,127.462129310794,36.3914159672243));
#604=CARTESIAN_POINT('Ctrl Pts',(38.3659395881459,128.643460874431,36.6464560533035));
#605=CARTESIAN_POINT('Ctrl Pts',(38.2697588252502,130.492121106082,36.6786659925039));
#606=CARTESIAN_POINT('Ctrl Pts',(38.2365697997709,131.143327624989,36.6204672372377));
#607=CARTESIAN_POINT('Ctrl Pts',(38.1718797671774,132.365684246308,36.3781556689737));
#608=CARTESIAN_POINT('Ctrl Pts',(38.1406535505769,132.935898688976,36.2062377354643));
#609=CARTESIAN_POINT('Ctrl Pts',(38.0461644735184,134.596949855361,35.5235443649945));
#610=CARTESIAN_POINT('Ctrl Pts',(37.9857748019573,135.60786855266,34.852621763879));
#611=CARTESIAN_POINT('Ctrl Pts',(37.8921727009228,136.87354919824,33.5957452013014));
#612=CARTESIAN_POINT('Ctrl Pts',(37.8613767491572,137.246539075853,33.1472551719747));
#613=CARTESIAN_POINT('Ctrl Pts',(37.7911403287203,138.009367007388,32.0288746892845));
#614=CARTESIAN_POINT('Ctrl Pts',(37.7518762180768,138.362002723933,31.338957774596));
#615=CARTESIAN_POINT('Ctrl Pts',(37.6809365749129,138.823149392703,30.061447856032));
#616=CARTESIAN_POINT('Ctrl Pts',(37.6499364758372,138.968878400221,29.4920298697215));
#617=CARTESIAN_POINT('Ctrl Pts',(37.5752653927268,139.188678058505,28.0824328242971));
#618=CARTESIAN_POINT('Ctrl Pts',(37.5327554928559,139.203402051919,27.2383917026438));
#619=CARTESIAN_POINT('Ctrl Pts',(37.4582621249017,139.032510498367,25.8187783722627));
#620=CARTESIAN_POINT('Ctrl Pts',(37.4271553886634,138.905730975726,25.2415311559912));
#621=CARTESIAN_POINT('Ctrl Pts',(37.3342958097733,138.361719393794,23.558199252392));
#622=CARTESIAN_POINT('Ctrl Pts',(37.2750126741181,137.785867384832,22.5163861873476));
#623=CARTESIAN_POINT('Ctrl Pts',(37.1823673014968,136.654046939033,21.1652755398481));
#624=CARTESIAN_POINT('Ctrl Pts',(37.1516112430712,136.237805317078,20.7550086909364));
#625=CARTESIAN_POINT('Ctrl Pts',(37.0925845978989,135.352181209542,20.0346745477111));
#626=CARTESIAN_POINT('Ctrl Pts',(37.0640245895785,134.887662801494,19.7226173471343));
#627=CARTESIAN_POINT('Ctrl Pts',(37.0041917075555,133.87694277422,19.1701425960829));
#628=CARTESIAN_POINT('Ctrl Pts',(36.9729821639561,133.329844866155,18.9367466128484));
#629=CARTESIAN_POINT('Ctrl Pts',(36.8786654834963,131.620167790691,18.3961863742502));
#630=CARTESIAN_POINT('Ctrl Pts',(36.8183943837016,130.416344321405,18.2625200052811));
#631=CARTESIAN_POINT('Ctrl Pts',(36.7341566162289,128.817431613249,18.3988674205842));
#632=CARTESIAN_POINT('Ctrl Pts',(36.7127785976866,128.416621573783,18.4599782599736));
#633=CARTESIAN_POINT('Ctrl Pts',(36.6593630888101,127.421570946913,18.6799183422921));
#634=CARTESIAN_POINT('Ctrl Pts',(36.628009977021,126.836812810553,18.8723471741726));
#635=CARTESIAN_POINT('Ctrl Pts',(36.5645124596521,125.713379370066,19.3717411170911));
#636=CARTESIAN_POINT('Ctrl Pts',(36.5324264257652,125.177688268963,19.6776619194032));
#637=CARTESIAN_POINT('Ctrl Pts',(36.5000384706495,124.676703313209,20.0349104120845));
#638=CARTESIAN_POINT('',(36.5000005364417,135.32329685413,20.034909256305));
#639=CARTESIAN_POINT('Origin',(36.5000005364417,130.00000089407,27.5));
#640=CARTESIAN_POINT('Ctrl Pts',(36.5000005364417,135.32329685413,20.034909256305));
#641=CARTESIAN_POINT('Ctrl Pts',(36.5414457368352,135.971286324469,20.4969853178091));
#642=CARTESIAN_POINT('Ctrl Pts',(36.5819247030096,136.556364708721,21.041470965163));
#643=CARTESIAN_POINT('Ctrl Pts',(36.6646158465997,137.564636007911,22.2599080303079));
#644=CARTESIAN_POINT('Ctrl Pts',(36.7063810965397,137.985638872302,22.9270474350694));
#645=CARTESIAN_POINT('Ctrl Pts',(36.773921214845,138.534181983855,24.1087900150254));
#646=CARTESIAN_POINT('Ctrl Pts',(36.8003655896114,138.711856260961,24.5954971159462));
#647=CARTESIAN_POINT('Ctrl Pts',(36.85787631662,139.003217727056,25.6671768884717));
#648=CARTESIAN_POINT('Ctrl Pts',(36.8889495303857,139.102934035133,26.2535149697195));
#649=CARTESIAN_POINT('Ctrl Pts',(36.9819400214871,139.229054703868,28.015374688161));
#650=CARTESIAN_POINT('Ctrl Pts',(37.0410874048146,139.087501713389,29.1906899858316));
#651=CARTESIAN_POINT('Ctrl Pts',(37.1350212332591,138.537673208945,30.9001312067746));
#652=CARTESIAN_POINT('Ctrl Pts',(37.1679957151088,138.287144550871,31.4718992459527));
#653=CARTESIAN_POINT('Ctrl Pts',(37.2307852839948,137.693415879076,32.5216276535396));
#654=CARTESIAN_POINT('Ctrl Pts',(37.2605298825768,137.358406938884,33.0008420458516));
#655=CARTESIAN_POINT('Ctrl Pts',(37.3214877777878,136.594860934144,33.8973393755315));
#656=CARTESIAN_POINT('Ctrl Pts',(37.3525899845001,136.166530831401,34.3111673453871));
#657=CARTESIAN_POINT('Ctrl Pts',(37.4454487288975,134.78543292863,35.4077171823827));
#658=CARTESIAN_POINT('Ctrl Pts',(37.5044522535425,133.738960410979,35.9529638659231));
#659=CARTESIAN_POINT('Ctrl Pts',(37.5997694794529,131.991506497401,36.4736691658211));
#660=CARTESIAN_POINT('Ctrl Pts',(37.6344258975908,131.34651597919,36.5928393828559));
#661=CARTESIAN_POINT('Ctrl Pts',(37.6988260585252,130.112110860478,36.6865908362575));
#662=CARTESIAN_POINT('Ctrl Pts',(37.7286039021273,129.526968958511,36.6750903252621));
#663=CARTESIAN_POINT('Ctrl Pts',(37.7895748730344,128.357409710796,36.5398614289636));
#664=CARTESIAN_POINT('Ctrl Pts',(37.8206543735548,127.775944978563,36.4146361898475));
#665=CARTESIAN_POINT('Ctrl Pts',(37.9136112899833,126.094088997109,35.8775213613353));
#666=CARTESIAN_POINT('Ctrl Pts',(37.9727114717095,125.056152668582,35.3100855212267));
#667=CARTESIAN_POINT('Ctrl Pts',(38.0650223769977,123.696736370148,34.1846924249595));
#668=CARTESIAN_POINT('Ctrl Pts',(38.0963838580079,123.277965090119,33.7634239087098));
#669=CARTESIAN_POINT('Ctrl Pts',(38.144125582693,122.698879485038,33.0553953729369));
#670=CARTESIAN_POINT('Ctrl Pts',(38.1606843192819,122.508633995521,32.7959838548267));
#671=CARTESIAN_POINT('Ctrl Pts',(38.1772133105757,122.332680283813,32.5276489882982));
#672=CARTESIAN_POINT('Origin',(30.9542308607266,130.00000089407,27.5));
#673=CARTESIAN_POINT('',(41.7684330319131,122.332680575003,32.5276494323713));
#674=CARTESIAN_POINT('',(41.1774818489253,122.332680335608,32.5276490672873));
#675=CARTESIAN_POINT('',(30.9542308607266,122.332680419448,32.5276491951448));
#676=CARTESIAN_POINT('Ctrl Pts',(41.7684330319131,122.332680575003,32.5276494323713));
#677=CARTESIAN_POINT('Ctrl Pts',(41.7480139873793,122.549826842738,32.8588041823615));
#678=CARTESIAN_POINT('Ctrl Pts',(41.7276710581532,122.788308615355,33.1757104375731));
#679=CARTESIAN_POINT('Ctrl Pts',(41.6764314154983,123.433000099095,33.9257925352742));
#680=CARTESIAN_POINT('Ctrl Pts',(41.6453741008455,123.861970256414,34.3367281807185));
#681=CARTESIAN_POINT('Ctrl Pts',(41.552330494135,125.250471985209,35.4301296297293));
#682=CARTESIAN_POINT('Ctrl Pts',(41.4931396377204,126.304504748491,35.9728001712048));
#683=CARTESIAN_POINT('Ctrl Pts',(41.3998857956818,128.015122961658,36.4718456678464));
#684=CARTESIAN_POINT('Ctrl Pts',(41.3677309219361,128.613472357657,36.5835722242599));
#685=CARTESIAN_POINT('Ctrl Pts',(41.3057224678306,129.79953862031,36.685042242284));
#686=CARTESIAN_POINT('Ctrl Pts',(41.2759866040778,130.384047001452,36.6792004210274));
#687=CARTESIAN_POINT('Ctrl Pts',(41.2027332049144,131.791637565668,36.5303749952907));
#688=CARTESIAN_POINT('Ctrl Pts',(41.1588454317229,132.60347173466,36.3305990068377));
#689=CARTESIAN_POINT('Ctrl Pts',(41.0848138451866,133.918224868567,35.8097131357303));
#690=CARTESIAN_POINT('Ctrl Pts',(41.0550948653018,134.437680883592,35.5443034411022));
#691=CARTESIAN_POINT('Ctrl Pts',(40.963132315307,135.939534836023,34.5869336004579));
#692=CARTESIAN_POINT('Ctrl Pts',(40.8996827431241,136.814407867125,33.7503246808333));
#693=CARTESIAN_POINT('Ctrl Pts',(40.8072481499853,137.844377726198,32.2835900298635));
#694=CARTESIAN_POINT('Ctrl Pts',(40.7768307543834,138.137369411809,31.7661696095743));
#695=CARTESIAN_POINT('Ctrl Pts',(40.7165814987948,138.606444874543,30.7108604733741));
#696=CARTESIAN_POINT('Ctrl Pts',(40.6869388060158,138.78692787025,30.1777597485056));
#697=CARTESIAN_POINT('Ctrl Pts',(40.6268677663509,139.053057307721,29.0643733989148));
#698=CARTESIAN_POINT('Ctrl Pts',(40.5970036273345,139.134206502813,28.4855937263377));
#699=CARTESIAN_POINT('Ctrl Pts',(40.5061430378091,139.211645985156,26.7255558756042));
#700=CARTESIAN_POINT('Ctrl Pts',(40.4437889769074,139.035934477305,25.5490899507511));
#701=CARTESIAN_POINT('Ctrl Pts',(40.3523933739334,138.445476351786,23.8824658665505));
#702=CARTESIAN_POINT('Ctrl Pts',(40.3222483829425,138.195469943848,23.347061796907));
#703=CARTESIAN_POINT('Ctrl Pts',(40.2612005186994,137.598924636556,22.3364246198961));
#704=CARTESIAN_POINT('Ctrl Pts',(40.2304422592071,137.254676818904,21.8629971802376));
#705=CARTESIAN_POINT('Ctrl Pts',(40.1369794994555,136.076696188928,20.5311748106463));
#706=CARTESIAN_POINT('Ctrl Pts',(40.0769968319419,135.118502916901,19.7998902200808));
#707=CARTESIAN_POINT('Ctrl Pts',(39.9836931029961,133.524608437572,19.015823402284));
#708=CARTESIAN_POINT('Ctrl Pts',(39.9529259053523,132.978808712565,18.8091509126972));
#709=CARTESIAN_POINT('Ctrl Pts',(39.8753466304682,131.533536447456,18.4141702721354));
#710=CARTESIAN_POINT('Ctrl Pts',(39.8286578173843,130.618778108257,18.3064616106362));
#711=CARTESIAN_POINT('Ctrl Pts',(39.7499470359636,129.121240339881,18.3549471637107));
#712=CARTESIAN_POINT('Ctrl Pts',(39.7191822212442,128.542276839431,18.4292064200326));
#713=CARTESIAN_POINT('Ctrl Pts',(39.6405146071093,127.060203875654,18.7649534727985));
#714=CARTESIAN_POINT('Ctrl Pts',(39.5927182970491,126.183285275745,19.1109522500253));
#715=CARTESIAN_POINT('Ctrl Pts',(39.512806139233,124.870671123369,19.8779913544541));
#716=CARTESIAN_POINT('Ctrl Pts',(39.4820501540671,124.396435564137,20.2195368088807));
#717=CARTESIAN_POINT('Ctrl Pts',(39.4231246514433,123.539281365226,20.970539998792));
#718=CARTESIAN_POINT('Ctrl Pts',(39.3946644782001,123.154975424578,21.3746124372475));
#719=CARTESIAN_POINT('Ctrl Pts',(39.3349326638708,122.441402269566,22.2765010827062));
#720=CARTESIAN_POINT('Ctrl Pts',(39.3037202619752,122.119196971682,22.7766272457326));
#721=CARTESIAN_POINT('Ctrl Pts',(39.2093735430222,121.298442724741,24.3714039314091));
#722=CARTESIAN_POINT('Ctrl Pts',(39.1490785404056,120.964086771182,25.5359480511769));
#723=CARTESIAN_POINT('Ctrl Pts',(39.0555328511407,120.814776214854,27.3117611371884));
#724=CARTESIAN_POINT('Ctrl Pts',(39.0247476495246,120.82134353673,27.8950577872324));
#725=CARTESIAN_POINT('Ctrl Pts',(38.9524628049416,120.969416669078,29.2813399334886));
#726=CARTESIAN_POINT('Ctrl Pts',(38.911133042602,121.162583209806,30.0738469069311));
#727=CARTESIAN_POINT('Ctrl Pts',(38.8380639419671,121.669804159898,31.3748127917097));
#728=CARTESIAN_POINT('Ctrl Pts',(38.8071475389973,121.933547442896,31.8975755095467));
#729=CARTESIAN_POINT('Ctrl Pts',(38.7738487895384,122.273983661152,32.4372687612059));
#730=CARTESIAN_POINT('Ctrl Pts',(38.7710420487228,122.303136447075,32.4825937239793));
#731=CARTESIAN_POINT('Ctrl Pts',(38.7682411933016,122.332680428948,32.5276492096329));
#732=CARTESIAN_POINT('Ctrl Pts',(38.1772133105757,122.332680283813,32.5276489882982));
#733=CARTESIAN_POINT('Ctrl Pts',(38.2221809079333,121.853993138238,31.7976362476169));
#734=CARTESIAN_POINT('Ctrl Pts',(38.2674086238184,121.481101142621,31.0015971574343));
#735=CARTESIAN_POINT('Ctrl Pts',(38.3749615579452,120.88773644368,29.0468294005274));
#736=CARTESIAN_POINT('Ctrl Pts',(38.4338885413901,120.765027653235,27.8760113201181));
#737=CARTESIAN_POINT('Ctrl Pts',(38.5305577984595,120.923718092577,26.0324870338408));
#738=CARTESIAN_POINT('Ctrl Pts',(38.5668031416881,121.058360950021,25.3600043027293));
#739=CARTESIAN_POINT('Ctrl Pts',(38.6327222357562,121.444401753862,24.152124526077));
#740=CARTESIAN_POINT('Ctrl Pts',(38.6625271273027,121.675112005016,23.6137689773754));
#741=CARTESIAN_POINT('Ctrl Pts',(38.7235059973714,122.239850232229,22.5810160698159));
#742=CARTESIAN_POINT('Ctrl Pts',(38.7545640824144,122.573958600141,22.0898058991263));
#743=CARTESIAN_POINT('Ctrl Pts',(38.8476048290173,123.704577445861,20.731512296538));
#744=CARTESIAN_POINT('Ctrl Pts',(38.9067926834314,124.622576497333,19.9814800041072));
#745=CARTESIAN_POINT('Ctrl Pts',(39.0000832328928,126.192569211389,19.1370932188671));
#746=CARTESIAN_POINT('Ctrl Pts',(39.0322817388713,126.755367313566,18.9030767378064));
#747=CARTESIAN_POINT('Ctrl Pts',(39.0943317655898,127.895249572664,18.5571132666934));
#748=CARTESIAN_POINT('Ctrl Pts',(39.1240683737032,128.468225532103,18.4413637292648));
#749=CARTESIAN_POINT('Ctrl Pts',(39.1973087534148,129.875750044229,18.294472904962));
#750=CARTESIAN_POINT('Ctrl Pts',(39.2411821749985,130.711093145528,18.3211427711712));
#751=CARTESIAN_POINT('Ctrl Pts',(39.3151987592565,132.105131173018,18.55728019571));
#752=CARTESIAN_POINT('Ctrl Pts',(39.3449176208599,132.668413529236,18.7089025127995));
#753=CARTESIAN_POINT('Ctrl Pts',(39.4368810659592,134.33649491392,19.3331434668465));
#754=CARTESIAN_POINT('Ctrl Pts',(39.5003313596807,135.366186555119,19.9696090941563));
#755=CARTESIAN_POINT('Ctrl Pts',(39.5927667371343,136.678579179734,21.1901997869211));
#756=CARTESIAN_POINT('Ctrl Pts',(39.6231844721621,137.072735875301,21.6354118139833));
#757=CARTESIAN_POINT('Ctrl Pts',(39.6834304887908,137.750905036452,22.5701005324639));
#758=CARTESIAN_POINT('Ctrl Pts',(39.7130694907036,138.038236697246,23.0539715522266));
#759=CARTESIAN_POINT('Ctrl Pts',(39.773136745796,138.529998703311,24.0876355483867));
#760=CARTESIAN_POINT('Ctrl Pts',(39.8030008058197,138.729705586299,24.6368963873801));
#761=CARTESIAN_POINT('Ctrl Pts',(39.8938621642522,139.171377110264,26.3423893885743));
#762=CARTESIAN_POINT('Ctrl Pts',(39.9562170430579,139.24409625318,27.5296951103318));
#763=CARTESIAN_POINT('Ctrl Pts',(40.0476133837128,139.013028992931,29.2826765398765));
#764=CARTESIAN_POINT('Ctrl Pts',(40.0777585076208,138.879795247619,29.8583602651409));
#765=CARTESIAN_POINT('Ctrl Pts',(40.1388063910974,138.506395891958,30.9709354825964));
#766=CARTESIAN_POINT('Ctrl Pts',(40.1695645259676,138.268096832357,31.5055847709718));
#767=CARTESIAN_POINT('Ctrl Pts',(40.2630265896078,137.392747648078,33.0531995771304));
#768=CARTESIAN_POINT('Ctrl Pts',(40.3230088391588,136.607532406925,33.9677090813776));
#769=CARTESIAN_POINT('Ctrl Pts',(40.4163122146208,135.2114818263,35.0660146714285));
#770=CARTESIAN_POINT('Ctrl Pts',(40.4470794014581,134.720575572976,35.3816450835906));
#771=CARTESIAN_POINT('Ctrl Pts',(40.524665050445,133.388889934651,36.0685291803422));
#772=CARTESIAN_POINT('Ctrl Pts',(40.5713603353966,132.516386682618,36.3640884474156));
#773=CARTESIAN_POINT('Ctrl Pts',(40.650078112445,131.041354316078,36.6279679147228));
#774=CARTESIAN_POINT('Ctrl Pts',(40.6808428548597,130.459597596259,36.6756760082619));
#775=CARTESIAN_POINT('Ctrl Pts',(40.7595483515921,128.939363833352,36.6553197974982));
#776=CARTESIAN_POINT('Ctrl Pts',(40.8073832490746,128.008955089988,36.4989201540303));
#777=CARTESIAN_POINT('Ctrl Pts',(40.8873374352359,126.564955582377,36.0208884254609));
#778=CARTESIAN_POINT('Ctrl Pts',(40.9180932688625,126.030112980198,35.7852347538674));
#779=CARTESIAN_POINT('Ctrl Pts',(40.9771743793886,125.033050895041,35.2270644416841));
#780=CARTESIAN_POINT('Ctrl Pts',(41.0057887103341,124.570875870619,34.9096369816227));
#781=CARTESIAN_POINT('Ctrl Pts',(41.0656767751381,123.684145982324,34.1728638770448));
#782=CARTESIAN_POINT('Ctrl Pts',(41.0968849418444,123.265661188714,33.7502616863807));
#783=CARTESIAN_POINT('Ctrl Pts',(41.1447051141911,122.691511159038,33.0453387925064));
#784=CARTESIAN_POINT('Ctrl Pts',(41.1611948535282,122.505223548937,32.7907828121192));
#785=CARTESIAN_POINT('Ctrl Pts',(41.1774818489249,122.332680335612,32.5276490672938));
#786=CARTESIAN_POINT('Origin',(40.2000005364417,130.00000089407,27.5));
#787=CARTESIAN_POINT('',(37.4649123069567,119.117750895257,27.5001607669185));
#788=CARTESIAN_POINT('',(37.0350887659266,119.118058530466,27.5001642933223));
#789=CARTESIAN_POINT('',(40.2000005364417,119.11775089407,27.5));
#790=CARTESIAN_POINT('',(36.5000113086337,134.734460093855,37.2983183219271));
#791=CARTESIAN_POINT('Ctrl Pts',(37.4649122926469,119.118424855746,27.5001610831609));
#792=CARTESIAN_POINT('Ctrl Pts',(37.4349331933048,119.118052168966,28.1835466819942));
#793=CARTESIAN_POINT('Ctrl Pts',(37.3272752184649,119.345835036316,30.6374073819556));
#794=CARTESIAN_POINT('Ctrl Pts',(37.1419383681271,121.169567960409,34.5889057575448));
#795=CARTESIAN_POINT('Ctrl Pts',(36.9089017416335,125.524770974417,37.9020112304582));
#796=CARTESIAN_POINT('Ctrl Pts',(36.6949260551357,130.483325274921,38.7136574264443));
#797=CARTESIAN_POINT('Ctrl Pts',(36.5586292441358,133.530956181659,37.8783982746947));
#798=CARTESIAN_POINT('Ctrl Pts',(36.5000113086337,134.734460093855,37.2983183219271));
#799=CARTESIAN_POINT('',(36.5000005364417,125.265517797223,37.2983689902033));
#800=CARTESIAN_POINT('Origin',(36.5000005364417,130.00000089407,27.5));
#801=CARTESIAN_POINT('Ctrl Pts',(36.5000005364417,125.265517797223,37.2983689902033));
#802=CARTESIAN_POINT('Ctrl Pts',(36.5776794119396,123.671418633884,36.5281147212457));
#803=CARTESIAN_POINT('Ctrl Pts',(36.7330371629353,120.86762582249,34.1958007228455));
#804=CARTESIAN_POINT('Ctrl Pts',(36.911399906097,119.280656441482,30.3191708998926));
#805=CARTESIAN_POINT('Ctrl Pts',(37.0120837737607,119.117608296786,28.0245175773984));
#806=CARTESIAN_POINT('Ctrl Pts',(37.0350887659266,119.118058530466,27.5001642933223));
#807=CARTESIAN_POINT('Origin',(40.2000005364417,130.00000089407,27.5));
#808=CARTESIAN_POINT('',(40.4649123069145,119.117750896977,27.5002515270532));
#809=CARTESIAN_POINT('',(40.0350887659267,119.117430706994,27.500228380627));
#810=CARTESIAN_POINT('',(40.2000005364417,119.11775089407,27.5));
#811=CARTESIAN_POINT('Ctrl Pts',(40.4649123069145,119.117750896977,27.5002515270532));
#812=CARTESIAN_POINT('Ctrl Pts',(40.4529028513376,119.11775722374,27.7739772572329));
#813=CARTESIAN_POINT('Ctrl Pts',(40.4408933957608,119.1280955945,28.0476548290332));
#814=CARTESIAN_POINT('Ctrl Pts',(40.4288839401839,119.148729142834,28.3205281490225));
#815=CARTESIAN_POINT('Ctrl Pts',(40.4207396731351,119.162721877702,28.505578434962));
#816=CARTESIAN_POINT('Ctrl Pts',(40.4125954060864,119.181448217923,28.6902588864004));
#817=CARTESIAN_POINT('Ctrl Pts',(40.4044511390376,119.204883075151,28.8743348711868));
#818=CARTESIAN_POINT('Ctrl Pts',(40.3929786489256,119.237894783412,29.133635051629));
#819=CARTESIAN_POINT('Ctrl Pts',(40.3815061588136,119.280258178725,29.3917824990775));
#820=CARTESIAN_POINT('Ctrl Pts',(40.3700336687017,119.331868358516,29.6480952647327));
#821=CARTESIAN_POINT('Ctrl Pts',(40.3585630602907,119.383470073281,29.9043659903441));
#822=CARTESIAN_POINT('Ctrl Pts',(40.3470924518797,119.444315490697,30.158802366878));
#823=CARTESIAN_POINT('Ctrl Pts',(40.3356218434687,119.514248522885,30.410732257128));
#824=CARTESIAN_POINT('Ctrl Pts',(40.3241524266879,119.584174290043,30.66263597551));
#825=CARTESIAN_POINT('Ctrl Pts',(40.3126830099071,119.663185713672,30.912033464066));
#826=CARTESIAN_POINT('Ctrl Pts',(40.3012135931262,119.751076416402,31.1582662715495));
#827=CARTESIAN_POINT('Ctrl Pts',(40.2897433135961,119.838973730421,31.4045176010891));
#828=CARTESIAN_POINT('Ctrl Pts',(40.278273034066,119.935751569092,31.6476035151951));
#829=CARTESIAN_POINT('Ctrl Pts',(40.2668027545358,120.041154362825,31.8868828146657));
#830=CARTESIAN_POINT('Ctrl Pts',(40.2553326589031,120.146555466686,32.1261582778881));
#831=CARTESIAN_POINT('Ctrl Pts',(40.2438625632704,120.26058113706,32.3616269989219));
#832=CARTESIAN_POINT('Ctrl Pts',(40.2323924676376,120.382928193705,32.5926690191298));
#833=CARTESIAN_POINT('Ctrl Pts',(40.2209199324364,120.50530127228,32.8237601795412));
#834=CARTESIAN_POINT('Ctrl Pts',(40.2094473972351,120.635999146793,33.050422515313));
#835=CARTESIAN_POINT('Ctrl Pts',(40.1979748620339,120.774672616638,33.272060571071));
#836=CARTESIAN_POINT('Ctrl Pts',(40.1891214122039,120.881688074554,33.4431004827077));
#837=CARTESIAN_POINT('Ctrl Pts',(40.1802679623739,120.993452324882,33.6111487376809));
#838=CARTESIAN_POINT('Ctrl Pts',(40.171414512544,121.109787024779,33.7759431499003));
#839=CARTESIAN_POINT('Ctrl Pts',(40.1599420202559,121.260536051774,33.9894873230317));
#840=CARTESIAN_POINT('Ctrl Pts',(40.1484695279678,121.41900431489,34.1976281354776));
#841=CARTESIAN_POINT('Ctrl Pts',(40.1369970356798,121.584779378486,34.3998124544197));
#842=CARTESIAN_POINT('Ctrl Pts',(40.1255264250692,121.750527252245,34.6019636118071));
#843=CARTESIAN_POINT('Ctrl Pts',(40.1140558144586,121.923579360541,34.7981600146738));
#844=CARTESIAN_POINT('Ctrl Pts',(40.102585203848,122.103482659752,34.9878811981491));
#845=CARTESIAN_POINT('Ctrl Pts',(40.0911157848504,122.283367269888,35.1775826726281));
#846=CARTESIAN_POINT('Ctrl Pts',(40.0796463658528,122.470101461571,35.3608100725024));
#847=CARTESIAN_POINT('Ctrl Pts',(40.0681769468552,122.663194191193,35.5370786027714));
#848=CARTESIAN_POINT('Ctrl Pts',(40.0567066650975,122.856301445761,35.7133603924255));
#849=CARTESIAN_POINT('Ctrl Pts',(40.0452363833399,123.05576799404,35.882682079778));
#850=CARTESIAN_POINT('Ctrl Pts',(40.0337661015823,123.261067433812,36.0445971748652));
#851=CARTESIAN_POINT('Ctrl Pts',(40.0222960037194,123.466363582165,36.206509674084));
#852=CARTESIAN_POINT('Ctrl Pts',(40.0108259058566,123.677492219018,36.3610156505746));
#853=CARTESIAN_POINT('Ctrl Pts',(39.9993558079937,123.893894850746,36.5077097005949));
#854=CARTESIAN_POINT('Ctrl Pts',(39.9878832705733,124.11034350882,36.6544349507486));
#855=CARTESIAN_POINT('Ctrl Pts',(39.9764107331528,124.332068177406,36.7933447997402));
#856=CARTESIAN_POINT('Ctrl Pts',(39.9649381957324,124.558481206031,36.9240770660682));
#857=CARTESIAN_POINT('Ctrl Pts',(39.9560847591717,124.733205707856,37.0249640611548));
#858=CARTESIAN_POINT('Ctrl Pts',(39.947231322611,124.910721664448,37.1209819054015));
#859=CARTESIAN_POINT('Ctrl Pts',(39.9383778860504,125.090748612719,37.2119826554908));
#860=CARTESIAN_POINT('Ctrl Pts',(39.9269053945734,125.324031769549,37.3299035693239));
#861=CARTESIAN_POINT('Ctrl Pts',(39.9154329030964,125.561599098618,37.4394322989546));
#862=CARTESIAN_POINT('Ctrl Pts',(39.9039604116195,125.802826944136,37.5402736962941));
#863=CARTESIAN_POINT('Ctrl Pts',(39.8924898018275,126.044015224157,37.6410985539183));
#864=CARTESIAN_POINT('Ctrl Pts',(39.8810191920355,126.28886256973,37.7332388184295));
#865=CARTESIAN_POINT('Ctrl Pts',(39.8695485822435,126.536724777246,37.8164472373554));
#866=CARTESIAN_POINT('Ctrl Pts',(39.8580791640697,126.784561235729,37.8996470122193));
#867=CARTESIAN_POINT('Ctrl Pts',(39.8466097458959,127.035411671512,37.9739167072959));
#868=CARTESIAN_POINT('Ctrl Pts',(39.835140327722,127.288615044324,38.0390583941973));
#869=CARTESIAN_POINT('Ctrl Pts',(39.8236700467902,127.54183746372,38.1042049812174));
#870=CARTESIAN_POINT('Ctrl Pts',(39.8121997658584,127.797412909632,38.1602221169014));
#871=CARTESIAN_POINT('Ctrl Pts',(39.8007294849266,128.054667073782,38.2069622858281));
#872=CARTESIAN_POINT('Ctrl Pts',(39.7892593878895,128.311917113564,38.2537017054037));
#873=CARTESIAN_POINT('Ctrl Pts',(39.7777892908523,128.570845548252,38.2911644086123));
#874=CARTESIAN_POINT('Ctrl Pts',(39.7663191938152,128.830768991449,38.3192542173845));
#875=CARTESIAN_POINT('Ctrl Pts',(39.7548466572148,129.090747717499,38.3473500005497));
#876=CARTESIAN_POINT('Ctrl Pts',(39.7433741206143,129.351721602985,38.3660688751075));
#877=CARTESIAN_POINT('Ctrl Pts',(39.7319015840139,129.613001776931,38.3753665108737));
#878=CARTESIAN_POINT('Ctrl Pts',(39.7230481425282,129.814633622789,38.3825415652736));
#879=CARTESIAN_POINT('Ctrl Pts',(39.7141947010425,130.016447735334,38.3841070119601));
#880=CARTESIAN_POINT('Ctrl Pts',(39.7053412595568,130.218127024038,38.3800636971447));
#881=CARTESIAN_POINT('Ctrl Pts',(39.6938687680793,130.479467647858,38.3748242775545));
#882=CARTESIAN_POINT('Ctrl Pts',(39.6823962766019,130.740656933951,38.3601636062242));
#883=CARTESIAN_POINT('Ctrl Pts',(39.6709237851245,131.001005643433,38.3361134432162));
#884=CARTESIAN_POINT('Ctrl Pts',(39.6594531753322,131.261311651267,38.312067224847));
#885=CARTESIAN_POINT('Ctrl Pts',(39.6479825655399,131.520777085464,38.2786346145086));
#886=CARTESIAN_POINT('Ctrl Pts',(39.6365119557476,131.77871701785,38.2358993108871));
#887=CARTESIAN_POINT('Ctrl Pts',(39.6250425375736,132.036630154281,38.1931684468001));
#888=CARTESIAN_POINT('Ctrl Pts',(39.6135731193996,132.293017835572,38.1411368638817));
#889=CARTESIAN_POINT('Ctrl Pts',(39.6021037012256,132.547203391937,38.0799397208755));
#890=CARTESIAN_POINT('Ctrl Pts',(39.5906334202939,132.801408068761,38.0187379744705));
#891=CARTESIAN_POINT('Ctrl Pts',(39.5791631393622,133.053410022967,37.9483693513595));
#892=CARTESIAN_POINT('Ctrl Pts',(39.5676928584305,133.302544505734,37.8690197586635));
#893=CARTESIAN_POINT('Ctrl Pts',(39.5562227613936,133.551674994306,37.7896714381229));
#894=CARTESIAN_POINT('Ctrl Pts',(39.5447526643567,133.797937843272,37.7013425207697));
#895=CARTESIAN_POINT('Ctrl Pts',(39.5332825673199,134.040684358914,37.6042685138228));
#896=CARTESIAN_POINT('Ctrl Pts',(39.5218100307199,134.283482504062,37.5071738603055));
#897=CARTESIAN_POINT('Ctrl Pts',(39.5103374941199,134.522762566856,37.4013305009481));
#898=CARTESIAN_POINT('Ctrl Pts',(39.4988649575199,134.757895322037,37.2870223088953));
#899=CARTESIAN_POINT('Ctrl Pts',(39.4900115160343,134.939349011132,37.1988098302648));
#900=CARTESIAN_POINT('Ctrl Pts',(39.4811580745487,135.118333212407,37.1055572574136));
#901=CARTESIAN_POINT('Ctrl Pts',(39.4723046330631,135.294568255896,37.0074140287243));
#902=CARTESIAN_POINT('Ctrl Pts',(39.4608321407656,135.522937662558,36.8802377846583));
#903=CARTESIAN_POINT('Ctrl Pts',(39.449359648468,135.746755561383,36.7448112867025));
#904=CARTESIAN_POINT('Ctrl Pts',(39.4378871561705,135.965428082544,36.6014857864809));
#905=CARTESIAN_POINT('Ctrl Pts',(39.4264165455537,136.184064737752,36.45818379404));
#906=CARTESIAN_POINT('Ctrl Pts',(39.4149459349369,136.397557471444,36.3069855357169));
#907=CARTESIAN_POINT('Ctrl Pts',(39.40347532432,136.605340576388,36.1482861159704));
#908=CARTESIAN_POINT('Ctrl Pts',(39.3920059053195,136.813102095932,35.9896031826009));
#909=CARTESIAN_POINT('Ctrl Pts',(39.3805364863189,137.015154953814,35.8234208098333));
#910=CARTESIAN_POINT('Ctrl Pts',(39.3690670673184,137.210964867729,35.650175681118));
#911=CARTESIAN_POINT('Ctrl Pts',(39.3575967855628,137.406789510899,35.4769175205212));
#912=CARTESIAN_POINT('Ctrl Pts',(39.3461265038071,137.596370064807,35.2965957213626));
#913=CARTESIAN_POINT('Ctrl Pts',(39.3346562220515,137.779206573284,35.1096862000335));
#914=CARTESIAN_POINT('Ctrl Pts',(39.3231861241935,137.96204015043,34.9227796753361));
#915=CARTESIAN_POINT('Ctrl Pts',(39.3117160263355,138.13812970842,34.7292858365751));
#916=CARTESIAN_POINT('Ctrl Pts',(39.3002459284775,138.307012730193,34.5297168802877));
#917=CARTESIAN_POINT('Ctrl Pts',(39.2887733910663,138.475931671374,34.3301054780608));
#918=CARTESIAN_POINT('Ctrl Pts',(39.2773008536551,138.637640835798,34.1244165844677));
#919=CARTESIAN_POINT('Ctrl Pts',(39.2658283162439,138.791717581601,33.9131959855194));
#920=CARTESIAN_POINT('Ctrl Pts',(39.2569748796858,138.910619673192,33.7501955867815));
#921=CARTESIAN_POINT('Ctrl Pts',(39.2481214431277,139.0249772064,33.5839015822972));
#922=CARTESIAN_POINT('Ctrl Pts',(39.2392680065695,139.134613241119,33.4145771050537));
#923=CARTESIAN_POINT('Ctrl Pts',(39.2277955164917,139.276682178106,33.1951624887799));
#924=CARTESIAN_POINT('Ctrl Pts',(39.2163230264139,139.410862316277,32.9705952326087));
#925=CARTESIAN_POINT('Ctrl Pts',(39.2048505363361,139.536793836518,32.741464054572));
#926=CARTESIAN_POINT('Ctrl Pts',(39.1933799279475,139.662704701784,32.5123704580604));
#927=CARTESIAN_POINT('Ctrl Pts',(39.1819093195589,139.780369518409,32.2787146737509));
#928=CARTESIAN_POINT('Ctrl Pts',(39.1704387111704,139.889473905174,32.0411109461389));
#929=CARTESIAN_POINT('Ctrl Pts',(39.1589692944002,139.998566957684,31.8035319018718));
#930=CARTESIAN_POINT('Ctrl Pts',(39.1474998776301,140.099101242,31.5620059817757));
#931=CARTESIAN_POINT('Ctrl Pts',(39.13603046086,140.190809629965,31.3171694186782));
#932=CARTESIAN_POINT('Ctrl Pts',(39.1245601813225,140.282524916538,31.0723144381669));
#933=CARTESIAN_POINT('Ctrl Pts',(39.113089901785,140.365412881293,30.8241485721429));
#934=CARTESIAN_POINT('Ctrl Pts',(39.1016196222475,140.439255111479,30.573326609199));
#935=CARTESIAN_POINT('Ctrl Pts',(39.0901495265974,140.513096157852,30.3225086673413));
#936=CARTESIAN_POINT('Ctrl Pts',(39.0786794309473,140.577891684218,30.0690349766946));
#937=CARTESIAN_POINT('Ctrl Pts',(39.0672093352971,140.633473358098,29.8135748138445));
#938=CARTESIAN_POINT('Ctrl Pts',(39.0557368000625,140.689066853692,29.5580603169533));
#939=CARTESIAN_POINT('Ctrl Pts',(39.0442642648279,140.735442521432,29.3005587707428));
#940=CARTESIAN_POINT('Ctrl Pts',(39.0327917295932,140.772482999044,29.0417504209501));
#941=CARTESIAN_POINT('Ctrl Pts',(39.0239382797541,140.801067440395,28.8420258878831));
#942=CARTESIAN_POINT('Ctrl Pts',(39.015084829915,140.82409348637,28.6415233577137));
#943=CARTESIAN_POINT('Ctrl Pts',(39.0062313800759,140.841528245478,28.4405582125326));
#944=CARTESIAN_POINT('Ctrl Pts',(38.9947588854349,140.864120589035,28.1801431660795));
#945=CARTESIAN_POINT('Ctrl Pts',(38.9832863907939,140.877329038832,27.9188763438202));
#946=CARTESIAN_POINT('Ctrl Pts',(38.9718138961529,140.881111851922,27.6574464524923));
#947=CARTESIAN_POINT('Ctrl Pts',(38.9603432831879,140.884894044569,27.3960594399251));
#948=CARTESIAN_POINT('Ctrl Pts',(38.9488726702229,140.87925368293,27.134509685086));
#949=CARTESIAN_POINT('Ctrl Pts',(38.9374020572578,140.86420112653,26.87348713381));
#950=CARTESIAN_POINT('Ctrl Pts',(38.925932635911,140.849150133857,26.6124916987139));
#951=CARTESIAN_POINT('Ctrl Pts',(38.9144632145641,140.824688914634,26.3520236308209));
#952=CARTESIAN_POINT('Ctrl Pts',(38.9029937932172,140.790879874972,26.0927701388797));
#953=CARTESIAN_POINT('Ctrl Pts',(38.8915235091347,140.757068292176,25.8334971457593));
#954=CARTESIAN_POINT('Ctrl Pts',(38.8800532250521,140.713907516245,25.5754391828216));
#955=CARTESIAN_POINT('Ctrl Pts',(38.8685829409695,140.661511681861,25.3192770042251));
#956=CARTESIAN_POINT('Ctrl Pts',(38.8571128407989,140.609116687581,25.0631189328743));
#957=CARTESIAN_POINT('Ctrl Pts',(38.8456427406282,140.547486987643,24.8088568527265));
#958=CARTESIAN_POINT('Ctrl Pts',(38.8341726404575,140.476787743342,24.5571608305235));
#959=CARTESIAN_POINT('Ctrl Pts',(38.8227001007723,140.406073462396,24.3054112764315));
#960=CARTESIAN_POINT('Ctrl Pts',(38.811227561087,140.326285855371,24.0562291346634));
#961=CARTESIAN_POINT('Ctrl Pts',(38.7997550214017,140.237640246126,23.8102702592577));
#962=CARTESIAN_POINT('Ctrl Pts',(38.7909015987952,140.169231937036,23.6204624287764));
#963=CARTESIAN_POINT('Ctrl Pts',(38.7820481761888,140.095549447439,23.4325738875776));
#964=CARTESIAN_POINT('Ctrl Pts',(38.7731947535823,140.016711614911,23.2468986142492));
#965=CARTESIAN_POINT('Ctrl Pts',(38.7617222663222,139.914551572463,23.0062959340812));
#966=CARTESIAN_POINT('Ctrl Pts',(38.7502497790621,139.80370390107,22.7693412482977));
#967=CARTESIAN_POINT('Ctrl Pts',(38.738777291802,139.684454681507,22.536662423179));
#968=CARTESIAN_POINT('Ctrl Pts',(38.7273066862327,139.565225020926,22.3040217615025));
#969=CARTESIAN_POINT('Ctrl Pts',(38.7158360806634,139.437596687951,22.0756558037035));
#970=CARTESIAN_POINT('Ctrl Pts',(38.7043654750941,139.301902363348,21.8521690784575));
#971=CARTESIAN_POINT('Ctrl Pts',(38.6928960611369,139.166222135211,21.6287055699005));
#972=CARTESIAN_POINT('Ctrl Pts',(38.6814266471797,139.022477730572,21.4101205154966));
#973=CARTESIAN_POINT('Ctrl Pts',(38.6699572332225,138.871046516298,21.1969916205957));
#974=CARTESIAN_POINT('Ctrl Pts',(38.6584869564685,138.719603910478,20.9838466928858));
#975=CARTESIAN_POINT('Ctrl Pts',(38.6470166797146,138.560473495522,20.7761589696196));
#976=CARTESIAN_POINT('Ctrl Pts',(38.6355464029606,138.394075300299,20.5744761984971));
#977=CARTESIAN_POINT('Ctrl Pts',(38.6240763100733,138.227679772413,20.3727966603175));
#978=CARTESIAN_POINT('Ctrl Pts',(38.612606217186,138.054016872807,20.1771220916043));
#979=CARTESIAN_POINT('Ctrl Pts',(38.6011361242988,137.873546687474,19.9879668729656));
#980=CARTESIAN_POINT('Ctrl Pts',(38.5896635917754,137.693038116961,19.7987714218799));
#981=CARTESIAN_POINT('Ctrl Pts',(38.578191059252,137.505719555517,19.6160982905783));
#982=CARTESIAN_POINT('Ctrl Pts',(38.5667185267286,137.312088730014,19.4404257840789));
#983=CARTESIAN_POINT('Ctrl Pts',(38.557865060182,137.162661911436,19.3048575774701));
#984=CARTESIAN_POINT('Ctrl Pts',(38.5490115936353,137.009476690936,19.1734577867561));
#985=CARTESIAN_POINT('Ctrl Pts',(38.5401581270887,136.852775887633,19.0464303427435));
#986=CARTESIAN_POINT('Ctrl Pts',(38.5286856320029,136.649719922338,18.8818256966964));
#987=CARTESIAN_POINT('Ctrl Pts',(38.5172131369171,136.440701323358,18.7245169395201));
#988=CARTESIAN_POINT('Ctrl Pts',(38.5057406418313,136.226267190025,18.5749244779466));
#989=CARTESIAN_POINT('Ctrl Pts',(38.4942700284359,136.01186822765,18.4253565521604));
#990=CARTESIAN_POINT('Ctrl Pts',(38.4827994150405,135.792055728479,18.2835025517379));
#991=CARTESIAN_POINT('Ctrl Pts',(38.4713288016451,135.567407007239,18.1497404189219));
#992=CARTESIAN_POINT('Ctrl Pts',(38.4598593798832,135.342781623806,18.015992182089));
#993=CARTESIAN_POINT('Ctrl Pts',(38.4483899581214,135.113321256504,17.8903342741627));
#994=CARTESIAN_POINT('Ctrl Pts',(38.4369205363596,134.879630110505,17.7730999916412));
#995=CARTESIAN_POINT('Ctrl Pts',(38.4254502518885,134.645921386679,17.6558568909681));
#996=CARTESIAN_POINT('Ctrl Pts',(38.4139799674175,134.407981491419,17.5470388071926));
#997=CARTESIAN_POINT('Ctrl Pts',(38.4025096829464,134.166438262819,17.4469325718572));
#998=CARTESIAN_POINT('Ctrl Pts',(38.3910395824025,133.924898907391,17.3468279417357));
#999=CARTESIAN_POINT('Ctrl Pts',(38.3795694818587,133.679756587629,17.2554349836851));
#1000=CARTESIAN_POINT('Ctrl Pts',(38.3680993813148,133.431658875071,17.1729922744326));
#1001=CARTESIAN_POINT('Ctrl Pts',(38.3566268412832,133.183508396514,17.0905320310727));
#1002=CARTESIAN_POINT('Ctrl Pts',(38.3451543012517,132.93240152846,17.0170259277768));
#1003=CARTESIAN_POINT('Ctrl Pts',(38.3336817612201,132.679002171687,16.9526630272364));
#1004=CARTESIAN_POINT('Ctrl Pts',(38.3248283410118,132.483452539273,16.9029938342991));
#1005=CARTESIAN_POINT('Ctrl Pts',(38.3159749208034,132.286538018945,16.8587686930316));
#1006=CARTESIAN_POINT('Ctrl Pts',(38.3071215005951,132.088568700756,16.8200538587793));
#1007=CARTESIAN_POINT('Ctrl Pts',(38.2956490032953,131.832034794657,16.7698861472089));
#1008=CARTESIAN_POINT('Ctrl Pts',(38.2841765059955,131.573655665833,16.7289584694639));
#1009=CARTESIAN_POINT('Ctrl Pts',(38.2727040086957,131.314111672459,16.6973855977074));
#1010=CARTESIAN_POINT('Ctrl Pts',(38.2612333930279,131.054610247525,16.6658179042941));
#1011=CARTESIAN_POINT('Ctrl Pts',(38.2497627773602,130.79394461089,16.6436019867762));
#1012=CARTESIAN_POINT('Ctrl Pts',(38.2382921616925,130.532801895562,16.6308009423275));
#1013=CARTESIAN_POINT('Ctrl Pts',(38.2268227376069,130.271686308074,16.6180012276677));
#1014=CARTESIAN_POINT('Ctrl Pts',(38.2153533135214,130.010094013985,16.6146144465003));
#1015=CARTESIAN_POINT('Ctrl Pts',(38.2038838894359,129.748714961573,16.6206516535856));
#1016=CARTESIAN_POINT('Ctrl Pts',(38.1924136025792,129.487316247294,16.6266893148112));
#1017=CARTESIAN_POINT('Ctrl Pts',(38.1809433157226,129.226131080316,16.6421523775759));
#1018=CARTESIAN_POINT('Ctrl Pts',(38.1694730288659,128.965848493952,16.6669997749547));
#1019=CARTESIAN_POINT('Ctrl Pts',(38.1580029259057,128.705570080549,16.6918467739696));
#1020=CARTESIAN_POINT('Ctrl Pts',(38.1465328229455,128.44619449098,16.7260777788377));
#1021=CARTESIAN_POINT('Ctrl Pts',(38.1350627199853,128.188405560111,16.7695998486319));
#1022=CARTESIAN_POINT('Ctrl Pts',(38.1235901775049,127.930561801371,16.8131311749231));
#1023=CARTESIAN_POINT('Ctrl Pts',(38.1121176350244,127.674305645718,16.865957470488));
#1024=CARTESIAN_POINT('Ctrl Pts',(38.1006450925439,127.42031213237,16.9279344045138));
#1025=CARTESIAN_POINT('Ctrl Pts',(38.0917916863964,127.224304339301,16.9757622482233));
#1026=CARTESIAN_POINT('Ctrl Pts',(38.082938280249,127.029643859992,17.0290385010715));
#1027=CARTESIAN_POINT('Ctrl Pts',(38.0740848741015,126.836635645227,17.0876762744853));
#1028=CARTESIAN_POINT('Ctrl Pts',(38.0626124168328,126.586530944334,17.1636605158742));
#1029=CARTESIAN_POINT('Ctrl Pts',(38.051139959564,126.339129307071,17.2486711229843));
#1030=CARTESIAN_POINT('Ctrl Pts',(38.0396675022953,126.095085467697,17.342490434394));
#1031=CARTESIAN_POINT('Ctrl Pts',(38.0281969268686,125.851081659152,17.4362943564998));
#1032=CARTESIAN_POINT('Ctrl Pts',(38.016726351442,125.610434804124,17.5389040001591));
#1033=CARTESIAN_POINT('Ctrl Pts',(38.0052557760154,125.373781389193,17.6500528856648));
#1034=CARTESIAN_POINT('Ctrl Pts',(37.9937863922663,125.137152560174,17.7611902239181));
#1035=CARTESIAN_POINT('Ctrl Pts',(37.9823170085172,124.904516590328,17.8808649162881));
#1036=CARTESIAN_POINT('Ctrl Pts',(37.9708476247681,124.676488048985,18.0087631969949));
#1037=CARTESIAN_POINT('Ctrl Pts',(37.9593773781096,124.44844235171,18.1366711002436));
#1038=CARTESIAN_POINT('Ctrl Pts',(37.9479071314511,124.225005015711,18.272803696978));
#1039=CARTESIAN_POINT('Ctrl Pts',(37.9364368847926,124.006765361188,18.4168016145246));
#1040=CARTESIAN_POINT('Ctrl Pts',(37.9249668218922,123.788529202952,18.5607972251664));
#1041=CARTESIAN_POINT('Ctrl Pts',(37.9134967589917,123.575490786981,18.7126577523822));
#1042=CARTESIAN_POINT('Ctrl Pts',(37.9020266960912,123.368210517097,18.8719804440186));
#1043=CARTESIAN_POINT('Ctrl Pts',(37.8905541931776,123.160886152724,19.0313370281851));
#1044=CARTESIAN_POINT('Ctrl Pts',(37.879081690264,122.959322599883,19.1981587830296));
#1045=CARTESIAN_POINT('Ctrl Pts',(37.8676091873505,122.764048395849,19.3720016913146));
#1046=CARTESIAN_POINT('Ctrl Pts',(37.8587555407696,122.613349912536,19.5061610532376));
#1047=CARTESIAN_POINT('Ctrl Pts',(37.8499018941887,122.466396513189,19.6445011069602));
#1048=CARTESIAN_POINT('Ctrl Pts',(37.8410482476079,122.323416817255,19.7868020916034));
#1049=CARTESIAN_POINT('Ctrl Pts',(37.8295756561266,122.138143141986,19.9711962900039));
#1050=CARTESIAN_POINT('Ctrl Pts',(37.8181030646452,121.959489755981,20.1622955407286));
#1051=CARTESIAN_POINT('Ctrl Pts',(37.8066304731639,121.787932887695,20.3596005629114));
#1052=CARTESIAN_POINT('Ctrl Pts',(37.7951597630124,121.616404152115,20.5568732300841));
#1053=CARTESIAN_POINT('Ctrl Pts',(37.7836890528608,121.451969790385,20.7603494307264));
#1054=CARTESIAN_POINT('Ctrl Pts',(37.7722183427093,121.295067021673,20.9694953227406));
#1055=CARTESIAN_POINT('Ctrl Pts',(37.7607488241052,121.138180551613,21.1786194892247));
#1056=CARTESIAN_POINT('Ctrl Pts',(37.7492793055012,120.988824276417,21.3934119523011));
#1057=CARTESIAN_POINT('Ctrl Pts',(37.7378097868971,120.847393883447,21.613307382613));
#1058=CARTESIAN_POINT('Ctrl Pts',(37.7263394061329,120.705952859198,21.8332193423963));
#1059=CARTESIAN_POINT('Ctrl Pts',(37.7148690253686,120.572439058237,22.0582348074776));
#1060=CARTESIAN_POINT('Ctrl Pts',(37.7033986446044,120.447204480713,22.2877600067277));
#1061=CARTESIAN_POINT('Ctrl Pts',(37.6919284482203,120.321971916268,22.5172815164849));
#1062=CARTESIAN_POINT('Ctrl Pts',(37.6804582518362,120.205018438487,22.751312374389));
#1063=CARTESIAN_POINT('Ctrl Pts',(37.6689880554521,120.096650165854,22.9892340543494));
#1064=CARTESIAN_POINT('Ctrl Pts',(37.6575154209531,119.988258858366,23.2272063071497));
#1065=CARTESIAN_POINT('Ctrl Pts',(37.646042786454,119.888456517153,23.4690707860992));
#1066=CARTESIAN_POINT('Ctrl Pts',(37.6345701519549,119.797501764801,23.7141874610907));
#1067=CARTESIAN_POINT('Ctrl Pts',(37.6257173083414,119.727316647463,23.9033314271915));
#1068=CARTESIAN_POINT('Ctrl Pts',(37.6168644647278,119.662398805483,24.0944114272119));
#1069=CARTESIAN_POINT('Ctrl Pts',(37.6080116211143,119.602847087782,24.2871262410586));
#1070=CARTESIAN_POINT('Ctrl Pts',(37.5960866782678,119.522629830933,24.5467166327007));
#1071=CARTESIAN_POINT('Ctrl Pts',(37.5841617354214,119.452127839702,24.8093499137064));
#1072=CARTESIAN_POINT('Ctrl Pts',(37.5722367925749,119.391548750971,25.0742819227922));
#1073=CARTESIAN_POINT('Ctrl Pts',(37.560733966998,119.333114031388,25.329835909884));
#1074=CARTESIAN_POINT('Ctrl Pts',(37.5492311414211,119.283911904875,25.5875284112873));
#1075=CARTESIAN_POINT('Ctrl Pts',(37.5377283158442,119.244077216588,25.8466788253073));
#1076=CARTESIAN_POINT('Ctrl Pts',(37.5262270128056,119.204247800905,26.1057949376293));
#1077=CARTESIAN_POINT('Ctrl Pts',(37.5147257097671,119.173783388182,26.3663683100884));
#1078=CARTESIAN_POINT('Ctrl Pts',(37.5032244067285,119.152767353715,26.6277101493727));
#1079=CARTESIAN_POINT('Ctrl Pts',(37.4917236871635,119.131752385415,26.8890387305027));
#1080=CARTESIAN_POINT('Ctrl Pts',(37.4802229675986,119.120184860119,27.151135431269));
#1081=CARTESIAN_POINT('Ctrl Pts',(37.4687222480336,119.118096216704,27.4133071211916));
#1082=CARTESIAN_POINT('Ctrl Pts',(37.4674522676746,119.117865575822,27.4422577355415));
#1083=CARTESIAN_POINT('Ctrl Pts',(37.4661822873157,119.117750467547,27.4712092622586));
#1084=CARTESIAN_POINT('Ctrl Pts',(37.4649123069567,119.117750895257,27.5001607669185));
#1085=CARTESIAN_POINT('Ctrl Pts',(37.0350887659266,119.118058530466,27.5001642933223));
#1086=CARTESIAN_POINT('Ctrl Pts',(37.0897626492586,119.119128560117,26.2539812878444));
#1087=CARTESIAN_POINT('Ctrl Pts',(37.2221154080884,119.63726072996,23.2365239104192));
#1088=CARTESIAN_POINT('Ctrl Pts',(37.4321470424161,122.371159646244,19.1315348435604));
#1089=CARTESIAN_POINT('Ctrl Pts',(37.6651836689097,127.186064845504,16.5313947626586));
#1090=CARTESIAN_POINT('Ctrl Pts',(37.8982202954034,132.658055652825,16.4925358556927));
#1091=CARTESIAN_POINT('Ctrl Pts',(38.131256921897,137.509347616008,19.0242206459792));
#1092=CARTESIAN_POINT('Ctrl Pts',(38.3642935483906,140.607037152048,23.5351528839617));
#1093=CARTESIAN_POINT('Ctrl Pts',(38.5973301748842,141.227757360113,28.9719780644285));
#1094=CARTESIAN_POINT('Ctrl Pts',(38.8303668013778,139.226551303194,34.0650569483537));
#1095=CARTESIAN_POINT('Ctrl Pts',(39.0634034278714,135.070746599929,37.625056443549));
#1096=CARTESIAN_POINT('Ctrl Pts',(39.296440054365,129.73081243164,38.8206339536443));
#1097=CARTESIAN_POINT('Ctrl Pts',(39.5294766808586,124.453739816471,37.3725989568725));
#1098=CARTESIAN_POINT('Ctrl Pts',(39.7625133073522,120.471839278612,33.6190976568271));
#1099=CARTESIAN_POINT('Ctrl Pts',(39.9310506690416,119.201232428098,29.8710375921896));
#1100=CARTESIAN_POINT('Ctrl Pts',(40.021909155233,119.117150509665,27.8005837767618));
#1101=CARTESIAN_POINT('Ctrl Pts',(40.0350887659267,119.117430706994,27.500228380627));
#1102=CARTESIAN_POINT('Origin',(40.2000005364417,130.00000089407,27.5));
#1103=CARTESIAN_POINT('',(43.4649123110888,119.117607899274,27.5002203893995));
#1104=CARTESIAN_POINT('',(43.0350887659267,119.11768530892,27.5000723355082));
#1105=CARTESIAN_POINT('',(40.2000005364417,119.11775089407,27.5));
#1106=CARTESIAN_POINT('Ctrl Pts',(43.4649123069568,119.117750896303,27.500220480671));
#1107=CARTESIAN_POINT('Ctrl Pts',(43.4545839657893,119.117755665009,27.7355891858631));
#1108=CARTESIAN_POINT('Ctrl Pts',(43.4442556246219,119.125398663142,27.9709278781797));
#1109=CARTESIAN_POINT('Ctrl Pts',(43.4339272834545,119.140661134133,28.2057655706865));
#1110=CARTESIAN_POINT('Ctrl Pts',(43.4224398823206,119.157636379599,28.4669570564686));
#1111=CARTESIAN_POINT('Ctrl Pts',(43.4109524811867,119.184041490746,28.7275691970246));
#1112=CARTESIAN_POINT('Ctrl Pts',(43.3994650800528,119.219812848709,28.9869131679937));
#1113=CARTESIAN_POINT('Ctrl Pts',(43.3879793846893,119.255578894963,29.2462186288357));
#1114=CARTESIAN_POINT('Ctrl Pts',(43.3764936893259,119.300708374072,29.5042560266611));
#1115=CARTESIAN_POINT('Ctrl Pts',(43.3650079939624,119.35508598186,29.7603432425903));
#1116=CARTESIAN_POINT('Ctrl Pts',(43.3535233585064,119.409458571648,30.0164068266234));
#1117=CARTESIAN_POINT('Ctrl Pts',(43.3420387230504,119.473077529329,30.2705203221074));
#1118=CARTESIAN_POINT('Ctrl Pts',(43.3305540875945,119.545776523588,30.5220122226955));
#1119=CARTESIAN_POINT('Ctrl Pts',(43.3190684959444,119.618481570659,30.7735250621354));
#1120=CARTESIAN_POINT('Ctrl Pts',(43.3075829042942,119.700268092198,31.0224156083285));
#1121=CARTESIAN_POINT('Ctrl Pts',(43.2960973126441,119.790919604894,31.2680265781319));
#1122=CARTESIAN_POINT('Ctrl Pts',(43.2846118767129,119.881569888559,31.5136342180017));
#1123=CARTESIAN_POINT('Ctrl Pts',(43.2731264407816,119.981084826946,31.7559621158341));
#1124=CARTESIAN_POINT('Ctrl Pts',(43.2616410048503,120.089199116956,31.9943712794175));
#1125=CARTESIAN_POINT('Ctrl Pts',(43.2501531883912,120.197335815264,32.2328298568556));
#1126=CARTESIAN_POINT('Ctrl Pts',(43.238665371932,120.314075315439,32.4673678286626));
#1127=CARTESIAN_POINT('Ctrl Pts',(43.2271775554729,120.43910487999,32.6973678405945));
#1128=CARTESIAN_POINT('Ctrl Pts',(43.2184152559689,120.534470826629,32.872799699002));
#1129=CARTESIAN_POINT('Ctrl Pts',(43.2096529564649,120.634658817105,33.0455918692249));
#1130=CARTESIAN_POINT('Ctrl Pts',(43.2008906569609,120.739512266479,33.2154803333375));
#1131=CARTESIAN_POINT('Ctrl Pts',(43.1894242468289,120.876724268161,33.4377976377526));
#1132=CARTESIAN_POINT('Ctrl Pts',(43.1779578366969,121.021966296602,33.6552048606824));
#1133=CARTESIAN_POINT('Ctrl Pts',(43.1664914265649,121.174861492533,33.8671249089326));
#1134=CARTESIAN_POINT('Ctrl Pts',(43.155026963205,121.327730729852,34.0790089773059));
#1135=CARTESIAN_POINT('Ctrl Pts',(43.143562499845,121.488250380334,34.2854075086185));
#1136=CARTESIAN_POINT('Ctrl Pts',(43.1320980364851,121.656001023151,34.4857734873534));
#1137=CARTESIAN_POINT('Ctrl Pts',(43.1206348122325,121.823733535067,34.6861178100413));
#1138=CARTESIAN_POINT('Ctrl Pts',(43.1091715879799,121.998695302821,34.8804306719427));
#1139=CARTESIAN_POINT('Ctrl Pts',(43.0977083637273,122.180426763743,35.0681982983285));
#1140=CARTESIAN_POINT('Ctrl Pts',(43.086244306127,122.362171436086,35.2559795749497));
#1141=CARTESIAN_POINT('Ctrl Pts',(43.0747802485268,122.550686596554,35.4372144660859));
#1142=CARTESIAN_POINT('Ctrl Pts',(43.0633161909265,122.74547501724,35.6114252363512));
#1143=CARTESIAN_POINT('Ctrl Pts',(43.0518523242288,122.940260194259,35.7856331056133));
#1144=CARTESIAN_POINT('Ctrl Pts',(43.040388457531,123.141318216972,35.95281690653));
#1145=CARTESIAN_POINT('Ctrl Pts',(43.0289245908333,123.348117284362,36.1125379247584));
#1146=CARTESIAN_POINT('Ctrl Pts',(43.017458253907,123.554960912717,36.272293359596));
#1147=CARTESIAN_POINT('Ctrl Pts',(43.0059919169806,123.767547841434,36.4245826297545));
#1148=CARTESIAN_POINT('Ctrl Pts',(42.9945255800543,123.985314494951,36.5690083571883));
#1149=CARTESIAN_POINT('Ctrl Pts',(42.9856350635253,124.154161620672,36.6809900061853));
#1150=CARTESIAN_POINT('Ctrl Pts',(42.9767445469963,124.326122031427,36.7882450633329));
#1151=CARTESIAN_POINT('Ctrl Pts',(42.9678540304673,124.500921327947,36.8906064228009));
#1152=CARTESIAN_POINT('Ctrl Pts',(42.9563798167765,124.726519522914,37.0227152950334));
#1153=CARTESIAN_POINT('Ctrl Pts',(42.9449056030858,124.956912592357,37.1467095876654));
#1154=CARTESIAN_POINT('Ctrl Pts',(42.933431389395,125.191496059562,37.2622562104778));
#1155=CARTESIAN_POINT('Ctrl Pts',(42.9219590417051,125.42604137749,37.3777840424517));
#1156=CARTESIAN_POINT('Ctrl Pts',(42.9104866940152,125.664775487544,37.4848668265724));
#1157=CARTESIAN_POINT('Ctrl Pts',(42.8990143463253,125.907070455503,37.5832180124973));
#1158=CARTESIAN_POINT('Ctrl Pts',(42.8875431795793,126.14934048203,37.6815590743187));
#1159=CARTESIAN_POINT('Ctrl Pts',(42.8760720128333,126.395170381297,37.7711702299611));
#1160=CARTESIAN_POINT('Ctrl Pts',(42.8646008460874,126.643912376232,37.8518131224891));
#1161=CARTESIAN_POINT('Ctrl Pts',(42.853128812574,126.892673166243,37.9324621084365));
#1162=CARTESIAN_POINT('Ctrl Pts',(42.8416567790606,127.144346232471,38.0041413899722));
#1163=CARTESIAN_POINT('Ctrl Pts',(42.8301847455472,127.398267448483,38.0666621097022));
#1164=CARTESIAN_POINT('Ctrl Pts',(42.8187128963803,127.652184584183,38.129181824774));
#1165=CARTESIAN_POINT('Ctrl Pts',(42.8072410472134,127.908349531492,38.1825432088231));
#1166=CARTESIAN_POINT('Ctrl Pts',(42.7957691980464,128.166085937898,38.2266080843868));
#1167=CARTESIAN_POINT('Ctrl Pts',(42.7842949218932,128.423876871062,38.2706822823228));
#1168=CARTESIAN_POINT('Ctrl Pts',(42.7728206457399,128.683239658275,38.305455994364));
#1169=CARTESIAN_POINT('Ctrl Pts',(42.7613463695866,128.943489275751,38.3308424539764));
#1170=CARTESIAN_POINT('Ctrl Pts',(42.752503381049,129.144058301066,38.3504072760501));
#1171=CARTESIAN_POINT('Ctrl Pts',(42.7436603925113,129.345153854559,38.3643976051567));
#1172=CARTESIAN_POINT('Ctrl Pts',(42.7348174039737,129.546460568595,38.3727947757542));
#1173=CARTESIAN_POINT('Ctrl Pts',(42.7233449350721,129.807626237489,38.3836888618578));
#1174=CARTESIAN_POINT('Ctrl Pts',(42.7118724661705,130.069222072391,38.385170330869));
#1175=CARTESIAN_POINT('Ctrl Pts',(42.7003999972689,130.330558189796,38.3772283664885));
#1176=CARTESIAN_POINT('Ctrl Pts',(42.6889294078395,130.591851493924,38.3692877031969));
#1177=CARTESIAN_POINT('Ctrl Pts',(42.6774588184102,130.852884892194,38.3519266968688));
#1178=CARTESIAN_POINT('Ctrl Pts',(42.6659882289808,131.112969599857,38.3251866368409));
#1179=CARTESIAN_POINT('Ctrl Pts',(42.6545188289032,131.373027340098,38.2984493494115));
#1180=CARTESIAN_POINT('Ctrl Pts',(42.6430494288256,131.63213631413,38.2623349781493));
#1181=CARTESIAN_POINT('Ctrl Pts',(42.6315800287481,131.889612805658,38.2169366838702));
#1182=CARTESIAN_POINT('Ctrl Pts',(42.6201097622888,132.147108746584,38.1715349602702));
#1183=CARTESIAN_POINT('Ctrl Pts',(42.6086394958295,132.402971688645,38.1168479568107));
#1184=CARTESIAN_POINT('Ctrl Pts',(42.5971692293702,132.656526683292,38.05302022142));
#1185=CARTESIAN_POINT('Ctrl Pts',(42.5856991447568,132.910077658159,37.9891934979337));
#1186=CARTESIAN_POINT('Ctrl Pts',(42.5742290601434,133.161320493946,37.9162264009449));
#1187=CARTESIAN_POINT('Ctrl Pts',(42.56275897553,133.409593207249,37.8343139743482));
#1188=CARTESIAN_POINT('Ctrl Pts',(42.5512864479627,133.657918798871,37.7523841016481));
#1189=CARTESIAN_POINT('Ctrl Pts',(42.5398139203955,133.903272743652,37.6615051768064));
#1190=CARTESIAN_POINT('Ctrl Pts',(42.5283413928282,134.145009506121,37.561921718465));
#1191=CARTESIAN_POINT('Ctrl Pts',(42.5194878543788,134.331561746558,37.4850715237561));
#1192=CARTESIAN_POINT('Ctrl Pts',(42.5106343159294,134.515960093754,37.4030383843423));
#1193=CARTESIAN_POINT('Ctrl Pts',(42.5017807774801,134.69791618338,37.3159542071552));
#1194=CARTESIAN_POINT('Ctrl Pts',(42.4903086848239,134.933688257052,37.2031137021647));
#1195=CARTESIAN_POINT('Ctrl Pts',(42.4788365921677,135.165426905749,37.0817584104527));
#1196=CARTESIAN_POINT('Ctrl Pts',(42.4673644995115,135.392517751351,36.9522022305089));
#1197=CARTESIAN_POINT('Ctrl Pts',(42.4558942942706,135.619571235439,36.8226673654487));
#1198=CARTESIAN_POINT('Ctrl Pts',(42.4444240890297,135.841978205493,36.6849344412886));
#1199=CARTESIAN_POINT('Ctrl Pts',(42.4329538837888,136.059149684843,36.5393628643714));
#1200=CARTESIAN_POINT('Ctrl Pts',(42.4214848747286,136.276298516271,36.3938064685161));
#1201=CARTESIAN_POINT('Ctrl Pts',(42.4100158656683,136.488212720061,36.2404132045172));
#1202=CARTESIAN_POINT('Ctrl Pts',(42.398546856608,136.694332117826,36.0795859182792));
#1203=CARTESIAN_POINT('Ctrl Pts',(42.3870769889177,136.900466946769,35.9187465916689));
#1204=CARTESIAN_POINT('Ctrl Pts',(42.3756071212274,137.1008058852,35.7504722966162));
#1205=CARTESIAN_POINT('Ctrl Pts',(42.3641372535371,137.294820593939,35.5752071557882));
#1206=CARTESIAN_POINT('Ctrl Pts',(42.3526675714172,137.488832163725,35.3999448505655));
#1207=CARTESIAN_POINT('Ctrl Pts',(42.3411978892972,137.676519506663,35.2176921105723));
#1208=CARTESIAN_POINT('Ctrl Pts',(42.3297282071773,137.857389412178,35.0289315801117));
#1209=CARTESIAN_POINT('Ctrl Pts',(42.3182560853957,138.038297789672,34.8401308992945));
#1210=CARTESIAN_POINT('Ctrl Pts',(42.3067839636141,138.212385641805,34.6448198587224));
#1211=CARTESIAN_POINT('Ctrl Pts',(42.2953118418325,138.379197484322,34.4435170889405));
#1212=CARTESIAN_POINT('Ctrl Pts',(42.2864559448838,138.507967777671,34.2881215467196));
#1213=CARTESIAN_POINT('Ctrl Pts',(42.2776000479351,138.632402997633,34.1291562449742));
#1214=CARTESIAN_POINT('Ctrl Pts',(42.2687441509864,138.752310139032,33.9668731194486));
#1215=CARTESIAN_POINT('Ctrl Pts',(42.2572713060157,138.907650253323,33.7566347719028));
#1216=CARTESIAN_POINT('Ctrl Pts',(42.2457984610449,139.055433946712,33.5407666234249));
#1217=CARTESIAN_POINT('Ctrl Pts',(42.2343256160741,139.195265757029,33.3198341181275));
#1218=CARTESIAN_POINT('Ctrl Pts',(42.2228546483263,139.335074687625,33.0989377625024));
#1219=CARTESIAN_POINT('Ctrl Pts',(42.2113836805786,139.466934186504,32.8729789353961));
#1220=CARTESIAN_POINT('Ctrl Pts',(42.1999127128308,139.590492568968,32.642551360581));
#1221=CARTESIAN_POINT('Ctrl Pts',(42.1884429332722,139.714038152971,32.4121476539824));
#1222=CARTESIAN_POINT('Ctrl Pts',(42.1769731537136,139.829284208331,32.1772763649456));
#1223=CARTESIAN_POINT('Ctrl Pts',(42.165503374155,139.935924857517,31.9385560777239));
#1224=CARTESIAN_POINT('Ctrl Pts',(42.1540327291209,140.042573553489,31.6998177773789));
#1225=CARTESIAN_POINT('Ctrl Pts',(42.1425620840868,140.140615431412,31.4572301470056));
#1226=CARTESIAN_POINT('Ctrl Pts',(42.1310914390527,140.229792091984,31.2114332958533));
#1227=CARTESIAN_POINT('Ctrl Pts',(42.1196209769519,140.318967330372,30.9656403646558));
#1228=CARTESIAN_POINT('Ctrl Pts',(42.108150514851,140.399277542636,30.7166385728194));
#1229=CARTESIAN_POINT('Ctrl Pts',(42.0966800527502,140.470513420785,30.4650855789345));
#1230=CARTESIAN_POINT('Ctrl Pts',(42.0852071520012,140.541764443854,30.2134791042731));
#1231=CARTESIAN_POINT('Ctrl Pts',(42.0737342512523,140.603937201983,29.9593206066763));
#1232=CARTESIAN_POINT('Ctrl Pts',(42.0622613505034,140.656872583697,29.7032818370158));
#1233=CARTESIAN_POINT('Ctrl Pts',(42.0534100751665,140.697711918828,29.5057494346381));
#1234=CARTESIAN_POINT('Ctrl Pts',(42.0445587998297,140.733054145256,29.3070981993513));
#1235=CARTESIAN_POINT('Ctrl Pts',(42.0357075244928,140.762847015315,29.1076406417147));
#1236=CARTESIAN_POINT('Ctrl Pts',(42.0242352436339,140.801462035174,28.8491204812216));
#1237=CARTESIAN_POINT('Ctrl Pts',(42.0127629627749,140.830763953738,28.5891712180575));
#1238=CARTESIAN_POINT('Ctrl Pts',(42.0012906819159,140.850668608755,28.3284776448292));
#1239=CARTESIAN_POINT('Ctrl Pts',(41.9898202852308,140.87056999469,28.0678268871493));
#1240=CARTESIAN_POINT('Ctrl Pts',(41.9783498885456,140.881077177487,27.8064323361104));
#1241=CARTESIAN_POINT('Ctrl Pts',(41.9668794918604,140.882157921559,27.5449832365615));
#1242=CARTESIAN_POINT('Ctrl Pts',(41.9554102886679,140.883238553179,27.283561340744));
#1243=CARTESIAN_POINT('Ctrl Pts',(41.9439410854754,140.874894703479,27.0220851812259));
#1244=CARTESIAN_POINT('Ctrl Pts',(41.9324718822829,140.857146253158,26.7612444828379));
#1245=CARTESIAN_POINT('Ctrl Pts',(41.9210018176949,140.839396469838,26.5003841939863));
#1246=CARTESIAN_POINT('Ctrl Pts',(41.9095317531069,140.812240690012,26.2401597348035));
#1247=CARTESIAN_POINT('Ctrl Pts',(41.8980616885189,140.775750822668,25.9812575798304));
#1248=CARTESIAN_POINT('Ctrl Pts',(41.8865918082562,140.739261541719,25.722359585444));
#1249=CARTESIAN_POINT('Ctrl Pts',(41.8751219279934,140.69343851328,25.4647841234294));
#1250=CARTESIAN_POINT('Ctrl Pts',(41.8636520477306,140.638405235172,25.2092101498144));
#1251=CARTESIAN_POINT('Ctrl Pts',(41.8521797271349,140.583360248178,24.9535818002529));
#1252=CARTESIAN_POINT('Ctrl Pts',(41.8407074065391,140.519101152199,24.6999560578422));
#1253=CARTESIAN_POINT('Ctrl Pts',(41.8292350859433,140.445802389002,24.4490007881085));
#1254=CARTESIAN_POINT('Ctrl Pts',(41.8203803566286,140.389227897225,24.2553049298866));
#1255=CARTESIAN_POINT('Ctrl Pts',(41.8115256273139,140.327269257189,24.0631997498519));
#1256=CARTESIAN_POINT('Ctrl Pts',(41.8026708979992,140.260026990644,23.8729861373156));
#1257=CARTESIAN_POINT('Ctrl Pts',(41.7911983086383,140.172904856885,23.6265367440119));
#1258=CARTESIAN_POINT('Ctrl Pts',(41.7797257192775,140.076886426227,23.3831924907901));
#1259=CARTESIAN_POINT('Ctrl Pts',(41.7682531299166,139.972218507304,23.1435977071904));
#1260=CARTESIAN_POINT('Ctrl Pts',(41.7567824211543,139.867567745654,22.904042198212));
#1261=CARTESIAN_POINT('Ctrl Pts',(41.7453117123919,139.754270435782,22.6682351823785));
#1262=CARTESIAN_POINT('Ctrl Pts',(41.7338410036296,139.632621337194,22.436800570667));
#1263=CARTESIAN_POINT('Ctrl Pts',(41.7223714856842,139.510984867452,22.2053899850433));
#1264=CARTESIAN_POINT('Ctrl Pts',(41.7109019677388,139.38099846754,21.9783511391926));
#1265=CARTESIAN_POINT('Ctrl Pts',(41.6994324497934,139.243003152655,21.7562839284756));
#1266=CARTESIAN_POINT('Ctrl Pts',(41.687962068564,139.104997451183,21.5342000032744));
#1267=CARTESIAN_POINT('Ctrl Pts',(41.6764916873346,138.958981771981,21.317088694915));
#1268=CARTESIAN_POINT('Ctrl Pts',(41.6650213061052,138.805341559096,21.1055226300091));
#1269=CARTESIAN_POINT('Ctrl Pts',(41.65355110863,138.65170380751,20.8939599543678));
#1270=CARTESIAN_POINT('Ctrl Pts',(41.6420809111548,138.490441928788,20.6879425647729));
#1271=CARTESIAN_POINT('Ctrl Pts',(41.6306107136796,138.321983406285,20.4880122555094));
#1272=CARTESIAN_POINT('Ctrl Pts',(41.6191380770929,138.153489061459,20.2880394315202));
#1273=CARTESIAN_POINT('Ctrl Pts',(41.6076654405063,137.977795190219,20.094156484482));
#1274=CARTESIAN_POINT('Ctrl Pts',(41.5961928039197,137.795369070701,19.9068715239854));
#1275=CARTESIAN_POINT('Ctrl Pts',(41.5873399597817,137.654600208147,19.7623533435169));
#1276=CARTESIAN_POINT('Ctrl Pts',(41.5784871156437,137.50982350661,19.6217632189442));
#1277=CARTESIAN_POINT('Ctrl Pts',(41.5696342715056,137.36126868985,19.4853196257552));
#1278=CARTESIAN_POINT('Ctrl Pts',(41.5581618137114,137.168755545054,19.3085014936673));
#1279=CARTESIAN_POINT('Ctrl Pts',(41.5466893559172,136.96984103752,19.1385974325295));
#1280=CARTESIAN_POINT('Ctrl Pts',(41.535216898123,136.765045282702,18.9760608001738));
#1281=CARTESIAN_POINT('Ctrl Pts',(41.5237463223521,136.560283124032,18.81355083148));
#1282=CARTESIAN_POINT('Ctrl Pts',(41.5122757465812,136.349641858402,18.6584060486702));
#1283=CARTESIAN_POINT('Ctrl Pts',(41.5008051708104,136.133674379078,18.5110392902292));
#1284=CARTESIAN_POINT('Ctrl Pts',(41.489335786898,135.917729340012,18.3636878440384));
#1285=CARTESIAN_POINT('Ctrl Pts',(41.4778664029856,135.696459418235,18.2241129625432));
#1286=CARTESIAN_POINT('Ctrl Pts',(41.4663970190733,135.470447100766,18.0926845826162));
#1287=CARTESIAN_POINT('Ctrl Pts',(41.45492677253,135.244417784545,17.961246317749));
#1288=CARTESIAN_POINT('Ctrl Pts',(41.4434565259868,135.013645594863,17.8379559189485));
#1289=CARTESIAN_POINT('Ctrl Pts',(41.4319862794436,134.77873947339,17.7231384047323));
#1290=CARTESIAN_POINT('Ctrl Pts',(41.4205162168135,134.543837118383,17.6083227314916));
#1291=CARTESIAN_POINT('Ctrl Pts',(41.4090461541834,134.304801210762,17.5019797895917));
#1292=CARTESIAN_POINT('Ctrl Pts',(41.3975760915532,134.06226336519,17.4043876521419));
#1293=CARTESIAN_POINT('Ctrl Pts',(41.3861035891569,133.819673930047,17.3067747561313));
#1294=CARTESIAN_POINT('Ctrl Pts',(41.3746310867607,133.573581321911,17.2179164873449));
#1295=CARTESIAN_POINT('Ctrl Pts',(41.3631585843644,133.324636508407,17.1380425066311));
#1296=CARTESIAN_POINT('Ctrl Pts',(41.3543049379136,133.132518931229,17.0764015532077));
#1297=CARTESIAN_POINT('Ctrl Pts',(41.3454512914628,132.938703101131,17.0201103455684));
#1298=CARTESIAN_POINT('Ctrl Pts',(41.336597645012,132.743494454362,16.9692541504822));
#1299=CARTESIAN_POINT('Ctrl Pts',(41.325125147654,132.490544362356,16.9033550243985));
#1300=CARTESIAN_POINT('Ctrl Pts',(41.3136526502961,132.235182494103,16.8465644880149));
#1301=CARTESIAN_POINT('Ctrl Pts',(41.3021801529381,131.978080830769,16.7990390699467));
#1302=CARTESIAN_POINT('Ctrl Pts',(41.2907095372323,131.72102133575,16.7515214467203));
#1303=CARTESIAN_POINT('Ctrl Pts',(41.2792389215264,131.462222884204,16.7132659577339));
#1304=CARTESIAN_POINT('Ctrl Pts',(41.2677683058206,131.202367407342,16.6843779730308));
#1305=CARTESIAN_POINT('Ctrl Pts',(41.256298881717,130.942538925053,16.655492989299));
#1306=CARTESIAN_POINT('Ctrl Pts',(41.2448294576134,130.681653908497,16.6359735968923));
#1307=CARTESIAN_POINT('Ctrl Pts',(41.2333600335098,130.42040030958,16.6258733962704));
#1308=CARTESIAN_POINT('Ctrl Pts',(41.2218897466659,130.159127058934,16.6157724359025));
#1309=CARTESIAN_POINT('Ctrl Pts',(41.210419459822,129.897485443777,16.6150920967186));
#1310=CARTESIAN_POINT('Ctrl Pts',(41.1989491729781,129.636165718467,16.6238339003354));
#1311=CARTESIAN_POINT('Ctrl Pts',(41.1874790700479,129.374850183137,16.6325755637867));
#1312=CARTESIAN_POINT('Ctrl Pts',(41.1760089671176,129.113856800694,16.6507390568815));
#1313=CARTESIAN_POINT('Ctrl Pts',(41.1645388641874,128.853873837352,16.6782738053322));
#1314=CARTESIAN_POINT('Ctrl Pts',(41.1530663217642,128.59383558012,16.7058144099487));
#1315=CARTESIAN_POINT('Ctrl Pts',(41.141593779341,128.33480844369,16.7427302250509));
#1316=CARTESIAN_POINT('Ctrl Pts',(41.1301212369178,128.077475085913,16.7889188417101));
#1317=CARTESIAN_POINT('Ctrl Pts',(41.1212678307847,127.878889921094,16.824562778941));
#1318=CARTESIAN_POINT('Ctrl Pts',(41.1124144246515,127.681313361022,16.8657278694522));
#1319=CARTESIAN_POINT('Ctrl Pts',(41.1035610185184,127.485055136199,16.9123462043062));
#1320=CARTESIAN_POINT('Ctrl Pts',(41.0920885236112,127.230738159103,16.9727555655344));
#1321=CARTESIAN_POINT('Ctrl Pts',(41.0806160287039,126.978562231293,17.042340922945));
#1322=CARTESIAN_POINT('Ctrl Pts',(41.0691435337967,126.729194272411,17.1209254214929));
#1323=CARTESIAN_POINT('Ctrl Pts',(41.0576729205183,126.479867212909,17.1994970312263));
#1324=CARTESIAN_POINT('Ctrl Pts',(41.0462023072399,126.233347463689,17.2870647532649));
#1325=CARTESIAN_POINT('Ctrl Pts',(41.0347316939614,125.990286743234,17.3834018815075));
#1326=CARTESIAN_POINT('Ctrl Pts',(41.0232622722551,125.747251272027,17.4797290022093));
#1327=CARTESIAN_POINT('Ctrl Pts',(41.0117928505487,125.507674366289,17.5848236092978));
#1328=CARTESIAN_POINT('Ctrl Pts',(41.0003234288424,125.272188786274,17.6984104485097));
#1329=CARTESIAN_POINT('Ctrl Pts',(40.9888531443321,125.036685491515,17.8120058324563));
#1330=CARTESIAN_POINT('Ctrl Pts',(40.9773828598219,124.805274385216,17.9340946089664));
#1331=CARTESIAN_POINT('Ctrl Pts',(40.9659125753116,124.578565840289,18.0643544460311));
#1332=CARTESIAN_POINT('Ctrl Pts',(40.9544424746759,124.351860929614,18.1946121949644));
#1333=CARTESIAN_POINT('Ctrl Pts',(40.9429723740401,124.129858665825,18.3330406045699));
#1334=CARTESIAN_POINT('Ctrl Pts',(40.9315022734044,123.913143236856,18.479272261989));
#1335=CARTESIAN_POINT('Ctrl Pts',(40.920029733197,123.69638171476,18.6255350213673));
#1336=CARTESIAN_POINT('Ctrl Pts',(40.9085571929896,123.484909501978,18.7796041929465));
#1337=CARTESIAN_POINT('Ctrl Pts',(40.8970846527822,123.279281526468,18.9410692113764));
#1338=CARTESIAN_POINT('Ctrl Pts',(40.8882312325297,123.120597324893,19.0656726242554));
#1339=CARTESIAN_POINT('Ctrl Pts',(40.8793778122773,122.965392968182,19.1946795920155));
#1340=CARTESIAN_POINT('Ctrl Pts',(40.8705243920248,122.813910179531,19.3278848940485));
#1341=CARTESIAN_POINT('Ctrl Pts',(40.8590519046234,122.617614924729,19.500495716284));
#1342=CARTESIAN_POINT('Ctrl Pts',(40.847579417222,122.427513551952,19.6802071429094));
#1343=CARTESIAN_POINT('Ctrl Pts',(40.8361069298206,122.244112179056,19.866550235783));
#1344=CARTESIAN_POINT('Ctrl Pts',(40.8246363241587,122.060740888008,20.0528627643028));
#1345=CARTESIAN_POINT('Ctrl Pts',(40.8131657184968,121.884067594684,20.2458045926146));
#1346=CARTESIAN_POINT('Ctrl Pts',(40.801695112835,121.714561614421,20.4448698803096));
#1347=CARTESIAN_POINT('Ctrl Pts',(40.7902256988339,121.545073243833,20.6439144874669));
#1348=CARTESIAN_POINT('Ctrl Pts',(40.7787562848328,121.382750876748,20.8490810755057));
#1349=CARTESIAN_POINT('Ctrl Pts',(40.7672868708316,121.228024318536,21.0598298142995));
#1350=CARTESIAN_POINT('Ctrl Pts',(40.7558165941087,121.073286121892,21.2705944054768));
#1351=CARTESIAN_POINT('Ctrl Pts',(40.7443463173857,120.926145040171,21.4869417677174));
#1352=CARTESIAN_POINT('Ctrl Pts',(40.7328760406627,120.786989029551,21.7083009879012));
#1353=CARTESIAN_POINT('Ctrl Pts',(40.7214059478482,120.647835250087,21.9296566589262));
#1354=CARTESIAN_POINT('Ctrl Pts',(40.7099358550336,120.516666429691,22.1560237945734));
#1355=CARTESIAN_POINT('Ctrl Pts',(40.6984657622191,120.393826257521,22.3868039432635));
#1356=CARTESIAN_POINT('Ctrl Pts',(40.6869932298349,120.27095995852,22.6176331764966));
#1357=CARTESIAN_POINT('Ctrl Pts',(40.6755206974506,120.156425977163,22.8528770573342));
#1358=CARTESIAN_POINT('Ctrl Pts',(40.6640481650663,120.050521923867,23.0919127408814));
#1359=CARTESIAN_POINT('Ctrl Pts',(40.6551946985546,119.968794720326,23.2763789379257));
#1360=CARTESIAN_POINT('Ctrl Pts',(40.6463412320429,119.892206032679,23.4631027735299));
#1361=CARTESIAN_POINT('Ctrl Pts',(40.6374877655312,119.820873129618,23.6517896344562));
#1362=CARTESIAN_POINT('Ctrl Pts',(40.6260461034981,119.728686982241,23.8956366394623));
#1363=CARTESIAN_POINT('Ctrl Pts',(40.614604441465,119.645252374443,24.1428368135849));
#1364=CARTESIAN_POINT('Ctrl Pts',(40.6031627794319,119.570796004035,24.3927422983964));
#1365=CARTESIAN_POINT('Ctrl Pts',(40.5916419067257,119.495824171869,24.644377879904));
#1366=CARTESIAN_POINT('Ctrl Pts',(40.5801210340194,119.429955466485,24.8987561086069));
#1367=CARTESIAN_POINT('Ctrl Pts',(40.5686001613131,119.373370407925,25.1551994597732));
#1368=CARTESIAN_POINT('Ctrl Pts',(40.5571612338149,119.317187825334,25.4098187908068));
#1369=CARTESIAN_POINT('Ctrl Pts',(40.5457223063167,119.270157297885,25.6664736853367));
#1370=CARTESIAN_POINT('Ctrl Pts',(40.5342833788185,119.232404559332,25.9244892146864));
#1371=CARTESIAN_POINT('Ctrl Pts',(40.5227215335082,119.194246146032,26.1852772683265));
#1372=CARTESIAN_POINT('Ctrl Pts',(40.5111596881979,119.165566120285,26.4474550855582));
#1373=CARTESIAN_POINT('Ctrl Pts',(40.4995978428876,119.146440780669,26.7103178314712));
#1374=CARTESIAN_POINT('Ctrl Pts',(40.4880359975773,119.127315441052,26.9731805773842));
#1375=CARTESIAN_POINT('Ctrl Pts',(40.476474152267,119.117744806044,27.2367279608863));
#1376=CARTESIAN_POINT('Ctrl Pts',(40.4649123069567,119.117750896976,27.5002515260908));
#1377=CARTESIAN_POINT('Ctrl Pts',(40.0350887659267,119.117430706994,27.500228380627));
#1378=CARTESIAN_POINT('Ctrl Pts',(40.0995880307309,119.118801955518,26.0303289518007));
#1379=CARTESIAN_POINT('Ctrl Pts',(40.241766171033,119.780522803549,22.7889769319518));
#1380=CARTESIAN_POINT('Ctrl Pts',(40.461623186833,122.901999188572,18.6768717602362));
#1381=CARTESIAN_POINT('Ctrl Pts',(40.6946598133267,127.868133724675,16.3786528323418));
#1382=CARTESIAN_POINT('Ctrl Pts',(40.9276964398203,133.332105460242,16.6775095607957));
#1383=CARTESIAN_POINT('Ctrl Pts',(41.1607330663139,138.017958547383,19.5036523611524));
#1384=CARTESIAN_POINT('Ctrl Pts',(41.3937696928075,140.831444734419,24.1971157220097));
#1385=CARTESIAN_POINT('Ctrl Pts',(41.6268063193011,141.115553985555,29.6618740422217));
#1386=CARTESIAN_POINT('Ctrl Pts',(41.8598429457947,138.803940683312,34.6217881386292));
#1387=CARTESIAN_POINT('Ctrl Pts',(42.0928795722883,134.436416537888,37.9186098773296));
#1388=CARTESIAN_POINT('Ctrl Pts',(42.3259161987819,129.032893314256,38.7824612974126));
#1389=CARTESIAN_POINT('Ctrl Pts',(42.5589528252755,123.855210393829,37.0116115824494));
#1390=CARTESIAN_POINT('Ctrl Pts',(42.7919894517691,120.112469815393,33.0195981602945));
#1391=CARTESIAN_POINT('Ctrl Pts',(42.9507014319862,119.135973210149,29.4229416125234));
#1392=CARTESIAN_POINT('Ctrl Pts',(43.0317345367053,119.116910520678,27.5765031485322));
#1393=CARTESIAN_POINT('Ctrl Pts',(43.0350887659267,119.116939246913,27.5000723404674));
#1394=CARTESIAN_POINT('Origin',(40.2000005364417,130.00000089407,27.5));
#1395=CARTESIAN_POINT('',(43.9000005364417,132.594067465745,16.9314530949513));
#1396=CARTESIAN_POINT('Ctrl Pts',(43.0350887659266,119.11775089431,27.5000723350723));
#1397=CARTESIAN_POINT('Ctrl Pts',(43.0465415044057,119.117749159776,27.2391251205448));
#1398=CARTESIAN_POINT('Ctrl Pts',(43.0579942428848,119.127137711254,26.9781383757666));
#1399=CARTESIAN_POINT('Ctrl Pts',(43.0694469813638,119.145899017945,26.7177995619938));
#1400=CARTESIAN_POINT('Ctrl Pts',(43.0808978205407,119.164657213295,26.4575039223562));
#1401=CARTESIAN_POINT('Ctrl Pts',(43.0923486597176,119.19278504103,26.1978562738391));
#1402=CARTESIAN_POINT('Ctrl Pts',(43.1037994988944,119.230212954961,25.9395408338803));
#1403=CARTESIAN_POINT('Ctrl Pts',(43.1152491839876,119.267637096683,25.6812514284883));
#1404=CARTESIAN_POINT('Ctrl Pts',(43.1266988690808,119.314359413451,25.4242942360666));
#1405=CARTESIAN_POINT('Ctrl Pts',(43.138148554174,119.370258743731,25.1693462548441));
#1406=CARTESIAN_POINT('Ctrl Pts',(43.1495990776787,119.42616216728,24.9143796048694));
#1407=CARTESIAN_POINT('Ctrl Pts',(43.1610496011834,119.49124389067,24.661422729724));
#1408=CARTESIAN_POINT('Ctrl Pts',(43.1725001246882,119.56533178468,24.41114169311));
#1409=CARTESIAN_POINT('Ctrl Pts',(43.1839506320157,119.639419574018,24.1608610100915));
#1410=CARTESIAN_POINT('Ctrl Pts',(43.1954011393432,119.722513428013,23.9132564214955));
#1411=CARTESIAN_POINT('Ctrl Pts',(43.2068516466707,119.814391317274,23.6689789074479));
#1412=CARTESIAN_POINT('Ctrl Pts',(43.2183044448695,119.906287588289,23.4246525214746));
#1413=CARTESIAN_POINT('Ctrl Pts',(43.2297572430683,120.006971309189,23.1836547980122));
#1414=CARTESIAN_POINT('Ctrl Pts',(43.2412100412671,120.116171752556,22.94661811794));
#1415=CARTESIAN_POINT('Ctrl Pts',(43.2468275957635,120.169734159839,22.8303525167446));
#1416=CARTESIAN_POINT('Ctrl Pts',(43.2524451502599,120.225344846084,22.7150395760976));
#1417=CARTESIAN_POINT('Ctrl Pts',(43.2580627047563,120.282967715535,22.6007519689484));
#1418=CARTESIAN_POINT('Ctrl Pts',(43.2695347795116,120.40064416467,22.3673557511367));
#1419=CARTESIAN_POINT('Ctrl Pts',(43.2810068542668,120.526750425275,22.1381676942235));
#1420=CARTESIAN_POINT('Ctrl Pts',(43.2924789290221,120.66095998514,21.9137955673066));
#1421=CARTESIAN_POINT('Ctrl Pts',(43.303949121934,120.79514752969,21.6894602456918));
#1422=CARTESIAN_POINT('Ctrl Pts',(43.315419314846,120.937435579405,21.4699395116139));
#1423=CARTESIAN_POINT('Ctrl Pts',(43.326889507758,121.087452648281,21.2558147986312));
#1424=CARTESIAN_POINT('Ctrl Pts',(43.338358510061,121.237454145348,21.0417123118481));
#1425=CARTESIAN_POINT('Ctrl Pts',(43.349827512364,121.395182902634,20.8330049517092));
#1426=CARTESIAN_POINT('Ctrl Pts',(43.3612965146671,121.560224598334,20.630244462833));
#1427=CARTESIAN_POINT('Ctrl Pts',(43.3727663841838,121.725278773447,20.4274686424858));
#1428=CARTESIAN_POINT('Ctrl Pts',(43.3842362537005,121.89764682155,20.2306408060629));
#1429=CARTESIAN_POINT('Ctrl Pts',(43.3957061232173,122.076873809804,20.0402800140305));
#1430=CARTESIAN_POINT('Ctrl Pts',(43.4071758119464,122.25609797309,19.8499222224566));
#1431=CARTESIAN_POINT('Ctrl Pts',(43.4186455006756,122.442180671378,19.6660314693362));
#1432=CARTESIAN_POINT('Ctrl Pts',(43.4301151894048,122.634629183689,19.489090898629));
#1433=CARTESIAN_POINT('Ctrl Pts',(43.4415873254219,122.827118758747,19.3121125741052));
#1434=CARTESIAN_POINT('Ctrl Pts',(43.453059461439,123.025976661344,19.1420875814891));
#1435=CARTESIAN_POINT('Ctrl Pts',(43.4645315974561,123.23067497048,18.9794606037695));
#1436=CARTESIAN_POINT('Ctrl Pts',(43.4733875087207,123.388691756458,18.8539207669185));
#1437=CARTESIAN_POINT('Ctrl Pts',(43.4822434199853,123.550188146029,18.7327886951482));
#1438=CARTESIAN_POINT('Ctrl Pts',(43.4910993312499,123.71490827372,18.6162521526033));
#1439=CARTESIAN_POINT('Ctrl Pts',(43.5025718025915,123.928296471485,18.4652838214351));
#1440=CARTESIAN_POINT('Ctrl Pts',(43.5140442739331,124.14715725735,18.321985731251));
#1441=CARTESIAN_POINT('Ctrl Pts',(43.5255167452747,124.370917210876,18.1867416040299));
#1442=CARTESIAN_POINT('Ctrl Pts',(43.5369873323707,124.594640413933,18.0515196893859));
#1443=CARTESIAN_POINT('Ctrl Pts',(43.5484579194667,124.823260944241,17.9243492383088));
#1444=CARTESIAN_POINT('Ctrl Pts',(43.5599285065626,125.056178007895,17.8055696230961));
#1445=CARTESIAN_POINT('Ctrl Pts',(43.5713978995701,125.289070824875,17.6868023728454));
#1446=CARTESIAN_POINT('Ctrl Pts',(43.5828672925776,125.526259038467,17.5764243384838));
#1447=CARTESIAN_POINT('Ctrl Pts',(43.594336685585,125.767117941812,17.4747285834755));
#1448=CARTESIAN_POINT('Ctrl Pts',(43.6058069377671,126.007994887946,17.3730252104172));
#1449=CARTESIAN_POINT('Ctrl Pts',(43.6172771899491,126.252542822444,17.280005525565));
#1450=CARTESIAN_POINT('Ctrl Pts',(43.6287474421312,126.500116495245,17.1959146811876));
#1451=CARTESIAN_POINT('Ctrl Pts',(43.6402175084708,126.747686156828,17.11182519926));
#1452=CARTESIAN_POINT('Ctrl Pts',(43.6516875748105,126.998281199024,17.0366643547046));
#1453=CARTESIAN_POINT('Ctrl Pts',(43.6631576411502,127.251239836541,16.9706278576967));
#1454=CARTESIAN_POINT('Ctrl Pts',(43.6746301441576,127.504252211859,16.9045773320863));
#1455=CARTESIAN_POINT('Ctrl Pts',(43.686102647165,127.75962892136,16.8476550976598));
#1456=CARTESIAN_POINT('Ctrl Pts',(43.6975751501724,128.016695123995,16.8000063885585));
#1457=CARTESIAN_POINT('Ctrl Pts',(43.7064287526961,128.215079206261,16.7632347502439));
#1458=CARTESIAN_POINT('Ctrl Pts',(43.7152823552198,128.414469188561,16.7319850164618));
#1459=CARTESIAN_POINT('Ctrl Pts',(43.7241359577435,128.61455129052,16.7063030217388));
#1460=CARTESIAN_POINT('Ctrl Pts',(43.7355747852888,128.873056757993,16.6731219626312));
#1461=CARTESIAN_POINT('Ctrl Pts',(43.7470136128341,129.132796379004,16.6492265542181));
#1462=CARTESIAN_POINT('Ctrl Pts',(43.7584524403794,129.393087731798,16.6346872352444));
#1463=CARTESIAN_POINT('Ctrl Pts',(43.7702481150513,129.661499166913,16.6196943458171));
#1464=CARTESIAN_POINT('Ctrl Pts',(43.7820437897231,129.930497008249,16.6146507156777));
#1465=CARTESIAN_POINT('Ctrl Pts',(43.793839464395,130.199328766238,16.6195756763867));
#1466=CARTESIAN_POINT('Ctrl Pts',(43.8052756223673,130.459966884689,16.62435053075));
#1467=CARTESIAN_POINT('Ctrl Pts',(43.8167117803397,130.720448601868,16.6384952987915));
#1468=CARTESIAN_POINT('Ctrl Pts',(43.828147938312,130.980088604307,16.6619746658932));
#1469=CARTESIAN_POINT('Ctrl Pts',(43.8401233713337,131.251971999628,16.686561208751));
#1470=CARTESIAN_POINT('Ctrl Pts',(43.8520988043553,131.52293206048,16.7213838871021));
#1471=CARTESIAN_POINT('Ctrl Pts',(43.8640742373769,131.792187385876,16.7663411344925));
#1472=CARTESIAN_POINT('Ctrl Pts',(43.8760496703985,132.061442711271,16.8112983818828));
#1473=CARTESIAN_POINT('Ctrl Pts',(43.8880251034201,132.328992958116,16.866390137345));
#1474=CARTESIAN_POINT('Ctrl Pts',(43.9000005364417,132.594067465745,16.9314530949513));
#1475=CARTESIAN_POINT('',(43.9000005364417,123.331782148165,18.9001032669415));
#1476=CARTESIAN_POINT('Origin',(43.9000005364417,130.00000089407,27.5));
#1477=CARTESIAN_POINT('Ctrl Pts',(43.9000005364417,123.331782148165,18.9001032669415));
#1478=CARTESIAN_POINT('Ctrl Pts',(43.8223216609438,121.932662743632,19.9849574844583));
#1479=CARTESIAN_POINT('Ctrl Pts',(43.6772922559277,119.825146857334,22.6588307091055));
#1480=CARTESIAN_POINT('Ctrl Pts',(43.5322628509117,119.11855329498,25.9653236353222));
#1481=CARTESIAN_POINT('Ctrl Pts',(43.4649123213935,119.117251292055,27.5002201617858));
#1482=CARTESIAN_POINT('Origin',(30.9542308607266,130.00000089407,27.5));
#1483=CARTESIAN_POINT('',(43.8999734778052,126.344919936164,35.908652857691));
#1484=CARTESIAN_POINT('Ctrl Pts',(41.1774818489249,122.332680335613,32.5276490672938));
#1485=CARTESIAN_POINT('Ctrl Pts',(41.2230529560757,121.849903428577,31.7913993301068));
#1486=CARTESIAN_POINT('Ctrl Pts',(41.2680290677556,121.474768348104,30.9880314770725));
#1487=CARTESIAN_POINT('Ctrl Pts',(41.3449739254374,121.052448348573,29.5844922843895));
#1488=CARTESIAN_POINT('Ctrl Pts',(41.3757564214676,120.938192890491,29.012440657831));
#1489=CARTESIAN_POINT('Ctrl Pts',(41.4486468276718,120.795045875666,27.6136498599867));
#1490=CARTESIAN_POINT('Ctrl Pts',(41.49058773836,120.822050374488,26.7863110836076));
#1491=CARTESIAN_POINT('Ctrl Pts',(41.5642876940437,121.056375162298,25.3982804768078));
#1492=CARTESIAN_POINT('Ctrl Pts',(41.5951803715594,121.20824774588,24.8334038468021));
#1493=CARTESIAN_POINT('Ctrl Pts',(41.6585279670327,121.634095870577,23.6953287883717));
#1494=CARTESIAN_POINT('Ctrl Pts',(41.6906779255533,121.915937888514,23.1282908555025));
#1495=CARTESIAN_POINT('Ctrl Pts',(41.7841418180558,122.880911262855,21.6044497334329));
#1496=CARTESIAN_POINT('Ctrl Pts',(41.8460428577066,123.692117379959,20.74355219229));
#1497=CARTESIAN_POINT('Ctrl Pts',(41.9369880324483,125.125039497353,19.7120628570174));
#1498=CARTESIAN_POINT('Ctrl Pts',(41.9675461353357,125.639169502971,19.4129523624812));
#1499=CARTESIAN_POINT('Ctrl Pts',(42.0291694115404,126.709351458701,18.9222593066461));
#1500=CARTESIAN_POINT('Ctrl Pts',(42.0600740653442,127.26215500274,18.7301539343302));
#1501=CARTESIAN_POINT('Ctrl Pts',(42.1244736617526,128.461735243081,18.4378640944419));
#1502=CARTESIAN_POINT('Ctrl Pts',(42.1575825389489,129.10862508839,18.3515552287276));
#1503=CARTESIAN_POINT('Ctrl Pts',(42.2519773056447,130.928882172025,18.303731592006));
#1504=CARTESIAN_POINT('Ctrl Pts',(42.3137426239138,132.093710556535,18.4971901078375));
#1505=CARTESIAN_POINT('Ctrl Pts',(42.4046113384804,133.7476009383,19.1111113983399));
#1506=CARTESIAN_POINT('Ctrl Pts',(42.435217456071,134.283101305505,19.3714709749226));
#1507=CARTESIAN_POINT('Ctrl Pts',(42.4968745661853,135.287197804158,19.9866059120761));
#1508=CARTESIAN_POINT('Ctrl Pts',(42.5277628440174,135.754520566583,20.3382238259515));
#1509=CARTESIAN_POINT('Ctrl Pts',(42.5907360773101,136.646383257268,21.153276482023));
#1510=CARTESIAN_POINT('Ctrl Pts',(42.6225451944471,137.063247804296,21.6207256216424));
#1511=CARTESIAN_POINT('Ctrl Pts',(42.7156785852716,138.11665830126,23.0772748619278));
#1512=CARTESIAN_POINT('Ctrl Pts',(42.7776264210835,138.615281485426,24.1507319987137));
#1513=CARTESIAN_POINT('Ctrl Pts',(42.8685983271599,139.041165053773,25.8646717983916));
#1514=CARTESIAN_POINT('Ctrl Pts',(42.8991394822481,139.128005135407,26.4528786988335));
#1515=CARTESIAN_POINT('Ctrl Pts',(42.9607506672747,139.186383138323,27.628660721908));
#1516=CARTESIAN_POINT('Ctrl Pts',(42.991660965474,139.159542292374,28.2134172250784));
#1517=CARTESIAN_POINT('Ctrl Pts',(43.0565744005038,138.984262721737,29.4452368777374));
#1518=CARTESIAN_POINT('Ctrl Pts',(43.090151916147,138.82093754024,30.0868914374091));
#1519=CARTESIAN_POINT('Ctrl Pts',(43.1850046436111,138.181387795614,31.8007964673379));
#1520=CARTESIAN_POINT('Ctrl Pts',(43.2467041852651,137.566888396748,32.8079364280683));
#1521=CARTESIAN_POINT('Ctrl Pts',(43.3375396937578,136.379672989821,34.1119670503296));
#1522=CARTESIAN_POINT('Ctrl Pts',(43.368170383332,135.937764422884,34.5115093382944));
#1523=CARTESIAN_POINT('Ctrl Pts',(43.4298446953381,134.991732551123,35.2128410899074));
#1524=CARTESIAN_POINT('Ctrl Pts',(43.4607245280323,134.491072773246,35.5147095805934));
#1525=CARTESIAN_POINT('Ctrl Pts',(43.5229736442289,133.413810824669,36.0314040384579));
#1526=CARTESIAN_POINT('Ctrl Pts',(43.5541218297743,132.837400791932,36.2400310195212));
#1527=CARTESIAN_POINT('Ctrl Pts',(43.6374917140032,131.276741654576,36.6340727863306));
#1528=CARTESIAN_POINT('Ctrl Pts',(43.6904455239348,130.275546367098,36.7187541600648));
#1529=CARTESIAN_POINT('Ctrl Pts',(43.7681187916047,128.779110423747,36.6009567991807));
#1530=CARTESIAN_POINT('Ctrl Pts',(43.7938536001021,128.28183804856,36.5203053643577));
#1531=CARTESIAN_POINT('Ctrl Pts',(43.8463765434826,127.29793296243,36.2763757912507));
#1532=CARTESIAN_POINT('Ctrl Pts',(43.8730898505406,126.813323533799,36.1122589643179));
#1533=CARTESIAN_POINT('Ctrl Pts',(43.8999734778052,126.344919936164,35.908652857691));
#1534=CARTESIAN_POINT('',(43.9000005364417,136.759049704029,33.6951851364259));
#1535=CARTESIAN_POINT('Origin',(43.9000005364417,130.00000089407,27.5));
#1536=CARTESIAN_POINT('Ctrl Pts',(43.9000005364417,136.759049704029,33.6951851364259));
#1537=CARTESIAN_POINT('Ctrl Pts',(43.8586192206072,137.295979121788,33.1093863165007));
#1538=CARTESIAN_POINT('Ctrl Pts',(43.8182014244701,137.754484155428,32.4562628820641));
#1539=CARTESIAN_POINT('Ctrl Pts',(43.7356742586519,138.486526611713,31.0578421646007));
#1540=CARTESIAN_POINT('Ctrl Pts',(43.6940061128851,138.759491656167,30.3197021270932));
#1541=CARTESIAN_POINT('Ctrl Pts',(43.6266081851472,139.050961437546,29.0529090028238));
#1542=CARTESIAN_POINT('Ctrl Pts',(43.6002209578912,139.124011779121,28.5410801149304));
#1543=CARTESIAN_POINT('Ctrl Pts',(43.5427624506722,139.187655349307,27.4331694299579));
#1544=CARTESIAN_POINT('Ctrl Pts',(43.5116826918793,139.164061153298,26.8386204304685));
#1545=CARTESIAN_POINT('Ctrl Pts',(43.418720268842,138.923426200539,25.0892605669592));
#1546=CARTESIAN_POINT('Ctrl Pts',(43.3595992297735,138.542444716334,23.9692922002042));
#1547=CARTESIAN_POINT('Ctrl Pts',(43.2653134540555,137.648128989963,22.4040533863923));
#1548=CARTESIAN_POINT('Ctrl Pts',(43.2319208913232,137.279739066151,21.8903706348657));
#1549=CARTESIAN_POINT('Ctrl Pts',(43.1687322326609,136.474552275551,20.9818940833528));
#1550=CARTESIAN_POINT('Ctrl Pts',(43.1389805360175,136.046727935225,20.5831628548354));
#1551=CARTESIAN_POINT('Ctrl Pts',(43.0780196787893,135.112773076146,19.8660321490145));
#1552=CARTESIAN_POINT('Ctrl Pts',(43.04692218669,134.607602681493,19.5509200252879));
#1553=CARTESIAN_POINT('Ctrl Pts',(42.9540410368522,133.027538448228,18.7668556467621));
#1554=CARTESIAN_POINT('Ctrl Pts',(42.8950177692862,131.889616609071,18.452170940383));
#1555=CARTESIAN_POINT('Ctrl Pts',(42.7999609247318,130.077117649334,18.308738538494));
#1556=CARTESIAN_POINT('Ctrl Pts',(42.7656164883725,129.4273316807,18.3262722198351));
#1557=CARTESIAN_POINT('Ctrl Pts',(42.7015147793274,128.206164152524,18.4895579406396));
#1558=CARTESIAN_POINT('Ctrl Pts',(42.6717422097162,127.636190380187,18.6220307215879));
#1559=CARTESIAN_POINT('Ctrl Pts',(42.6107732304511,126.519978471988,18.9966589260292));
#1560=CARTESIAN_POINT('Ctrl Pts',(42.5796900148159,125.976953561831,19.239708345308));
#1561=CARTESIAN_POINT('Ctrl Pts',(42.486748931686,124.443184403241,20.113542912803));
#1562=CARTESIAN_POINT('Ctrl Pts',(42.4276639438148,123.545664176755,20.8833879113638));
#1563=CARTESIAN_POINT('Ctrl Pts',(42.3352889510957,122.44791094577,22.266991834829));
#1564=CARTESIAN_POINT('Ctrl Pts',(42.3038303316656,122.124603681113,22.7675013703453));
#1565=CARTESIAN_POINT('Ctrl Pts',(42.2102493290096,121.302516848414,24.3607397595488));
#1566=CARTESIAN_POINT('Ctrl Pts',(42.1496561365526,120.967090337997,25.5231942998097));
#1567=CARTESIAN_POINT('Ctrl Pts',(42.0251476922609,120.765187858675,27.8794540976629));
#1568=CARTESIAN_POINT('Ctrl Pts',(41.9662243086165,120.888304515318,29.0501023264207));
#1569=CARTESIAN_POINT('Ctrl Pts',(41.8695032150052,121.426678288217,30.8214818167937));
#1570=CARTESIAN_POINT('Ctrl Pts',(41.8331954786179,121.698624854086,31.4523740487963));
#1571=CARTESIAN_POINT('Ctrl Pts',(41.7878219139122,122.131509164109,32.2103332916891));
#1572=CARTESIAN_POINT('Ctrl Pts',(41.7781171059729,122.229695318516,32.3705937425808));
#1573=CARTESIAN_POINT('Ctrl Pts',(41.7684330319131,122.332680575003,32.5276494323713));
#1574=CARTESIAN_POINT('Ctrl Pts',(35.5101645801852,126.011412846499,35.7546830647766));
#1575=CARTESIAN_POINT('Ctrl Pts',(35.587843455683,124.668456342172,35.1057786526349));
#1576=CARTESIAN_POINT('Ctrl Pts',(35.7432012066788,122.306387608029,33.1409095112926));
#1577=CARTESIAN_POINT('Ctrl Pts',(35.9762378331724,120.559619708216,28.8739257778775));
#1578=CARTESIAN_POINT('Ctrl Pts',(36.209274459666,121.017590134417,24.2870018815847));
#1579=CARTESIAN_POINT('Ctrl Pts',(36.4423110861596,123.573046906599,20.4499462947249));
#1580=CARTESIAN_POINT('Ctrl Pts',(36.6753477126532,127.629386941004,18.2594457825145));
#1581=CARTESIAN_POINT('Ctrl Pts',(36.9083843391468,132.239291905082,18.2267089095136));
#1582=CARTESIAN_POINT('Ctrl Pts',(37.1414209656404,136.326286143696,20.3595389330233));
#1583=CARTESIAN_POINT('Ctrl Pts',(37.374457592134,138.935949586525,24.1597954847472));
#1584=CARTESIAN_POINT('Ctrl Pts',(37.6074942186276,139.458878310132,28.7400749974113));
#1585=CARTESIAN_POINT('Ctrl Pts',(37.8405308451212,137.772952646005,33.0307637898769));
#1586=CARTESIAN_POINT('Ctrl Pts',(38.0735674716149,134.271874993299,36.0299024805084));
#1587=CARTESIAN_POINT('Ctrl Pts',(38.3066040981085,129.773221779681,37.0371225020322));
#1588=CARTESIAN_POINT('Ctrl Pts',(38.5396407246021,125.327526583717,35.8172184570828));
#1589=CARTESIAN_POINT('Ctrl Pts',(38.7726773510957,121.972955331261,32.6550632406299));
#1590=CARTESIAN_POINT('Ctrl Pts',(39.0057139775893,120.492873255538,28.2890892037673));
#1591=CARTESIAN_POINT('Ctrl Pts',(39.2387506040829,121.232911537897,23.7388456399406));
#1592=CARTESIAN_POINT('Ctrl Pts',(39.4717872305765,124.020255231224,20.0669131942316));
#1593=CARTESIAN_POINT('Ctrl Pts',(39.7048238570701,128.203999147539,18.1307676089605));
#1594=CARTESIAN_POINT('Ctrl Pts',(39.9378604835637,132.807148406063,18.3825408967015));
#1595=CARTESIAN_POINT('Ctrl Pts',(40.1708971100573,136.754767868152,20.7634384865013));
#1596=CARTESIAN_POINT('Ctrl Pts',(40.4039337365509,139.12500283321,24.7174692602717));
#1597=CARTESIAN_POINT('Ctrl Pts',(40.6369703630445,139.36435203778,29.3212811808119));
#1598=CARTESIAN_POINT('Ctrl Pts',(40.8700069895382,137.416922297442,33.4997846577981));
#1599=CARTESIAN_POINT('Ctrl Pts',(41.1030436160318,133.737480582776,36.2772079821547));
#1600=CARTESIAN_POINT('Ctrl Pts',(41.3360802425254,129.185256463758,37.0049637642617));
#1601=CARTESIAN_POINT('Ctrl Pts',(41.569116869019,124.823292593978,35.5131029079309));
#1602=CARTESIAN_POINT('Ctrl Pts',(41.8021534955126,121.670202799182,32.1500120074791));
#1603=CARTESIAN_POINT('Ctrl Pts',(42.0351901220062,120.462300451535,27.7010360823189));
#1604=CARTESIAN_POINT('Ctrl Pts',(42.2682267484998,121.481659847689,23.2051268789172));
#1605=CARTESIAN_POINT('Ctrl Pts',(42.5012633749934,124.490232573022,19.7121373324076));
#1606=CARTESIAN_POINT('Ctrl Pts',(42.734300001487,128.785463620236,18.0378357670549));
#1607=CARTESIAN_POINT('Ctrl Pts',(42.9673366279806,133.364299278357,18.5730469259766));
#1608=CARTESIAN_POINT('Ctrl Pts',(43.2003732544742,137.157531103268,21.1931131872794));
#1609=CARTESIAN_POINT('Ctrl Pts',(43.4334098809678,139.279257191298,25.2855313170692));
#1610=CARTESIAN_POINT('Ctrl Pts',(43.6664629768941,139.234215725276,29.896314812146));
#1611=CARTESIAN_POINT('Ctrl Pts',(43.8218371973225,137.765875537794,32.595627953147));
#1612=CARTESIAN_POINT('Ctrl Pts',(43.899532542253,136.757748005745,33.6952789340761));
#1613=CARTESIAN_POINT('Ctrl Pts',(35.8402339512717,125.762687683249,36.2694385041401));
#1614=CARTESIAN_POINT('Ctrl Pts',(35.9179128267695,124.335985484508,35.5800689314155));
#1615=CARTESIAN_POINT('Ctrl Pts',(36.0732705777653,121.826620031701,33.4926721206029));
#1616=CARTESIAN_POINT('Ctrl Pts',(36.3063072042589,119.970925081548,28.9596026914421));
#1617=CARTESIAN_POINT('Ctrl Pts',(36.5393438307525,120.457454177549,24.0866418865201));
#1618=CARTESIAN_POINT('Ctrl Pts',(36.7723804572461,123.172267191905,20.0103105795658));
#1619=CARTESIAN_POINT('Ctrl Pts',(37.0054170837397,127.481557349317,17.6832122059062));
#1620=CARTESIAN_POINT('Ctrl Pts',(37.2384537102333,132.378932303047,17.648433887666));
#1621=CARTESIAN_POINT('Ctrl Pts',(37.4714903367269,136.720788236345,19.9142654870355));
#1622=CARTESIAN_POINT('Ctrl Pts',(37.7045269632205,139.493188206012,23.9515030004301));
#1623=CARTESIAN_POINT('Ctrl Pts',(37.9375635897141,140.048726346935,28.8174050832701));
#1624=CARTESIAN_POINT('Ctrl Pts',(38.1706002162077,138.257667705665,33.3756578000204));
#1625=CARTESIAN_POINT('Ctrl Pts',(38.4036368427013,134.538265648349,36.5618203827012));
#1626=CARTESIAN_POINT('Ctrl Pts',(38.636673469195,129.759080015333,37.6318498398686));
#1627=CARTESIAN_POINT('Ctrl Pts',(38.8697100956886,125.036154819633,36.3358735535367));
#1628=CARTESIAN_POINT('Ctrl Pts',(39.1027467221822,121.472395184609,32.9765288647555));
#1629=CARTESIAN_POINT('Ctrl Pts',(39.3357833486758,119.900016373419,28.3382961759302));
#1630=CARTESIAN_POINT('Ctrl Pts',(39.5688199751694,120.686202851681,23.5043030596945));
#1631=CARTESIAN_POINT('Ctrl Pts',(39.801856601663,123.647363070276,19.6033918410185));
#1632=CARTESIAN_POINT('Ctrl Pts',(40.0348932281566,128.092001913862,17.5465097642798));
#1633=CARTESIAN_POINT('Ctrl Pts',(40.2679298546502,132.982199881638,17.8139834330451));
#1634=CARTESIAN_POINT('Ctrl Pts',(40.5009664811438,137.175989738727,20.3433518939006));
#1635=CARTESIAN_POINT('Ctrl Pts',(40.7340031076374,139.694030662082,24.543952866943));
#1636=CARTESIAN_POINT('Ctrl Pts',(40.967039734131,139.948305491778,29.4348548198089));
#1637=CARTESIAN_POINT('Ctrl Pts',(41.2000763606246,137.87943558908,33.8739264344569));
#1638=CARTESIAN_POINT('Ctrl Pts',(41.4331129871183,133.970546829436,36.8245476578012));
#1639=CARTESIAN_POINT('Ctrl Pts',(41.6661496136119,129.13444965217,37.5976857089097));
#1640=CARTESIAN_POINT('Ctrl Pts',(41.8991862401055,124.500477201242,36.0127936017672));
#1641=CARTESIAN_POINT('Ctrl Pts',(42.1322228665991,121.150763246567,32.4399830403064));
#1642=CARTESIAN_POINT('Ctrl Pts',(42.3652594930927,119.867537073791,27.7135725317586));
#1643=CARTESIAN_POINT('Ctrl Pts',(42.5982961195863,120.95046290729,22.9373020232438));
#1644=CARTESIAN_POINT('Ctrl Pts',(42.8313327460799,124.146647823537,19.2264924399628));
#1645=CARTESIAN_POINT('Ctrl Pts',(43.0643693725735,128.709726046411,17.4477827669774));
#1646=CARTESIAN_POINT('Ctrl Pts',(43.2974059990671,133.574094237093,18.0163692660669));
#1647=CARTESIAN_POINT('Ctrl Pts',(43.5304426255607,137.603868967325,20.7998207656538));
#1648=CARTESIAN_POINT('Ctrl Pts',(43.7634792520543,139.857904198671,25.1474388196476));
#1649=CARTESIAN_POINT('Ctrl Pts',(43.9965323479806,139.810053982822,30.045747088867));
#1650=CARTESIAN_POINT('Ctrl Pts',(44.151906568409,138.250149274641,32.9133872402416));
#1651=CARTESIAN_POINT('Ctrl Pts',(44.2296019133395,137.179155715318,34.0816115775786));
#1652=CARTESIAN_POINT('Ctrl Pts',(36.1703033223581,125.513962519999,36.7841939435037));
#1653=CARTESIAN_POINT('Ctrl Pts',(36.247982197856,124.003514626843,36.0543592101962));
#1654=CARTESIAN_POINT('Ctrl Pts',(36.4033399488518,121.346852455372,33.8444347299132));
#1655=CARTESIAN_POINT('Ctrl Pts',(36.6363765753454,119.38223045488,29.0452796050067));
#1656=CARTESIAN_POINT('Ctrl Pts',(36.869413201839,119.897318220682,23.8862818914554));
#1657=CARTESIAN_POINT('Ctrl Pts',(37.1024498283326,122.771487477211,19.5706748644066));
#1658=CARTESIAN_POINT('Ctrl Pts',(37.3354864548262,127.33372775763,17.1069786292979));
#1659=CARTESIAN_POINT('Ctrl Pts',(37.5685230813198,132.518572701012,17.0701588658183));
#1660=CARTESIAN_POINT('Ctrl Pts',(37.8015597078134,137.115290328994,19.4689920410478));
#1661=CARTESIAN_POINT('Ctrl Pts',(38.034596334307,140.050426825498,23.7432105161129));
#1662=CARTESIAN_POINT('Ctrl Pts',(38.2676329608006,140.638574383739,28.8947351691289));
#1663=CARTESIAN_POINT('Ctrl Pts',(38.5006695872942,138.742382765325,33.7205518101638));
#1664=CARTESIAN_POINT('Ctrl Pts',(38.7337062137878,134.804656303399,37.0937382848939));
#1665=CARTESIAN_POINT('Ctrl Pts',(38.9667428402814,129.744938250986,38.226577177705));
#1666=CARTESIAN_POINT('Ctrl Pts',(39.1997794667751,124.744783055548,36.8545286499906));
#1667=CARTESIAN_POINT('Ctrl Pts',(39.4328160932687,120.971835037956,33.2979944888811));
#1668=CARTESIAN_POINT('Ctrl Pts',(39.6658527197623,119.307159491301,28.3875031480931));
#1669=CARTESIAN_POINT('Ctrl Pts',(39.8988893462559,120.139494165464,23.2697604794485));
#1670=CARTESIAN_POINT('Ctrl Pts',(40.1319259727495,123.274470909329,19.1398704878054));
#1671=CARTESIAN_POINT('Ctrl Pts',(40.3649625992431,127.980004680186,16.9622519195991));
#1672=CARTESIAN_POINT('Ctrl Pts',(40.5979992257367,133.157251357214,17.2454259693886));
#1673=CARTESIAN_POINT('Ctrl Pts',(40.8310358522303,137.597211609301,19.9232653013));
#1674=CARTESIAN_POINT('Ctrl Pts',(41.0640724787239,140.263058490953,24.3704364736143));
#1675=CARTESIAN_POINT('Ctrl Pts',(41.2971091052175,140.532258945776,29.5484284588058));
#1676=CARTESIAN_POINT('Ctrl Pts',(41.5301457317111,138.341948880717,34.2480682111158));
#1677=CARTESIAN_POINT('Ctrl Pts',(41.7631823582047,134.203613076095,37.3718873334476));
#1678=CARTESIAN_POINT('Ctrl Pts',(41.9962189846984,129.083642840582,38.1904076535576));
#1679=CARTESIAN_POINT('Ctrl Pts',(42.229255611192,124.177661808506,36.5124842956035));
#1680=CARTESIAN_POINT('Ctrl Pts',(42.4622922376856,120.631323693952,32.7299540731338));
#1681=CARTESIAN_POINT('Ctrl Pts',(42.6953288641792,119.272773696047,27.7261089811983));
#1682=CARTESIAN_POINT('Ctrl Pts',(42.9283654906728,120.41926596689,22.6694771675703));
#1683=CARTESIAN_POINT('Ctrl Pts',(43.1614021171664,123.803063074052,18.740847547518));
#1684=CARTESIAN_POINT('Ctrl Pts',(43.39443874366,128.633988472587,16.8577297669001));
#1685=CARTESIAN_POINT('Ctrl Pts',(43.6274753701536,133.783889195829,17.4596916061571));
#1686=CARTESIAN_POINT('Ctrl Pts',(43.8605119966472,138.050206831381,20.4065283440282));
#1687=CARTESIAN_POINT('Ctrl Pts',(44.0935486231408,140.436551206044,25.009346322226));
#1688=CARTESIAN_POINT('Ctrl Pts',(44.3266017190671,140.385892240368,30.195179365588));
#1689=CARTESIAN_POINT('Ctrl Pts',(44.4819759394955,138.734423011489,33.2311465273363));
#1690=CARTESIAN_POINT('Ctrl Pts',(44.559671284426,137.600563424891,34.467944221081));
#1691=CARTESIAN_POINT('Ctrl Pts',(36.5003726934446,125.265237356748,37.2989493828672));
#1692=CARTESIAN_POINT('Ctrl Pts',(36.5780515689425,123.671043769178,36.5286494889768));
#1693=CARTESIAN_POINT('Ctrl Pts',(36.7334093199382,120.867084879043,34.1961973392235));
#1694=CARTESIAN_POINT('Ctrl Pts',(36.9664459464319,118.793535828212,29.1309565185714));
#1695=CARTESIAN_POINT('Ctrl Pts',(37.1994825729255,119.337182263814,23.6859218963907));
#1696=CARTESIAN_POINT('Ctrl Pts',(37.4325191994191,122.370707762517,19.1310391492474));
#1697=CARTESIAN_POINT('Ctrl Pts',(37.6655558259127,127.185898165943,16.5307450526896));
#1698=CARTESIAN_POINT('Ctrl Pts',(37.8985924524063,132.658213098976,16.4918838439706));
#1699=CARTESIAN_POINT('Ctrl Pts',(38.1316290788999,137.509792421644,19.02371859506));
#1700=CARTESIAN_POINT('Ctrl Pts',(38.3646657053935,140.607665444985,23.5349180317958));
#1701=CARTESIAN_POINT('Ctrl Pts',(38.5977023318871,141.228422420542,28.9720652549876));
#1702=CARTESIAN_POINT('Ctrl Pts',(38.8307389583807,139.227097824985,34.0654458203073));
#1703=CARTESIAN_POINT('Ctrl Pts',(39.0637755848743,135.071046958449,37.6256561870867));
#1704=CARTESIAN_POINT('Ctrl Pts',(39.2968122113679,129.730796486638,38.8213045155413));
#1705=CARTESIAN_POINT('Ctrl Pts',(39.5298488378615,124.453411291464,37.3731837464445));
#1706=CARTESIAN_POINT('Ctrl Pts',(39.7628854643552,120.471274891304,33.6194601130066));
#1707=CARTESIAN_POINT('Ctrl Pts',(39.9959220908488,118.714302609183,28.4367101202561));
#1708=CARTESIAN_POINT('Ctrl Pts',(40.2289587173424,119.592785479248,23.0352178992024));
#1709=CARTESIAN_POINT('Ctrl Pts',(40.461995343836,122.901578748382,18.6763491345923));
#1710=CARTESIAN_POINT('Ctrl Pts',(40.6950319703296,127.868007446509,16.3779940749184));
#1711=CARTESIAN_POINT('Ctrl Pts',(40.9280685968232,133.332302832789,16.6768685057321));
#1712=CARTESIAN_POINT('Ctrl Pts',(41.1611052233168,138.018433479875,19.5031787086993));
#1713=CARTESIAN_POINT('Ctrl Pts',(41.3941418498104,140.832086319825,24.1969200802856));
#1714=CARTESIAN_POINT('Ctrl Pts',(41.627178476304,141.116212399774,29.6620020978028));
#1715=CARTESIAN_POINT('Ctrl Pts',(41.8602151027976,138.804462172355,34.6222099877747));
#1716=CARTESIAN_POINT('Ctrl Pts',(42.0932517292912,134.436679322755,37.9192270090941));
#1717=CARTESIAN_POINT('Ctrl Pts',(42.3262883557848,129.032836028993,38.7831295982056));
#1718=CARTESIAN_POINT('Ctrl Pts',(42.5593249822785,123.854846415769,37.0121749894399));
#1719=CARTESIAN_POINT('Ctrl Pts',(42.7923616087721,120.111884141337,33.0199251059611));
#1720=CARTESIAN_POINT('Ctrl Pts',(43.0253982352657,118.678010318303,27.7386454306379));
#1721=CARTESIAN_POINT('Ctrl Pts',(43.2584348617593,119.88806902649,22.4016523118969));
#1722=CARTESIAN_POINT('Ctrl Pts',(43.4914714882529,123.459478324566,18.2552026550732));
#1723=CARTESIAN_POINT('Ctrl Pts',(43.7245081147465,128.558250898762,16.2676767668227));
#1724=CARTESIAN_POINT('Ctrl Pts',(43.9575447412401,133.993684154565,16.9030139462473));
#1725=CARTESIAN_POINT('Ctrl Pts',(44.1905813677337,138.496544695437,20.0132359224026));
#1726=CARTESIAN_POINT('Ctrl Pts',(44.4236179942273,141.015198213417,24.8712538248043));
#1727=CARTESIAN_POINT('Ctrl Pts',(44.6566710901536,140.961730497914,30.3446116423089));
#1728=CARTESIAN_POINT('Ctrl Pts',(44.812045310582,139.218696748337,33.5489058144309));
#1729=CARTESIAN_POINT('Ctrl Pts',(44.8897406555125,138.021971134464,34.8542768645835));
#1730=CARTESIAN_POINT('Ctrl Pts',(43.9000005364417,132.594054167794,16.9315072724451));
#1731=CARTESIAN_POINT('Ctrl Pts',(43.9000005364417,132.842452297513,17.0126057082055));
#1732=CARTESIAN_POINT('Ctrl Pts',(43.9000005364417,133.087431220192,17.1024942167833));
#1733=CARTESIAN_POINT('Ctrl Pts',(43.9000005364417,133.328509021444,17.2010726371852));
#1734=CARTESIAN_POINT('Ctrl Pts',(43.9000005364417,133.488473597369,17.266483285254));
#1735=CARTESIAN_POINT('Ctrl Pts',(43.9000005364417,133.646720293581,17.3357209964317));
#1736=CARTESIAN_POINT('Ctrl Pts',(43.9000005364417,133.803103245491,17.4087681298197));
#1737=CARTESIAN_POINT('Ctrl Pts',(43.9000005364417,134.039487825671,17.5191843596468));
#1738=CARTESIAN_POINT('Ctrl Pts',(43.9000005364417,134.27161563661,17.638302740876));
#1739=CARTESIAN_POINT('Ctrl Pts',(43.9000005364417,134.499076468081,17.7657874580989));
#1740=CARTESIAN_POINT('Ctrl Pts',(43.9000005364417,134.726252752876,17.8931126957652));
#1741=CARTESIAN_POINT('Ctrl Pts',(43.9000005364417,134.948774204105,18.0287838218121));
#1742=CARTESIAN_POINT('Ctrl Pts',(43.9000005364417,135.166197203054,18.1725045543851));
#1743=CARTESIAN_POINT('Ctrl Pts',(43.9000005364417,135.38182864742,18.3150410353448));
#1744=CARTESIAN_POINT('Ctrl Pts',(43.9000005364417,135.592445727356,18.465495494843));
#1745=CARTESIAN_POINT('Ctrl Pts',(43.9000005364417,135.797574755367,18.6236094229767));
#1746=CARTESIAN_POINT('Ctrl Pts',(43.9000005364417,135.891435806272,18.6959577376023));
#1747=CARTESIAN_POINT('Ctrl Pts',(43.9000005364417,135.984147212734,18.7699101018803));
#1748=CARTESIAN_POINT('Ctrl Pts',(43.9000005364417,136.075660339835,18.8454434911973));
#1749=CARTESIAN_POINT('Ctrl Pts',(43.9000005364417,136.111488258525,18.875015250097));
#1750=CARTESIAN_POINT('Ctrl Pts',(43.9000005364417,136.14713226403,18.9048291642207));
#1751=CARTESIAN_POINT('Ctrl Pts',(43.9000005364417,136.182590299611,18.934884706346));
#1752=CARTESIAN_POINT('Ctrl Pts',(43.9000005364417,136.210128180904,18.9582268328261));
#1753=CARTESIAN_POINT('Ctrl Pts',(43.9000005364417,136.237550001629,18.9817114894461));
#1754=CARTESIAN_POINT('Ctrl Pts',(43.9000005364417,136.26484050035,19.0053256594129));
#1755=CARTESIAN_POINT('Ctrl Pts',(43.9000005364417,136.458267596781,19.1726960097363));
#1756=CARTESIAN_POINT('Ctrl Pts',(43.9000005364417,136.645287725441,19.3467271617427));
#1757=CARTESIAN_POINT('Ctrl Pts',(43.9000005364417,136.825525438379,19.5270921370499));
#1758=CARTESIAN_POINT('Ctrl Pts',(43.9000005364417,137.004614943081,19.7063080933938));
#1759=CARTESIAN_POINT('Ctrl Pts',(43.9000005364417,137.17700857298,19.8917779232637));
#1760=CARTESIAN_POINT('Ctrl Pts',(43.9000005364417,137.342299736377,20.0832146065992));
#1761=CARTESIAN_POINT('Ctrl Pts',(43.9000005364417,137.497301992774,20.2627348983348));
#1762=CARTESIAN_POINT('Ctrl Pts',(43.9000005364417,137.646058432494,20.44750291421));
#1763=CARTESIAN_POINT('Ctrl Pts',(43.9000005364417,137.788198148079,20.6373035960338));
#1764=CARTESIAN_POINT('Ctrl Pts',(43.9000005364417,137.940639678534,20.8408604013906));
#1765=CARTESIAN_POINT('Ctrl Pts',(43.9000005364417,138.085471171097,21.0502063367151));
#1766=CARTESIAN_POINT('Ctrl Pts',(43.9000005364417,138.222436621455,21.2648762018121));
#1767=CARTESIAN_POINT('Ctrl Pts',(43.9000005364417,138.317023715398,21.4131252576412));
#1768=CARTESIAN_POINT('Ctrl Pts',(43.9000005364417,138.407858364351,21.5639137611407));
#1769=CARTESIAN_POINT('Ctrl Pts',(43.9000005364417,138.494841948567,21.7170911490698));
#1770=CARTESIAN_POINT('Ctrl Pts',(43.9000005364417,138.533489095326,21.785148461777));
#1771=CARTESIAN_POINT('Ctrl Pts',(43.9000005364417,138.571375860612,21.8536773714074));
#1772=CARTESIAN_POINT('Ctrl Pts',(43.9000005364417,138.608492822777,21.9226647177916));
#1773=CARTESIAN_POINT('Ctrl Pts',(43.9000005364417,138.631379770162,21.9652034837574));
#1774=CARTESIAN_POINT('Ctrl Pts',(43.9000005364417,138.653973563705,22.0079156829154));
#1775=CARTESIAN_POINT('Ctrl Pts',(43.9000005364417,138.67627334304,22.0508010051147));
#1776=CARTESIAN_POINT('Ctrl Pts',(43.9000005364417,138.695549192578,22.0878709243154));
#1777=CARTESIAN_POINT('Ctrl Pts',(43.9000005364417,138.714604902335,22.1250696325414));
#1778=CARTESIAN_POINT('Ctrl Pts',(43.9000005364417,138.733424467888,22.1623656308282));
#1779=CARTESIAN_POINT('Ctrl Pts',(43.9000005364417,138.845768983181,22.3850063096551));
#1780=CARTESIAN_POINT('Ctrl Pts',(43.9000005364417,138.949816740601,22.6113285959582));
#1781=CARTESIAN_POINT('Ctrl Pts',(43.9000005364417,139.045404438909,22.8408620355052));
#1782=CARTESIAN_POINT('Ctrl Pts',(43.9000005364417,139.141055030901,23.0705465007976));
#1783=CARTESIAN_POINT('Ctrl Pts',(43.9000005364417,139.228234616179,23.3034469819079));
#1784=CARTESIAN_POINT('Ctrl Pts',(43.9000005364417,139.306730486166,23.5391087103149));
#1785=CARTESIAN_POINT('Ctrl Pts',(43.9000005364417,139.384718165095,23.7732447382834));
#1786=CARTESIAN_POINT('Ctrl Pts',(43.9000005364417,139.454134330363,24.0101069920662));
#1787=CARTESIAN_POINT('Ctrl Pts',(43.9000005364417,139.514719675217,24.2492565108171));
#1788=CARTESIAN_POINT('Ctrl Pts',(43.9000005364417,139.574340070295,24.4845970675999));
#1789=CARTESIAN_POINT('Ctrl Pts',(43.9000005364417,139.625408741386,24.7221531661286));
#1790=CARTESIAN_POINT('Ctrl Pts',(43.9000005364417,139.667628227351,24.9615046666504));
#1791=CARTESIAN_POINT('Ctrl Pts',(43.9000005364417,139.680696742144,25.035592935461));
#1792=CARTESIAN_POINT('Ctrl Pts',(43.9000005364417,139.692917015105,25.1098531824454));
#1793=CARTESIAN_POINT('Ctrl Pts',(43.9000005364417,139.704279214707,25.1842727853861));
#1794=CARTESIAN_POINT('Ctrl Pts',(43.9000005364417,139.734397707724,25.3815414807102));
#1795=CARTESIAN_POINT('Ctrl Pts',(43.9000005364417,139.758488331788,25.5799304947494));
#1796=CARTESIAN_POINT('Ctrl Pts',(43.9000005364417,139.776521786778,25.7791580070444));
#1797=CARTESIAN_POINT('Ctrl Pts',(43.9000005364417,139.780156214077,25.8193099307825));
#1798=CARTESIAN_POINT('Ctrl Pts',(43.9000005364417,139.783544769334,25.8594999517116));
#1799=CARTESIAN_POINT('Ctrl Pts',(43.9000005364417,139.786684628112,25.8996902205137));
#1800=CARTESIAN_POINT('Ctrl Pts',(43.9000005364417,139.805595931135,26.1417553596043));
#1801=CARTESIAN_POINT('Ctrl Pts',(43.9000005364417,139.815515860692,26.3840955391923));
#1802=CARTESIAN_POINT('Ctrl Pts',(43.9000005364417,139.81653666987,26.6262159092881));
#1803=CARTESIAN_POINT('Ctrl Pts',(43.9000005364417,139.817562343252,26.8694899942822));
#1804=CARTESIAN_POINT('Ctrl Pts',(43.9000005364417,139.80960378422,27.1125428462929));
#1805=CARTESIAN_POINT('Ctrl Pts',(43.9000005364417,139.792702216653,27.3548688981312));
#1806=CARTESIAN_POINT('Ctrl Pts',(43.9000005364417,139.775920186121,27.5954810889541));
#1807=CARTESIAN_POINT('Ctrl Pts',(43.9000005364417,139.750321010945,27.8353773557431));
#1808=CARTESIAN_POINT('Ctrl Pts',(43.9000005364417,139.715895866591,28.074049474203));
#1809=CARTESIAN_POINT('Ctrl Pts',(43.9000005364417,139.68182677669,28.3102530403199));
#1810=CARTESIAN_POINT('Ctrl Pts',(43.9000005364417,139.63911314896,28.5452582211587));
#1811=CARTESIAN_POINT('Ctrl Pts',(43.9000005364417,139.587700978112,28.77855041727));
#1812=CARTESIAN_POINT('Ctrl Pts',(43.9000005364417,139.545759150743,28.968869185269));
#1813=CARTESIAN_POINT('Ctrl Pts',(43.9000005364417,139.498027382373,29.1580476571289));
#1814=CARTESIAN_POINT('Ctrl Pts',(43.9000005364417,139.444454852582,29.3457914663865));
#1815=CARTESIAN_POINT('Ctrl Pts',(43.9000005364417,139.426822044073,29.4075852747106));
#1816=CARTESIAN_POINT('Ctrl Pts',(43.9000005364417,139.408556464032,29.4692231315403));
#1817=CARTESIAN_POINT('Ctrl Pts',(43.9000005364417,139.389655473653,29.5306953936276));
#1818=CARTESIAN_POINT('Ctrl Pts',(43.9000005364417,139.377345175631,29.5707325478315));
#1819=CARTESIAN_POINT('Ctrl Pts',(43.9000005364417,139.364765047787,29.6106999193787));
#1820=CARTESIAN_POINT('Ctrl Pts',(43.9000005364417,139.351923900734,29.6505661902713));
#1821=CARTESIAN_POINT('Ctrl Pts',(43.9000005364417,139.324579209975,29.7354597628446));
#1822=CARTESIAN_POINT('Ctrl Pts',(43.9000005364417,139.296041855987,29.8199251580691));
#1823=CARTESIAN_POINT('Ctrl Pts',(43.9000005364417,139.266312283941,29.9039365905117));
#1824=CARTESIAN_POINT('Ctrl Pts',(43.9000005364417,139.186738116143,30.1288015771897));
#1825=CARTESIAN_POINT('Ctrl Pts',(43.9000005364417,139.09862588884,30.3504162546904));
#1826=CARTESIAN_POINT('Ctrl Pts',(43.9000005364417,139.002264342154,30.5683567644847));
#1827=CARTESIAN_POINT('Ctrl Pts',(43.9000005364417,138.905958043679,30.7861723196308));
#1828=CARTESIAN_POINT('Ctrl Pts',(43.9000005364417,138.801411438255,31.0003184524554));
#1829=CARTESIAN_POINT('Ctrl Pts',(43.9000005364417,138.688871476059,31.2103405823837));
#1830=CARTESIAN_POINT('Ctrl Pts',(43.9000005364417,138.626674909125,31.3264118445987));
#1831=CARTESIAN_POINT('Ctrl Pts',(43.9000005364417,138.562036197093,31.441222888121));
#1832=CARTESIAN_POINT('Ctrl Pts',(43.9000005364417,138.494992356885,31.5546919493544));
#1833=CARTESIAN_POINT('Ctrl Pts',(43.9000005364417,138.452831015917,31.6260483598032));
#1834=CARTESIAN_POINT('Ctrl Pts',(43.9000005364417,138.409718460895,31.6968739847976));
#1835=CARTESIAN_POINT('Ctrl Pts',(43.9000005364417,138.365663300433,31.7671476708095));
#1836=CARTESIAN_POINT('Ctrl Pts',(43.9000005364417,138.338507696229,31.8104643761227));
#1837=CARTESIAN_POINT('Ctrl Pts',(43.9000005364417,138.310990092798,31.8535770763557));
#1838=CARTESIAN_POINT('Ctrl Pts',(43.9000005364417,138.283135279682,31.8964461356163));
#1839=CARTESIAN_POINT('Ctrl Pts',(43.9000005364417,138.155456177293,32.0929465746523));
#1840=CARTESIAN_POINT('Ctrl Pts',(43.9000005364417,138.020619451685,32.2844559005294));
#1841=CARTESIAN_POINT('Ctrl Pts',(43.9000005364417,137.878883839859,32.4705547619843));
#1842=CARTESIAN_POINT('Ctrl Pts',(43.9000005364417,137.738044644732,32.6554766282955));
#1843=CARTESIAN_POINT('Ctrl Pts',(43.9000005364417,137.590393092506,32.835056705026));
#1844=CARTESIAN_POINT('Ctrl Pts',(43.9000005364417,137.436149182354,33.0088451801785));
#1845=CARTESIAN_POINT('Ctrl Pts',(43.9000005364417,137.284435429031,33.179782897095));
#1846=CARTESIAN_POINT('Ctrl Pts',(43.9000005364417,137.126343361884,33.345117798669));
#1847=CARTESIAN_POINT('Ctrl Pts',(43.9000005364417,136.96205632669,33.5043788776192));
#1848=CARTESIAN_POINT('Ctrl Pts',(43.9000005364417,136.89540365426,33.5689924760906));
#1849=CARTESIAN_POINT('Ctrl Pts',(43.9000005364417,136.827731029566,33.6326058000942));
#1850=CARTESIAN_POINT('Ctrl Pts',(43.9000005364417,136.759049704029,33.6951851364259));
#1851=CARTESIAN_POINT('Ctrl Pts',(36.5000005364417,124.676563581801,20.0350677839723));
#1852=CARTESIAN_POINT('Ctrl Pts',(36.5000005364417,124.47418749656,20.1532531984978));
#1853=CARTESIAN_POINT('Ctrl Pts',(36.5000005364417,124.276611267077,20.2790514606075));
#1854=CARTESIAN_POINT('Ctrl Pts',(36.5000005364417,124.084284671065,20.4121779345738));
#1855=CARTESIAN_POINT('Ctrl Pts',(36.5000005364417,123.973027472084,20.489189013181));
#1856=CARTESIAN_POINT('Ctrl Pts',(36.5000005364417,123.863527103784,20.5686533825873));
#1857=CARTESIAN_POINT('Ctrl Pts',(36.5000005364417,123.755872315002,20.6505237114617));
#1858=CARTESIAN_POINT('Ctrl Pts',(36.5000005364417,123.571398926602,20.7908137733136));
#1859=CARTESIAN_POINT('Ctrl Pts',(36.5000005364417,123.392343224233,20.9381658469066));
#1860=CARTESIAN_POINT('Ctrl Pts',(36.5000005364417,123.218955353757,21.0921464799125));
#1861=CARTESIAN_POINT('Ctrl Pts',(36.5000005364417,123.124614269954,21.175928002591));
#1862=CARTESIAN_POINT('Ctrl Pts',(36.5000005364417,123.031951538575,21.2616727395751));
#1863=CARTESIAN_POINT('Ctrl Pts',(36.5000005364417,122.941010711563,21.3493164079869));
#1864=CARTESIAN_POINT('Ctrl Pts',(36.5000005364417,122.891245161147,21.3972776542421));
#1865=CARTESIAN_POINT('Ctrl Pts',(36.5000005364417,122.841995296838,21.4458076208601));
#1866=CARTESIAN_POINT('Ctrl Pts',(36.5000005364417,122.793268592556,21.4948962241727));
#1867=CARTESIAN_POINT('Ctrl Pts',(36.5000005364417,122.765239974525,21.5231330140854));
#1868=CARTESIAN_POINT('Ctrl Pts',(36.5000005364417,122.737382739004,21.5515565346673));
#1869=CARTESIAN_POINT('Ctrl Pts',(36.5000005364417,122.709715116878,21.5801472780274));
#1870=CARTESIAN_POINT('Ctrl Pts',(36.5000005364417,122.544034818808,21.7513554454786));
#1871=CARTESIAN_POINT('Ctrl Pts',(36.5000005364417,122.385027057003,21.9286797465897));
#1872=CARTESIAN_POINT('Ctrl Pts',(36.5000005364417,122.232937241375,22.1116341941457));
#1873=CARTESIAN_POINT('Ctrl Pts',(36.5000005364417,122.080873573869,22.2945571871602));
#1874=CARTESIAN_POINT('Ctrl Pts',(36.5000005364417,121.935725381004,22.4831084886061));
#1875=CARTESIAN_POINT('Ctrl Pts',(36.5000005364417,121.797766284725,22.6768470484162));
#1876=CARTESIAN_POINT('Ctrl Pts',(36.5000005364417,121.659471116899,22.8710575598382));
#1877=CARTESIAN_POINT('Ctrl Pts',(36.5000005364417,121.528399620481,23.070481103288));
#1878=CARTESIAN_POINT('Ctrl Pts',(36.5000005364417,121.404861969543,23.2747123716447));
#1879=CARTESIAN_POINT('Ctrl Pts',(36.5000005364417,121.373530173353,23.3265097988022));
#1880=CARTESIAN_POINT('Ctrl Pts',(36.5000005364417,121.342683177011,23.3786166521891));
#1881=CARTESIAN_POINT('Ctrl Pts',(36.5000005364417,121.312326452171,23.4310266604303));
#1882=CARTESIAN_POINT('Ctrl Pts',(36.5000005364417,121.295669714105,23.459784037385));
#1883=CARTESIAN_POINT('Ctrl Pts',(36.5000005364417,121.279160102489,23.4886335440336));
#1884=CARTESIAN_POINT('Ctrl Pts',(36.5000005364417,121.26280004593,23.5175715018995));
#1885=CARTESIAN_POINT('Ctrl Pts',(36.5000005364417,121.240631649028,23.5567833550608));
#1886=CARTESIAN_POINT('Ctrl Pts',(36.5000005364417,121.218745429193,23.596144259764));
#1887=CARTESIAN_POINT('Ctrl Pts',(36.5000005364417,121.197147547466,23.6356427659697));
#1888=CARTESIAN_POINT('Ctrl Pts',(36.5000005364417,121.0884340485,23.8344595234661));
#1889=CARTESIAN_POINT('Ctrl Pts',(36.5000005364417,120.986984681807,24.0368298437256));
#1890=CARTESIAN_POINT('Ctrl Pts',(36.5000005364417,120.893002935143,24.2423668233158));
#1891=CARTESIAN_POINT('Ctrl Pts',(36.5000005364417,120.790891283693,24.4656838094869));
#1892=CARTESIAN_POINT('Ctrl Pts',(36.5000005364417,120.697593701377,24.6927387878123));
#1893=CARTESIAN_POINT('Ctrl Pts',(36.5000005364417,120.613084970447,24.9229619997705));
#1894=CARTESIAN_POINT('Ctrl Pts',(36.5000005364417,120.529956032096,25.149426306868));
#1895=CARTESIAN_POINT('Ctrl Pts',(36.5000005364417,120.455331231163,25.3789569456797));
#1896=CARTESIAN_POINT('Ctrl Pts',(36.5000005364417,120.389230274763,25.6110444211358));
#1897=CARTESIAN_POINT('Ctrl Pts',(36.5000005364417,120.321483580834,25.8489102557788));
#1898=CARTESIAN_POINT('Ctrl Pts',(36.5000005364417,120.262690050603,26.0894623923581));
#1899=CARTESIAN_POINT('Ctrl Pts',(36.5000005364417,120.212921165176,26.3321777344593));
#1900=CARTESIAN_POINT('Ctrl Pts',(36.5000005364417,120.163152279748,26.5748930765604));
#1901=CARTESIAN_POINT('Ctrl Pts',(36.5000005364417,120.122407816728,26.8197723292163));
#1902=CARTESIAN_POINT('Ctrl Pts',(36.5000005364417,120.090813361974,27.0663077272362));
#1903=CARTESIAN_POINT('Ctrl Pts',(36.5000005364417,120.086275548963,27.1017168376437));
#1904=CARTESIAN_POINT('Ctrl Pts',(36.5000005364417,120.081926816442,27.1371589863607));
#1905=CARTESIAN_POINT('Ctrl Pts',(36.5000005364417,120.077770152328,27.1726086411971));
#1906=CARTESIAN_POINT('Ctrl Pts',(36.5000005364417,120.048961949479,27.4182962454131));
#1907=CARTESIAN_POINT('Ctrl Pts',(36.5000005364417,120.029336635309,27.6646407281387));
#1908=CARTESIAN_POINT('Ctrl Pts',(36.5000005364417,120.018877048808,27.9111031293486));
#1909=CARTESIAN_POINT('Ctrl Pts',(36.5000005364417,120.008315707721,28.1599632046644));
#1910=CARTESIAN_POINT('Ctrl Pts',(36.5000005364417,120.007099052522,28.4089441155387));
#1911=CARTESIAN_POINT('Ctrl Pts',(36.5000005364417,120.015256604793,28.6575149563177));
#1912=CARTESIAN_POINT('Ctrl Pts',(36.5000005364417,120.01847261661,28.7555108666941));
#1913=CARTESIAN_POINT('Ctrl Pts',(36.5000005364417,120.023146129311,28.8534432523168));
#1914=CARTESIAN_POINT('Ctrl Pts',(36.5000005364417,120.029281067682,28.9512802650541));
#1915=CARTESIAN_POINT('Ctrl Pts',(36.5000005364417,120.044708550123,29.1973102501606));
#1916=CARTESIAN_POINT('Ctrl Pts',(36.5000005364417,120.069373883004,29.4427367983774));
#1917=CARTESIAN_POINT('Ctrl Pts',(36.5000005364417,120.103057329419,29.6871022274749));
#1918=CARTESIAN_POINT('Ctrl Pts',(36.5000005364417,120.137000481818,29.9333517620096));
#1919=CARTESIAN_POINT('Ctrl Pts',(36.5000005364417,120.180101400384,30.1785243758158));
#1920=CARTESIAN_POINT('Ctrl Pts',(36.5000005364417,120.232188103072,30.422152015138));
#1921=CARTESIAN_POINT('Ctrl Pts',(36.5000005364417,120.270516983528,30.6014295309251));
#1922=CARTESIAN_POINT('Ctrl Pts',(36.5000005364417,120.313712772864,30.7798704958681));
#1923=CARTESIAN_POINT('Ctrl Pts',(36.5000005364417,120.361724723051,30.9572854635114));
#1924=CARTESIAN_POINT('Ctrl Pts',(36.5000005364417,120.368677508198,30.9829775703107));
#1925=CARTESIAN_POINT('Ctrl Pts',(36.5000005364417,120.375730912987,31.0086465394713));
#1926=CARTESIAN_POINT('Ctrl Pts',(36.5000005364417,120.382881506456,31.0342804339324));
#1927=CARTESIAN_POINT('Ctrl Pts',(36.5000005364417,120.45085456194,31.2779544923156));
#1928=CARTESIAN_POINT('Ctrl Pts',(36.5000005364417,120.527681446011,31.5187409579476));
#1929=CARTESIAN_POINT('Ctrl Pts',(36.5000005364417,120.613075369783,31.7561658325923));
#1930=CARTESIAN_POINT('Ctrl Pts',(36.5000005364417,120.699193485484,31.9956042132392));
#1931=CARTESIAN_POINT('Ctrl Pts',(36.5000005364417,120.794024642653,32.2316243715537));
#1932=CARTESIAN_POINT('Ctrl Pts',(36.5000005364417,120.897328134868,32.4637439235923));
#1933=CARTESIAN_POINT('Ctrl Pts',(36.5000005364417,121.000944378145,32.6965662169909));
#1934=CARTESIAN_POINT('Ctrl Pts',(36.5000005364417,121.113084460038,32.9254649058382));
#1935=CARTESIAN_POINT('Ctrl Pts',(36.5000005364417,121.233557406139,33.1499473159563));
#1936=CARTESIAN_POINT('Ctrl Pts',(36.5000005364417,121.332913132426,33.3350811042284));
#1937=CARTESIAN_POINT('Ctrl Pts',(36.5000005364417,121.43793746369,33.5172112133437));
#1938=CARTESIAN_POINT('Ctrl Pts',(36.5000005364417,121.548548794799,33.696053467067));
#1939=CARTESIAN_POINT('Ctrl Pts',(36.5000005364417,121.662961996629,33.8810427865668));
#1940=CARTESIAN_POINT('Ctrl Pts',(36.5000005364417,121.783352843284,34.062514670828));
#1941=CARTESIAN_POINT('Ctrl Pts',(36.5000005364417,121.909492326364,34.2402670791845));
#1942=CARTESIAN_POINT('Ctrl Pts',(36.5000005364417,121.964678350211,34.3180337578405));
#1943=CARTESIAN_POINT('Ctrl Pts',(36.5000005364417,122.020965010758,34.395088320571));
#1944=CARTESIAN_POINT('Ctrl Pts',(36.5000005364417,122.078334526037,34.4714129101782));
#1945=CARTESIAN_POINT('Ctrl Pts',(36.5000005364417,122.103325493657,34.5046609747329));
#1946=CARTESIAN_POINT('Ctrl Pts',(36.5000005364417,122.128523105001,34.5377720032922));
#1947=CARTESIAN_POINT('Ctrl Pts',(36.5000005364417,122.153922207645,34.5707396494905));
#1948=CARTESIAN_POINT('Ctrl Pts',(36.5000005364417,122.173593959294,34.5962732818226));
#1949=CARTESIAN_POINT('Ctrl Pts',(36.5000005364417,122.19338170676,34.6217145740107));
#1950=CARTESIAN_POINT('Ctrl Pts',(36.5000005364417,122.213280625983,34.6470580588623));
#1951=CARTESIAN_POINT('Ctrl Pts',(36.5000005364417,122.371211177641,34.8482001660711));
#1952=CARTESIAN_POINT('Ctrl Pts',(36.5000005364417,122.53622622579,35.0432939193288));
#1953=CARTESIAN_POINT('Ctrl Pts',(36.5000005364417,122.707852438584,35.232073433451));
#1954=CARTESIAN_POINT('Ctrl Pts',(36.5000005364417,122.881789798677,35.4233950840986));
#1955=CARTESIAN_POINT('Ctrl Pts',(36.5000005364417,123.062517868861,35.6082317839383));
#1956=CARTESIAN_POINT('Ctrl Pts',(36.5000005364417,123.249594149647,35.786288599693));
#1957=CARTESIAN_POINT('Ctrl Pts',(36.5000005364417,123.438541004144,35.9661258036259));
#1958=CARTESIAN_POINT('Ctrl Pts',(36.5000005364417,123.633964003572,36.1390473867319));
#1959=CARTESIAN_POINT('Ctrl Pts',(36.5000005364417,123.835453211979,36.3047233770939));
#1960=CARTESIAN_POINT('Ctrl Pts',(36.5000005364417,124.036749667121,36.4702408746608));
#1961=CARTESIAN_POINT('Ctrl Pts',(36.5000005364417,124.244101166201,36.6285271288517));
#1962=CARTESIAN_POINT('Ctrl Pts',(36.5000005364417,124.457138578239,36.7792196018774));
#1963=CARTESIAN_POINT('Ctrl Pts',(36.5000005364417,124.667984512673,36.9283619284913));
#1964=CARTESIAN_POINT('Ctrl Pts',(36.5000005364417,124.884400454418,37.0700663285685));
#1965=CARTESIAN_POINT('Ctrl Pts',(36.5000005364417,125.1060605402,37.2039417437988));
#1966=CARTESIAN_POINT('Ctrl Pts',(36.5000005364417,125.158916048765,37.2358647358493));
#1967=CARTESIAN_POINT('Ctrl Pts',(36.5000005364417,125.212069864851,37.2673423783073));
#1968=CARTESIAN_POINT('Ctrl Pts',(36.5000005364417,125.265517797223,37.2983689902033));
#1969=CARTESIAN_POINT('Ctrl Pts',(35.5102580373594,136.317633249458,18.6385664669831));
#1970=CARTESIAN_POINT('Ctrl Pts',(35.5879533966659,137.759610338359,19.6665992207152));
#1971=CARTESIAN_POINT('Ctrl Pts',(35.7433276314703,140.130762205575,22.4384820383543));
#1972=CARTESIAN_POINT('Ctrl Pts',(35.9763807417726,141.321042666111,27.7811111486201));
#1973=CARTESIAN_POINT('Ctrl Pts',(36.2094173682662,139.867463715353,33.0566330812467));
#1974=CARTESIAN_POINT('Ctrl Pts',(36.4424539947598,136.109652603016,37.0350859637029));
#1975=CARTESIAN_POINT('Ctrl Pts',(36.6754906212534,130.925088100975,38.7866315216035));
#1976=CARTESIAN_POINT('Ctrl Pts',(36.908527247747,125.5245042259,37.9026312480033));
#1977=CARTESIAN_POINT('Ctrl Pts',(37.1415638742406,121.169041617644,34.5893282956335));
#1978=CARTESIAN_POINT('Ctrl Pts',(37.3746005007342,118.875801500348,29.6205445013528));
#1979=CARTESIAN_POINT('Ctrl Pts',(37.6076371272278,119.180302042955,24.1565523138443));
#1980=CARTESIAN_POINT('Ctrl Pts',(37.8406737537214,122.011437301269,19.473335176396));
#1981=CARTESIAN_POINT('Ctrl Pts',(38.073710380215,126.708075068538,16.6645145393354));
#1982=CARTESIAN_POINT('Ctrl Pts',(38.3067470067087,132.173448995064,16.3860164634526));
#1983=CARTESIAN_POINT('Ctrl Pts',(38.5397836332023,137.13127561757,18.7028735435691));
#1984=CARTESIAN_POINT('Ctrl Pts',(38.7728202596959,140.423795044804,23.0740507849931));
#1985=CARTESIAN_POINT('Ctrl Pts',(39.0058568861895,141.282132577138,28.4787828835406));
#1986=CARTESIAN_POINT('Ctrl Pts',(39.2388935126831,139.505847817523,33.6549480731126));
#1987=CARTESIAN_POINT('Ctrl Pts',(39.4719301391767,135.50974174925,37.3937994162179));
#1988=CARTESIAN_POINT('Ctrl Pts',(39.7049667656703,130.226991763886,38.8222341708332));
#1989=CARTESIAN_POINT('Ctrl Pts',(39.9380033921639,124.891234489647,37.6066817999104));
#1990=CARTESIAN_POINT('Ctrl Pts',(40.1710400186575,120.748484908057,34.0310001895098));
#1991=CARTESIAN_POINT('Ctrl Pts',(40.4040766451511,118.766164846077,28.9301884120716));
#1992=CARTESIAN_POINT('Ctrl Pts',(40.6371132716447,119.407189002833,23.4953967502929));
#1993=CARTESIAN_POINT('Ctrl Pts',(40.8701498981384,122.521864351636,18.9957665292403));
#1994=CARTESIAN_POINT('Ctrl Pts',(41.103186524632,127.382846666959,16.4820596094426));
#1995=CARTESIAN_POINT('Ctrl Pts',(41.3362231511256,132.854991248142,16.5412796875168));
#1996=CARTESIAN_POINT('Ctrl Pts',(41.5692597776192,137.660433647359,19.15960033937));
#1997=CARTESIAN_POINT('Ctrl Pts',(41.8022964041128,140.676999051835,23.7255813695407));
#1998=CARTESIAN_POINT('Ctrl Pts',(42.0353330306064,141.200253748404,29.1729785212196));
#1999=CARTESIAN_POINT('Ctrl Pts',(42.2683696571,139.10800703994,34.2296836086063));
#2000=CARTESIAN_POINT('Ctrl Pts',(42.5014062835936,134.88884263473,37.7148927426336));
#2001=CARTESIAN_POINT('Ctrl Pts',(42.7344429100872,129.528029408375,38.8146400897919));
#2002=CARTESIAN_POINT('Ctrl Pts',(42.9674795365808,124.277428320621,37.2723012377559));
#2003=CARTESIAN_POINT('Ctrl Pts',(43.2005161630744,120.363178896696,33.4476596674608));
#2004=CARTESIAN_POINT('Ctrl Pts',(43.433552789568,118.699323081161,28.2346368157154));
#2005=CARTESIAN_POINT('Ctrl Pts',(43.6665894160616,119.674443572201,22.8489747982451));
#2006=CARTESIAN_POINT('Ctrl Pts',(43.8219471670574,121.932181885548,19.9845095462559));
#2007=CARTESIAN_POINT('Ctrl Pts',(43.8996260425553,123.331384685355,18.8995906654126));
#2008=CARTESIAN_POINT('Ctrl Pts',(35.8403283379521,135.985756489991,19.1040737456167));
#2009=CARTESIAN_POINT('Ctrl Pts',(35.9180236972586,137.351983890312,20.0781020622842));
#2010=CARTESIAN_POINT('Ctrl Pts',(36.073397932063,139.59857482178,22.7043728158794));
#2011=CARTESIAN_POINT('Ctrl Pts',(36.3064510423653,140.726327677056,27.7663438668592));
#2012=CARTESIAN_POINT('Ctrl Pts',(36.5394876688589,139.349107881859,32.7647330027347));
#2013=CARTESIAN_POINT('Ctrl Pts',(36.7725242953525,135.788701446543,36.5341904932395));
#2014=CARTESIAN_POINT('Ctrl Pts',(37.0055609218461,130.876491581396,38.1937241658145));
#2015=CARTESIAN_POINT('Ctrl Pts',(37.2385975483397,125.75961023519,37.356162040189));
#2016=CARTESIAN_POINT('Ctrl Pts',(37.4716341748333,121.632948027953,34.2169129398172));
#2017=CARTESIAN_POINT('Ctrl Pts',(37.7046708013269,119.460175999966,29.5091484279784));
#2018=CARTESIAN_POINT('Ctrl Pts',(37.9377074278205,119.748680573251,24.3321897237325));
#2019=CARTESIAN_POINT('Ctrl Pts',(38.1707440543141,122.431091128657,19.8949905309859));
#2020=CARTESIAN_POINT('Ctrl Pts',(38.4037806808077,126.881005941042,17.2337223690476));
#2021=CARTESIAN_POINT('Ctrl Pts',(38.6368173073014,132.059273799033,16.9698543054451));
#2022=CARTESIAN_POINT('Ctrl Pts',(38.8698539337949,136.756656739332,19.1650026540873));
#2023=CARTESIAN_POINT('Ctrl Pts',(39.1028905602886,139.876214111079,23.3065539761271));
#2024=CARTESIAN_POINT('Ctrl Pts',(39.3359271867822,140.689461606081,28.427365632055));
#2025=CARTESIAN_POINT('Ctrl Pts',(39.5689638132758,139.006488327215,33.3316174159486));
#2026=CARTESIAN_POINT('Ctrl Pts',(39.8020004397694,135.220305004968,36.8740600733192));
#2027=CARTESIAN_POINT('Ctrl Pts',(40.035037066263,130.215067519159,38.2274565428931));
#2028=CARTESIAN_POINT('Ctrl Pts',(40.2680736927566,125.159607314116,37.0757593568133));
#2029=CARTESIAN_POINT('Ctrl Pts',(40.5011103192502,121.23448392998,33.6879148282478));
#2030=CARTESIAN_POINT('Ctrl Pts',(40.7341469457438,119.356298759268,28.8550580042029));
#2031=CARTESIAN_POINT('Ctrl Pts',(40.9671835722374,119.963648746981,23.7057658687693));
#2032=CARTESIAN_POINT('Ctrl Pts',(41.200220198731,122.914704514364,19.4425094365913));
#2033=CARTESIAN_POINT('Ctrl Pts',(41.4332568252246,127.52033055571,17.0608521296647));
#2034=CARTESIAN_POINT('Ctrl Pts',(41.6662934517182,132.70501339351,17.1169612689408));
#2035=CARTESIAN_POINT('Ctrl Pts',(41.8993300782119,137.258017131921,19.5977367576222));
#2036=CARTESIAN_POINT('Ctrl Pts',(42.1323667047055,140.116116849437,23.9238584698025));
#2037=CARTESIAN_POINT('Ctrl Pts',(42.3654033311991,140.611884021677,29.0850939057425));
#2038=CARTESIAN_POINT('Ctrl Pts',(42.5984399576927,138.629546851874,33.8761610446741));
#2039=CARTESIAN_POINT('Ctrl Pts',(42.8314765841863,134.632022854287,37.1782857811933));
#2040=CARTESIAN_POINT('Ctrl Pts',(43.0645132106799,129.552822932028,38.2202613927907));
#2041=CARTESIAN_POINT('Ctrl Pts',(43.2975498371735,124.578045503554,36.7589444159476));
#2042=CARTESIAN_POINT('Ctrl Pts',(43.5305864636671,120.869418746711,33.1352182486179));
#2043=CARTESIAN_POINT('Ctrl Pts',(43.7636230901607,119.292968314271,28.1960450028227));
#2044=CARTESIAN_POINT('Ctrl Pts',(43.9966597166543,120.216863945989,23.0933016418036));
#2045=CARTESIAN_POINT('Ctrl Pts',(44.1520174676501,122.355999144592,20.3793119781293));
#2046=CARTESIAN_POINT('Ctrl Pts',(44.2296963431479,123.681699267302,19.3513858664443));
#2047=CARTESIAN_POINT('Ctrl Pts',(36.1703986385448,135.653879730525,19.5695810242503));
#2048=CARTESIAN_POINT('Ctrl Pts',(36.2480939978513,136.944357442264,20.4896049038532));
#2049=CARTESIAN_POINT('Ctrl Pts',(36.4034682326557,139.066387437986,22.9702635934045));
#2050=CARTESIAN_POINT('Ctrl Pts',(36.636521342958,140.131612688001,27.7515765850983));
#2051=CARTESIAN_POINT('Ctrl Pts',(36.8695579694516,138.830752048366,32.4728329242227));
#2052=CARTESIAN_POINT('Ctrl Pts',(37.1025945959452,135.46775029007,36.0332950227761));
#2053=CARTESIAN_POINT('Ctrl Pts',(37.3356312224388,130.827895061817,37.6008168100254));
#2054=CARTESIAN_POINT('Ctrl Pts',(37.5686678489324,125.994716244479,36.8096928323747));
#2055=CARTESIAN_POINT('Ctrl Pts',(37.801704475426,122.096854438262,33.844497584001));
#2056=CARTESIAN_POINT('Ctrl Pts',(38.0347411019196,120.044550499583,29.397752354604));
#2057=CARTESIAN_POINT('Ctrl Pts',(38.2677777284132,120.317059103548,24.5078271336208));
#2058=CARTESIAN_POINT('Ctrl Pts',(38.5008143549068,122.850744956045,20.3166458855759));
#2059=CARTESIAN_POINT('Ctrl Pts',(38.7338509814004,127.053936813547,17.8029301987599));
#2060=CARTESIAN_POINT('Ctrl Pts',(38.966887607894,131.945098603002,17.5536921474376));
#2061=CARTESIAN_POINT('Ctrl Pts',(39.1999242343876,136.382037861093,19.6271317646054));
#2062=CARTESIAN_POINT('Ctrl Pts',(39.4329608608813,139.328633177355,23.5390571672611));
#2063=CARTESIAN_POINT('Ctrl Pts',(39.6659974873749,140.096790635024,28.3759483805694));
#2064=CARTESIAN_POINT('Ctrl Pts',(39.8990341138685,138.507128836907,33.0082867587846));
#2065=CARTESIAN_POINT('Ctrl Pts',(40.1320707403621,134.930868260685,36.3543207304206));
#2066=CARTESIAN_POINT('Ctrl Pts',(40.3651073668557,130.203143274432,37.6326789149531));
#2067=CARTESIAN_POINT('Ctrl Pts',(40.5981439933493,125.427980138584,36.5448369137162));
#2068=CARTESIAN_POINT('Ctrl Pts',(40.8311806198429,121.720482951903,33.3448294669858));
#2069=CARTESIAN_POINT('Ctrl Pts',(41.0642172463365,119.946432672458,28.7799275963342));
#2070=CARTESIAN_POINT('Ctrl Pts',(41.2972538728301,120.520108491129,23.9161349872458));
#2071=CARTESIAN_POINT('Ctrl Pts',(41.5302904993237,123.307544677093,19.8892523439424));
#2072=CARTESIAN_POINT('Ctrl Pts',(41.7633271258173,127.657814444461,17.6396446498868));
#2073=CARTESIAN_POINT('Ctrl Pts',(41.9963637523109,132.555035538877,17.6926428503648));
#2074=CARTESIAN_POINT('Ctrl Pts',(42.2294003788046,136.855600616484,20.0358731758745));
#2075=CARTESIAN_POINT('Ctrl Pts',(42.4624370052982,139.55523464704,24.1221355700642));
#2076=CARTESIAN_POINT('Ctrl Pts',(42.6954736317918,140.02351429495,28.9972092902654));
#2077=CARTESIAN_POINT('Ctrl Pts',(42.9285102582854,138.151086663808,33.5226384807418));
#2078=CARTESIAN_POINT('Ctrl Pts',(43.161546884779,134.375203073843,36.641678819753));
#2079=CARTESIAN_POINT('Ctrl Pts',(43.3945835112726,129.57761645568,37.6258826957895));
#2080=CARTESIAN_POINT('Ctrl Pts',(43.6276201377662,124.878662686488,36.2455875941392));
#2081=CARTESIAN_POINT('Ctrl Pts',(43.8606567642598,121.375658596726,32.8227768297749));
#2082=CARTESIAN_POINT('Ctrl Pts',(44.0936933907534,119.886613547382,28.1574531899299));
#2083=CARTESIAN_POINT('Ctrl Pts',(44.326730017247,120.759284319778,23.337628485362));
#2084=CARTESIAN_POINT('Ctrl Pts',(44.4820877682428,122.779816403636,20.7741144100026));
#2085=CARTESIAN_POINT('Ctrl Pts',(44.5597666437406,124.032013849249,19.8031810674761));
#2086=CARTESIAN_POINT('Ctrl Pts',(36.5004689391375,135.322002971058,20.0350883028838));
#2087=CARTESIAN_POINT('Ctrl Pts',(36.578164298444,136.536730994217,20.9011077454221));
#2088=CARTESIAN_POINT('Ctrl Pts',(36.7335385332484,138.534200054191,23.2361543709296));
#2089=CARTESIAN_POINT('Ctrl Pts',(36.9665916435506,139.536897698946,27.7368093033374));
#2090=CARTESIAN_POINT('Ctrl Pts',(37.1996282700442,138.312396214872,32.1809328457107));
#2091=CARTESIAN_POINT('Ctrl Pts',(37.4326648965379,135.146799133597,35.5323995523127));
#2092=CARTESIAN_POINT('Ctrl Pts',(37.6657015230315,130.779298542238,37.0079094542363));
#2093=CARTESIAN_POINT('Ctrl Pts',(37.8987381495251,126.229822253769,36.2632236245605));
#2094=CARTESIAN_POINT('Ctrl Pts',(38.1317747760187,122.560760848571,33.4720822281847));
#2095=CARTESIAN_POINT('Ctrl Pts',(38.3648114025123,120.6289249992,29.2863562812296));
#2096=CARTESIAN_POINT('Ctrl Pts',(38.5978480290059,120.885437633845,24.6834645435091));
#2097=CARTESIAN_POINT('Ctrl Pts',(38.8308846554995,123.270398783433,20.7383012401659));
#2098=CARTESIAN_POINT('Ctrl Pts',(39.0639212819931,127.226867686052,18.3721380284721));
#2099=CARTESIAN_POINT('Ctrl Pts',(39.2969579084867,131.830923406972,18.1375299894301));
#2100=CARTESIAN_POINT('Ctrl Pts',(39.5299945349803,136.007418982854,20.0892608751235));
#2101=CARTESIAN_POINT('Ctrl Pts',(39.7630311614739,138.781052243631,23.7715603583951));
#2102=CARTESIAN_POINT('Ctrl Pts',(39.9960677879675,139.504119663967,28.3245311290838));
#2103=CARTESIAN_POINT('Ctrl Pts',(40.2291044144612,138.007769346599,32.6849561016206));
#2104=CARTESIAN_POINT('Ctrl Pts',(40.4621410409548,134.641431516403,35.834581387522));
#2105=CARTESIAN_POINT('Ctrl Pts',(40.6951776674484,130.191219029704,37.0379012870129));
#2106=CARTESIAN_POINT('Ctrl Pts',(40.928214293942,125.696352963053,36.0139144706191));
#2107=CARTESIAN_POINT('Ctrl Pts',(41.1612509204356,122.206481973826,33.0017441057238));
#2108=CARTESIAN_POINT('Ctrl Pts',(41.3942875469292,120.536566585649,28.7047971884655));
#2109=CARTESIAN_POINT('Ctrl Pts',(41.6273241734228,121.076568235277,24.1265041057222));
#2110=CARTESIAN_POINT('Ctrl Pts',(41.8603607999164,123.700384839821,20.3359952512934));
#2111=CARTESIAN_POINT('Ctrl Pts',(42.09339742641,127.795298333211,18.2184371701089));
#2112=CARTESIAN_POINT('Ctrl Pts',(42.3264340529036,132.405057684245,18.2683244317887));
#2113=CARTESIAN_POINT('Ctrl Pts',(42.5594706793972,136.453184101046,20.4740095941267));
#2114=CARTESIAN_POINT('Ctrl Pts',(42.7925073058909,138.994352444642,24.320412670326));
#2115=CARTESIAN_POINT('Ctrl Pts',(43.0255439323845,139.435144568223,28.9093246747882));
#2116=CARTESIAN_POINT('Ctrl Pts',(43.2585805588781,137.672626475742,33.1691159168096));
#2117=CARTESIAN_POINT('Ctrl Pts',(43.4916171853717,134.118383293399,36.1050718583128));
#2118=CARTESIAN_POINT('Ctrl Pts',(43.7246538118653,129.602409979333,37.0315039987882));
#2119=CARTESIAN_POINT('Ctrl Pts',(43.9576904383589,125.179279869422,35.7322307723309));
#2120=CARTESIAN_POINT('Ctrl Pts',(44.1907270648525,121.881898446741,32.5103354109319));
#2121=CARTESIAN_POINT('Ctrl Pts',(44.4237636913461,120.480258780493,28.1188613770372));
#2122=CARTESIAN_POINT('Ctrl Pts',(44.6568003178397,121.301704693566,23.5819553289205));
#2123=CARTESIAN_POINT('Ctrl Pts',(44.8121580688355,123.20363366268,21.168916841876));
#2124=CARTESIAN_POINT('Ctrl Pts',(44.8898369443333,124.382328431196,20.2549762685078));
#2125=CARTESIAN_POINT('Ctrl Pts',(43.9000005364417,126.344934622051,35.9086085552357));
#2126=CARTESIAN_POINT('Ctrl Pts',(43.9000005364417,126.122656060339,35.8351636652104));
#2127=CARTESIAN_POINT('Ctrl Pts',(43.9000005364417,125.903602068732,35.7533323775473));
#2128=CARTESIAN_POINT('Ctrl Pts',(43.9000005364417,125.688263300722,35.6633279079625));
#2129=CARTESIAN_POINT('Ctrl Pts',(43.9000005364417,125.56302296006,35.610981595517));
#2130=CARTESIAN_POINT('Ctrl Pts',(43.9000005364417,125.439039110492,35.5558696861323));
#2131=CARTESIAN_POINT('Ctrl Pts',(43.9000005364417,125.316407546296,35.4980260777354));
#2132=CARTESIAN_POINT('Ctrl Pts',(43.9000005364417,125.107128865827,35.3993122260595));
#2133=CARTESIAN_POINT('Ctrl Pts',(43.9000005364417,124.901787799956,35.2926456764839));
#2134=CARTESIAN_POINT('Ctrl Pts',(43.9000005364417,124.700706368149,35.1784245748394));
#2135=CARTESIAN_POINT('Ctrl Pts',(43.9000005364417,124.497878592291,35.0632114902972));
#2136=CARTESIAN_POINT('Ctrl Pts',(43.9000005364417,124.299384207403,34.9403117972865));
#2137=CARTESIAN_POINT('Ctrl Pts',(43.9000005364417,124.105567574827,34.8100825157809));
#2138=CARTESIAN_POINT('Ctrl Pts',(43.9000005364417,123.910951091149,34.6793157982829));
#2139=CARTESIAN_POINT('Ctrl Pts',(43.9000005364417,123.721050472633,34.5411585506423));
#2140=CARTESIAN_POINT('Ctrl Pts',(43.9000005364417,123.536236790653,34.3959249385493));
#2141=CARTESIAN_POINT('Ctrl Pts',(43.9000005364417,123.431480937948,34.3136038099769));
#2142=CARTESIAN_POINT('Ctrl Pts',(43.9000005364417,123.328359887866,34.2290083305369));
#2143=CARTESIAN_POINT('Ctrl Pts',(43.9000005364417,123.226945483752,34.1421896152986));
#2144=CARTESIAN_POINT('Ctrl Pts',(43.9000005364417,123.207392033102,34.1254503219137));
#2145=CARTESIAN_POINT('Ctrl Pts',(43.9000005364417,123.187905834609,34.1086315917397));
#2146=CARTESIAN_POINT('Ctrl Pts',(43.9000005364417,123.168493118289,34.0917389761738));
#2147=CARTESIAN_POINT('Ctrl Pts',(43.9000005364417,122.988235205932,33.9348816067102));
#2148=CARTESIAN_POINT('Ctrl Pts',(43.9000005364417,122.814158631516,33.7715268933773));
#2149=CARTESIAN_POINT('Ctrl Pts',(43.9000005364417,122.646590987064,33.6021007425055));
#2150=CARTESIAN_POINT('Ctrl Pts',(43.9000005364417,122.47715929659,33.4307898713257));
#2151=CARTESIAN_POINT('Ctrl Pts',(43.9000005364417,122.31438156537,33.2532714366944));
#2152=CARTESIAN_POINT('Ctrl Pts',(43.9000005364417,122.158614949559,33.0699356342167));
#2153=CARTESIAN_POINT('Ctrl Pts',(43.9000005364417,122.023488123291,32.9108926647));
#2154=CARTESIAN_POINT('Ctrl Pts',(43.9000005364417,121.893637565235,32.7474709101977));
#2155=CARTESIAN_POINT('Ctrl Pts',(43.9000005364417,121.769312747844,32.5798978457177));
#2156=CARTESIAN_POINT('Ctrl Pts',(43.9000005364417,121.627055654576,32.3881544950098));
#2157=CARTESIAN_POINT('Ctrl Pts',(43.9000005364417,121.492032101576,32.1909763969731));
#2158=CARTESIAN_POINT('Ctrl Pts',(43.9000005364417,121.364379033262,31.9888332260731));
#2159=CARTESIAN_POINT('Ctrl Pts',(43.9000005364417,121.235976908981,31.7855038984255));
#2160=CARTESIAN_POINT('Ctrl Pts',(43.9000005364417,121.115031660206,31.5771505318953));
#2161=CARTESIAN_POINT('Ctrl Pts',(43.9000005364417,121.001724076123,31.3642189604901));
#2162=CARTESIAN_POINT('Ctrl Pts',(43.9000005364417,120.978954405335,31.3214293994858));
#2163=CARTESIAN_POINT('Ctrl Pts',(43.9000005364417,120.956493307506,31.2784548697771));
#2164=CARTESIAN_POINT('Ctrl Pts',(43.9000005364417,120.93434247041,31.2352988635647));
#2165=CARTESIAN_POINT('Ctrl Pts',(43.9000005364417,120.919254770719,31.2059038181849));
#2166=CARTESIAN_POINT('Ctrl Pts',(43.9000005364417,120.904311905452,31.1764261621795));
#2167=CARTESIAN_POINT('Ctrl Pts',(43.9000005364417,120.889523171889,31.1468850279223));
#2168=CARTESIAN_POINT('Ctrl Pts',(43.9000005364417,120.780954753375,30.9300149211087));
#2169=CARTESIAN_POINT('Ctrl Pts',(43.9000005364417,120.680558334483,30.7094710411527));
#2170=CARTESIAN_POINT('Ctrl Pts',(43.9000005364417,120.588411376718,30.4857820908435));
#2171=CARTESIAN_POINT('Ctrl Pts',(43.9000005364417,120.4946490873,30.2581718841995));
#2172=CARTESIAN_POINT('Ctrl Pts',(43.9000005364417,120.409427621733,30.0273049153431));
#2173=CARTESIAN_POINT('Ctrl Pts',(43.9000005364417,120.332865652814,29.7936992420986));
#2174=CARTESIAN_POINT('Ctrl Pts',(43.9000005364417,120.255997091243,29.5591580941788));
#2175=CARTESIAN_POINT('Ctrl Pts',(43.9000005364417,120.187857180933,29.3218556878805));
#2176=CARTESIAN_POINT('Ctrl Pts',(43.9000005364417,120.128608517111,29.0822853911061));
#2177=CARTESIAN_POINT('Ctrl Pts',(43.9000005364417,120.069594648489,28.8436644820855));
#2178=CARTESIAN_POINT('Ctrl Pts',(43.9000005364417,120.019401409325,28.6027930095608));
#2179=CARTESIAN_POINT('Ctrl Pts',(43.9000005364417,119.978236133057,28.3601368214159));
#2180=CARTESIAN_POINT('Ctrl Pts',(43.9000005364417,119.966572822357,28.2913853208264));
#2181=CARTESIAN_POINT('Ctrl Pts',(43.9000005364417,119.955634536419,28.2224904492407));
#2182=CARTESIAN_POINT('Ctrl Pts',(43.9000005364417,119.945426725684,28.1534625891474));
#2183=CARTESIAN_POINT('Ctrl Pts',(43.9000005364417,119.914772094536,27.9461680335426));
#2184=CARTESIAN_POINT('Ctrl Pts',(43.9000005364417,119.890703136483,27.7376743815402));
#2185=CARTESIAN_POINT('Ctrl Pts',(43.9000005364417,119.873188832272,27.5282745413997));
#2186=CARTESIAN_POINT('Ctrl Pts',(43.9000005364417,119.871144393936,27.5038313745134));
#2187=CARTESIAN_POINT('Ctrl Pts',(43.9000005364417,119.869189542031,27.4793785165375));
#2188=CARTESIAN_POINT('Ctrl Pts',(43.9000005364417,119.867324785728,27.4549250432072));
#2189=CARTESIAN_POINT('Ctrl Pts',(43.9000005364417,119.848540554998,27.2085981185998));
#2190=CARTESIAN_POINT('Ctrl Pts',(43.9000005364417,119.838873170322,26.9619586413532));
#2191=CARTESIAN_POINT('Ctrl Pts',(43.9000005364417,119.838128486645,26.7155153739733));
#2192=CARTESIAN_POINT('Ctrl Pts',(43.9000005364417,119.837373036939,26.4655092307675));
#2193=CARTESIAN_POINT('Ctrl Pts',(43.9000005364417,119.845800042176,26.2157044566648));
#2194=CARTESIAN_POINT('Ctrl Pts',(43.9000005364417,119.863256263825,25.9666111282637));
#2195=CARTESIAN_POINT('Ctrl Pts',(43.9000005364417,119.880922858898,25.7145158549296));
#2196=CARTESIAN_POINT('Ctrl Pts',(43.9000005364417,119.907837517577,25.463148655109));
#2197=CARTESIAN_POINT('Ctrl Pts',(43.9000005364417,119.943893176545,25.2130258229126));
#2198=CARTESIAN_POINT('Ctrl Pts',(43.9000005364417,119.979934790466,24.9630004230562));
#2199=CARTESIAN_POINT('Ctrl Pts',(43.9000005364417,120.025110289317,24.7142177536077));
#2200=CARTESIAN_POINT('Ctrl Pts',(43.9000005364417,120.079364687449,24.4671909097494));
#2201=CARTESIAN_POINT('Ctrl Pts',(43.9000005364417,120.126584651436,24.2521926962884));
#2202=CARTESIAN_POINT('Ctrl Pts',(43.9000005364417,120.18068265434,24.0385242038912));
#2203=CARTESIAN_POINT('Ctrl Pts',(43.9000005364417,120.241654486384,23.8265280978642));
#2204=CARTESIAN_POINT('Ctrl Pts',(43.9000005364417,120.25968040027,23.7638528686064));
#2205=CARTESIAN_POINT('Ctrl Pts',(43.9000005364417,120.278307319351,23.7013238616475));
#2206=CARTESIAN_POINT('Ctrl Pts',(43.9000005364417,120.297535634839,23.6389500719183));
#2207=CARTESIAN_POINT('Ctrl Pts',(43.9000005364417,120.312456418863,23.590549272277));
#2208=CARTESIAN_POINT('Ctrl Pts',(43.9000005364417,120.32774158231,23.5422354267257));
#2209=CARTESIAN_POINT('Ctrl Pts',(43.9000005364417,120.343376652932,23.4940569804756));
#2210=CARTESIAN_POINT('Ctrl Pts',(43.9000005364417,120.375745208195,23.3943153971077));
#2211=CARTESIAN_POINT('Ctrl Pts',(43.9000005364417,120.409623694373,23.2951191137687));
#2212=CARTESIAN_POINT('Ctrl Pts',(43.9000005364417,120.4450033768,23.1965037874188));
#2213=CARTESIAN_POINT('Ctrl Pts',(43.9000005364417,120.530902322064,22.9570739243083));
#2214=CARTESIAN_POINT('Ctrl Pts',(43.9000005364417,120.625646722963,22.7210683154665));
#2215=CARTESIAN_POINT('Ctrl Pts',(43.9000005364417,120.728851494667,22.4888569900113));
#2216=CARTESIAN_POINT('Ctrl Pts',(43.9000005364417,120.833161729577,22.2541583660326));
#2217=CARTESIAN_POINT('Ctrl Pts',(43.9000005364417,120.946114747332,22.0233351949206));
#2218=CARTESIAN_POINT('Ctrl Pts',(43.9000005364417,121.067365909505,21.7967781456795));
#2219=CARTESIAN_POINT('Ctrl Pts',(43.9000005364417,121.139947666444,21.6611595801637));
#2220=CARTESIAN_POINT('Ctrl Pts',(43.9000005364417,121.21550389683,21.5270698968787));
#2221=CARTESIAN_POINT('Ctrl Pts',(43.9000005364417,121.293969139449,21.3945956124294));
#2222=CARTESIAN_POINT('Ctrl Pts',(43.9000005364417,121.344645366817,21.3090380236783));
#2223=CARTESIAN_POINT('Ctrl Pts',(43.9000005364417,121.396535107668,21.2241542845083));
#2224=CARTESIAN_POINT('Ctrl Pts',(43.9000005364417,121.449622050355,21.1399683083738));
#2225=CARTESIAN_POINT('Ctrl Pts',(43.9000005364417,121.479659383765,21.0923347076143));
#2226=CARTESIAN_POINT('Ctrl Pts',(43.9000005364417,121.510084944641,21.0449171152848));
#2227=CARTESIAN_POINT('Ctrl Pts',(43.9000005364417,121.540871672457,20.9977565870015));
#2228=CARTESIAN_POINT('Ctrl Pts',(43.9000005364417,121.683932703066,20.7786091082417));
#2229=CARTESIAN_POINT('Ctrl Pts',(43.9000005364417,121.834846865225,20.564912768124));
#2230=CARTESIAN_POINT('Ctrl Pts',(43.9000005364417,121.993233151722,20.3570603460916));
#2231=CARTESIAN_POINT('Ctrl Pts',(43.9000005364417,122.152356157764,20.1482411172393));
#2232=CARTESIAN_POINT('Ctrl Pts',(43.9000005364417,122.319021246057,19.9453197165904));
#2233=CARTESIAN_POINT('Ctrl Pts',(43.9000005364417,122.492891895509,19.7487117611772));
#2234=CARTESIAN_POINT('Ctrl Pts',(43.9000005364417,122.66623953826,19.5526952067775));
#2235=CARTESIAN_POINT('Ctrl Pts',(43.9000005364417,122.84674980065,19.3629536097206));
#2236=CARTESIAN_POINT('Ctrl Pts',(43.9000005364417,123.034133810153,19.1799245760782));
#2237=CARTESIAN_POINT('Ctrl Pts',(43.9000005364417,123.131505235323,19.0848161519355));
#2238=CARTESIAN_POINT('Ctrl Pts',(43.9000005364417,123.230733420869,18.9915207376017));
#2239=CARTESIAN_POINT('Ctrl Pts',(43.9000005364417,123.331782148165,18.9001032669415));
#2240=CARTESIAN_POINT('Ctrl Pts',(36.5000005364417,134.734681260028,37.2982117184051));
#2241=CARTESIAN_POINT('Ctrl Pts',(36.5000005364417,134.960913553869,37.16716901688));
#2242=CARTESIAN_POINT('Ctrl Pts',(36.5000005364417,135.182113673274,37.0281462323998));
#2243=CARTESIAN_POINT('Ctrl Pts',(36.5000005364417,135.397804936937,36.8813150586827));
#2244=CARTESIAN_POINT('Ctrl Pts',(36.5000005364417,135.540352444459,36.7842762751714));
#2245=CARTESIAN_POINT('Ctrl Pts',(36.5000005364417,135.680493272512,36.6838261280761));
#2246=CARTESIAN_POINT('Ctrl Pts',(36.5000005364417,135.818081593846,36.5800047357718));
#2247=CARTESIAN_POINT('Ctrl Pts',(36.5000005364417,136.027486388305,36.4219920708517));
#2248=CARTESIAN_POINT('Ctrl Pts',(36.5000005364417,136.230980691113,36.2561715110501));
#2249=CARTESIAN_POINT('Ctrl Pts',(36.5000005364417,136.428199142523,36.0829417761651));
#2250=CARTESIAN_POINT('Ctrl Pts',(36.5000005364417,136.565702318645,35.9621638338622));
#2251=CARTESIAN_POINT('Ctrl Pts',(36.5000005364417,136.700153948908,35.8377835357451));
#2252=CARTESIAN_POINT('Ctrl Pts',(36.5000005364417,136.831417280799,35.709928386245));
#2253=CARTESIAN_POINT('Ctrl Pts',(36.5000005364417,136.870901386374,35.6714694644085));
#2254=CARTESIAN_POINT('Ctrl Pts',(36.5000005364417,136.91009693402,35.6326960976326));
#2255=CARTESIAN_POINT('Ctrl Pts',(36.5000005364417,136.94899999826,35.5936116673931));
#2256=CARTESIAN_POINT('Ctrl Pts',(36.5000005364417,136.979173961792,35.5632970329095));
#2257=CARTESIAN_POINT('Ctrl Pts',(36.5000005364417,137.009170773015,35.5327963496024));
#2258=CARTESIAN_POINT('Ctrl Pts',(36.5000005364417,137.038974134315,35.5021264705723));
#2259=CARTESIAN_POINT('Ctrl Pts',(36.5000005364417,137.219421406171,35.3164327851021));
#2260=CARTESIAN_POINT('Ctrl Pts',(36.5000005364417,137.392925948926,35.1243940697869));
#2261=CARTESIAN_POINT('Ctrl Pts',(36.5000005364417,137.559161381608,34.9264178791598));
#2262=CARTESIAN_POINT('Ctrl Pts',(36.5000005364417,137.724480631518,34.7295328059452));
#2263=CARTESIAN_POINT('Ctrl Pts',(36.5000005364417,137.882610991627,34.5267749564885));
#2264=CARTESIAN_POINT('Ctrl Pts',(36.5000005364417,138.033187512868,34.3185190216541));
#2265=CARTESIAN_POINT('Ctrl Pts',(36.5000005364417,138.182340046535,34.1122325430221));
#2266=CARTESIAN_POINT('Ctrl Pts',(36.5000005364417,138.324081204184,33.900550938567));
#2267=CARTESIAN_POINT('Ctrl Pts',(36.5000005364417,138.458008790662,33.6838208586211));
#2268=CARTESIAN_POINT('Ctrl Pts',(36.5000005364417,138.514660181198,33.5921440000841));
#2269=CARTESIAN_POINT('Ctrl Pts',(36.5000005364417,138.569912119523,33.4995649938401));
#2270=CARTESIAN_POINT('Ctrl Pts',(36.5000005364417,138.623733860497,33.4061051673188));
#2271=CARTESIAN_POINT('Ctrl Pts',(36.5000005364417,138.644767438904,33.3695809941236));
#2272=CARTESIAN_POINT('Ctrl Pts',(36.5000005364417,138.665583455866,33.3329205061596));
#2273=CARTESIAN_POINT('Ctrl Pts',(36.5000005364417,138.686165872713,33.2961507449501));
#2274=CARTESIAN_POINT('Ctrl Pts',(36.5000005364417,138.814868474217,33.0662280901124));
#2275=CARTESIAN_POINT('Ctrl Pts',(36.5000005364417,138.934543901593,32.831861869849));
#2276=CARTESIAN_POINT('Ctrl Pts',(36.5000005364417,139.044842145445,32.5934732209066));
#2277=CARTESIAN_POINT('Ctrl Pts',(36.5000005364417,139.15096167461,32.3641160679657));
#2278=CARTESIAN_POINT('Ctrl Pts',(36.5000005364417,139.248401009925,32.1310347449634));
#2279=CARTESIAN_POINT('Ctrl Pts',(36.5000005364417,139.337082351701,31.8947435143835));
#2280=CARTESIAN_POINT('Ctrl Pts',(36.5000005364417,139.425880520927,31.6581409973364));
#2281=CARTESIAN_POINT('Ctrl Pts',(36.5000005364417,139.505897682774,31.4183194345082));
#2282=CARTESIAN_POINT('Ctrl Pts',(36.5000005364417,139.577004388547,31.1757857860713));
#2283=CARTESIAN_POINT('Ctrl Pts',(36.5000005364417,139.647680730959,30.9347200385186));
#2284=CARTESIAN_POINT('Ctrl Pts',(36.5000005364417,139.709554166992,30.6909742820036));
#2285=CARTESIAN_POINT('Ctrl Pts',(36.5000005364417,139.762446288191,30.4450470389605));
#2286=CARTESIAN_POINT('Ctrl Pts',(36.5000005364417,139.809998932375,30.2239462319139));
#2287=CARTESIAN_POINT('Ctrl Pts',(36.5000005364417,139.85029144411,30.0010818361908));
#2288=CARTESIAN_POINT('Ctrl Pts',(36.5000005364417,139.883158169565,29.7768231003438));
#2289=CARTESIAN_POINT('Ctrl Pts',(36.5000005364417,139.890923648979,29.7238370917809));
#2290=CARTESIAN_POINT('Ctrl Pts',(36.5000005364417,139.898274437212,29.670773289125));
#2291=CARTESIAN_POINT('Ctrl Pts',(36.5000005364417,139.905208067028,29.6176366536308));
#2292=CARTESIAN_POINT('Ctrl Pts',(36.5000005364417,139.909749502038,29.5828328664222));
#2293=CARTESIAN_POINT('Ctrl Pts',(36.5000005364417,139.914111388426,29.5480017832524));
#2294=CARTESIAN_POINT('Ctrl Pts',(36.5000005364417,139.918291037563,29.5131639426424));
#2295=CARTESIAN_POINT('Ctrl Pts',(36.5000005364417,139.925783527494,29.4507132054055));
#2296=CARTESIAN_POINT('Ctrl Pts',(36.5000005364417,139.932692634825,29.3882241014051));
#2297=CARTESIAN_POINT('Ctrl Pts',(36.5000005364417,139.939017365894,29.3257040519011));
#2298=CARTESIAN_POINT('Ctrl Pts',(36.5000005364417,139.963895936462,29.0797790557984));
#2299=CARTESIAN_POINT('Ctrl Pts',(36.5000005364417,139.979736379209,28.8333778254377));
#2300=CARTESIAN_POINT('Ctrl Pts',(36.5000005364417,139.986442146852,28.5869788639295));
#2301=CARTESIAN_POINT('Ctrl Pts',(36.5000005364417,139.993101300908,28.3422926876093));
#2302=CARTESIAN_POINT('Ctrl Pts',(36.5000005364417,139.990752314589,28.0976081255576));
#2303=CARTESIAN_POINT('Ctrl Pts',(36.5000005364417,139.97924949486,27.8533975837395));
#2304=CARTESIAN_POINT('Ctrl Pts',(36.5000005364417,139.977586179205,27.8180845712049));
#2305=CARTESIAN_POINT('Ctrl Pts',(36.5000005364417,139.975731375183,27.7827814859803));
#2306=CARTESIAN_POINT('Ctrl Pts',(36.5000005364417,139.973684553288,27.7474897748983));
#2307=CARTESIAN_POINT('Ctrl Pts',(36.5000005364417,139.959409786259,27.501361396578));
#2308=CARTESIAN_POINT('Ctrl Pts',(36.5000005364417,139.935799553665,27.2557846914292));
#2309=CARTESIAN_POINT('Ctrl Pts',(36.5000005364417,139.902973444184,27.0112716188402));
#2310=CARTESIAN_POINT('Ctrl Pts',(36.5000005364417,139.870367812692,26.7684008289126));
#2311=CARTESIAN_POINT('Ctrl Pts',(36.5000005364417,139.828669386449,26.5265788348503));
#2312=CARTESIAN_POINT('Ctrl Pts',(36.5000005364417,139.77795026519,26.2863313520091));
#2313=CARTESIAN_POINT('Ctrl Pts',(36.5000005364417,139.749403843941,26.1511120169921));
#2314=CARTESIAN_POINT('Ctrl Pts',(36.5000005364417,139.717999043207,26.0163919417242));
#2315=CARTESIAN_POINT('Ctrl Pts',(36.5000005364417,139.683742900104,25.8822693139101));
#2316=CARTESIAN_POINT('Ctrl Pts',(36.5000005364417,139.673851953153,25.8435434190357));
#2317=CARTESIAN_POINT('Ctrl Pts',(36.5000005364417,139.663723270136,25.8048673551438));
#2318=CARTESIAN_POINT('Ctrl Pts',(36.5000005364417,139.653356958662,25.7662435437621));
#2319=CARTESIAN_POINT('Ctrl Pts',(36.5000005364417,139.645886598476,25.73840974931));
#2320=CARTESIAN_POINT('Ctrl Pts',(36.5000005364417,139.638294933817,25.7106109906064));
#2321=CARTESIAN_POINT('Ctrl Pts',(36.5000005364417,139.63058393422,25.6828541506669));
#2322=CARTESIAN_POINT('Ctrl Pts',(36.5000005364417,139.611716836314,25.6149393479006));
#2323=CARTESIAN_POINT('Ctrl Pts',(36.5000005364417,139.592132276832,25.5472640544953));
#2324=CARTESIAN_POINT('Ctrl Pts',(36.5000005364417,139.571834840803,25.4798395508071));
#2325=CARTESIAN_POINT('Ctrl Pts',(36.5000005364417,139.502257410194,25.2487155940606));
#2326=CARTESIAN_POINT('Ctrl Pts',(36.5000005364417,139.424307148315,25.0205373892151));
#2327=CARTESIAN_POINT('Ctrl Pts',(36.5000005364417,139.338137710711,24.7957736838674));
#2328=CARTESIAN_POINT('Ctrl Pts',(36.5000005364417,139.252294560789,24.5718610648244));
#2329=CARTESIAN_POINT('Ctrl Pts',(36.5000005364417,139.158294062708,24.3513365497202));
#2330=CARTESIAN_POINT('Ctrl Pts',(36.5000005364417,139.056242546553,24.134687552716));
#2331=CARTESIAN_POINT('Ctrl Pts',(36.5000005364417,138.955604014119,23.9210382319292));
#2332=CARTESIAN_POINT('Ctrl Pts',(36.5000005364417,138.8471355265,23.711157365499));
#2333=CARTESIAN_POINT('Ctrl Pts',(36.5000005364417,138.730899482183,23.5055436312467));
#2334=CARTESIAN_POINT('Ctrl Pts',(36.5000005364417,138.676943658592,23.4100994130751));
#2335=CARTESIAN_POINT('Ctrl Pts',(36.5000005364417,138.621313596946,23.3155751395074));
#2336=CARTESIAN_POINT('Ctrl Pts',(36.5000005364417,138.564012881547,23.222023466602));
#2337=CARTESIAN_POINT('Ctrl Pts',(36.5000005364417,138.439002535972,23.0179260678593));
#2338=CARTESIAN_POINT('Ctrl Pts',(36.5000005364417,138.306042066667,22.8184549337111));
#2339=CARTESIAN_POINT('Ctrl Pts',(36.5000005364417,138.165437044782,22.6240365979642));
#2340=CARTESIAN_POINT('Ctrl Pts',(36.5000005364417,138.119474151494,22.5604824723767));
#2341=CARTESIAN_POINT('Ctrl Pts',(36.5000005364417,138.072694165221,22.497468646883));
#2342=CARTESIAN_POINT('Ctrl Pts',(36.5000005364417,138.025107223976,22.435011111803));
#2343=CARTESIAN_POINT('Ctrl Pts',(36.5000005364417,138.005185557585,22.4088640608484));
#2344=CARTESIAN_POINT('Ctrl Pts',(36.5000005364417,137.985125889484,22.3828190966046));
#2345=CARTESIAN_POINT('Ctrl Pts',(36.5000005364417,137.964938839237,22.3568895644116));
#2346=CARTESIAN_POINT('Ctrl Pts',(36.5000005364417,137.820721966746,22.1716482343449));
#2347=CARTESIAN_POINT('Ctrl Pts',(36.5000005364417,137.669864444691,21.9921076049205));
#2348=CARTESIAN_POINT('Ctrl Pts',(36.5000005364417,137.512740390575,21.8185804768798));
#2349=CARTESIAN_POINT('Ctrl Pts',(36.5000005364417,137.355268019055,21.6446686686003));
#2350=CARTESIAN_POINT('Ctrl Pts',(36.5000005364417,137.1915007692,21.4767966253685));
#2351=CARTESIAN_POINT('Ctrl Pts',(36.5000005364417,137.021779979249,21.3153174588661));
#2352=CARTESIAN_POINT('Ctrl Pts',(36.5000005364417,136.853132629637,21.1548596065532));
#2353=CARTESIAN_POINT('Ctrl Pts',(36.5000005364417,136.678606264105,21.0007136651932));
#2354=CARTESIAN_POINT('Ctrl Pts',(36.5000005364417,136.498509122372,20.8532695500367));
#2355=CARTESIAN_POINT('Ctrl Pts',(36.5000005364417,136.319555845645,20.7067619081738));
#2356=CARTESIAN_POINT('Ctrl Pts',(36.5000005364417,136.135101820602,20.5668708960308));
#2357=CARTESIAN_POINT('Ctrl Pts',(36.5000005364417,135.945430910829,20.4340272243481));
#2358=CARTESIAN_POINT('Ctrl Pts',(36.5000005364417,135.755760001056,20.3011835526654));
#2359=CARTESIAN_POINT('Ctrl Pts',(36.5000005364417,135.560871725277,20.1753868383496));
#2360=CARTESIAN_POINT('Ctrl Pts',(36.5000005364417,135.361038739105,20.057121570023));
#2361=CARTESIAN_POINT('Ctrl Pts',(36.5000005364417,135.348477627948,20.0496876462751));
#2362=CARTESIAN_POINT('Ctrl Pts',(36.5000005364417,135.335896977316,20.0422834990452));
#2363=CARTESIAN_POINT('Ctrl Pts',(36.5000005364417,135.32329685413,20.034909256305));
#2364=CARTESIAN_POINT('Origin',(45.9000005364418,130.00000089407,27.5));
#2365=CARTESIAN_POINT('',(43.9000005364417,130.00000089407,18.7250356126079));
#2366=CARTESIAN_POINT('Origin',(43.9000005364417,130.00000089407,27.5));
#2367=CARTESIAN_POINT('',(36.9000005364418,130.00000089407,27.5));
#2368=CARTESIAN_POINT('Origin',(45.9000005364418,130.00000089407,27.5));
#2369=CARTESIAN_POINT('Origin',(36.2500005364417,130.00000089407,27.5));
#2370=CARTESIAN_POINT('',(36.5000005364417,118.50000089407,27.5));
#2371=CARTESIAN_POINT('Origin',(36.5000005364417,130.00000089407,27.5));
#2372=CARTESIAN_POINT('',(36.0000005364418,118.50000089407,27.5));
#2373=CARTESIAN_POINT('',(36.2500005364417,118.50000089407,27.5));
#2374=CARTESIAN_POINT('Origin',(36.0000005364418,130.00000089407,27.5));
#2375=CARTESIAN_POINT('Origin',(36.5000005364417,141.00000089407,27.5));
#2376=CARTESIAN_POINT('Origin',(43.9000005364417,138.774965281462,27.5));
#2377=CARTESIAN_POINT('Origin',(33.0499999701977,118.000001788139,0.));
#2378=CARTESIAN_POINT('',(33.0499999701977,118.000001788139,0.));
#2379=CARTESIAN_POINT('',(36.0000005364418,118.000001788139,0.));
#2380=CARTESIAN_POINT('',(36.0000005364418,118.000001788139,0.));
#2381=CARTESIAN_POINT('',(36.0000005364418,118.000001788139,55.));
#2382=CARTESIAN_POINT('',(36.0000005364418,118.000001788139,0.));
#2383=CARTESIAN_POINT('',(33.0499999701977,118.000001788139,55.));
#2384=CARTESIAN_POINT('',(36.0000005364418,118.000001788139,55.));
#2385=CARTESIAN_POINT('',(33.0499999701977,118.000001788139,0.));
#2386=CARTESIAN_POINT('Origin',(36.0000005364418,142.,0.));
#2387=CARTESIAN_POINT('',(36.0000005364418,142.,0.));
#2388=CARTESIAN_POINT('',(33.0499999701977,142.,0.));
#2389=CARTESIAN_POINT('',(32.9999999701977,142.,0.));
#2390=CARTESIAN_POINT('',(33.0499999701977,142.,55.));
#2391=CARTESIAN_POINT('',(33.0499999701977,142.,0.));
#2392=CARTESIAN_POINT('',(36.0000005364418,142.,55.));
#2393=CARTESIAN_POINT('',(32.9999999701977,142.,55.));
#2394=CARTESIAN_POINT('',(36.0000005364418,142.,0.));
#2395=CARTESIAN_POINT('Origin',(33.0499999701977,140.,0.));
#2396=CARTESIAN_POINT('',(33.0499992612749,133.495197614628,0.));
#2397=CARTESIAN_POINT('',(33.0499999701977,140.,0.));
#2398=CARTESIAN_POINT('',(33.0499992612749,133.495197614628,55.));
#2399=CARTESIAN_POINT('',(33.0499992612749,133.495197614628,0.));
#2400=CARTESIAN_POINT('',(33.0499999701977,140.,55.));
#2401=CARTESIAN_POINT('Origin',(36.0000005364418,120.000001788139,0.));
#2402=CARTESIAN_POINT('',(36.0000005364418,140.,0.));
#2403=CARTESIAN_POINT('',(36.0000005364418,120.000001788139,55.));
#2404=CARTESIAN_POINT('Origin',(33.0499999701977,126.504802385372,0.));
#2405=CARTESIAN_POINT('',(33.0499999701977,126.504802385372,0.));
#2406=CARTESIAN_POINT('',(33.0499999701977,140.,0.));
#2407=CARTESIAN_POINT('',(33.0499999701977,126.504802385372,55.));
#2408=CARTESIAN_POINT('',(33.0499999701977,140.,55.));
#2409=CARTESIAN_POINT('',(33.0499999701977,126.504802385372,0.));
#2410=CARTESIAN_POINT('Origin',(32.8999999701977,126.504802385372,0.));
#2411=CARTESIAN_POINT('',(32.8999999701977,126.504802385372,0.));
#2412=CARTESIAN_POINT('',(32.9999999701977,126.504802385372,0.));
#2413=CARTESIAN_POINT('',(32.8999999701977,126.504802385372,55.));
#2414=CARTESIAN_POINT('',(32.9999999701977,126.504802385372,55.));
#2415=CARTESIAN_POINT('',(32.8999999701977,126.504802385372,0.));
#2416=CARTESIAN_POINT('Origin',(28.1000004172325,122.223202401322,0.));
#2417=CARTESIAN_POINT('',(28.1000004172325,122.223202401322,0.));
#2418=CARTESIAN_POINT('',(28.1000004172325,122.223202401322,0.));
#2419=CARTESIAN_POINT('',(28.1000004172325,122.223202401322,55.));
#2420=CARTESIAN_POINT('',(28.1000004172325,122.223202401322,55.));
#2421=CARTESIAN_POINT('',(28.1000004172325,122.223202401322,0.));
#2422=CARTESIAN_POINT('Origin',(28.1000004172325,137.776797598678,0.));
#2423=CARTESIAN_POINT('',(28.1000004172325,137.776797598678,0.));
#2424=CARTESIAN_POINT('',(28.1000004172325,137.776797598678,0.));
#2425=CARTESIAN_POINT('',(28.1000004172325,137.776797598678,55.));
#2426=CARTESIAN_POINT('',(28.1000004172325,137.776797598678,55.));
#2427=CARTESIAN_POINT('',(28.1000004172325,137.776797598678,0.));
#2428=CARTESIAN_POINT('Origin',(32.8999999701977,133.495197614628,0.));
#2429=CARTESIAN_POINT('',(32.8999999701977,133.495197614628,0.));
#2430=CARTESIAN_POINT('',(32.8999999701977,133.495197614628,0.));
#2431=CARTESIAN_POINT('',(32.8999999701977,133.495197614628,55.));
#2432=CARTESIAN_POINT('',(32.8999999701977,133.495197614628,55.));
#2433=CARTESIAN_POINT('',(32.8999999701977,133.495197614628,0.));
#2434=CARTESIAN_POINT('Origin',(33.0499992612749,133.495197614628,0.));
#2435=CARTESIAN_POINT('',(32.8999999701977,133.495197614628,0.));
#2436=CARTESIAN_POINT('',(32.8999999701977,133.495197614628,55.));
#2437=CARTESIAN_POINT('Origin',(32.0500004768372,130.00000089407,0.));
#2438=CARTESIAN_POINT('Origin',(32.0500004768372,130.00000089407,55.));
#2439=UNCERTAINTY_MEASURE_WITH_UNIT(LENGTH_MEASURE(0.01),#2443,
'DISTANCE_ACCURACY_VALUE',
'Maximum model space distance between geometric entities at asserted c
onnectivities');
#2440=UNCERTAINTY_MEASURE_WITH_UNIT(LENGTH_MEASURE(0.01),#2443,
'DISTANCE_ACCURACY_VALUE',
'Maximum model space distance between geometric entities at asserted c
onnectivities');
#2441=(
GEOMETRIC_REPRESENTATION_CONTEXT(3)
GLOBAL_UNCERTAINTY_ASSIGNED_CONTEXT((#2439))
GLOBAL_UNIT_ASSIGNED_CONTEXT((#2443,#2445,#2446))
REPRESENTATION_CONTEXT('','3D')
);
#2442=(
GEOMETRIC_REPRESENTATION_CONTEXT(3)
GLOBAL_UNCERTAINTY_ASSIGNED_CONTEXT((#2440))
GLOBAL_UNIT_ASSIGNED_CONTEXT((#2443,#2445,#2446))
REPRESENTATION_CONTEXT('','3D')
);
#2443=(
LENGTH_UNIT()
NAMED_UNIT(*)
SI_UNIT(.MILLI.,.METRE.)
);
#2444=(
LENGTH_UNIT()
NAMED_UNIT(*)
SI_UNIT($,.METRE.)
);
#2445=(
NAMED_UNIT(*)
PLANE_ANGLE_UNIT()
SI_UNIT($,.RADIAN.)
);
#2446=(
NAMED_UNIT(*)
SI_UNIT($,.STERADIAN.)
SOLID_ANGLE_UNIT()
);
#2447=SHAPE_DEFINITION_REPRESENTATION(#2448,#2449);
#2448=PRODUCT_DEFINITION_SHAPE('',$,#2451);
#2449=SHAPE_REPRESENTATION('',(#460),#2441);
#2450=PRODUCT_DEFINITION_CONTEXT('part definition',#2455,'design');
#2451=PRODUCT_DEFINITION('FusionComponent','FusionComponent',#2452,#2450);
#2452=PRODUCT_DEFINITION_FORMATION('',$,#2457);
#2453=PRODUCT_RELATED_PRODUCT_CATEGORY('FusionComponent',
'FusionComponent',(#2457));
#2454=APPLICATION_PROTOCOL_DEFINITION('international standard',
'automotive_design',2009,#2455);
#2455=APPLICATION_CONTEXT(
'Core Data for Automotive Mechanical Design Process');
#2456=PRODUCT_CONTEXT('part definition',#2455,'mechanical');
#2457=PRODUCT('FusionComponent','FusionComponent',$,(#2456));
#2458=PRESENTATION_STYLE_ASSIGNMENT((#2459));
#2459=SURFACE_STYLE_USAGE(.BOTH.,#2460);
#2460=SURFACE_SIDE_STYLE('',(#2461));
#2461=SURFACE_STYLE_FILL_AREA(#2462);
#2462=FILL_AREA_STYLE('Steel - Satin',(#2463));
#2463=FILL_AREA_STYLE_COLOUR('Steel - Satin',#2464);
#2464=COLOUR_RGB('Steel - Satin',0.627450980392157,0.627450980392157,0.627450980392157);
ENDSEC;
END-ISO-10303-21;
