ISO-10303-21;
HEADER;
/* Generated by software containing ST-Developer
 * from STEP Tools, Inc. (www.steptools.com) 
 */

FILE_DESCRIPTION(
/* description */ (''),
/* implementation_level */ '2;1');

FILE_NAME(
/* name */ 'base.step',
/* time_stamp */ '2026-10-03T22:19:34+03:00',
/* author */ (''),
/* organization */ (''),
/* preprocessor_version */ 'ST-DEVELOPER v20.2',
/* originating_system */ 'Autodesk Translation Framework v15.15.0.0',
/* authorisation */ '');

FILE_SCHEMA (('AUTOMOTIVE_DESIGN { 1 0 10303 214 3 1 1 }'));
ENDSEC;

DATA;
#10=MECHANICAL_DESIGN_GEOMETRIC_PRESENTATION_REPRESENTATION('',(#17),#3325);
#11=ITEM_DEFINED_TRANSFORMATION($,$,#1045,#1114);
#12=(
REPRESENTATION_RELATIONSHIP($,$,#3336,#3335)
REPRESENTATION_RELATIONSHIP_WITH_TRANSFORMATION(#11)
SHAPE_REPRESENTATION_RELATIONSHIP()
);
#13=CONTEXT_DEPENDENT_SHAPE_REPRESENTATION(#12,#3334);
#14=NEXT_ASSEMBLY_USAGE_OCCURRENCE('Component3:1','Component3:1',
'Component3:1',#3338,#3339,'Component3:1');
#15=SHAPE_REPRESENTATION_RELATIONSHIP('SRR','None',#3336,#16);
#16=ADVANCED_BREP_SHAPE_REPRESENTATION('',(#18),#3324);
#17=STYLED_ITEM('',(#3350),#18);
#18=MANIFOLD_SOLID_BREP('Body1',#1031);
#19=CONICAL_SURFACE('',#1087,1.75,1.02974425867665);
#20=CONICAL_SURFACE('',#1093,2.,1.02974425867665);
#21=FACE_BOUND('',#125,.T.);
#22=FACE_BOUND('',#156,.T.);
#23=FACE_BOUND('',#161,.T.);
#24=FACE_BOUND('',#162,.T.);
#25=FACE_BOUND('',#167,.T.);
#26=FACE_BOUND('',#168,.T.);
#27=PLANE('',#1061);
#28=PLANE('',#1063);
#29=PLANE('',#1064);
#30=PLANE('',#1067);
#31=PLANE('',#1070);
#32=PLANE('',#1071);
#33=PLANE('',#1072);
#34=PLANE('',#1073);
#35=PLANE('',#1074);
#36=PLANE('',#1075);
#37=PLANE('',#1076);
#38=PLANE('',#1077);
#39=PLANE('',#1078);
#40=PLANE('',#1079);
#41=PLANE('',#1080);
#42=PLANE('',#1081);
#43=PLANE('',#1082);
#44=PLANE('',#1083);
#45=PLANE('',#1084);
#46=PLANE('',#1085);
#47=PLANE('',#1086);
#48=PLANE('',#1104);
#49=PLANE('',#1105);
#50=PLANE('',#1107);
#51=PLANE('',#1108);
#52=PLANE('',#1109);
#53=PLANE('',#1110);
#54=PLANE('',#1111);
#55=PLANE('',#1112);
#56=PLANE('',#1113);
#57=B_SPLINE_SURFACE_WITH_KNOTS('',3,3,((#1947,#1948,#1949,#1950,#1951,
#1952,#1953,#1954,#1955,#1956,#1957,#1958,#1959,#1960,#1961,#1962,#1963,
#1964,#1965,#1966,#1967,#1968,#1969,#1970,#1971,#1972,#1973,#1974,#1975,
#1976,#1977,#1978,#1979,#1980,#1981,#1982,#1983,#1984,#1985,#1986,#1987,
#1988,#1989,#1990,#1991,#1992,#1993,#1994,#1995,#1996,#1997,#1998,#1999,
#2000,#2001,#2002,#2003,#2004,#2005,#2006,#2007,#2008,#2009,#2010,#2011,
#2012,#2013,#2014,#2015,#2016,#2017,#2018,#2019),(#2020,#2021,#2022,#2023,
#2024,#2025,#2026,#2027,#2028,#2029,#2030,#2031,#2032,#2033,#2034,#2035,
#2036,#2037,#2038,#2039,#2040,#2041,#2042,#2043,#2044,#2045,#2046,#2047,
#2048,#2049,#2050,#2051,#2052,#2053,#2054,#2055,#2056,#2057,#2058,#2059,
#2060,#2061,#2062,#2063,#2064,#2065,#2066,#2067,#2068,#2069,#2070,#2071,
#2072,#2073,#2074,#2075,#2076,#2077,#2078,#2079,#2080,#2081,#2082,#2083,
#2084,#2085,#2086,#2087,#2088,#2089,#2090,#2091,#2092),(#2093,#2094,#2095,
#2096,#2097,#2098,#2099,#2100,#2101,#2102,#2103,#2104,#2105,#2106,#2107,
#2108,#2109,#2110,#2111,#2112,#2113,#2114,#2115,#2116,#2117,#2118,#2119,
#2120,#2121,#2122,#2123,#2124,#2125,#2126,#2127,#2128,#2129,#2130,#2131,
#2132,#2133,#2134,#2135,#2136,#2137,#2138,#2139,#2140,#2141,#2142,#2143,
#2144,#2145,#2146,#2147,#2148,#2149,#2150,#2151,#2152,#2153,#2154,#2155,
#2156,#2157,#2158,#2159,#2160,#2161,#2162,#2163,#2164,#2165),(#2166,#2167,
#2168,#2169,#2170,#2171,#2172,#2173,#2174,#2175,#2176,#2177,#2178,#2179,
#2180,#2181,#2182,#2183,#2184,#2185,#2186,#2187,#2188,#2189,#2190,#2191,
#2192,#2193,#2194,#2195,#2196,#2197,#2198,#2199,#2200,#2201,#2202,#2203,
#2204,#2205,#2206,#2207,#2208,#2209,#2210,#2211,#2212,#2213,#2214,#2215,
#2216,#2217,#2218,#2219,#2220,#2221,#2222,#2223,#2224,#2225,#2226,#2227,
#2228,#2229,#2230,#2231,#2232,#2233,#2234,#2235,#2236,#2237,#2238)),
 .UNSPECIFIED.,.F.,.F.,.F.,(4,4),(4,1,1,1,1,1,1,1,1,1,1,1,1,1,1,1,1,1,1,
1,1,1,1,1,1,1,1,1,1,1,1,1,1,1,1,1,1,1,1,1,1,1,1,1,1,1,1,1,1,1,1,1,1,1,1,
1,1,1,1,1,1,1,1,1,1,1,1,1,1,1,4),(0.,0.160890199515074),(11.8535474642151,
12.3491813138245,12.8448151634339,13.3404490130433,13.8360828626527,14.3317167122621,
14.8273505618715,15.3229844114809,15.8186182610904,16.3142521106998,16.8098859603092,
17.3055198099186,17.801153659528,18.2967875091374,18.7924213587468,19.2880552083562,
19.7836890579656,20.279322907575,20.7749567571844,21.2705906067938,21.7662244564032,
22.2618583060126,22.757492155622,23.2531260052315,23.7487598548409,24.2443937044503,
24.7400275540597,25.2356614036691,25.7312952532785,26.2269291028879,26.7225629524973,
27.2181968021067,27.7138306517161,28.2094645013255,28.7050983509349,29.2007322005443,
29.6963660501537,30.1919998997631,30.6876337493726,31.183267598982,31.6789014485914,
32.1745352982008,32.6701691478102,33.1658029974196,33.661436847029,34.1570706966384,
34.6527045462478,35.1483383958572,35.6439722454666,36.139606095076,36.6352399446854,
37.1308737942948,37.6265076439042,38.1221414935137,38.6177753431231,39.1134091927325,
39.6090430423419,40.1046768919513,40.6003107415607,41.0959445911701,41.5915784407795,
42.0872122903889,42.5828461399983,43.0784799896077,43.5741138392171,44.0697476888265,
44.5653815384359,45.0610153880453,45.5566492376547,46.0522830872642,46.5479169368736),
 .UNSPECIFIED.);
#58=B_SPLINE_SURFACE_WITH_KNOTS('',3,3,((#2527,#2528,#2529,#2530,#2531,
#2532,#2533,#2534,#2535,#2536,#2537,#2538,#2539,#2540,#2541,#2542,#2543,
#2544,#2545,#2546,#2547,#2548,#2549,#2550,#2551,#2552,#2553,#2554,#2555,
#2556,#2557,#2558,#2559,#2560,#2561,#2562,#2563,#2564,#2565,#2566,#2567,
#2568,#2569,#2570,#2571,#2572,#2573,#2574,#2575,#2576,#2577,#2578,#2579,
#2580,#2581,#2582,#2583,#2584,#2585,#2586,#2587,#2588,#2589,#2590,#2591,
#2592,#2593,#2594,#2595,#2596,#2597,#2598,#2599),(#2600,#2601,#2602,#2603,
#2604,#2605,#2606,#2607,#2608,#2609,#2610,#2611,#2612,#2613,#2614,#2615,
#2616,#2617,#2618,#2619,#2620,#2621,#2622,#2623,#2624,#2625,#2626,#2627,
#2628,#2629,#2630,#2631,#2632,#2633,#2634,#2635,#2636,#2637,#2638,#2639,
#2640,#2641,#2642,#2643,#2644,#2645,#2646,#2647,#2648,#2649,#2650,#2651,
#2652,#2653,#2654,#2655,#2656,#2657,#2658,#2659,#2660,#2661,#2662,#2663,
#2664,#2665,#2666,#2667,#2668,#2669,#2670,#2671,#2672),(#2673,#2674,#2675,
#2676,#2677,#2678,#2679,#2680,#2681,#2682,#2683,#2684,#2685,#2686,#2687,
#2688,#2689,#2690,#2691,#2692,#2693,#2694,#2695,#2696,#2697,#2698,#2699,
#2700,#2701,#2702,#2703,#2704,#2705,#2706,#2707,#2708,#2709,#2710,#2711,
#2712,#2713,#2714,#2715,#2716,#2717,#2718,#2719,#2720,#2721,#2722,#2723,
#2724,#2725,#2726,#2727,#2728,#2729,#2730,#2731,#2732,#2733,#2734,#2735,
#2736,#2737,#2738,#2739,#2740,#2741,#2742,#2743,#2744,#2745),(#2746,#2747,
#2748,#2749,#2750,#2751,#2752,#2753,#2754,#2755,#2756,#2757,#2758,#2759,
#2760,#2761,#2762,#2763,#2764,#2765,#2766,#2767,#2768,#2769,#2770,#2771,
#2772,#2773,#2774,#2775,#2776,#2777,#2778,#2779,#2780,#2781,#2782,#2783,
#2784,#2785,#2786,#2787,#2788,#2789,#2790,#2791,#2792,#2793,#2794,#2795,
#2796,#2797,#2798,#2799,#2800,#2801,#2802,#2803,#2804,#2805,#2806,#2807,
#2808,#2809,#2810,#2811,#2812,#2813,#2814,#2815,#2816,#2817,#2818)),
 .UNSPECIFIED.,.F.,.F.,.F.,(4,4),(4,1,1,1,1,1,1,1,1,1,1,1,1,1,1,1,1,1,1,
1,1,1,1,1,1,1,1,1,1,1,1,1,1,1,1,1,1,1,1,1,1,1,1,1,1,1,1,1,1,1,1,1,1,1,1,
1,1,1,1,1,1,1,1,1,1,1,1,1,1,1,4),(0.,0.160890199515074),(14.3989805427684,
14.8946143923778,15.3902482419872,15.8858820915967,16.3815159412061,16.8771497908155,
17.3727836404249,17.8684174900343,18.3640513396437,18.8596851892531,19.3553190388625,
19.8509528884719,20.3465867380813,20.8422205876907,21.3378544373001,21.8334882869095,
22.3291221365189,22.8247559861283,23.3203898357378,23.8160236853472,24.3116575349566,
24.807291384566,25.3029252341754,25.7985590837848,26.2941929333942,26.7898267830036,
27.285460632613,27.7810944822224,28.2767283318318,28.7723621814412,29.2679960310506,
29.76362988066,30.2592637302695,30.7548975798789,31.2505314294883,31.7461652790977,
32.2417991287071,32.7374329783165,33.2330668279259,33.7287006775353,34.2243345271447,
34.7199683767541,35.2156022263635,35.7112360759729,36.2068699255823,36.7025037751917,
37.1981376248011,37.6937714744106,38.18940532402,38.6850391736294,39.1806730232388,
39.6763068728482,40.1719407224576,40.667574572067,41.1632084216764,41.6588422712858,
42.1544761208952,42.6501099705046,43.145743820114,43.6413776697234,44.1370115193328,
44.6326453689422,45.1282792185517,45.6239130681611,46.1195469177705,46.6151807673799,
47.1108146169893,47.6064484665987,48.1020823162081,48.5977161658175,49.0933500154269),
 .UNSPECIFIED.);
#59=FACE_OUTER_BOUND('',#111,.T.);
#60=FACE_OUTER_BOUND('',#112,.T.);
#61=FACE_OUTER_BOUND('',#113,.T.);
#62=FACE_OUTER_BOUND('',#114,.T.);
#63=FACE_OUTER_BOUND('',#115,.T.);
#64=FACE_OUTER_BOUND('',#116,.T.);
#65=FACE_OUTER_BOUND('',#117,.T.);
#66=FACE_OUTER_BOUND('',#118,.T.);
#67=FACE_OUTER_BOUND('',#119,.T.);
#68=FACE_OUTER_BOUND('',#120,.T.);
#69=FACE_OUTER_BOUND('',#121,.T.);
#70=FACE_OUTER_BOUND('',#122,.T.);
#71=FACE_OUTER_BOUND('',#123,.T.);
#72=FACE_OUTER_BOUND('',#124,.T.);
#73=FACE_OUTER_BOUND('',#126,.T.);
#74=FACE_OUTER_BOUND('',#127,.T.);
#75=FACE_OUTER_BOUND('',#128,.T.);
#76=FACE_OUTER_BOUND('',#129,.T.);
#77=FACE_OUTER_BOUND('',#130,.T.);
#78=FACE_OUTER_BOUND('',#131,.T.);
#79=FACE_OUTER_BOUND('',#132,.T.);
#80=FACE_OUTER_BOUND('',#133,.T.);
#81=FACE_OUTER_BOUND('',#134,.T.);
#82=FACE_OUTER_BOUND('',#135,.T.);
#83=FACE_OUTER_BOUND('',#136,.T.);
#84=FACE_OUTER_BOUND('',#137,.T.);
#85=FACE_OUTER_BOUND('',#138,.T.);
#86=FACE_OUTER_BOUND('',#139,.T.);
#87=FACE_OUTER_BOUND('',#140,.T.);
#88=FACE_OUTER_BOUND('',#141,.T.);
#89=FACE_OUTER_BOUND('',#142,.T.);
#90=FACE_OUTER_BOUND('',#143,.T.);
#91=FACE_OUTER_BOUND('',#144,.T.);
#92=FACE_OUTER_BOUND('',#145,.T.);
#93=FACE_OUTER_BOUND('',#146,.T.);
#94=FACE_OUTER_BOUND('',#147,.T.);
#95=FACE_OUTER_BOUND('',#148,.T.);
#96=FACE_OUTER_BOUND('',#149,.T.);
#97=FACE_OUTER_BOUND('',#150,.T.);
#98=FACE_OUTER_BOUND('',#151,.T.);
#99=FACE_OUTER_BOUND('',#152,.T.);
#100=FACE_OUTER_BOUND('',#153,.T.);
#101=FACE_OUTER_BOUND('',#154,.T.);
#102=FACE_OUTER_BOUND('',#155,.T.);
#103=FACE_OUTER_BOUND('',#157,.T.);
#104=FACE_OUTER_BOUND('',#158,.T.);
#105=FACE_OUTER_BOUND('',#159,.T.);
#106=FACE_OUTER_BOUND('',#160,.T.);
#107=FACE_OUTER_BOUND('',#163,.T.);
#108=FACE_OUTER_BOUND('',#164,.T.);
#109=FACE_OUTER_BOUND('',#165,.T.);
#110=FACE_OUTER_BOUND('',#166,.T.);
#111=EDGE_LOOP('',(#665,#666,#667,#668));
#112=EDGE_LOOP('',(#669,#670,#671,#672));
#113=EDGE_LOOP('',(#673,#674,#675,#676));
#114=EDGE_LOOP('',(#677,#678,#679,#680));
#115=EDGE_LOOP('',(#681,#682,#683,#684));
#116=EDGE_LOOP('',(#685,#686,#687,#688));
#117=EDGE_LOOP('',(#689,#690,#691,#692));
#118=EDGE_LOOP('',(#693,#694,#695,#696));
#119=EDGE_LOOP('',(#697,#698,#699,#700));
#120=EDGE_LOOP('',(#701,#702,#703,#704));
#121=EDGE_LOOP('',(#705,#706,#707,#708));
#122=EDGE_LOOP('',(#709,#710,#711,#712,#713,#714,#715,#716,#717,#718,#719,
#720,#721,#722));
#123=EDGE_LOOP('',(#723,#724,#725,#726,#727,#728,#729,#730,#731,#732,#733,
#734,#735,#736));
#124=EDGE_LOOP('',(#737,#738,#739,#740));
#125=EDGE_LOOP('',(#741,#742,#743,#744));
#126=EDGE_LOOP('',(#745,#746,#747,#748));
#127=EDGE_LOOP('',(#749,#750,#751,#752));
#128=EDGE_LOOP('',(#753,#754,#755,#756,#757,#758,#759,#760,#761,#762,#763,
#764,#765,#766,#767,#768,#769,#770,#771,#772,#773,#774,#775,#776,#777,#778,
#779,#780,#781,#782));
#129=EDGE_LOOP('',(#783,#784,#785,#786,#787,#788,#789,#790,#791,#792,#793,
#794,#795,#796,#797,#798,#799,#800,#801,#802,#803,#804));
#130=EDGE_LOOP('',(#805,#806,#807,#808));
#131=EDGE_LOOP('',(#809,#810,#811,#812));
#132=EDGE_LOOP('',(#813,#814,#815,#816));
#133=EDGE_LOOP('',(#817,#818,#819,#820));
#134=EDGE_LOOP('',(#821,#822,#823,#824));
#135=EDGE_LOOP('',(#825,#826,#827,#828));
#136=EDGE_LOOP('',(#829,#830,#831,#832));
#137=EDGE_LOOP('',(#833,#834,#835,#836,#837,#838,#839,#840));
#138=EDGE_LOOP('',(#841,#842,#843,#844));
#139=EDGE_LOOP('',(#845,#846,#847,#848));
#140=EDGE_LOOP('',(#849,#850,#851,#852));
#141=EDGE_LOOP('',(#853,#854,#855,#856));
#142=EDGE_LOOP('',(#857,#858,#859,#860));
#143=EDGE_LOOP('',(#861,#862,#863,#864));
#144=EDGE_LOOP('',(#865,#866,#867,#868,#869,#870,#871,#872));
#145=EDGE_LOOP('',(#873,#874,#875,#876));
#146=EDGE_LOOP('',(#877,#878,#879,#880));
#147=EDGE_LOOP('',(#881,#882,#883,#884,#885));
#148=EDGE_LOOP('',(#886,#887,#888,#889));
#149=EDGE_LOOP('',(#890,#891,#892,#893,#894));
#150=EDGE_LOOP('',(#895,#896,#897,#898));
#151=EDGE_LOOP('',(#899,#900,#901,#902,#903));
#152=EDGE_LOOP('',(#904,#905,#906,#907,#908));
#153=EDGE_LOOP('',(#909,#910,#911,#912));
#154=EDGE_LOOP('',(#913,#914,#915,#916));
#155=EDGE_LOOP('',(#917,#918,#919,#920));
#156=EDGE_LOOP('',(#921,#922,#923,#924));
#157=EDGE_LOOP('',(#925,#926,#927,#928));
#158=EDGE_LOOP('',(#929,#930,#931,#932));
#159=EDGE_LOOP('',(#933,#934,#935,#936));
#160=EDGE_LOOP('',(#937,#938,#939,#940));
#161=EDGE_LOOP('',(#941));
#162=EDGE_LOOP('',(#942));
#163=EDGE_LOOP('',(#943,#944,#945,#946));
#164=EDGE_LOOP('',(#947,#948,#949,#950));
#165=EDGE_LOOP('',(#951,#952,#953,#954));
#166=EDGE_LOOP('',(#955,#956,#957,#958));
#167=EDGE_LOOP('',(#959));
#168=EDGE_LOOP('',(#960));
#169=CIRCLE('',#1047,13.75935);
#170=CIRCLE('',#1052,13.75935);
#171=CIRCLE('',#1054,15.1527);
#172=CIRCLE('',#1059,15.1527);
#173=CIRCLE('',#1065,7.5);
#174=CIRCLE('',#1066,7.5);
#175=CIRCLE('',#1068,7.5);
#176=CIRCLE('',#1069,7.5);
#177=CIRCLE('',#1088,3.5);
#178=CIRCLE('',#1089,2.);
#179=CIRCLE('',#1090,2.);
#180=CIRCLE('',#1092,3.5);
#181=CIRCLE('',#1094,4.);
#182=CIRCLE('',#1095,2.);
#183=CIRCLE('',#1096,2.);
#184=CIRCLE('',#1098,4.);
#185=CIRCLE('',#1100,2.);
#186=CIRCLE('',#1102,2.);
#187=B_SPLINE_CURVE_WITH_KNOTS('',3,(#1366,#1367,#1368,#1369,#1370,#1371,
#1372,#1373,#1374,#1375,#1376,#1377,#1378),.UNSPECIFIED.,.F.,.F.,(4,3,3,
3,4),(32.7249092610785,33.2074679238303,33.7031017734397,34.1987356230491,
34.6943694726585),.UNSPECIFIED.);
#188=B_SPLINE_CURVE_WITH_KNOTS('',3,(#1381,#1382,#1383,#1384,#1385,#1386,
#1387,#1388,#1389,#1390,#1391,#1392,#1393,#1394,#1395,#1396,#1397,#1398,
#1399,#1400,#1401,#1402,#1403,#1404,#1405),.UNSPECIFIED.,.F.,.F.,(4,3,3,
3,3,3,3,3,4),(-32.6725635973339,-32.2162002246114,-31.720566375002,-31.2249325253926,
-30.7292986757832,-30.2336648261738,-29.7380309765644,-29.242397126955,
-28.9871570324522),.UNSPECIFIED.);
#189=B_SPLINE_CURVE_WITH_KNOTS('',3,(#1410,#1411,#1412,#1413,#1414,#1415,
#1416,#1417,#1418,#1419,#1420,#1421,#1422,#1423,#1424,#1425,#1426,#1427,
#1428,#1429,#1430,#1431,#1432,#1433,#1434,#1435,#1436,#1437,#1438,#1439,
#1440,#1441,#1442,#1443,#1444,#1445,#1446,#1447,#1448,#1449,#1450,#1451,
#1452),.UNSPECIFIED.,.F.,.F.,(4,3,3,3,3,3,3,3,3,3,3,3,3,3,4),(26.4417239538989,
26.764227878908,27.2598617285174,27.7554955781268,28.2511294277362,28.7467632773456,
29.242397126955,29.7380309765644,30.2336648261738,30.7292986757832,31.2249325253926,
31.720566375002,32.2162002246115,32.7118340742209,32.7249092610785),
 .UNSPECIFIED.);
#190=B_SPLINE_CURVE_WITH_KNOTS('',3,(#1453,#1454,#1455,#1456,#1457,#1458,
#1459,#1460,#1461,#1462,#1463,#1464,#1465,#1466,#1467,#1468,#1469,#1470,
#1471,#1472,#1473,#1474,#1475,#1476,#1477,#1478,#1479,#1480,#1481,#1482,
#1483,#1484,#1485,#1486,#1487,#1488,#1489,#1490,#1491,#1492,#1493,#1494,
#1495),.UNSPECIFIED.,.F.,.F.,(4,3,3,3,3,3,3,3,3,3,3,3,3,3,4),(-28.9871570324522,
-28.7467632773456,-28.2511294277362,-27.7554955781268,-27.2598617285174,
-26.764227878908,-26.2685940292986,-25.7729601796891,-25.2773263300797,
-24.7816924804703,-24.2860586308609,-23.7904247812515,-23.2947909316421,
-22.7991570820327,-22.7039717252726),.UNSPECIFIED.);
#191=B_SPLINE_CURVE_WITH_KNOTS('',3,(#1500,#1501,#1502,#1503,#1504,#1505,
#1506,#1507,#1508,#1509,#1510,#1511,#1512,#1513,#1514,#1515,#1516,#1517,
#1518,#1519,#1520,#1521,#1522,#1523,#1524,#1525,#1526,#1527,#1528,#1529,
#1530,#1531,#1532,#1533,#1534,#1535,#1536,#1537,#1538,#1539,#1540,#1541,
#1542),.UNSPECIFIED.,.F.,.F.,(4,3,3,3,3,3,3,3,3,3,3,3,3,3,4),(20.1585386467193,
20.3209878339857,20.8166216835951,21.3122555332045,21.8078893828139,22.3035232324233,
22.7991570820327,23.2947909316421,23.7904247812515,24.2860586308609,24.7816924804703,
25.2773263300798,25.7729601796892,26.2685940292986,26.4417239538989),
 .UNSPECIFIED.);
#192=B_SPLINE_CURVE_WITH_KNOTS('',3,(#1543,#1544,#1545,#1546,#1547,#1548,
#1549,#1550,#1551,#1552,#1553,#1554,#1555,#1556,#1557,#1558,#1559,#1560,
#1561,#1562,#1563,#1564,#1565,#1566,#1567,#1568,#1569,#1570,#1571,#1572,
#1573,#1574,#1575,#1576,#1577,#1578,#1579,#1580,#1581,#1582),
 .UNSPECIFIED.,.F.,.F.,(4,3,3,3,3,3,3,3,3,3,3,3,3,4),(-22.7039717252726,
-22.3035232324233,-21.8078893828139,-21.3122555332045,-20.8166216835951,
-20.3209878339857,-19.8253539843763,-19.3297201347669,-18.8340862851575,
-18.338452435548,-17.8428185859386,-17.3471847363292,-16.8515508867198,
-16.420786418093),.UNSPECIFIED.);
#193=B_SPLINE_CURVE_WITH_KNOTS('',3,(#1587,#1588,#1589,#1590,#1591,#1592,
#1593,#1594,#1595,#1596,#1597,#1598,#1599,#1600,#1601,#1602,#1603,#1604,
#1605,#1606,#1607,#1608,#1609,#1610,#1611,#1612,#1613,#1614,#1615,#1616,
#1617,#1618,#1619,#1620,#1621,#1622,#1623,#1624,#1625,#1626,#1627,#1628,
#1629),.UNSPECIFIED.,.F.,.F.,(4,3,3,3,3,3,3,3,3,3,3,3,3,3,4),(13.8753533395397,
13.8777477890634,14.3733816386728,14.8690154882822,15.3646493378916,15.860283187501,
16.3559170371104,16.8515508867198,17.3471847363292,17.8428185859387,18.3384524355481,
18.8340862851575,19.3297201347669,19.8253539843763,20.1585386467193),
 .UNSPECIFIED.);
#194=B_SPLINE_CURVE_WITH_KNOTS('',3,(#1630,#1631,#1632,#1633,#1634,#1635,
#1636,#1637,#1638,#1639,#1640,#1641,#1642,#1643,#1644,#1645,#1646,#1647,
#1648,#1649,#1650,#1651,#1652,#1653,#1654,#1655,#1656,#1657,#1658,#1659,
#1660,#1661,#1662,#1663,#1664,#1665,#1666,#1667,#1668,#1669,#1670,#1671,
#1672),.UNSPECIFIED.,.F.,.F.,(4,3,3,3,3,3,3,3,3,3,3,3,3,3,4),(-16.420786418093,
-16.3559170371104,-15.860283187501,-15.3646493378916,-14.8690154882822,
-14.3733816386728,-13.8777477890634,-13.382113939454,-12.8864800898446,
-12.3908462402352,-11.8952123906258,-11.3995785410163,-10.9039446914069,
-10.4083108417975,-10.1376011109134),.UNSPECIFIED.);
#195=B_SPLINE_CURVE_WITH_KNOTS('',3,(#1678,#1679,#1680,#1681,#1682,#1683,
#1684,#1685,#1686,#1687,#1688,#1689,#1690,#1691,#1692,#1693,#1694,#1695,
#1696,#1697,#1698,#1699,#1700,#1701,#1702),.UNSPECIFIED.,.F.,.F.,(4,3,3,
3,3,3,3,3,4),(-3.85441580373386,-3.46943694726585,-2.97380309765644,-2.47816924804703,
-1.98253539843763,-1.48690154882822,-0.991267699218813,-0.495633849609407,
0.),.UNSPECIFIED.);
#196=B_SPLINE_CURVE_WITH_KNOTS('',3,(#1705,#1706,#1707,#1708,#1709,#1710,
#1711,#1712,#1713,#1714,#1715,#1716,#1717,#1718,#1719,#1720,#1721,#1722,
#1723,#1724,#1725,#1726,#1727,#1728,#1729,#1730,#1731,#1732,#1733,#1734,
#1735,#1736,#1737,#1738,#1739,#1740,#1741),.UNSPECIFIED.,.F.,.F.,(4,3,3,
3,3,3,3,3,3,3,3,3,4),(2.0218058753246,2.47816924804703,2.97380309765644,
3.46943694726585,3.96507079687526,4.46070464648466,4.95633849609407,5.45197234570348,
5.94760619531288,6.44324004492229,6.93887389453169,7.4345077441411,7.59216803236012),
 .UNSPECIFIED.);
#197=B_SPLINE_CURVE_WITH_KNOTS('',3,(#1747,#1748,#1749,#1750,#1751,#1752,
#1753,#1754,#1755,#1756,#1757,#1758,#1759,#1760,#1761),.UNSPECIFIED.,.F.,
 .F.,(4,1,1,1,1,1,1,1,1,1,1,1,4),(40.8407044966673,41.0959445911701,41.5915784407795,
42.0872122903889,42.5828461399983,43.0784799896077,43.5741138392171,44.0697476888265,
44.5653815384359,45.0610153880453,45.5566492376547,46.0522830872642,46.5479169368736),
 .UNSPECIFIED.);
#198=B_SPLINE_CURVE_WITH_KNOTS('',3,(#1764,#1765,#1766,#1767,#1768,#1769,
#1770,#1771,#1772,#1773,#1774,#1775,#1776,#1777,#1778,#1779),
 .UNSPECIFIED.,.F.,.F.,(4,1,1,1,1,1,1,1,1,1,1,1,1,4),(40.8407044966673,
41.1632084216764,41.6588422712858,42.1544761208952,42.6501099705046,43.145743820114,
43.6413776697234,44.1370115193328,44.6326453689422,45.1282792185517,45.6239130681611,
46.1195469177705,46.6151807673799,47.0715441401023),.UNSPECIFIED.);
#199=B_SPLINE_CURVE_WITH_KNOTS('',3,(#1784,#1785,#1786,#1787,#1788,#1789,
#1790,#1791,#1792,#1793,#1794,#1795,#1796,#1797,#1798,#1799,#1800),
 .UNSPECIFIED.,.F.,.F.,(4,1,1,1,1,1,1,1,1,1,1,1,1,1,4),(34.5575191894877,
34.6527045462478,35.1483383958572,35.6439722454666,36.139606095076,36.6352399446854,
37.1308737942948,37.6265076439042,38.1221414935137,38.6177753431231,39.1134091927325,
39.6090430423419,40.1046768919513,40.6003107415607,40.8407044966673),
 .UNSPECIFIED.);
#200=B_SPLINE_CURVE_WITH_KNOTS('',3,(#1801,#1802,#1803,#1804,#1805,#1806,
#1807,#1808,#1809,#1810,#1811,#1812,#1813,#1814,#1815,#1816,#1817),
 .UNSPECIFIED.,.F.,.F.,(4,1,1,1,1,1,1,1,1,1,1,1,1,1,4),(34.5575191894877,
34.7199683767541,35.2156022263635,35.7112360759729,36.2068699255823,36.7025037751917,
37.1981376248011,37.6937714744106,38.18940532402,38.6850391736294,39.1806730232388,
39.6763068728482,40.1719407224576,40.667574572067,40.8407044966673),
 .UNSPECIFIED.);
#201=B_SPLINE_CURVE_WITH_KNOTS('',3,(#1822,#1823,#1824,#1825,#1826,#1827,
#1828,#1829,#1830,#1831,#1832,#1833,#1834,#1835,#1836,#1837),
 .UNSPECIFIED.,.F.,.F.,(4,1,1,1,1,1,1,1,1,1,1,1,1,4),(28.2743338823081,
28.7050983509349,29.2007322005443,29.6963660501537,30.1919998997631,30.6876337493726,
31.183267598982,31.6789014485914,32.1745352982008,32.6701691478102,33.1658029974196,
33.661436847029,34.1570706966384,34.5575191894877),.UNSPECIFIED.);
#202=B_SPLINE_CURVE_WITH_KNOTS('',3,(#1838,#1839,#1840,#1841,#1842,#1843,
#1844,#1845,#1846,#1847,#1848,#1849,#1850,#1851,#1852,#1853,#1854),
 .UNSPECIFIED.,.F.,.F.,(4,1,1,1,1,1,1,1,1,1,1,1,1,1,4),(28.2743338823081,
28.2767283318318,28.7723621814412,29.2679960310506,29.76362988066,30.2592637302695,
30.7548975798789,31.2505314294883,31.7461652790977,32.2417991287071,32.7374329783165,
33.2330668279259,33.7287006775353,34.2243345271447,34.5575191894877),
 .UNSPECIFIED.);
#203=B_SPLINE_CURVE_WITH_KNOTS('',3,(#1859,#1860,#1861,#1862,#1863,#1864,
#1865,#1866,#1867,#1868,#1869,#1870,#1871,#1872,#1873,#1874,#1875),
 .UNSPECIFIED.,.F.,.F.,(4,1,1,1,1,1,1,1,1,1,1,1,1,1,4),(21.9911485751285,
22.2618583060126,22.757492155622,23.2531260052315,23.7487598548409,24.2443937044503,
24.7400275540597,25.2356614036691,25.7312952532785,26.2269291028879,26.7225629524973,
27.2181968021067,27.7138306517161,28.2094645013255,28.2743338823081),
 .UNSPECIFIED.);
#204=B_SPLINE_CURVE_WITH_KNOTS('',3,(#1876,#1877,#1878,#1879,#1880,#1881,
#1882,#1883,#1884,#1885,#1886,#1887,#1888,#1889,#1890,#1891),
 .UNSPECIFIED.,.F.,.F.,(4,1,1,1,1,1,1,1,1,1,1,1,1,4),(21.9911485751286,
22.3291221365189,22.8247559861283,23.3203898357378,23.8160236853472,24.3116575349566,
24.807291384566,25.3029252341754,25.7985590837848,26.2941929333942,26.7898267830036,
27.285460632613,27.7810944822224,28.2743338823081),.UNSPECIFIED.);
#205=B_SPLINE_CURVE_WITH_KNOTS('',3,(#1897,#1898,#1899,#1900,#1901,#1902),
 .UNSPECIFIED.,.F.,.F.,(4,1,1,4),(14.3989805427684,14.8946143923778,15.3902482419872,
15.707963267949),.UNSPECIFIED.);
#206=B_SPLINE_CURVE_WITH_KNOTS('',3,(#1905,#1906,#1907,#1908,#1909,#1910,
#1911),.UNSPECIFIED.,.F.,.F.,(4,1,1,1,4),(13.8753533395397,14.3317167122621,
14.8273505618715,15.3229844114809,15.707963267949),.UNSPECIFIED.);
#207=B_SPLINE_CURVE_WITH_KNOTS('',3,(#1913,#1914,#1915,#1916,#1917,#1918,
#1919,#1920,#1921,#1922,#1923,#1924,#1925,#1926,#1927,#1928,#1929),
 .UNSPECIFIED.,.F.,.F.,(4,1,1,1,1,1,1,1,1,1,1,1,1,1,4),(15.707963267949,
15.8186182610904,16.3142521106998,16.8098859603092,17.3055198099186,17.801153659528,
18.2967875091374,18.7924213587468,19.2880552083562,19.7836890579656,20.279322907575,
20.7749567571844,21.2705906067938,21.7662244564032,21.9911485751285),
 .UNSPECIFIED.);
#208=B_SPLINE_CURVE_WITH_KNOTS('',3,(#1930,#1931,#1932,#1933,#1934,#1935,
#1936,#1937,#1938,#1939,#1940,#1941,#1942,#1943,#1944,#1945,#1946),
 .UNSPECIFIED.,.F.,.F.,(4,1,1,1,1,1,1,1,1,1,1,1,1,1,4),(15.707963267949,
15.8858820915967,16.3815159412061,16.8771497908155,17.3727836404249,17.8684174900343,
18.3640513396437,18.8596851892531,19.3553190388625,19.8509528884719,20.3465867380813,
20.8422205876907,21.3378544373001,21.8334882869095,21.9911485751286),
 .UNSPECIFIED.);
#209=B_SPLINE_CURVE_WITH_KNOTS('',3,(#2239,#2240,#2241,#2242,#2243,#2244,
#2245,#2246,#2247,#2248,#2249,#2250,#2251,#2252,#2253,#2254,#2255,#2256,
#2257,#2258,#2259,#2260,#2261,#2262,#2263,#2264,#2265,#2266,#2267,#2268,
#2269,#2270,#2271,#2272,#2273,#2274,#2275,#2276,#2277,#2278,#2279,#2280,
#2281,#2282,#2283,#2284,#2285,#2286,#2287,#2288,#2289,#2290,#2291,#2292,
#2293,#2294,#2295,#2296,#2297,#2298,#2299,#2300,#2301,#2302,#2303,#2304,
#2305,#2306,#2307,#2308,#2309,#2310,#2311,#2312,#2313,#2314,#2315,#2316,
#2317,#2318,#2319,#2320,#2321,#2322,#2323,#2324,#2325,#2326,#2327,#2328,
#2329,#2330,#2331,#2332,#2333,#2334,#2335,#2336,#2337,#2338,#2339,#2340,
#2341,#2342,#2343,#2344,#2345,#2346,#2347,#2348,#2349,#2350,#2351,#2352,
#2353,#2354,#2355,#2356,#2357,#2358,#2359,#2360,#2361,#2362),
 .UNSPECIFIED.,.F.,.F.,(4,3,3,3,3,3,3,3,3,3,3,3,3,3,3,3,3,3,3,3,3,3,3,3,
3,3,3,3,3,3,3,3,3,3,3,3,3,3,3,3,3,4),(0.,0.100425126402912,0.201765541396766,
0.303443832806616,0.404838337692977,0.504798812538224,0.565032132437609,
0.583308516976275,0.593123879623197,0.693225973943454,0.745732092135762,
0.845831424126433,0.946163998430675,1.04609733365784,1.14506860692683,1.15939014560415,
1.16909589003812,1.26793641022988,1.37158300232219,1.46964158323839,1.4752295944145,
1.57416676493206,1.67260373806246,1.70481676645144,1.72608612633375,1.73479701450164,
1.83194102194473,1.92951653670183,2.02672606309777,2.12262054197237,2.18801219228608,
2.27483726984079,2.2909481096464,2.38724730496074,2.48371804690644,2.58344173836077,
2.61058841878043,2.62440713001434,2.71987792646563,2.81438434516385,2.88261281272374,
2.93688915429777),.UNSPECIFIED.);
#210=B_SPLINE_CURVE_WITH_KNOTS('',3,(#2363,#2364,#2365,#2366,#2367,#2368,
#2369,#2370,#2371,#2372,#2373,#2374,#2375,#2376,#2377,#2378,#2379,#2380,
#2381,#2382,#2383,#2384,#2385,#2386,#2387,#2388,#2389,#2390,#2391,#2392,
#2393,#2394,#2395,#2396,#2397,#2398,#2399,#2400,#2401,#2402,#2403,#2404,
#2405,#2406,#2407,#2408,#2409,#2410,#2411,#2412,#2413,#2414,#2415,#2416,
#2417,#2418,#2419,#2420,#2421,#2422,#2423,#2424,#2425,#2426,#2427,#2428,
#2429,#2430,#2431,#2432,#2433,#2434,#2435,#2436,#2437,#2438,#2439,#2440,
#2441,#2442,#2443,#2444,#2445,#2446,#2447,#2448,#2449,#2450,#2451,#2452,
#2453,#2454,#2455,#2456,#2457,#2458,#2459,#2460,#2461,#2462,#2463,#2464,
#2465,#2466,#2467,#2468,#2469,#2470,#2471,#2472,#2473,#2474,#2475,#2476,
#2477,#2478,#2479,#2480,#2481,#2482,#2483),.UNSPECIFIED.,.F.,.F.,(4,3,3,
3,3,3,3,3,3,3,3,3,3,3,3,3,3,3,3,3,3,3,3,3,3,3,3,3,3,3,3,3,3,3,3,3,3,3,3,
3,4),(0.,0.0933073942995352,0.18787746535796,0.283326279655089,0.379134104851423,
0.474380198241468,0.529068449432845,0.53974395981523,0.548261674316151,
0.645155909407859,0.693133203006974,0.789135693344683,0.885956713833959,
0.983061457388085,1.07984387901445,1.09135683264515,1.10093909674231,1.19876033512565,
1.30099015264784,1.40321997017002,1.50139883299403,1.57995134179464,1.64868478699518,
1.66346305321507,1.76171703476208,1.86136271889922,1.96122805019474,2.06051022486056,
2.12981890339892,2.2225299612589,2.23684750010905,2.3365515430651,2.43709108358789,
2.53791171345459,2.56014365140853,2.57497929009635,2.5875067207762,2.68904416443056,
2.79050199069964,2.87150736627872,2.93094715928651),.UNSPECIFIED.);
#211=B_SPLINE_CURVE_WITH_KNOTS('',3,(#2484,#2485,#2486,#2487,#2488,#2489,
#2490,#2491,#2492,#2493,#2494,#2495,#2496,#2497,#2498,#2499,#2500,#2501,
#2502,#2503,#2504,#2505,#2506,#2507,#2508,#2509,#2510,#2511,#2512,#2513,
#2514,#2515,#2516,#2517,#2518,#2519,#2520,#2521,#2522,#2523,#2524,#2525,
#2526),.UNSPECIFIED.,.F.,.F.,(4,3,3,3,3,3,3,3,3,3,3,3,3,3,4),(-10.1376011109134,
-9.91267699218814,-9.41704314257872,-8.92140929296932,-8.42577544335991,
-7.93014159375051,-7.4345077441411,-6.93887389453169,-6.44324004492229,
-5.94760619531287,-5.45197234570347,-4.95633849609407,-4.46070464648466,
-3.96507079687525,-3.85441580373386),.UNSPECIFIED.);
#212=B_SPLINE_CURVE_WITH_KNOTS('',3,(#2819,#2820,#2821,#2822,#2823,#2824,
#2825,#2826,#2827,#2828,#2829,#2830,#2831,#2832,#2833,#2834,#2835,#2836,
#2837,#2838,#2839,#2840,#2841,#2842,#2843,#2844,#2845,#2846,#2847,#2848,
#2849,#2850,#2851,#2852,#2853,#2854,#2855,#2856,#2857,#2858,#2859,#2860,
#2861,#2862,#2863,#2864,#2865,#2866,#2867,#2868,#2869,#2870,#2871,#2872,
#2873,#2874,#2875,#2876,#2877,#2878,#2879,#2880,#2881,#2882,#2883,#2884,
#2885,#2886,#2887,#2888,#2889,#2890,#2891,#2892,#2893,#2894,#2895,#2896,
#2897,#2898,#2899,#2900,#2901,#2902,#2903,#2904,#2905,#2906,#2907,#2908,
#2909,#2910,#2911,#2912,#2913,#2914,#2915,#2916,#2917,#2918,#2919,#2920,
#2921,#2922,#2923,#2924,#2925,#2926,#2927,#2928,#2929,#2930,#2931,#2932,
#2933,#2934,#2935,#2936,#2937,#2938,#2939),.UNSPECIFIED.,.F.,.F.,(4,3,3,
3,3,3,3,3,3,3,3,3,3,3,3,3,3,3,3,3,3,3,3,3,3,3,3,3,3,3,3,3,3,3,3,3,3,3,3,
3,4),(0.,0.0933073805841638,0.187877440907128,0.283326248592575,0.379134072145668,
0.474380170840419,0.52906842888206,0.539743790398695,0.548261481322104,
0.645155711590435,0.693133203006983,0.789135701341829,0.88595672678455,
0.983061472151616,1.07984389290283,1.09135686741496,1.10093912478815,1.19876036930871,
1.30099016973938,1.40321997017004,1.50139883148925,1.57995134047797,1.64868478584309,
1.66346305355526,1.76171703203185,1.86136271485411,1.9612280455969,2.06051022025185,
2.12981890339897,2.22252996125895,2.23684750015484,2.3365515431586,2.43709108358175,
2.53791171338933,2.56014365164004,2.57497928890297,2.58750671940891,2.68904416294158,
2.79050198931202,2.87150736627884,2.93094715928668),.UNSPECIFIED.);
#213=B_SPLINE_CURVE_WITH_KNOTS('',3,(#2940,#2941,#2942,#2943,#2944,#2945,
#2946,#2947,#2948,#2949,#2950,#2951,#2952,#2953,#2954,#2955,#2956,#2957,
#2958,#2959,#2960,#2961,#2962,#2963,#2964,#2965,#2966,#2967,#2968,#2969,
#2970,#2971,#2972,#2973,#2974,#2975,#2976,#2977,#2978,#2979),
 .UNSPECIFIED.,.F.,.F.,(4,3,3,3,3,3,3,3,3,3,3,3,3,4),(7.59216803236012,
7.93014159375051,8.42577544335992,8.92140929296932,9.41704314257873,9.91267699218814,
10.4083108417975,10.903944691407,11.3995785410164,11.8952123906258,12.3908462402352,
12.8864800898446,13.382113939454,13.8753533395397),.UNSPECIFIED.);
#214=B_SPLINE_CURVE_WITH_KNOTS('',3,(#2980,#2981,#2982,#2983,#2984,#2985,
#2986,#2987,#2988,#2989,#2990,#2991,#2992,#2993,#2994,#2995,#2996,#2997,
#2998,#2999,#3000,#3001,#3002,#3003,#3004,#3005,#3006,#3007,#3008,#3009,
#3010,#3011,#3012,#3013,#3014,#3015,#3016,#3017,#3018,#3019,#3020,#3021,
#3022,#3023,#3024,#3025,#3026,#3027,#3028,#3029,#3030,#3031,#3032,#3033,
#3034,#3035,#3036,#3037,#3038,#3039,#3040,#3041,#3042,#3043,#3044,#3045,
#3046,#3047,#3048,#3049,#3050,#3051,#3052,#3053,#3054,#3055,#3056,#3057,
#3058,#3059,#3060,#3061,#3062,#3063,#3064,#3065,#3066,#3067,#3068,#3069,
#3070,#3071,#3072,#3073,#3074,#3075,#3076,#3077,#3078,#3079,#3080,#3081,
#3082,#3083,#3084,#3085,#3086,#3087,#3088,#3089,#3090,#3091,#3092,#3093,
#3094,#3095,#3096,#3097,#3098,#3099,#3100,#3101,#3102,#3103),
 .UNSPECIFIED.,.F.,.F.,(4,3,3,3,3,3,3,3,3,3,3,3,3,3,3,3,3,3,3,3,3,3,3,3,
3,3,3,3,3,3,3,3,3,3,3,3,3,3,3,3,3,4),(0.,0.100425115936395,0.201765525181959,
0.303443815902979,0.404838324659096,0.504798807802112,0.565032128885527,
0.583308572630393,0.593123920689966,0.693226016868322,0.745732092135771,
0.845831427914068,0.946164003176523,1.0460973373654,1.14506860862596,1.15939014833738,
1.16909589197726,1.2679364137706,1.37158300409254,1.46964158320429,1.47522959441448,
1.5741667646586,1.67260373762273,1.70481676603919,1.72608612608253,1.73479701421365,
1.8319410205641,1.92951653512146,2.02672606135759,2.12262053954719,2.18801219228605,
2.27483726984076,2.29094810972276,2.38724730479975,2.48371804670208,2.58344173820749,
2.61058841872889,2.62440713003461,2.7198779266007,2.81438434599992,2.88261281272373,
2.93688915429778),.UNSPECIFIED.);
#215=LINE('',#1364,#317);
#216=LINE('',#1409,#318);
#217=LINE('',#1499,#319);
#218=LINE('',#1586,#320);
#219=LINE('',#1676,#321);
#220=LINE('',#1745,#322);
#221=LINE('',#1783,#323);
#222=LINE('',#1821,#324);
#223=LINE('',#1858,#325);
#224=LINE('',#1895,#326);
#225=LINE('',#3107,#327);
#226=LINE('',#3109,#328);
#227=LINE('',#3111,#329);
#228=LINE('',#3112,#330);
#229=LINE('',#3116,#331);
#230=LINE('',#3118,#332);
#231=LINE('',#3119,#333);
#232=LINE('',#3122,#334);
#233=LINE('',#3124,#335);
#234=LINE('',#3126,#336);
#235=LINE('',#3128,#337);
#236=LINE('',#3130,#338);
#237=LINE('',#3132,#339);
#238=LINE('',#3134,#340);
#239=LINE('',#3136,#341);
#240=LINE('',#3138,#342);
#241=LINE('',#3140,#343);
#242=LINE('',#3142,#344);
#243=LINE('',#3144,#345);
#244=LINE('',#3146,#346);
#245=LINE('',#3148,#347);
#246=LINE('',#3150,#348);
#247=LINE('',#3152,#349);
#248=LINE('',#3154,#350);
#249=LINE('',#3156,#351);
#250=LINE('',#3158,#352);
#251=LINE('',#3160,#353);
#252=LINE('',#3164,#354);
#253=LINE('',#3166,#355);
#254=LINE('',#3168,#356);
#255=LINE('',#3170,#357);
#256=LINE('',#3172,#358);
#257=LINE('',#3175,#359);
#258=LINE('',#3178,#360);
#259=LINE('',#3182,#361);
#260=LINE('',#3184,#362);
#261=LINE('',#3186,#363);
#262=LINE('',#3188,#364);
#263=LINE('',#3190,#365);
#264=LINE('',#3194,#366);
#265=LINE('',#3196,#367);
#266=LINE('',#3198,#368);
#267=LINE('',#3200,#369);
#268=LINE('',#3202,#370);
#269=LINE('',#3204,#371);
#270=LINE('',#3206,#372);
#271=LINE('',#3208,#373);
#272=LINE('',#3210,#374);
#273=LINE('',#3212,#375);
#274=LINE('',#3214,#376);
#275=LINE('',#3215,#377);
#276=LINE('',#3219,#378);
#277=LINE('',#3220,#379);
#278=LINE('',#3221,#380);
#279=LINE('',#3224,#381);
#280=LINE('',#3225,#382);
#281=LINE('',#3228,#383);
#282=LINE('',#3229,#384);
#283=LINE('',#3231,#385);
#284=LINE('',#3233,#386);
#285=LINE('',#3234,#387);
#286=LINE('',#3236,#388);
#287=LINE('',#3238,#389);
#288=LINE('',#3239,#390);
#289=LINE('',#3242,#391);
#290=LINE('',#3246,#392);
#291=LINE('',#3248,#393);
#292=LINE('',#3250,#394);
#293=LINE('',#3251,#395);
#294=LINE('',#3253,#396);
#295=LINE('',#3254,#397);
#296=LINE('',#3256,#398);
#297=LINE('',#3258,#399);
#298=LINE('',#3260,#400);
#299=LINE('',#3261,#401);
#300=LINE('',#3263,#402);
#301=LINE('',#3266,#403);
#302=LINE('',#3271,#404);
#303=LINE('',#3278,#405);
#304=LINE('',#3283,#406);
#305=LINE('',#3290,#407);
#306=LINE('',#3294,#408);
#307=LINE('',#3298,#409);
#308=LINE('',#3300,#410);
#309=LINE('',#3301,#411);
#310=LINE('',#3304,#412);
#311=LINE('',#3306,#413);
#312=LINE('',#3307,#414);
#313=LINE('',#3310,#415);
#314=LINE('',#3313,#416);
#315=LINE('',#3314,#417);
#316=LINE('',#3317,#418);
#317=VECTOR('',#1121,12.5);
#318=VECTOR('',#1126,12.5);
#319=VECTOR('',#1129,12.5);
#320=VECTOR('',#1132,12.5);
#321=VECTOR('',#1135,12.5);
#322=VECTOR('',#1140,15.1527);
#323=VECTOR('',#1145,15.1527);
#324=VECTOR('',#1148,15.1527);
#325=VECTOR('',#1151,15.1527);
#326=VECTOR('',#1154,15.1527);
#327=VECTOR('',#1161,10.);
#328=VECTOR('',#1162,10.);
#329=VECTOR('',#1163,10.);
#330=VECTOR('',#1164,10.);
#331=VECTOR('',#1169,10.);
#332=VECTOR('',#1170,10.);
#333=VECTOR('',#1171,10.);
#334=VECTOR('',#1174,10.);
#335=VECTOR('',#1175,10.);
#336=VECTOR('',#1176,10.);
#337=VECTOR('',#1177,10.);
#338=VECTOR('',#1178,10.);
#339=VECTOR('',#1179,10.);
#340=VECTOR('',#1180,10.);
#341=VECTOR('',#1181,10.);
#342=VECTOR('',#1182,10.);
#343=VECTOR('',#1183,10.);
#344=VECTOR('',#1184,10.);
#345=VECTOR('',#1185,10.);
#346=VECTOR('',#1186,10.);
#347=VECTOR('',#1187,10.);
#348=VECTOR('',#1188,10.);
#349=VECTOR('',#1189,10.);
#350=VECTOR('',#1190,10.);
#351=VECTOR('',#1191,10.);
#352=VECTOR('',#1192,10.);
#353=VECTOR('',#1193,10.);
#354=VECTOR('',#1196,10.);
#355=VECTOR('',#1197,10.);
#356=VECTOR('',#1198,10.);
#357=VECTOR('',#1199,10.);
#358=VECTOR('',#1200,10.);
#359=VECTOR('',#1203,10.);
#360=VECTOR('',#1206,10.);
#361=VECTOR('',#1209,10.);
#362=VECTOR('',#1210,10.);
#363=VECTOR('',#1211,10.);
#364=VECTOR('',#1212,10.);
#365=VECTOR('',#1213,10.);
#366=VECTOR('',#1216,10.);
#367=VECTOR('',#1217,10.);
#368=VECTOR('',#1218,10.);
#369=VECTOR('',#1219,10.);
#370=VECTOR('',#1220,10.);
#371=VECTOR('',#1221,10.);
#372=VECTOR('',#1222,10.);
#373=VECTOR('',#1223,10.);
#374=VECTOR('',#1224,10.);
#375=VECTOR('',#1225,10.);
#376=VECTOR('',#1226,10.);
#377=VECTOR('',#1227,10.);
#378=VECTOR('',#1230,10.);
#379=VECTOR('',#1231,10.);
#380=VECTOR('',#1232,10.);
#381=VECTOR('',#1235,10.);
#382=VECTOR('',#1236,10.);
#383=VECTOR('',#1239,10.);
#384=VECTOR('',#1240,10.);
#385=VECTOR('',#1243,10.);
#386=VECTOR('',#1246,10.);
#387=VECTOR('',#1247,10.);
#388=VECTOR('',#1250,10.);
#389=VECTOR('',#1253,10.);
#390=VECTOR('',#1254,10.);
#391=VECTOR('',#1259,10.);
#392=VECTOR('',#1262,10.);
#393=VECTOR('',#1263,10.);
#394=VECTOR('',#1264,10.);
#395=VECTOR('',#1265,10.);
#396=VECTOR('',#1268,10.);
#397=VECTOR('',#1269,10.);
#398=VECTOR('',#1272,10.);
#399=VECTOR('',#1275,10.);
#400=VECTOR('',#1278,10.);
#401=VECTOR('',#1279,10.);
#402=VECTOR('',#1282,10.);
#403=VECTOR('',#1287,10.);
#404=VECTOR('',#1292,1.75);
#405=VECTOR('',#1301,3.5);
#406=VECTOR('',#1306,2.);
#407=VECTOR('',#1315,4.);
#408=VECTOR('',#1320,2.);
#409=VECTOR('',#1325,2.);
#410=VECTOR('',#1328,10.);
#411=VECTOR('',#1329,10.);
#412=VECTOR('',#1334,10.);
#413=VECTOR('',#1337,10.);
#414=VECTOR('',#1338,10.);
#415=VECTOR('',#1343,10.);
#416=VECTOR('',#1348,10.);
#417=VECTOR('',#1349,10.);
#418=VECTOR('',#1354,10.);
#419=VERTEX_POINT('',#1362);
#420=VERTEX_POINT('',#1363);
#421=VERTEX_POINT('',#1365);
#422=VERTEX_POINT('',#1379);
#423=VERTEX_POINT('',#1407);
#424=VERTEX_POINT('',#1408);
#425=VERTEX_POINT('',#1497);
#426=VERTEX_POINT('',#1498);
#427=VERTEX_POINT('',#1584);
#428=VERTEX_POINT('',#1585);
#429=VERTEX_POINT('',#1674);
#430=VERTEX_POINT('',#1675);
#431=VERTEX_POINT('',#1677);
#432=VERTEX_POINT('',#1703);
#433=VERTEX_POINT('',#1743);
#434=VERTEX_POINT('',#1744);
#435=VERTEX_POINT('',#1746);
#436=VERTEX_POINT('',#1762);
#437=VERTEX_POINT('',#1781);
#438=VERTEX_POINT('',#1782);
#439=VERTEX_POINT('',#1819);
#440=VERTEX_POINT('',#1820);
#441=VERTEX_POINT('',#1856);
#442=VERTEX_POINT('',#1857);
#443=VERTEX_POINT('',#1893);
#444=VERTEX_POINT('',#1894);
#445=VERTEX_POINT('',#1896);
#446=VERTEX_POINT('',#1903);
#447=VERTEX_POINT('',#3105);
#448=VERTEX_POINT('',#3106);
#449=VERTEX_POINT('',#3108);
#450=VERTEX_POINT('',#3110);
#451=VERTEX_POINT('',#3115);
#452=VERTEX_POINT('',#3117);
#453=VERTEX_POINT('',#3121);
#454=VERTEX_POINT('',#3123);
#455=VERTEX_POINT('',#3125);
#456=VERTEX_POINT('',#3127);
#457=VERTEX_POINT('',#3129);
#458=VERTEX_POINT('',#3131);
#459=VERTEX_POINT('',#3133);
#460=VERTEX_POINT('',#3135);
#461=VERTEX_POINT('',#3137);
#462=VERTEX_POINT('',#3139);
#463=VERTEX_POINT('',#3141);
#464=VERTEX_POINT('',#3143);
#465=VERTEX_POINT('',#3145);
#466=VERTEX_POINT('',#3147);
#467=VERTEX_POINT('',#3149);
#468=VERTEX_POINT('',#3151);
#469=VERTEX_POINT('',#3153);
#470=VERTEX_POINT('',#3155);
#471=VERTEX_POINT('',#3157);
#472=VERTEX_POINT('',#3159);
#473=VERTEX_POINT('',#3161);
#474=VERTEX_POINT('',#3163);
#475=VERTEX_POINT('',#3165);
#476=VERTEX_POINT('',#3167);
#477=VERTEX_POINT('',#3169);
#478=VERTEX_POINT('',#3171);
#479=VERTEX_POINT('',#3173);
#480=VERTEX_POINT('',#3177);
#481=VERTEX_POINT('',#3179);
#482=VERTEX_POINT('',#3181);
#483=VERTEX_POINT('',#3183);
#484=VERTEX_POINT('',#3185);
#485=VERTEX_POINT('',#3187);
#486=VERTEX_POINT('',#3189);
#487=VERTEX_POINT('',#3191);
#488=VERTEX_POINT('',#3193);
#489=VERTEX_POINT('',#3195);
#490=VERTEX_POINT('',#3197);
#491=VERTEX_POINT('',#3199);
#492=VERTEX_POINT('',#3201);
#493=VERTEX_POINT('',#3203);
#494=VERTEX_POINT('',#3205);
#495=VERTEX_POINT('',#3207);
#496=VERTEX_POINT('',#3209);
#497=VERTEX_POINT('',#3211);
#498=VERTEX_POINT('',#3213);
#499=VERTEX_POINT('',#3217);
#500=VERTEX_POINT('',#3218);
#501=VERTEX_POINT('',#3223);
#502=VERTEX_POINT('',#3227);
#503=VERTEX_POINT('',#3244);
#504=VERTEX_POINT('',#3245);
#505=VERTEX_POINT('',#3247);
#506=VERTEX_POINT('',#3249);
#507=VERTEX_POINT('',#3268);
#508=VERTEX_POINT('',#3270);
#509=VERTEX_POINT('',#3272);
#510=VERTEX_POINT('',#3276);
#511=VERTEX_POINT('',#3280);
#512=VERTEX_POINT('',#3282);
#513=VERTEX_POINT('',#3284);
#514=VERTEX_POINT('',#3288);
#515=VERTEX_POINT('',#3292);
#516=VERTEX_POINT('',#3296);
#517=EDGE_CURVE('',#419,#420,#215,.T.);
#518=EDGE_CURVE('',#420,#421,#187,.T.);
#519=EDGE_CURVE('',#422,#421,#169,.T.);
#520=EDGE_CURVE('',#422,#419,#188,.T.);
#521=EDGE_CURVE('',#423,#424,#216,.T.);
#522=EDGE_CURVE('',#424,#420,#189,.T.);
#523=EDGE_CURVE('',#419,#423,#190,.T.);
#524=EDGE_CURVE('',#425,#426,#217,.T.);
#525=EDGE_CURVE('',#426,#424,#191,.T.);
#526=EDGE_CURVE('',#423,#425,#192,.T.);
#527=EDGE_CURVE('',#427,#428,#218,.T.);
#528=EDGE_CURVE('',#428,#426,#193,.T.);
#529=EDGE_CURVE('',#425,#427,#194,.T.);
#530=EDGE_CURVE('',#429,#430,#219,.T.);
#531=EDGE_CURVE('',#429,#431,#195,.T.);
#532=EDGE_CURVE('',#432,#431,#170,.T.);
#533=EDGE_CURVE('',#432,#430,#196,.T.);
#534=EDGE_CURVE('',#433,#434,#220,.T.);
#535=EDGE_CURVE('',#434,#435,#197,.T.);
#536=EDGE_CURVE('',#436,#435,#171,.T.);
#537=EDGE_CURVE('',#433,#436,#198,.T.);
#538=EDGE_CURVE('',#437,#438,#221,.T.);
#539=EDGE_CURVE('',#438,#434,#199,.T.);
#540=EDGE_CURVE('',#437,#433,#200,.T.);
#541=EDGE_CURVE('',#439,#440,#222,.T.);
#542=EDGE_CURVE('',#440,#438,#201,.T.);
#543=EDGE_CURVE('',#439,#437,#202,.T.);
#544=EDGE_CURVE('',#441,#442,#223,.T.);
#545=EDGE_CURVE('',#442,#440,#203,.T.);
#546=EDGE_CURVE('',#441,#439,#204,.T.);
#547=EDGE_CURVE('',#443,#444,#224,.T.);
#548=EDGE_CURVE('',#445,#443,#205,.T.);
#549=EDGE_CURVE('',#446,#445,#172,.T.);
#550=EDGE_CURVE('',#446,#444,#206,.T.);
#551=EDGE_CURVE('',#444,#442,#207,.T.);
#552=EDGE_CURVE('',#443,#441,#208,.T.);
#553=EDGE_CURVE('',#435,#422,#209,.T.);
#554=EDGE_CURVE('',#431,#446,#210,.T.);
#555=EDGE_CURVE('',#427,#429,#211,.T.);
#556=EDGE_CURVE('',#421,#436,#212,.T.);
#557=EDGE_CURVE('',#430,#428,#213,.T.);
#558=EDGE_CURVE('',#445,#432,#214,.T.);
#559=EDGE_CURVE('',#447,#448,#225,.T.);
#560=EDGE_CURVE('',#449,#447,#226,.T.);
#561=EDGE_CURVE('',#449,#450,#227,.T.);
#562=EDGE_CURVE('',#448,#450,#228,.F.);
#563=EDGE_CURVE('',#448,#451,#229,.T.);
#564=EDGE_CURVE('',#451,#452,#230,.T.);
#565=EDGE_CURVE('',#452,#447,#231,.T.);
#566=EDGE_CURVE('',#452,#453,#232,.T.);
#567=EDGE_CURVE('',#454,#453,#233,.T.);
#568=EDGE_CURVE('',#454,#455,#234,.T.);
#569=EDGE_CURVE('',#456,#455,#235,.T.);
#570=EDGE_CURVE('',#456,#457,#236,.T.);
#571=EDGE_CURVE('',#457,#458,#237,.T.);
#572=EDGE_CURVE('',#458,#459,#238,.T.);
#573=EDGE_CURVE('',#459,#460,#239,.T.);
#574=EDGE_CURVE('',#460,#461,#240,.T.);
#575=EDGE_CURVE('',#462,#461,#241,.T.);
#576=EDGE_CURVE('',#462,#463,#242,.T.);
#577=EDGE_CURVE('',#463,#464,#243,.T.);
#578=EDGE_CURVE('',#464,#465,#244,.T.);
#579=EDGE_CURVE('',#465,#466,#245,.T.);
#580=EDGE_CURVE('',#466,#467,#246,.T.);
#581=EDGE_CURVE('',#468,#467,#247,.T.);
#582=EDGE_CURVE('',#468,#469,#248,.T.);
#583=EDGE_CURVE('',#469,#470,#249,.T.);
#584=EDGE_CURVE('',#470,#471,#250,.T.);
#585=EDGE_CURVE('',#471,#472,#251,.T.);
#586=EDGE_CURVE('',#473,#472,#173,.T.);
#587=EDGE_CURVE('',#474,#473,#252,.T.);
#588=EDGE_CURVE('',#475,#474,#253,.T.);
#589=EDGE_CURVE('',#476,#475,#254,.T.);
#590=EDGE_CURVE('',#477,#476,#255,.T.);
#591=EDGE_CURVE('',#478,#477,#256,.T.);
#592=EDGE_CURVE('',#479,#478,#174,.T.);
#593=EDGE_CURVE('',#479,#449,#257,.T.);
#594=EDGE_CURVE('',#450,#480,#258,.T.);
#595=EDGE_CURVE('',#480,#481,#175,.T.);
#596=EDGE_CURVE('',#481,#482,#259,.T.);
#597=EDGE_CURVE('',#482,#483,#260,.T.);
#598=EDGE_CURVE('',#483,#484,#261,.T.);
#599=EDGE_CURVE('',#484,#485,#262,.T.);
#600=EDGE_CURVE('',#485,#486,#263,.T.);
#601=EDGE_CURVE('',#486,#487,#176,.T.);
#602=EDGE_CURVE('',#487,#488,#264,.T.);
#603=EDGE_CURVE('',#488,#489,#265,.T.);
#604=EDGE_CURVE('',#489,#490,#266,.T.);
#605=EDGE_CURVE('',#490,#491,#267,.T.);
#606=EDGE_CURVE('',#491,#492,#268,.T.);
#607=EDGE_CURVE('',#492,#493,#269,.T.);
#608=EDGE_CURVE('',#493,#494,#270,.T.);
#609=EDGE_CURVE('',#494,#495,#271,.T.);
#610=EDGE_CURVE('',#495,#496,#272,.T.);
#611=EDGE_CURVE('',#496,#497,#273,.T.);
#612=EDGE_CURVE('',#497,#498,#274,.T.);
#613=EDGE_CURVE('',#498,#451,#275,.T.);
#614=EDGE_CURVE('',#499,#500,#276,.T.);
#615=EDGE_CURVE('',#466,#500,#277,.T.);
#616=EDGE_CURVE('',#465,#499,#278,.T.);
#617=EDGE_CURVE('',#500,#501,#279,.T.);
#618=EDGE_CURVE('',#467,#501,#280,.T.);
#619=EDGE_CURVE('',#499,#502,#281,.T.);
#620=EDGE_CURVE('',#501,#502,#282,.T.);
#621=EDGE_CURVE('',#468,#502,#283,.T.);
#622=EDGE_CURVE('',#469,#490,#284,.T.);
#623=EDGE_CURVE('',#470,#489,#285,.T.);
#624=EDGE_CURVE('',#471,#488,#286,.T.);
#625=EDGE_CURVE('',#492,#463,#287,.T.);
#626=EDGE_CURVE('',#464,#491,#288,.T.);
#627=EDGE_CURVE('',#493,#462,#289,.T.);
#628=EDGE_CURVE('',#503,#504,#290,.T.);
#629=EDGE_CURVE('',#505,#503,#291,.T.);
#630=EDGE_CURVE('',#505,#506,#292,.T.);
#631=EDGE_CURVE('',#504,#506,#293,.T.);
#632=EDGE_CURVE('',#503,#458,#294,.T.);
#633=EDGE_CURVE('',#505,#457,#295,.T.);
#634=EDGE_CURVE('',#504,#459,#296,.T.);
#635=EDGE_CURVE('',#494,#461,#297,.T.);
#636=EDGE_CURVE('',#456,#495,#298,.T.);
#637=EDGE_CURVE('',#455,#496,#299,.T.);
#638=EDGE_CURVE('',#506,#460,#300,.T.);
#639=EDGE_CURVE('',#497,#454,#301,.T.);
#640=EDGE_CURVE('',#507,#507,#177,.T.);
#641=EDGE_CURVE('',#507,#508,#302,.T.);
#642=EDGE_CURVE('',#509,#508,#178,.T.);
#643=EDGE_CURVE('',#508,#509,#179,.T.);
#644=EDGE_CURVE('',#510,#510,#180,.T.);
#645=EDGE_CURVE('',#510,#507,#303,.T.);
#646=EDGE_CURVE('',#511,#511,#181,.T.);
#647=EDGE_CURVE('',#511,#512,#304,.T.);
#648=EDGE_CURVE('',#513,#512,#182,.T.);
#649=EDGE_CURVE('',#512,#513,#183,.T.);
#650=EDGE_CURVE('',#514,#514,#184,.T.);
#651=EDGE_CURVE('',#514,#511,#305,.T.);
#652=EDGE_CURVE('',#515,#515,#185,.T.);
#653=EDGE_CURVE('',#515,#513,#306,.T.);
#654=EDGE_CURVE('',#516,#516,#186,.T.);
#655=EDGE_CURVE('',#516,#509,#307,.T.);
#656=EDGE_CURVE('',#480,#479,#308,.T.);
#657=EDGE_CURVE('',#478,#481,#309,.T.);
#658=EDGE_CURVE('',#482,#477,#310,.T.);
#659=EDGE_CURVE('',#486,#473,#311,.T.);
#660=EDGE_CURVE('',#472,#487,#312,.T.);
#661=EDGE_CURVE('',#453,#498,#313,.T.);
#662=EDGE_CURVE('',#474,#485,#314,.T.);
#663=EDGE_CURVE('',#484,#475,#315,.T.);
#664=EDGE_CURVE('',#476,#483,#316,.T.);
#665=ORIENTED_EDGE('',*,*,#517,.T.);
#666=ORIENTED_EDGE('',*,*,#518,.T.);
#667=ORIENTED_EDGE('',*,*,#519,.F.);
#668=ORIENTED_EDGE('',*,*,#520,.T.);
#669=ORIENTED_EDGE('',*,*,#521,.T.);
#670=ORIENTED_EDGE('',*,*,#522,.T.);
#671=ORIENTED_EDGE('',*,*,#517,.F.);
#672=ORIENTED_EDGE('',*,*,#523,.T.);
#673=ORIENTED_EDGE('',*,*,#524,.T.);
#674=ORIENTED_EDGE('',*,*,#525,.T.);
#675=ORIENTED_EDGE('',*,*,#521,.F.);
#676=ORIENTED_EDGE('',*,*,#526,.T.);
#677=ORIENTED_EDGE('',*,*,#527,.T.);
#678=ORIENTED_EDGE('',*,*,#528,.T.);
#679=ORIENTED_EDGE('',*,*,#524,.F.);
#680=ORIENTED_EDGE('',*,*,#529,.T.);
#681=ORIENTED_EDGE('',*,*,#530,.F.);
#682=ORIENTED_EDGE('',*,*,#531,.T.);
#683=ORIENTED_EDGE('',*,*,#532,.F.);
#684=ORIENTED_EDGE('',*,*,#533,.T.);
#685=ORIENTED_EDGE('',*,*,#534,.T.);
#686=ORIENTED_EDGE('',*,*,#535,.T.);
#687=ORIENTED_EDGE('',*,*,#536,.F.);
#688=ORIENTED_EDGE('',*,*,#537,.F.);
#689=ORIENTED_EDGE('',*,*,#538,.T.);
#690=ORIENTED_EDGE('',*,*,#539,.T.);
#691=ORIENTED_EDGE('',*,*,#534,.F.);
#692=ORIENTED_EDGE('',*,*,#540,.F.);
#693=ORIENTED_EDGE('',*,*,#541,.T.);
#694=ORIENTED_EDGE('',*,*,#542,.T.);
#695=ORIENTED_EDGE('',*,*,#538,.F.);
#696=ORIENTED_EDGE('',*,*,#543,.F.);
#697=ORIENTED_EDGE('',*,*,#544,.T.);
#698=ORIENTED_EDGE('',*,*,#545,.T.);
#699=ORIENTED_EDGE('',*,*,#541,.F.);
#700=ORIENTED_EDGE('',*,*,#546,.F.);
#701=ORIENTED_EDGE('',*,*,#547,.F.);
#702=ORIENTED_EDGE('',*,*,#548,.F.);
#703=ORIENTED_EDGE('',*,*,#549,.F.);
#704=ORIENTED_EDGE('',*,*,#550,.T.);
#705=ORIENTED_EDGE('',*,*,#547,.T.);
#706=ORIENTED_EDGE('',*,*,#551,.T.);
#707=ORIENTED_EDGE('',*,*,#544,.F.);
#708=ORIENTED_EDGE('',*,*,#552,.F.);
#709=ORIENTED_EDGE('',*,*,#553,.F.);
#710=ORIENTED_EDGE('',*,*,#535,.F.);
#711=ORIENTED_EDGE('',*,*,#539,.F.);
#712=ORIENTED_EDGE('',*,*,#542,.F.);
#713=ORIENTED_EDGE('',*,*,#545,.F.);
#714=ORIENTED_EDGE('',*,*,#551,.F.);
#715=ORIENTED_EDGE('',*,*,#550,.F.);
#716=ORIENTED_EDGE('',*,*,#554,.F.);
#717=ORIENTED_EDGE('',*,*,#531,.F.);
#718=ORIENTED_EDGE('',*,*,#555,.F.);
#719=ORIENTED_EDGE('',*,*,#529,.F.);
#720=ORIENTED_EDGE('',*,*,#526,.F.);
#721=ORIENTED_EDGE('',*,*,#523,.F.);
#722=ORIENTED_EDGE('',*,*,#520,.F.);
#723=ORIENTED_EDGE('',*,*,#556,.F.);
#724=ORIENTED_EDGE('',*,*,#518,.F.);
#725=ORIENTED_EDGE('',*,*,#522,.F.);
#726=ORIENTED_EDGE('',*,*,#525,.F.);
#727=ORIENTED_EDGE('',*,*,#528,.F.);
#728=ORIENTED_EDGE('',*,*,#557,.F.);
#729=ORIENTED_EDGE('',*,*,#533,.F.);
#730=ORIENTED_EDGE('',*,*,#558,.F.);
#731=ORIENTED_EDGE('',*,*,#548,.T.);
#732=ORIENTED_EDGE('',*,*,#552,.T.);
#733=ORIENTED_EDGE('',*,*,#546,.T.);
#734=ORIENTED_EDGE('',*,*,#543,.T.);
#735=ORIENTED_EDGE('',*,*,#540,.T.);
#736=ORIENTED_EDGE('',*,*,#537,.T.);
#737=ORIENTED_EDGE('',*,*,#559,.F.);
#738=ORIENTED_EDGE('',*,*,#560,.F.);
#739=ORIENTED_EDGE('',*,*,#561,.T.);
#740=ORIENTED_EDGE('',*,*,#562,.F.);
#741=ORIENTED_EDGE('',*,*,#554,.T.);
#742=ORIENTED_EDGE('',*,*,#549,.T.);
#743=ORIENTED_EDGE('',*,*,#558,.T.);
#744=ORIENTED_EDGE('',*,*,#532,.T.);
#745=ORIENTED_EDGE('',*,*,#530,.T.);
#746=ORIENTED_EDGE('',*,*,#557,.T.);
#747=ORIENTED_EDGE('',*,*,#527,.F.);
#748=ORIENTED_EDGE('',*,*,#555,.T.);
#749=ORIENTED_EDGE('',*,*,#563,.T.);
#750=ORIENTED_EDGE('',*,*,#564,.T.);
#751=ORIENTED_EDGE('',*,*,#565,.T.);
#752=ORIENTED_EDGE('',*,*,#559,.T.);
#753=ORIENTED_EDGE('',*,*,#565,.F.);
#754=ORIENTED_EDGE('',*,*,#566,.T.);
#755=ORIENTED_EDGE('',*,*,#567,.F.);
#756=ORIENTED_EDGE('',*,*,#568,.T.);
#757=ORIENTED_EDGE('',*,*,#569,.F.);
#758=ORIENTED_EDGE('',*,*,#570,.T.);
#759=ORIENTED_EDGE('',*,*,#571,.T.);
#760=ORIENTED_EDGE('',*,*,#572,.T.);
#761=ORIENTED_EDGE('',*,*,#573,.T.);
#762=ORIENTED_EDGE('',*,*,#574,.T.);
#763=ORIENTED_EDGE('',*,*,#575,.F.);
#764=ORIENTED_EDGE('',*,*,#576,.T.);
#765=ORIENTED_EDGE('',*,*,#577,.T.);
#766=ORIENTED_EDGE('',*,*,#578,.T.);
#767=ORIENTED_EDGE('',*,*,#579,.T.);
#768=ORIENTED_EDGE('',*,*,#580,.T.);
#769=ORIENTED_EDGE('',*,*,#581,.F.);
#770=ORIENTED_EDGE('',*,*,#582,.T.);
#771=ORIENTED_EDGE('',*,*,#583,.T.);
#772=ORIENTED_EDGE('',*,*,#584,.T.);
#773=ORIENTED_EDGE('',*,*,#585,.T.);
#774=ORIENTED_EDGE('',*,*,#586,.F.);
#775=ORIENTED_EDGE('',*,*,#587,.F.);
#776=ORIENTED_EDGE('',*,*,#588,.F.);
#777=ORIENTED_EDGE('',*,*,#589,.F.);
#778=ORIENTED_EDGE('',*,*,#590,.F.);
#779=ORIENTED_EDGE('',*,*,#591,.F.);
#780=ORIENTED_EDGE('',*,*,#592,.F.);
#781=ORIENTED_EDGE('',*,*,#593,.T.);
#782=ORIENTED_EDGE('',*,*,#560,.T.);
#783=ORIENTED_EDGE('',*,*,#563,.F.);
#784=ORIENTED_EDGE('',*,*,#562,.T.);
#785=ORIENTED_EDGE('',*,*,#594,.T.);
#786=ORIENTED_EDGE('',*,*,#595,.T.);
#787=ORIENTED_EDGE('',*,*,#596,.T.);
#788=ORIENTED_EDGE('',*,*,#597,.T.);
#789=ORIENTED_EDGE('',*,*,#598,.T.);
#790=ORIENTED_EDGE('',*,*,#599,.T.);
#791=ORIENTED_EDGE('',*,*,#600,.T.);
#792=ORIENTED_EDGE('',*,*,#601,.T.);
#793=ORIENTED_EDGE('',*,*,#602,.T.);
#794=ORIENTED_EDGE('',*,*,#603,.T.);
#795=ORIENTED_EDGE('',*,*,#604,.T.);
#796=ORIENTED_EDGE('',*,*,#605,.T.);
#797=ORIENTED_EDGE('',*,*,#606,.T.);
#798=ORIENTED_EDGE('',*,*,#607,.T.);
#799=ORIENTED_EDGE('',*,*,#608,.T.);
#800=ORIENTED_EDGE('',*,*,#609,.T.);
#801=ORIENTED_EDGE('',*,*,#610,.T.);
#802=ORIENTED_EDGE('',*,*,#611,.T.);
#803=ORIENTED_EDGE('',*,*,#612,.T.);
#804=ORIENTED_EDGE('',*,*,#613,.T.);
#805=ORIENTED_EDGE('',*,*,#614,.T.);
#806=ORIENTED_EDGE('',*,*,#615,.F.);
#807=ORIENTED_EDGE('',*,*,#579,.F.);
#808=ORIENTED_EDGE('',*,*,#616,.T.);
#809=ORIENTED_EDGE('',*,*,#580,.F.);
#810=ORIENTED_EDGE('',*,*,#615,.T.);
#811=ORIENTED_EDGE('',*,*,#617,.T.);
#812=ORIENTED_EDGE('',*,*,#618,.F.);
#813=ORIENTED_EDGE('',*,*,#614,.F.);
#814=ORIENTED_EDGE('',*,*,#619,.T.);
#815=ORIENTED_EDGE('',*,*,#620,.F.);
#816=ORIENTED_EDGE('',*,*,#617,.F.);
#817=ORIENTED_EDGE('',*,*,#620,.T.);
#818=ORIENTED_EDGE('',*,*,#621,.F.);
#819=ORIENTED_EDGE('',*,*,#581,.T.);
#820=ORIENTED_EDGE('',*,*,#618,.T.);
#821=ORIENTED_EDGE('',*,*,#583,.F.);
#822=ORIENTED_EDGE('',*,*,#622,.T.);
#823=ORIENTED_EDGE('',*,*,#604,.F.);
#824=ORIENTED_EDGE('',*,*,#623,.F.);
#825=ORIENTED_EDGE('',*,*,#623,.T.);
#826=ORIENTED_EDGE('',*,*,#603,.F.);
#827=ORIENTED_EDGE('',*,*,#624,.F.);
#828=ORIENTED_EDGE('',*,*,#584,.F.);
#829=ORIENTED_EDGE('',*,*,#577,.F.);
#830=ORIENTED_EDGE('',*,*,#625,.F.);
#831=ORIENTED_EDGE('',*,*,#606,.F.);
#832=ORIENTED_EDGE('',*,*,#626,.F.);
#833=ORIENTED_EDGE('',*,*,#578,.F.);
#834=ORIENTED_EDGE('',*,*,#626,.T.);
#835=ORIENTED_EDGE('',*,*,#605,.F.);
#836=ORIENTED_EDGE('',*,*,#622,.F.);
#837=ORIENTED_EDGE('',*,*,#582,.F.);
#838=ORIENTED_EDGE('',*,*,#621,.T.);
#839=ORIENTED_EDGE('',*,*,#619,.F.);
#840=ORIENTED_EDGE('',*,*,#616,.F.);
#841=ORIENTED_EDGE('',*,*,#625,.T.);
#842=ORIENTED_EDGE('',*,*,#576,.F.);
#843=ORIENTED_EDGE('',*,*,#627,.F.);
#844=ORIENTED_EDGE('',*,*,#607,.F.);
#845=ORIENTED_EDGE('',*,*,#628,.F.);
#846=ORIENTED_EDGE('',*,*,#629,.F.);
#847=ORIENTED_EDGE('',*,*,#630,.T.);
#848=ORIENTED_EDGE('',*,*,#631,.F.);
#849=ORIENTED_EDGE('',*,*,#629,.T.);
#850=ORIENTED_EDGE('',*,*,#632,.T.);
#851=ORIENTED_EDGE('',*,*,#571,.F.);
#852=ORIENTED_EDGE('',*,*,#633,.F.);
#853=ORIENTED_EDGE('',*,*,#628,.T.);
#854=ORIENTED_EDGE('',*,*,#634,.T.);
#855=ORIENTED_EDGE('',*,*,#572,.F.);
#856=ORIENTED_EDGE('',*,*,#632,.F.);
#857=ORIENTED_EDGE('',*,*,#575,.T.);
#858=ORIENTED_EDGE('',*,*,#635,.F.);
#859=ORIENTED_EDGE('',*,*,#608,.F.);
#860=ORIENTED_EDGE('',*,*,#627,.T.);
#861=ORIENTED_EDGE('',*,*,#636,.F.);
#862=ORIENTED_EDGE('',*,*,#569,.T.);
#863=ORIENTED_EDGE('',*,*,#637,.T.);
#864=ORIENTED_EDGE('',*,*,#610,.F.);
#865=ORIENTED_EDGE('',*,*,#635,.T.);
#866=ORIENTED_EDGE('',*,*,#574,.F.);
#867=ORIENTED_EDGE('',*,*,#638,.F.);
#868=ORIENTED_EDGE('',*,*,#630,.F.);
#869=ORIENTED_EDGE('',*,*,#633,.T.);
#870=ORIENTED_EDGE('',*,*,#570,.F.);
#871=ORIENTED_EDGE('',*,*,#636,.T.);
#872=ORIENTED_EDGE('',*,*,#609,.F.);
#873=ORIENTED_EDGE('',*,*,#631,.T.);
#874=ORIENTED_EDGE('',*,*,#638,.T.);
#875=ORIENTED_EDGE('',*,*,#573,.F.);
#876=ORIENTED_EDGE('',*,*,#634,.F.);
#877=ORIENTED_EDGE('',*,*,#637,.F.);
#878=ORIENTED_EDGE('',*,*,#568,.F.);
#879=ORIENTED_EDGE('',*,*,#639,.F.);
#880=ORIENTED_EDGE('',*,*,#611,.F.);
#881=ORIENTED_EDGE('',*,*,#640,.F.);
#882=ORIENTED_EDGE('',*,*,#641,.T.);
#883=ORIENTED_EDGE('',*,*,#642,.F.);
#884=ORIENTED_EDGE('',*,*,#643,.F.);
#885=ORIENTED_EDGE('',*,*,#641,.F.);
#886=ORIENTED_EDGE('',*,*,#644,.F.);
#887=ORIENTED_EDGE('',*,*,#645,.T.);
#888=ORIENTED_EDGE('',*,*,#640,.T.);
#889=ORIENTED_EDGE('',*,*,#645,.F.);
#890=ORIENTED_EDGE('',*,*,#646,.F.);
#891=ORIENTED_EDGE('',*,*,#647,.T.);
#892=ORIENTED_EDGE('',*,*,#648,.F.);
#893=ORIENTED_EDGE('',*,*,#649,.F.);
#894=ORIENTED_EDGE('',*,*,#647,.F.);
#895=ORIENTED_EDGE('',*,*,#650,.F.);
#896=ORIENTED_EDGE('',*,*,#651,.T.);
#897=ORIENTED_EDGE('',*,*,#646,.T.);
#898=ORIENTED_EDGE('',*,*,#651,.F.);
#899=ORIENTED_EDGE('',*,*,#652,.F.);
#900=ORIENTED_EDGE('',*,*,#653,.T.);
#901=ORIENTED_EDGE('',*,*,#648,.T.);
#902=ORIENTED_EDGE('',*,*,#649,.T.);
#903=ORIENTED_EDGE('',*,*,#653,.F.);
#904=ORIENTED_EDGE('',*,*,#654,.F.);
#905=ORIENTED_EDGE('',*,*,#655,.T.);
#906=ORIENTED_EDGE('',*,*,#642,.T.);
#907=ORIENTED_EDGE('',*,*,#643,.T.);
#908=ORIENTED_EDGE('',*,*,#655,.F.);
#909=ORIENTED_EDGE('',*,*,#656,.T.);
#910=ORIENTED_EDGE('',*,*,#592,.T.);
#911=ORIENTED_EDGE('',*,*,#657,.T.);
#912=ORIENTED_EDGE('',*,*,#595,.F.);
#913=ORIENTED_EDGE('',*,*,#656,.F.);
#914=ORIENTED_EDGE('',*,*,#594,.F.);
#915=ORIENTED_EDGE('',*,*,#561,.F.);
#916=ORIENTED_EDGE('',*,*,#593,.F.);
#917=ORIENTED_EDGE('',*,*,#657,.F.);
#918=ORIENTED_EDGE('',*,*,#591,.T.);
#919=ORIENTED_EDGE('',*,*,#658,.F.);
#920=ORIENTED_EDGE('',*,*,#596,.F.);
#921=ORIENTED_EDGE('',*,*,#553,.T.);
#922=ORIENTED_EDGE('',*,*,#519,.T.);
#923=ORIENTED_EDGE('',*,*,#556,.T.);
#924=ORIENTED_EDGE('',*,*,#536,.T.);
#925=ORIENTED_EDGE('',*,*,#659,.T.);
#926=ORIENTED_EDGE('',*,*,#586,.T.);
#927=ORIENTED_EDGE('',*,*,#660,.T.);
#928=ORIENTED_EDGE('',*,*,#601,.F.);
#929=ORIENTED_EDGE('',*,*,#660,.F.);
#930=ORIENTED_EDGE('',*,*,#585,.F.);
#931=ORIENTED_EDGE('',*,*,#624,.T.);
#932=ORIENTED_EDGE('',*,*,#602,.F.);
#933=ORIENTED_EDGE('',*,*,#639,.T.);
#934=ORIENTED_EDGE('',*,*,#567,.T.);
#935=ORIENTED_EDGE('',*,*,#661,.T.);
#936=ORIENTED_EDGE('',*,*,#612,.F.);
#937=ORIENTED_EDGE('',*,*,#564,.F.);
#938=ORIENTED_EDGE('',*,*,#613,.F.);
#939=ORIENTED_EDGE('',*,*,#661,.F.);
#940=ORIENTED_EDGE('',*,*,#566,.F.);
#941=ORIENTED_EDGE('',*,*,#652,.T.);
#942=ORIENTED_EDGE('',*,*,#654,.T.);
#943=ORIENTED_EDGE('',*,*,#588,.T.);
#944=ORIENTED_EDGE('',*,*,#662,.T.);
#945=ORIENTED_EDGE('',*,*,#599,.F.);
#946=ORIENTED_EDGE('',*,*,#663,.T.);
#947=ORIENTED_EDGE('',*,*,#659,.F.);
#948=ORIENTED_EDGE('',*,*,#600,.F.);
#949=ORIENTED_EDGE('',*,*,#662,.F.);
#950=ORIENTED_EDGE('',*,*,#587,.T.);
#951=ORIENTED_EDGE('',*,*,#590,.T.);
#952=ORIENTED_EDGE('',*,*,#664,.T.);
#953=ORIENTED_EDGE('',*,*,#597,.F.);
#954=ORIENTED_EDGE('',*,*,#658,.T.);
#955=ORIENTED_EDGE('',*,*,#663,.F.);
#956=ORIENTED_EDGE('',*,*,#598,.F.);
#957=ORIENTED_EDGE('',*,*,#664,.F.);
#958=ORIENTED_EDGE('',*,*,#589,.T.);
#959=ORIENTED_EDGE('',*,*,#644,.T.);
#960=ORIENTED_EDGE('',*,*,#650,.T.);
#961=CYLINDRICAL_SURFACE('',#1046,13.75935);
#962=CYLINDRICAL_SURFACE('',#1048,13.75935);
#963=CYLINDRICAL_SURFACE('',#1049,13.75935);
#964=CYLINDRICAL_SURFACE('',#1050,13.75935);
#965=CYLINDRICAL_SURFACE('',#1051,13.75935);
#966=CYLINDRICAL_SURFACE('',#1053,15.1527);
#967=CYLINDRICAL_SURFACE('',#1055,15.1527);
#968=CYLINDRICAL_SURFACE('',#1056,15.1527);
#969=CYLINDRICAL_SURFACE('',#1057,15.1527);
#970=CYLINDRICAL_SURFACE('',#1058,15.1527);
#971=CYLINDRICAL_SURFACE('',#1060,15.1527);
#972=CYLINDRICAL_SURFACE('',#1062,13.75935);
#973=CYLINDRICAL_SURFACE('',#1091,3.5);
#974=CYLINDRICAL_SURFACE('',#1097,4.);
#975=CYLINDRICAL_SURFACE('',#1099,2.);
#976=CYLINDRICAL_SURFACE('',#1101,2.);
#977=CYLINDRICAL_SURFACE('',#1103,7.5);
#978=CYLINDRICAL_SURFACE('',#1106,7.5);
#979=ADVANCED_FACE('',(#59),#961,.F.);
#980=ADVANCED_FACE('',(#60),#962,.F.);
#981=ADVANCED_FACE('',(#61),#963,.F.);
#982=ADVANCED_FACE('',(#62),#964,.F.);
#983=ADVANCED_FACE('',(#63),#965,.F.);
#984=ADVANCED_FACE('',(#64),#966,.F.);
#985=ADVANCED_FACE('',(#65),#967,.F.);
#986=ADVANCED_FACE('',(#66),#968,.F.);
#987=ADVANCED_FACE('',(#67),#969,.F.);
#988=ADVANCED_FACE('',(#68),#970,.F.);
#989=ADVANCED_FACE('',(#69),#971,.F.);
#990=ADVANCED_FACE('',(#70),#57,.F.);
#991=ADVANCED_FACE('',(#71),#58,.F.);
#992=ADVANCED_FACE('',(#72,#21),#27,.T.);
#993=ADVANCED_FACE('',(#73),#972,.F.);
#994=ADVANCED_FACE('',(#74),#28,.T.);
#995=ADVANCED_FACE('',(#75),#29,.F.);
#996=ADVANCED_FACE('',(#76),#30,.T.);
#997=ADVANCED_FACE('',(#77),#31,.T.);
#998=ADVANCED_FACE('',(#78),#32,.F.);
#999=ADVANCED_FACE('',(#79),#33,.F.);
#1000=ADVANCED_FACE('',(#80),#34,.T.);
#1001=ADVANCED_FACE('',(#81),#35,.T.);
#1002=ADVANCED_FACE('',(#82),#36,.T.);
#1003=ADVANCED_FACE('',(#83),#37,.T.);
#1004=ADVANCED_FACE('',(#84),#38,.T.);
#1005=ADVANCED_FACE('',(#85),#39,.T.);
#1006=ADVANCED_FACE('',(#86),#40,.T.);
#1007=ADVANCED_FACE('',(#87),#41,.T.);
#1008=ADVANCED_FACE('',(#88),#42,.F.);
#1009=ADVANCED_FACE('',(#89),#43,.T.);
#1010=ADVANCED_FACE('',(#90),#44,.T.);
#1011=ADVANCED_FACE('',(#91),#45,.T.);
#1012=ADVANCED_FACE('',(#92),#46,.T.);
#1013=ADVANCED_FACE('',(#93),#47,.T.);
#1014=ADVANCED_FACE('',(#94),#19,.F.);
#1015=ADVANCED_FACE('',(#95),#973,.F.);
#1016=ADVANCED_FACE('',(#96),#20,.F.);
#1017=ADVANCED_FACE('',(#97),#974,.F.);
#1018=ADVANCED_FACE('',(#98),#975,.F.);
#1019=ADVANCED_FACE('',(#99),#976,.F.);
#1020=ADVANCED_FACE('',(#100),#977,.T.);
#1021=ADVANCED_FACE('',(#101),#48,.T.);
#1022=ADVANCED_FACE('',(#102,#22),#49,.T.);
#1023=ADVANCED_FACE('',(#103),#978,.T.);
#1024=ADVANCED_FACE('',(#104),#50,.T.);
#1025=ADVANCED_FACE('',(#105),#51,.T.);
#1026=ADVANCED_FACE('',(#106,#23,#24),#52,.T.);
#1027=ADVANCED_FACE('',(#107),#53,.T.);
#1028=ADVANCED_FACE('',(#108),#54,.T.);
#1029=ADVANCED_FACE('',(#109),#55,.T.);
#1030=ADVANCED_FACE('',(#110,#25,#26),#56,.T.);
#1031=CLOSED_SHELL('',(#979,#980,#981,#982,#983,#984,#985,#986,#987,#988,
#989,#990,#991,#992,#993,#994,#995,#996,#997,#998,#999,#1000,#1001,#1002,
#1003,#1004,#1005,#1006,#1007,#1008,#1009,#1010,#1011,#1012,#1013,#1014,
#1015,#1016,#1017,#1018,#1019,#1020,#1021,#1022,#1023,#1024,#1025,#1026,
#1027,#1028,#1029,#1030));
#1032=DERIVED_UNIT_ELEMENT(#1034,1.);
#1033=DERIVED_UNIT_ELEMENT(#3327,-3.);
#1034=(
MASS_UNIT()
NAMED_UNIT(*)
SI_UNIT(.KILO.,.GRAM.)
);
#1035=DERIVED_UNIT((#1032,#1033));
#1036=MEASURE_REPRESENTATION_ITEM('density measure',
POSITIVE_RATIO_MEASURE(7850.),#1035);
#1037=PROPERTY_DEFINITION_REPRESENTATION(#1042,#1039);
#1038=PROPERTY_DEFINITION_REPRESENTATION(#1043,#1040);
#1039=REPRESENTATION('material name',(#1041),#3324);
#1040=REPRESENTATION('density',(#1036),#3324);
#1041=DESCRIPTIVE_REPRESENTATION_ITEM('Steel','Steel');
#1042=PROPERTY_DEFINITION('material property','material name',#3339);
#1043=PROPERTY_DEFINITION('material property','density of part',#3339);
#1044=AXIS2_PLACEMENT_3D('',#1359,#1115,#1116);
#1045=AXIS2_PLACEMENT_3D('',#1360,#1117,#1118);
#1046=AXIS2_PLACEMENT_3D('',#1361,#1119,#1120);
#1047=AXIS2_PLACEMENT_3D('',#1380,#1122,#1123);
#1048=AXIS2_PLACEMENT_3D('',#1406,#1124,#1125);
#1049=AXIS2_PLACEMENT_3D('',#1496,#1127,#1128);
#1050=AXIS2_PLACEMENT_3D('',#1583,#1130,#1131);
#1051=AXIS2_PLACEMENT_3D('',#1673,#1133,#1134);
#1052=AXIS2_PLACEMENT_3D('',#1704,#1136,#1137);
#1053=AXIS2_PLACEMENT_3D('',#1742,#1138,#1139);
#1054=AXIS2_PLACEMENT_3D('',#1763,#1141,#1142);
#1055=AXIS2_PLACEMENT_3D('',#1780,#1143,#1144);
#1056=AXIS2_PLACEMENT_3D('',#1818,#1146,#1147);
#1057=AXIS2_PLACEMENT_3D('',#1855,#1149,#1150);
#1058=AXIS2_PLACEMENT_3D('',#1892,#1152,#1153);
#1059=AXIS2_PLACEMENT_3D('',#1904,#1155,#1156);
#1060=AXIS2_PLACEMENT_3D('',#1912,#1157,#1158);
#1061=AXIS2_PLACEMENT_3D('',#3104,#1159,#1160);
#1062=AXIS2_PLACEMENT_3D('',#3113,#1165,#1166);
#1063=AXIS2_PLACEMENT_3D('',#3114,#1167,#1168);
#1064=AXIS2_PLACEMENT_3D('',#3120,#1172,#1173);
#1065=AXIS2_PLACEMENT_3D('',#3162,#1194,#1195);
#1066=AXIS2_PLACEMENT_3D('',#3174,#1201,#1202);
#1067=AXIS2_PLACEMENT_3D('',#3176,#1204,#1205);
#1068=AXIS2_PLACEMENT_3D('',#3180,#1207,#1208);
#1069=AXIS2_PLACEMENT_3D('',#3192,#1214,#1215);
#1070=AXIS2_PLACEMENT_3D('',#3216,#1228,#1229);
#1071=AXIS2_PLACEMENT_3D('',#3222,#1233,#1234);
#1072=AXIS2_PLACEMENT_3D('',#3226,#1237,#1238);
#1073=AXIS2_PLACEMENT_3D('',#3230,#1241,#1242);
#1074=AXIS2_PLACEMENT_3D('',#3232,#1244,#1245);
#1075=AXIS2_PLACEMENT_3D('',#3235,#1248,#1249);
#1076=AXIS2_PLACEMENT_3D('',#3237,#1251,#1252);
#1077=AXIS2_PLACEMENT_3D('',#3240,#1255,#1256);
#1078=AXIS2_PLACEMENT_3D('',#3241,#1257,#1258);
#1079=AXIS2_PLACEMENT_3D('',#3243,#1260,#1261);
#1080=AXIS2_PLACEMENT_3D('',#3252,#1266,#1267);
#1081=AXIS2_PLACEMENT_3D('',#3255,#1270,#1271);
#1082=AXIS2_PLACEMENT_3D('',#3257,#1273,#1274);
#1083=AXIS2_PLACEMENT_3D('',#3259,#1276,#1277);
#1084=AXIS2_PLACEMENT_3D('',#3262,#1280,#1281);
#1085=AXIS2_PLACEMENT_3D('',#3264,#1283,#1284);
#1086=AXIS2_PLACEMENT_3D('',#3265,#1285,#1286);
#1087=AXIS2_PLACEMENT_3D('',#3267,#1288,#1289);
#1088=AXIS2_PLACEMENT_3D('',#3269,#1290,#1291);
#1089=AXIS2_PLACEMENT_3D('',#3273,#1293,#1294);
#1090=AXIS2_PLACEMENT_3D('',#3274,#1295,#1296);
#1091=AXIS2_PLACEMENT_3D('',#3275,#1297,#1298);
#1092=AXIS2_PLACEMENT_3D('',#3277,#1299,#1300);
#1093=AXIS2_PLACEMENT_3D('',#3279,#1302,#1303);
#1094=AXIS2_PLACEMENT_3D('',#3281,#1304,#1305);
#1095=AXIS2_PLACEMENT_3D('',#3285,#1307,#1308);
#1096=AXIS2_PLACEMENT_3D('',#3286,#1309,#1310);
#1097=AXIS2_PLACEMENT_3D('',#3287,#1311,#1312);
#1098=AXIS2_PLACEMENT_3D('',#3289,#1313,#1314);
#1099=AXIS2_PLACEMENT_3D('',#3291,#1316,#1317);
#1100=AXIS2_PLACEMENT_3D('',#3293,#1318,#1319);
#1101=AXIS2_PLACEMENT_3D('',#3295,#1321,#1322);
#1102=AXIS2_PLACEMENT_3D('',#3297,#1323,#1324);
#1103=AXIS2_PLACEMENT_3D('',#3299,#1326,#1327);
#1104=AXIS2_PLACEMENT_3D('',#3302,#1330,#1331);
#1105=AXIS2_PLACEMENT_3D('',#3303,#1332,#1333);
#1106=AXIS2_PLACEMENT_3D('',#3305,#1335,#1336);
#1107=AXIS2_PLACEMENT_3D('',#3308,#1339,#1340);
#1108=AXIS2_PLACEMENT_3D('',#3309,#1341,#1342);
#1109=AXIS2_PLACEMENT_3D('',#3311,#1344,#1345);
#1110=AXIS2_PLACEMENT_3D('',#3312,#1346,#1347);
#1111=AXIS2_PLACEMENT_3D('',#3315,#1350,#1351);
#1112=AXIS2_PLACEMENT_3D('',#3316,#1352,#1353);
#1113=AXIS2_PLACEMENT_3D('',#3318,#1355,#1356);
#1114=AXIS2_PLACEMENT_3D('',#3319,#1357,#1358);
#1115=DIRECTION('axis',(0.,0.,1.));
#1116=DIRECTION('refdir',(1.,0.,0.));
#1117=DIRECTION('axis',(0.,0.,1.));
#1118=DIRECTION('refdir',(1.,0.,0.));
#1119=DIRECTION('center_axis',(1.,0.,0.));
#1120=DIRECTION('ref_axis',(0.,-0.268572563475908,0.963259455260097));
#1121=DIRECTION('',(1.,0.,0.));
#1122=DIRECTION('center_axis',(-1.,0.,0.));
#1123=DIRECTION('ref_axis',(0.,-1.,0.));
#1124=DIRECTION('center_axis',(1.,0.,0.));
#1125=DIRECTION('ref_axis',(0.,-1.,0.));
#1126=DIRECTION('',(1.,0.,0.));
#1127=DIRECTION('center_axis',(1.,0.,0.));
#1128=DIRECTION('ref_axis',(0.,-1.,0.));
#1129=DIRECTION('',(1.,0.,0.));
#1130=DIRECTION('center_axis',(1.,0.,0.));
#1131=DIRECTION('ref_axis',(0.,-1.,0.));
#1132=DIRECTION('',(1.,0.,0.));
#1133=DIRECTION('center_axis',(1.,0.,0.));
#1134=DIRECTION('ref_axis',(0.,-0.937152727041381,-0.348919426514062));
#1135=DIRECTION('',(1.,0.,0.));
#1136=DIRECTION('center_axis',(1.,0.,0.));
#1137=DIRECTION('ref_axis',(0.,-1.,0.));
#1138=DIRECTION('center_axis',(1.,0.,0.));
#1139=DIRECTION('ref_axis',(0.,-0.999657416336244,0.0261734591513048));
#1140=DIRECTION('',(1.,-1.22464679914735E-16,-4.45695041354509E-31));
#1141=DIRECTION('center_axis',(-1.,0.,0.));
#1142=DIRECTION('ref_axis',(0.,-1.,-3.51691151953166E-15));
#1143=DIRECTION('center_axis',(1.,0.,0.));
#1144=DIRECTION('ref_axis',(0.,-1.,-3.51691151953166E-15));
#1145=DIRECTION('',(1.,-1.22464679914735E-16,-4.45695041354509E-31));
#1146=DIRECTION('center_axis',(1.,0.,0.));
#1147=DIRECTION('ref_axis',(0.,-1.,-3.51691151953166E-15));
#1148=DIRECTION('',(1.,-1.22464679914735E-16,-4.45695041354509E-31));
#1149=DIRECTION('center_axis',(1.,0.,0.));
#1150=DIRECTION('ref_axis',(0.,-1.,-3.51691151953166E-15));
#1151=DIRECTION('',(1.,-1.22464679914735E-16,-4.45695041354509E-31));
#1152=DIRECTION('center_axis',(1.,0.,0.));
#1153=DIRECTION('ref_axis',(0.,0.608760742792553,-0.793353866842949));
#1154=DIRECTION('',(1.,-1.22464679914735E-16,-4.45695041354509E-31));
#1155=DIRECTION('center_axis',(1.,0.,0.));
#1156=DIRECTION('ref_axis',(0.,-1.,-3.51691151953166E-15));
#1157=DIRECTION('center_axis',(1.,0.,0.));
#1158=DIRECTION('ref_axis',(0.,-1.,-3.51691151953166E-15));
#1159=DIRECTION('center_axis',(-1.,0.,0.));
#1160=DIRECTION('ref_axis',(0.,-1.,0.));
#1161=DIRECTION('',(0.,0.,1.));
#1162=DIRECTION('',(0.,1.,0.));
#1163=DIRECTION('',(0.,0.,1.));
#1164=DIRECTION('',(0.,1.,0.));
#1165=DIRECTION('center_axis',(1.,0.,0.));
#1166=DIRECTION('ref_axis',(0.,-1.,0.));
#1167=DIRECTION('center_axis',(-0.707106781186548,0.707106781186548,0.));
#1168=DIRECTION('ref_axis',(0.,0.,1.));
#1169=DIRECTION('',(0.707106781186548,0.707106781186548,0.));
#1170=DIRECTION('',(0.,0.,-1.));
#1171=DIRECTION('',(-0.707106781186548,-0.707106781186548,0.));
#1172=DIRECTION('center_axis',(0.,0.,1.));
#1173=DIRECTION('ref_axis',(1.,0.,0.));
#1174=DIRECTION('',(1.,0.,0.));
#1175=DIRECTION('',(-0.707106781186548,0.707106781186548,0.));
#1176=DIRECTION('',(0.,-1.,0.));
#1177=DIRECTION('',(-0.707106781186546,0.707106781186549,0.));
#1178=DIRECTION('',(0.,-1.,0.));
#1179=DIRECTION('',(-0.746255327999658,0.665659812090322,0.));
#1180=DIRECTION('',(0.,-1.,0.));
#1181=DIRECTION('',(0.746255327999658,0.665659812090322,0.));
#1182=DIRECTION('',(0.,-1.,0.));
#1183=DIRECTION('',(0.707106781186546,0.707106781186549,0.));
#1184=DIRECTION('',(0.,-1.,0.));
#1185=DIRECTION('',(0.707106724990742,-0.707106837382349,0.));
#1186=DIRECTION('',(0.,-1.,0.));
#1187=DIRECTION('',(-0.746255327999658,0.665659812090322,0.));
#1188=DIRECTION('',(0.,-1.,0.));
#1189=DIRECTION('',(-0.746255327999658,-0.665659812090322,0.));
#1190=DIRECTION('',(0.,-1.,0.));
#1191=DIRECTION('',(-0.707106724990742,-0.707106837382349,0.));
#1192=DIRECTION('',(0.,-1.,0.));
#1193=DIRECTION('',(-1.,0.,0.));
#1194=DIRECTION('center_axis',(0.,0.,1.));
#1195=DIRECTION('ref_axis',(-0.707106781186547,-0.707106781186547,0.));
#1196=DIRECTION('',(0.,-1.,0.));
#1197=DIRECTION('',(0.707106781186548,-0.707106781186548,0.));
#1198=DIRECTION('',(1.,0.,0.));
#1199=DIRECTION('',(0.707106781186548,0.707106781186548,0.));
#1200=DIRECTION('',(0.,1.,0.));
#1201=DIRECTION('center_axis',(0.,0.,1.));
#1202=DIRECTION('ref_axis',(0.707106781186547,-0.707106781186547,0.));
#1203=DIRECTION('',(-1.,0.,0.));
#1204=DIRECTION('center_axis',(0.,0.,1.));
#1205=DIRECTION('ref_axis',(1.,0.,0.));
#1206=DIRECTION('',(1.,0.,0.));
#1207=DIRECTION('center_axis',(0.,0.,1.));
#1208=DIRECTION('ref_axis',(0.707106781186547,-0.707106781186547,0.));
#1209=DIRECTION('',(0.,1.,0.));
#1210=DIRECTION('',(0.707106781186548,0.707106781186548,0.));
#1211=DIRECTION('',(1.,0.,0.));
#1212=DIRECTION('',(0.707106781186548,-0.707106781186548,0.));
#1213=DIRECTION('',(0.,-1.,0.));
#1214=DIRECTION('center_axis',(0.,0.,1.));
#1215=DIRECTION('ref_axis',(-0.707106781186547,-0.707106781186547,0.));
#1216=DIRECTION('',(1.,0.,0.));
#1217=DIRECTION('',(0.,1.,0.));
#1218=DIRECTION('',(0.707106724990742,0.707106837382349,0.));
#1219=DIRECTION('',(0.,1.,0.));
#1220=DIRECTION('',(-0.707106724990742,0.707106837382349,0.));
#1221=DIRECTION('',(0.,1.,0.));
#1222=DIRECTION('',(0.707106781186546,0.707106781186549,0.));
#1223=DIRECTION('',(0.,1.,0.));
#1224=DIRECTION('',(-0.707106781186546,0.707106781186549,0.));
#1225=DIRECTION('',(0.,1.,0.));
#1226=DIRECTION('',(-0.707106781186548,0.707106781186548,0.));
#1227=DIRECTION('',(-1.,0.,0.));
#1228=DIRECTION('center_axis',(-0.665659812090322,-0.746255327999658,0.));
#1229=DIRECTION('ref_axis',(0.746255327999658,-0.665659812090322,0.));
#1230=DIRECTION('',(-0.746255327999658,0.665659812090322,0.));
#1231=DIRECTION('',(0.,0.,1.));
#1232=DIRECTION('',(0.,0.,1.));
#1233=DIRECTION('center_axis',(-1.,0.,0.));
#1234=DIRECTION('ref_axis',(0.,-1.,0.));
#1235=DIRECTION('',(0.,-1.,0.));
#1236=DIRECTION('',(0.,0.,1.));
#1237=DIRECTION('center_axis',(0.,0.,1.));
#1238=DIRECTION('ref_axis',(1.,0.,0.));
#1239=DIRECTION('',(0.,-1.,0.));
#1240=DIRECTION('',(0.746255327999658,0.665659812090322,0.));
#1241=DIRECTION('center_axis',(-0.665659812090322,0.746255327999658,0.));
#1242=DIRECTION('ref_axis',(-0.746255327999658,-0.665659812090322,0.));
#1243=DIRECTION('',(0.,0.,1.));
#1244=DIRECTION('center_axis',(0.707106837382349,-0.707106724990742,0.));
#1245=DIRECTION('ref_axis',(0.707106724990742,0.707106837382349,0.));
#1246=DIRECTION('',(0.,0.,1.));
#1247=DIRECTION('',(0.,0.,1.));
#1248=DIRECTION('center_axis',(1.,0.,0.));
#1249=DIRECTION('ref_axis',(0.,1.,0.));
#1250=DIRECTION('',(0.,0.,1.));
#1251=DIRECTION('center_axis',(0.707106837382349,0.707106724990742,0.));
#1252=DIRECTION('ref_axis',(-0.707106724990742,0.707106837382349,0.));
#1253=DIRECTION('',(0.,0.,-1.));
#1254=DIRECTION('',(0.,0.,1.));
#1255=DIRECTION('center_axis',(1.,0.,0.));
#1256=DIRECTION('ref_axis',(0.,1.,0.));
#1257=DIRECTION('center_axis',(1.,0.,0.));
#1258=DIRECTION('ref_axis',(0.,1.,0.));
#1259=DIRECTION('',(0.,0.,-1.));
#1260=DIRECTION('center_axis',(0.,0.,-1.));
#1261=DIRECTION('ref_axis',(-1.,0.,0.));
#1262=DIRECTION('',(0.,-1.,0.));
#1263=DIRECTION('',(-0.746255327999658,0.665659812090322,0.));
#1264=DIRECTION('',(0.,-1.,0.));
#1265=DIRECTION('',(0.746255327999658,0.665659812090322,0.));
#1266=DIRECTION('center_axis',(-0.665659812090322,-0.746255327999658,0.));
#1267=DIRECTION('ref_axis',(-0.746255327999658,0.665659812090322,0.));
#1268=DIRECTION('',(0.,0.,-1.));
#1269=DIRECTION('',(0.,0.,-1.));
#1270=DIRECTION('center_axis',(-1.,0.,0.));
#1271=DIRECTION('ref_axis',(0.,1.,0.));
#1272=DIRECTION('',(0.,0.,-1.));
#1273=DIRECTION('center_axis',(0.707106781186549,-0.707106781186546,0.));
#1274=DIRECTION('ref_axis',(0.,0.,-1.));
#1275=DIRECTION('',(0.,0.,-1.));
#1276=DIRECTION('center_axis',(0.707106781186549,0.707106781186546,0.));
#1277=DIRECTION('ref_axis',(0.,0.,-1.));
#1278=DIRECTION('',(0.,0.,1.));
#1279=DIRECTION('',(0.,0.,1.));
#1280=DIRECTION('center_axis',(1.,0.,0.));
#1281=DIRECTION('ref_axis',(0.,-1.,0.));
#1282=DIRECTION('',(0.,0.,-1.));
#1283=DIRECTION('center_axis',(-0.665659812090322,0.746255327999658,0.));
#1284=DIRECTION('ref_axis',(0.746255327999658,0.665659812090322,0.));
#1285=DIRECTION('center_axis',(1.,0.,0.));
#1286=DIRECTION('ref_axis',(0.,1.,0.));
#1287=DIRECTION('',(0.,0.,-1.));
#1288=DIRECTION('center_axis',(0.,-1.,0.));
#1289=DIRECTION('ref_axis',(0.,0.,-1.));
#1290=DIRECTION('center_axis',(0.,1.,0.));
#1291=DIRECTION('ref_axis',(0.,0.,-1.));
#1292=DIRECTION('',(-1.04972719113862E-16,0.515038074910054,-0.857167300702112));
#1293=DIRECTION('center_axis',(0.,-1.,0.));
#1294=DIRECTION('ref_axis',(-1.,0.,0.));
#1295=DIRECTION('center_axis',(0.,-1.,0.));
#1296=DIRECTION('ref_axis',(-1.,0.,0.));
#1297=DIRECTION('center_axis',(0.,1.,0.));
#1298=DIRECTION('ref_axis',(0.,0.,-1.));
#1299=DIRECTION('center_axis',(0.,1.,0.));
#1300=DIRECTION('ref_axis',(0.,0.,-1.));
#1301=DIRECTION('',(0.,1.,0.));
#1302=DIRECTION('center_axis',(0.,-1.,0.));
#1303=DIRECTION('ref_axis',(0.,0.,-1.));
#1304=DIRECTION('center_axis',(0.,1.,0.));
#1305=DIRECTION('ref_axis',(0.,0.,-1.));
#1306=DIRECTION('',(-1.04972719113862E-16,0.515038074910054,-0.857167300702112));
#1307=DIRECTION('center_axis',(0.,-1.,0.));
#1308=DIRECTION('ref_axis',(-1.,0.,0.));
#1309=DIRECTION('center_axis',(0.,-1.,0.));
#1310=DIRECTION('ref_axis',(-1.,0.,0.));
#1311=DIRECTION('center_axis',(0.,1.,0.));
#1312=DIRECTION('ref_axis',(0.,0.,-1.));
#1313=DIRECTION('center_axis',(0.,1.,0.));
#1314=DIRECTION('ref_axis',(0.,0.,-1.));
#1315=DIRECTION('',(0.,1.,0.));
#1316=DIRECTION('center_axis',(0.,-1.,0.));
#1317=DIRECTION('ref_axis',(-1.,0.,0.));
#1318=DIRECTION('center_axis',(0.,-1.,0.));
#1319=DIRECTION('ref_axis',(-1.,0.,0.));
#1320=DIRECTION('',(0.,-1.,0.));
#1321=DIRECTION('center_axis',(0.,-1.,0.));
#1322=DIRECTION('ref_axis',(-1.,0.,0.));
#1323=DIRECTION('center_axis',(0.,-1.,0.));
#1324=DIRECTION('ref_axis',(-1.,0.,0.));
#1325=DIRECTION('',(0.,-1.,0.));
#1326=DIRECTION('center_axis',(0.,0.,1.));
#1327=DIRECTION('ref_axis',(0.707106781186547,-0.707106781186547,0.));
#1328=DIRECTION('',(0.,0.,-1.));
#1329=DIRECTION('',(0.,0.,1.));
#1330=DIRECTION('center_axis',(0.,-1.,0.));
#1331=DIRECTION('ref_axis',(1.,0.,0.));
#1332=DIRECTION('center_axis',(1.,0.,0.));
#1333=DIRECTION('ref_axis',(0.,1.,0.));
#1334=DIRECTION('',(0.,0.,-1.));
#1335=DIRECTION('center_axis',(0.,0.,1.));
#1336=DIRECTION('ref_axis',(-0.707106781186547,-0.707106781186547,0.));
#1337=DIRECTION('',(0.,0.,-1.));
#1338=DIRECTION('',(0.,0.,1.));
#1339=DIRECTION('center_axis',(0.,-1.,0.));
#1340=DIRECTION('ref_axis',(1.,0.,0.));
#1341=DIRECTION('center_axis',(0.707106781186548,0.707106781186548,0.));
#1342=DIRECTION('ref_axis',(0.,0.,-1.));
#1343=DIRECTION('',(0.,0.,1.));
#1344=DIRECTION('center_axis',(0.,1.,0.));
#1345=DIRECTION('ref_axis',(-1.,0.,0.));
#1346=DIRECTION('center_axis',(-0.707106781186548,-0.707106781186548,0.));
#1347=DIRECTION('ref_axis',(0.,0.,1.));
#1348=DIRECTION('',(0.,0.,1.));
#1349=DIRECTION('',(0.,0.,-1.));
#1350=DIRECTION('center_axis',(-1.,0.,0.));
#1351=DIRECTION('ref_axis',(0.,-1.,0.));
#1352=DIRECTION('center_axis',(0.707106781186548,-0.707106781186548,0.));
#1353=DIRECTION('ref_axis',(0.,0.,-1.));
#1354=DIRECTION('',(0.,0.,1.));
#1355=DIRECTION('center_axis',(0.,-1.,0.));
#1356=DIRECTION('ref_axis',(1.,0.,0.));
#1357=DIRECTION('',(0.,0.,1.));
#1358=DIRECTION('',(1.,0.,0.));
#1359=CARTESIAN_POINT('',(0.,0.,0.));
#1360=CARTESIAN_POINT('',(0.,0.,0.));
#1361=CARTESIAN_POINT('Origin',(-80.4999995529652,85.,32.5));
#1362=CARTESIAN_POINT('',(-76.4663762332258,98.7582249324357,32.4999691114181));
#1363=CARTESIAN_POINT('',(-75.7836228727046,98.7605069675313,32.4999345132583));
#1364=CARTESIAN_POINT('',(-80.4999995529652,98.75935,32.5));
#1365=CARTESIAN_POINT('',(-74.9999995529652,79.6587943655325,45.1803483703261));
#1366=CARTESIAN_POINT('Ctrl Pts',(-75.7836228727046,98.7605069675313,32.4999345132583));
#1367=CARTESIAN_POINT('Ctrl Pts',(-75.7196215422806,98.7599293433681,34.7126043109095));
#1368=CARTESIAN_POINT('Ctrl Pts',(-75.6556202118566,98.215930467121,36.9255485211902));
#1369=CARTESIAN_POINT('Ctrl Pts',(-75.5916188814327,97.1891873833033,38.8855305425228));
#1370=CARTESIAN_POINT('Ctrl Pts',(-75.5258834004918,96.1346241426594,40.8986193323058));
#1371=CARTESIAN_POINT('Ctrl Pts',(-75.460147919551,94.5708018504053,42.6448519228497));
#1372=CARTESIAN_POINT('Ctrl Pts',(-75.3944124386102,92.6856383711881,43.9141513129399));
#1373=CARTESIAN_POINT('Ctrl Pts',(-75.3286769576693,90.8004748919709,45.1834507030301));
#1374=CARTESIAN_POINT('Ctrl Pts',(-75.2629414767285,88.5939702257907,45.9758168926666));
#1375=CARTESIAN_POINT('Ctrl Pts',(-75.1972059957876,86.3322842506122,46.1956481686711));
#1376=CARTESIAN_POINT('Ctrl Pts',(-75.1314705148468,84.0705982754337,46.4154794446757));
#1377=CARTESIAN_POINT('Ctrl Pts',(-75.065735033906,81.7537309912568,46.0627758070483));
#1378=CARTESIAN_POINT('Ctrl Pts',(-74.9999995529652,79.6587943655325,45.1803483703261));
#1379=CARTESIAN_POINT('',(-74.9999995529652,73.2247923612975,25.3802036716047));
#1380=CARTESIAN_POINT('Origin',(-74.9999995529652,85.,32.5));
#1381=CARTESIAN_POINT('Ctrl Pts',(-74.9999995529652,73.2247923612975,25.3802036716047));
#1382=CARTESIAN_POINT('Ctrl Pts',(-75.0605266251442,72.1432013511865,27.171644640064));
#1383=CARTESIAN_POINT('Ctrl Pts',(-75.1210536973233,71.4748253328247,29.2136217606485));
#1384=CARTESIAN_POINT('Ctrl Pts',(-75.1815807695023,71.2920708994615,31.2981707190289));
#1385=CARTESIAN_POINT('Ctrl Pts',(-75.2473162504431,71.0935902834545,33.5620969819494));
#1386=CARTESIAN_POINT('Ctrl Pts',(-75.313051731384,71.4679035065959,35.8762370062923));
#1387=CARTESIAN_POINT('Ctrl Pts',(-75.3787872123248,72.369995166274,37.9621343397619));
#1388=CARTESIAN_POINT('Ctrl Pts',(-75.4445226932657,73.2720868259521,40.0480316732316));
#1389=CARTESIAN_POINT('Ctrl Pts',(-75.5102581742065,74.7019569221669,41.9056863158281));
#1390=CARTESIAN_POINT('Ctrl Pts',(-75.5759936551473,76.4875330208206,43.311557221238));
#1391=CARTESIAN_POINT('Ctrl Pts',(-75.6417291360882,78.2731091194743,44.7174281266479));
#1392=CARTESIAN_POINT('Ctrl Pts',(-75.707464617029,80.4143912205669,45.6715152948713));
#1393=CARTESIAN_POINT('Ctrl Pts',(-75.7732000979699,82.6537192336049,46.0590131734576));
#1394=CARTESIAN_POINT('Ctrl Pts',(-75.8389355789107,84.893047246643,46.4465110520439));
#1395=CARTESIAN_POINT('Ctrl Pts',(-75.9046710598515,87.2304211716266,46.2674196409931));
#1396=CARTESIAN_POINT('Ctrl Pts',(-75.9704065407923,89.3845760460491,45.5432884329207));
#1397=CARTESIAN_POINT('Ctrl Pts',(-76.0361420217332,91.5387309204718,44.8191572248483));
#1398=CARTESIAN_POINT('Ctrl Pts',(-76.101877502674,93.5096667443334,43.5499862197542));
#1399=CARTESIAN_POINT('Ctrl Pts',(-76.1676129836149,95.0602170512765,41.8884985077189));
#1400=CARTESIAN_POINT('Ctrl Pts',(-76.2333484645557,96.6107673582195,40.2270107956837));
#1401=CARTESIAN_POINT('Ctrl Pts',(-76.2990839454965,97.740932148244,38.1732063767073));
#1402=CARTESIAN_POINT('Ctrl Pts',(-76.3648194264373,98.3147151828108,35.9742245768098));
#1403=CARTESIAN_POINT('Ctrl Pts',(-76.3986716953668,98.6102003198375,34.8417992534424));
#1404=CARTESIAN_POINT('Ctrl Pts',(-76.4325239642963,98.758132215019,33.6708726798321));
#1405=CARTESIAN_POINT('Ctrl Pts',(-76.4663762332258,98.7582249324357,32.4999691114181));
#1406=CARTESIAN_POINT('Origin',(-80.4999995529652,85.,32.5));
#1407=CARTESIAN_POINT('',(-78.9663762332257,98.7596401136746,32.5003301985323));
#1408=CARTESIAN_POINT('',(-78.2836228727046,98.7586226474951,32.4997280334357));
#1409=CARTESIAN_POINT('',(-80.4999995529652,98.75935,32.5));
#1410=CARTESIAN_POINT('Ctrl Pts',(-78.2836228727046,98.7586226474951,32.4997280334357));
#1411=CARTESIAN_POINT('Ctrl Pts',(-78.2408494611781,98.7575514457164,33.9790791653931));
#1412=CARTESIAN_POINT('Ctrl Pts',(-78.1980760496517,98.5197750386683,35.4587664551513));
#1413=CARTESIAN_POINT('Ctrl Pts',(-78.1553026381252,98.0510923234463,36.8612916414264));
#1414=CARTESIAN_POINT('Ctrl Pts',(-78.0895671571844,97.330806459067,39.0167350433261));
#1415=CARTESIAN_POINT('Ctrl Pts',(-78.0238316762436,96.065155037019,40.9899333003017));
#1416=CARTESIAN_POINT('Ctrl Pts',(-77.9580961953028,94.4064371544968,42.5434464002698));
#1417=CARTESIAN_POINT('Ctrl Pts',(-77.8923607143619,92.7477192719747,44.0969595002378));
#1418=CARTESIAN_POINT('Ctrl Pts',(-77.8266252334211,90.6959349289784,45.2307874431983));
#1419=CARTESIAN_POINT('Ctrl Pts',(-77.7608897524802,88.4979805685813,45.8084938113438));
#1420=CARTESIAN_POINT('Ctrl Pts',(-77.6951542715394,86.300026208184,46.3862001794893));
#1421=CARTESIAN_POINT('Ctrl Pts',(-77.6294187905986,83.9559018303859,46.4077849728198));
#1422=CARTESIAN_POINT('Ctrl Pts',(-77.5636833096578,81.747682001177,45.8706508219214));
#1423=CARTESIAN_POINT('Ctrl Pts',(-77.4979478287169,79.5394621719682,45.3335166710229));
#1424=CARTESIAN_POINT('Ctrl Pts',(-77.4322123477761,77.4671468913488,44.2376635758956));
#1425=CARTESIAN_POINT('Ctrl Pts',(-77.3664768668352,75.7801030339086,42.7149583846738));
#1426=CARTESIAN_POINT('Ctrl Pts',(-77.3007413858944,74.0930591764685,41.192253193452));
#1427=CARTESIAN_POINT('Ctrl Pts',(-77.2350059049536,72.7912867422078,39.2426959061356));
#1428=CARTESIAN_POINT('Ctrl Pts',(-77.1692704240128,72.0314316452605,37.1008816809695));
#1429=CARTESIAN_POINT('Ctrl Pts',(-77.1035349430719,71.2715765483131,34.9590674558033));
#1430=CARTESIAN_POINT('Ctrl Pts',(-77.0377994621311,71.0536387886792,32.6249962927874));
#1431=CARTESIAN_POINT('Ctrl Pts',(-76.9720639811902,71.4038427432839,30.3795331159237));
#1432=CARTESIAN_POINT('Ctrl Pts',(-76.9063285002494,71.7540466978885,28.13406993906));
#1433=CARTESIAN_POINT('Ctrl Pts',(-76.8405930193086,72.6723923667318,25.9772147483485));
#1434=CARTESIAN_POINT('Ctrl Pts',(-76.7748575383677,74.0483742061403,24.1685071371641));
#1435=CARTESIAN_POINT('Ctrl Pts',(-76.7091220574269,75.4243560455488,22.3597995259796));
#1436=CARTESIAN_POINT('Ctrl Pts',(-76.643386576486,77.2579740555226,20.8992394943222));
#1437=CARTESIAN_POINT('Ctrl Pts',(-76.5776510955452,79.3285814109535,19.9625806697139));
#1438=CARTESIAN_POINT('Ctrl Pts',(-76.5119156146044,81.3991887663844,19.0259218451057));
#1439=CARTESIAN_POINT('Ctrl Pts',(-76.4461801336635,83.7067854672725,18.6131642275466));
#1440=CARTESIAN_POINT('Ctrl Pts',(-76.3804446527227,85.9736985818571,18.7739745259751));
#1441=CARTESIAN_POINT('Ctrl Pts',(-76.3147091717819,88.2406116964419,18.9347848244036));
#1442=CARTESIAN_POINT('Ctrl Pts',(-76.248973690841,90.4668412247233,19.6691630388197));
#1443=CARTESIAN_POINT('Ctrl Pts',(-76.1832382099002,92.3844862819923,20.8887426794226));
#1444=CARTESIAN_POINT('Ctrl Pts',(-76.1175027289594,94.3021313392614,22.1083223200255));
#1445=CARTESIAN_POINT('Ctrl Pts',(-76.0517672480185,95.9111919255181,23.8131033868152));
#1446=CARTESIAN_POINT('Ctrl Pts',(-75.9860317670777,97.0180733003531,25.7979384737252));
#1447=CARTESIAN_POINT('Ctrl Pts',(-75.9202962861369,98.1249546751881,27.7827735606352));
#1448=CARTESIAN_POINT('Ctrl Pts',(-75.854560805196,98.7296568386015,30.0476626676656));
#1449=CARTESIAN_POINT('Ctrl Pts',(-75.7888253242552,98.7593558257913,32.3200797156918));
#1450=CARTESIAN_POINT('Ctrl Pts',(-75.7870911737383,98.7601393069988,32.3800277550453));
#1451=CARTESIAN_POINT('Ctrl Pts',(-75.7853570232215,98.7605226185691,32.4399810334193));
#1452=CARTESIAN_POINT('Ctrl Pts',(-75.7836228727046,98.7605069675313,32.4999345132583));
#1453=CARTESIAN_POINT('Ctrl Pts',(-76.4663762332258,98.7582249324357,32.4999691114181));
#1454=CARTESIAN_POINT('Ctrl Pts',(-76.4982594452371,98.7583122568351,31.3971725220848));
#1455=CARTESIAN_POINT('Ctrl Pts',(-76.5301426572485,98.6272586969092,30.294396339533));
#1456=CARTESIAN_POINT('Ctrl Pts',(-76.5620258692599,98.3648253661788,29.2238258301514));
#1457=CARTESIAN_POINT('Ctrl Pts',(-76.6277613502007,97.8237512358712,27.0165680642092));
#1458=CARTESIAN_POINT('Ctrl Pts',(-76.6934968311415,96.724201696147,24.9462117131433));
#1459=CARTESIAN_POINT('Ctrl Pts',(-76.7592323120823,95.1984882293792,23.2618880177275));
#1460=CARTESIAN_POINT('Ctrl Pts',(-76.8249677930232,93.6727747626114,21.5775643223116));
#1461=CARTESIAN_POINT('Ctrl Pts',(-76.890703273964,91.7208973688,20.2792732825459));
#1462=CARTESIAN_POINT('Ctrl Pts',(-76.9564387549049,89.5777305256539,19.5232416138108));
#1463=CARTESIAN_POINT('Ctrl Pts',(-77.0221742358457,87.4345636825079,18.7672099450757));
#1464=CARTESIAN_POINT('Ctrl Pts',(-77.0879097167865,85.100107390027,18.5534376473713));
#1465=CARTESIAN_POINT('Ctrl Pts',(-77.1536451977274,82.8552727332863,18.9076484785624));
#1466=CARTESIAN_POINT('Ctrl Pts',(-77.2193806786682,80.6104380765455,19.2618593097536));
#1467=CARTESIAN_POINT('Ctrl Pts',(-77.285116159609,78.4552250555448,20.1840532698402));
#1468=CARTESIAN_POINT('Ctrl Pts',(-77.3508516405499,76.6489759963645,21.5632603989232));
#1469=CARTESIAN_POINT('Ctrl Pts',(-77.4165871214907,74.8427269371842,22.9424675280061));
#1470=CARTESIAN_POINT('Ctrl Pts',(-77.4823226024315,73.3854418398243,24.7786878260854));
#1471=CARTESIAN_POINT('Ctrl Pts',(-77.5480580833724,72.4524795522064,26.8509641913309));
#1472=CARTESIAN_POINT('Ctrl Pts',(-77.6137935643132,71.5195172645885,28.9232405565763));
#1473=CARTESIAN_POINT('Ctrl Pts',(-77.6795290452541,71.1108777867126,31.2315729889879));
#1474=CARTESIAN_POINT('Ctrl Pts',(-77.7452645261949,71.2757337584191,33.4981939260109));
#1475=CARTESIAN_POINT('Ctrl Pts',(-77.8110000071357,71.4405897301257,35.7648148630338));
#1476=CARTESIAN_POINT('Ctrl Pts',(-77.8767354880765,72.1789411514146,37.9897243046679));
#1477=CARTESIAN_POINT('Ctrl Pts',(-77.9424709690174,73.4019403000413,39.9051931891617));
#1478=CARTESIAN_POINT('Ctrl Pts',(-78.0082064499582,74.6249394486681,41.8206620736555));
#1479=CARTESIAN_POINT('Ctrl Pts',(-78.0739419308991,76.3325863246326,43.4266904010089));
#1480=CARTESIAN_POINT('Ctrl Pts',(-78.1396774118399,78.3193953989939,44.5300206625161));
#1481=CARTESIAN_POINT('Ctrl Pts',(-78.2054128927808,80.3062044733554,45.6333509240233));
#1482=CARTESIAN_POINT('Ctrl Pts',(-78.2711483737216,82.5721757461137,46.2339831196843));
#1483=CARTESIAN_POINT('Ctrl Pts',(-78.3368838546624,84.8446390802563,46.2596416363287));
#1484=CARTESIAN_POINT('Ctrl Pts',(-78.4026193356032,87.1171024143987,46.2853001529731));
#1485=CARTESIAN_POINT('Ctrl Pts',(-78.4683548165441,89.3960578099253,45.7359849906009));
#1486=CARTESIAN_POINT('Ctrl Pts',(-78.5340902974849,91.40727271749,44.6777966520472));
#1487=CARTESIAN_POINT('Ctrl Pts',(-78.5998257784258,93.4184876250547,43.6196083134936));
#1488=CARTESIAN_POINT('Ctrl Pts',(-78.6655612593666,95.1619620446574,42.0525467987584));
#1489=CARTESIAN_POINT('Ctrl Pts',(-78.7312967403074,96.4278992263621,40.1651806402435));
#1490=CARTESIAN_POINT('Ctrl Pts',(-78.7970322212483,97.6938364080669,38.2778144817285));
#1491=CARTESIAN_POINT('Ctrl Pts',(-78.8627677021891,98.4822363518736,36.0701436794338));
#1492=CARTESIAN_POINT('Ctrl Pts',(-78.9285031831299,98.6982288699051,33.8078229248811));
#1493=CARTESIAN_POINT('Ctrl Pts',(-78.9411275331619,98.7397097431396,33.3733493547293));
#1494=CARTESIAN_POINT('Ctrl Pts',(-78.9537518831938,98.7600788960022,32.9368601669276));
#1495=CARTESIAN_POINT('Ctrl Pts',(-78.9663762332257,98.7596401136746,32.5003301985323));
#1496=CARTESIAN_POINT('Origin',(-80.4999995529652,85.,32.5));
#1497=CARTESIAN_POINT('',(-81.4663762332257,98.7600480746532,32.4997346061794));
#1498=CARTESIAN_POINT('',(-80.7836228727046,98.7587379575017,32.5002975627521));
#1499=CARTESIAN_POINT('',(-80.4999995529652,98.75935,32.5));
#1500=CARTESIAN_POINT('Ctrl Pts',(-80.7836228727046,98.7587379575017,32.5002975627521));
#1501=CARTESIAN_POINT('Ctrl Pts',(-80.7620773800757,98.7593355154098,33.245446982296));
#1502=CARTESIAN_POINT('Ctrl Pts',(-80.7405318874468,98.6998216284041,33.9905019134978));
#1503=CARTESIAN_POINT('Ctrl Pts',(-80.7189863948178,98.5793494237912,34.7255661768386));
#1504=CARTESIAN_POINT('Ctrl Pts',(-80.653250913877,98.2117877046591,36.9682534852855));
#1505=CARTESIAN_POINT('Ctrl Pts',(-80.5875154329362,97.276786171129,39.1179411352875));
#1506=CARTESIAN_POINT('Ctrl Pts',(-80.5217799519953,95.8868559565143,40.9159516968088));
#1507=CARTESIAN_POINT('Ctrl Pts',(-80.4560444710545,94.4969257418995,42.7139622583301));
#1508=CARTESIAN_POINT('Ctrl Pts',(-80.3903089901137,92.6520668462001,44.1602957313708));
#1509=CARTESIAN_POINT('Ctrl Pts',(-80.3245735091728,90.5742758733979,45.080911098492));
#1510=CARTESIAN_POINT('Ctrl Pts',(-80.258838028232,88.4964849005956,46.0015264656132));
#1511=CARTESIAN_POINT('Ctrl Pts',(-80.1931025472911,86.1857618506903,46.396423726815));
#1512=CARTESIAN_POINT('Ctrl Pts',(-80.1273670663503,83.9201619565278,46.2180838815328));
#1513=CARTESIAN_POINT('Ctrl Pts',(-80.0616315854095,81.6545620623652,46.0397440362506));
#1514=CARTESIAN_POINT('Ctrl Pts',(-79.9958961044686,79.4340853239453,45.2881670844844));
#1515=CARTESIAN_POINT('Ctrl Pts',(-79.9301606235278,77.5259274039332,44.0537922090396));
#1516=CARTESIAN_POINT('Ctrl Pts',(-79.864425142587,75.6177694839211,42.8194173335949));
#1517=CARTESIAN_POINT('Ctrl Pts',(-79.7986896616461,74.0219303823168,41.1022445344716));
#1518=CARTESIAN_POINT('Ctrl Pts',(-79.7329541807053,72.9304415123903,39.1089056200689));
#1519=CARTESIAN_POINT('Ctrl Pts',(-79.6672186997645,71.8389526424638,37.1155667056662));
#1520=CARTESIAN_POINT('Ctrl Pts',(-79.6014832188236,71.251814004215,34.8460616759841));
#1521=CARTESIAN_POINT('Ctrl Pts',(-79.5357477378828,71.2396774963471,32.5734858937435));
#1522=CARTESIAN_POINT('Ctrl Pts',(-79.470012256942,71.2275409884792,30.3009101115028));
#1523=CARTESIAN_POINT('Ctrl Pts',(-79.4042767760011,71.7904066109921,28.0252635767036));
#1524=CARTESIAN_POINT('Ctrl Pts',(-79.3385412950603,72.8605432994008,26.0203806751597));
#1525=CARTESIAN_POINT('Ctrl Pts',(-79.2728058141195,73.9306799878095,24.0154977736158));
#1526=CARTESIAN_POINT('Ctrl Pts',(-79.2070703331786,75.508087742114,22.2813785053272));
#1527=CARTESIAN_POINT('Ctrl Pts',(-79.1413348522378,77.4029530404911,21.026693890763));
#1528=CARTESIAN_POINT('Ctrl Pts',(-79.0755993712969,79.2978183388683,19.7720092761988));
#1529=CARTESIAN_POINT('Ctrl Pts',(-79.0098638903561,81.5101411813182,18.996759315359));
#1530=CARTESIAN_POINT('Ctrl Pts',(-78.9441284094153,83.7737070840723,18.794231825047));
#1531=CARTESIAN_POINT('Ctrl Pts',(-78.8783929284744,86.0372729868263,18.5917043347349));
#1532=CARTESIAN_POINT('Ctrl Pts',(-78.8126574475336,88.3520819498844,18.9618993149507));
#1533=CARTESIAN_POINT('Ctrl Pts',(-78.7469219665928,90.4395870726923,19.8602702538038));
#1534=CARTESIAN_POINT('Ctrl Pts',(-78.6811864856519,92.5270921955003,20.758641192657));
#1535=CARTESIAN_POINT('Ctrl Pts',(-78.6154510047111,94.387293478058,22.1851880901475));
#1536=CARTESIAN_POINT('Ctrl Pts',(-78.5497155237703,95.7963481261086,23.9682508985996));
#1537=CARTESIAN_POINT('Ctrl Pts',(-78.4839800428294,97.2054027741593,25.7513137070517));
#1538=CARTESIAN_POINT('Ctrl Pts',(-78.4182445618886,98.1633107877029,27.8908924264654));
#1539=CARTESIAN_POINT('Ctrl Pts',(-78.3525090809478,98.5548046411195,30.1295260595841));
#1540=CARTESIAN_POINT('Ctrl Pts',(-78.3295470115334,98.6915574100776,30.9115034657176));
#1541=CARTESIAN_POINT('Ctrl Pts',(-78.306584942119,98.7591977012193,31.7055673114355));
#1542=CARTESIAN_POINT('Ctrl Pts',(-78.2836228727046,98.7586226474951,32.4997280334357));
#1543=CARTESIAN_POINT('Ctrl Pts',(-78.9663762332257,98.7596401136746,32.5003301985323));
#1544=CARTESIAN_POINT('Ctrl Pts',(-79.0194873641346,98.7577941393806,30.6638316668512));
#1545=CARTESIAN_POINT('Ctrl Pts',(-79.0725984950435,98.3876648621674,28.8266113522768));
#1546=CARTESIAN_POINT('Ctrl Pts',(-79.1257096259524,97.6718724669043,27.1357178338765));
#1547=CARTESIAN_POINT('Ctrl Pts',(-79.1914451068933,96.7859384536156,25.0429042042352));
#1548=CARTESIAN_POINT('Ctrl Pts',(-79.2571805878341,95.3704853347818,23.1742476517633));
#1549=CARTESIAN_POINT('Ctrl Pts',(-79.322916068775,93.5958382156021,21.7546084135369));
#1550=CARTESIAN_POINT('Ctrl Pts',(-79.3886515497158,91.8211910964224,20.3349691753106));
#1551=CARTESIAN_POINT('Ctrl Pts',(-79.4543870306566,89.6873499768969,19.3643472513297));
#1552=CARTESIAN_POINT('Ctrl Pts',(-79.5201225115974,87.4510854333908,18.9595400678758));
#1553=CARTESIAN_POINT('Ctrl Pts',(-79.5858579925383,85.2148208898847,18.5547328844218));
#1554=CARTESIAN_POINT('Ctrl Pts',(-79.6515934734791,82.8761329223981,18.7157404414948));
#1555=CARTESIAN_POINT('Ctrl Pts',(-79.71732895442,80.7164418540594,19.4231882866812));
#1556=CARTESIAN_POINT('Ctrl Pts',(-79.7830644353608,78.5567507857206,20.1306361318676));
#1557=CARTESIAN_POINT('Ctrl Pts',(-79.8487999163016,76.5760566165296,21.3845242651675));
#1558=CARTESIAN_POINT('Ctrl Pts',(-79.9145353972424,75.0127013574161,23.0339691105996));
#1559=CARTESIAN_POINT('Ctrl Pts',(-79.9802708781833,73.4493460983026,24.6834139560316));
#1560=CARTESIAN_POINT('Ctrl Pts',(-80.0460063591241,72.3033297492665,26.7284155135958));
#1561=CARTESIAN_POINT('Ctrl Pts',(-80.1117418400649,71.7125553977392,28.9228934993359));
#1562=CARTESIAN_POINT('Ctrl Pts',(-80.1774773210058,71.1217810462118,31.117371485076));
#1563=CARTESIAN_POINT('Ctrl Pts',(-80.2432128019466,71.0862486921934,33.461325898992));
#1564=CARTESIAN_POINT('Ctrl Pts',(-80.3089482828875,71.6102340350023,35.6727026929468));
#1565=CARTESIAN_POINT('Ctrl Pts',(-80.3746837638283,72.1342193778112,37.8840794869016));
#1566=CARTESIAN_POINT('Ctrl Pts',(-80.4404192447691,73.2177224174475,39.9628786608952));
#1567=CARTESIAN_POINT('Ctrl Pts',(-80.5061547257099,74.7303624533808,41.6589529770772));
#1568=CARTESIAN_POINT('Ctrl Pts',(-80.5718902066508,76.243002489314,43.3550272932593));
#1569=CARTESIAN_POINT('Ctrl Pts',(-80.6376256875916,78.1847795215442,44.6683767516297));
#1570=CARTESIAN_POINT('Ctrl Pts',(-80.7033611685325,80.322034538075,45.4409626424111));
#1571=CARTESIAN_POINT('Ctrl Pts',(-80.7690966494733,82.4592895546057,46.2135485331926));
#1572=CARTESIAN_POINT('Ctrl Pts',(-80.8348321304142,84.792022555437,46.4453708563852));
#1573=CARTESIAN_POINT('Ctrl Pts',(-80.900567611355,87.0395297938575,46.1085338370896));
#1574=CARTESIAN_POINT('Ctrl Pts',(-80.9663030922958,89.287037032278,45.7716968177939));
#1575=CARTESIAN_POINT('Ctrl Pts',(-81.0320385732366,91.4493185082876,44.86620045601));
#1576=CARTESIAN_POINT('Ctrl Pts',(-81.0977740541775,93.266181344457,43.5010054520392));
#1577=CARTESIAN_POINT('Ctrl Pts',(-81.1635095351183,95.0830441806263,42.1358104480683));
#1578=CARTESIAN_POINT('Ctrl Pts',(-81.2292450160592,96.5544883769554,40.3109168019104));
#1579=CARTESIAN_POINT('Ctrl Pts',(-81.294980497,97.5034512782501,38.2459186478466));
#1580=CARTESIAN_POINT('Ctrl Pts',(-81.3521124090753,98.3282123397572,36.4511908800567));
#1581=CARTESIAN_POINT('Ctrl Pts',(-81.4092443211505,98.7583084353973,34.4750961651287));
#1582=CARTESIAN_POINT('Ctrl Pts',(-81.4663762332257,98.7600480746532,32.4997346061794));
#1583=CARTESIAN_POINT('Origin',(-80.4999995529652,85.,32.5));
#1584=CARTESIAN_POINT('',(-83.9663762332258,98.7582601498999,32.4999057187458));
#1585=CARTESIAN_POINT('',(-83.2836228727046,98.7605182805902,32.5000113750053));
#1586=CARTESIAN_POINT('',(-80.4999995529652,98.75935,32.5));
#1587=CARTESIAN_POINT('Ctrl Pts',(-83.2836228727046,98.7605178915801,32.5000113712177));
#1588=CARTESIAN_POINT('Ctrl Pts',(-83.2833052989732,98.7605184355228,32.510990537718));
#1589=CARTESIAN_POINT('Ctrl Pts',(-83.2829877252418,98.760505566843,32.5219697029372));
#1590=CARTESIAN_POINT('Ctrl Pts',(-83.2826701515104,98.7604792778127,32.5329488360221));
#1591=CARTESIAN_POINT('Ctrl Pts',(-83.2169346705695,98.755037637417,34.8055505101813));
#1592=CARTESIAN_POINT('Ctrl Pts',(-83.1511991896287,98.174587315548,37.0767753524452));
#1593=CARTESIAN_POINT('Ctrl Pts',(-83.0854637086879,97.0889753886056,39.0733210506252));
#1594=CARTESIAN_POINT('Ctrl Pts',(-83.0197282277471,96.0033634616633,41.0698667488051));
#1595=CARTESIAN_POINT('Ctrl Pts',(-82.9539927468062,94.4125899296477,42.791733302901));
#1596=CARTESIAN_POINT('Ctrl Pts',(-82.8882572658654,92.5080766528602,44.0317240929396));
#1597=CARTESIAN_POINT('Ctrl Pts',(-82.8225217849245,90.6035633760726,45.2717148829782));
#1598=CARTESIAN_POINT('Ctrl Pts',(-82.7567863039837,88.3853103545132,46.0298299089594));
#1599=CARTESIAN_POINT('Ctrl Pts',(-82.6910508230429,86.1202456652847,46.2148432448321));
#1600=CARTESIAN_POINT('Ctrl Pts',(-82.625315342102,83.8551809760562,46.3998565807048));
#1601=CARTESIAN_POINT('Ctrl Pts',(-82.5595798611612,81.5433046191586,46.011768226469));
#1602=CARTESIAN_POINT('Ctrl Pts',(-82.4938443802204,79.4628106078302,45.0972778494463));
#1603=CARTESIAN_POINT('Ctrl Pts',(-82.4281088992795,77.3823165965019,44.1827874724235));
#1604=CARTESIAN_POINT('Ctrl Pts',(-82.3623734183387,75.5332049307427,42.7418950726139));
#1605=CARTESIAN_POINT('Ctrl Pts',(-82.2966379373979,74.1379839612648,40.9479869291546));
#1606=CARTESIAN_POINT('Ctrl Pts',(-82.2309024564571,72.7427629917869,39.1540787856953));
#1607=CARTESIAN_POINT('Ctrl Pts',(-82.1651669755162,71.8014327185903,37.0071548985862));
#1608=CARTESIAN_POINT('Ctrl Pts',(-82.0994314945754,71.4272658284699,34.7655601271839));
#1609=CARTESIAN_POINT('Ctrl Pts',(-82.0336960136345,71.0530989383495,32.5239653557816));
#1610=CARTESIAN_POINT('Ctrl Pts',(-81.9679605326937,71.2460954313052,30.1876997000861));
#1611=CARTESIAN_POINT('Ctrl Pts',(-81.9022250517529,71.9830315441993,28.0378920002318));
#1612=CARTESIAN_POINT('Ctrl Pts',(-81.8364895708121,72.7199676570934,25.8880843003775));
#1613=CARTESIAN_POINT('Ctrl Pts',(-81.7707540898712,74.000843389926,23.9247345563644));
#1614=CARTESIAN_POINT('Ctrl Pts',(-81.7050186089304,75.6715276796264,22.3840976799432));
#1615=CARTESIAN_POINT('Ctrl Pts',(-81.6392831279895,77.3422119693268,20.8434608035221));
#1616=CARTESIAN_POINT('Ctrl Pts',(-81.5735476470487,79.4027048158951,19.7255367946929));
#1617=CARTESIAN_POINT('Ctrl Pts',(-81.5078121661078,81.6050618288255,19.1648483175177));
#1618=CARTESIAN_POINT('Ctrl Pts',(-81.442076685167,83.8074188417558,18.6041598403426));
#1619=CARTESIAN_POINT('Ctrl Pts',(-81.3763412042262,86.1516400210482,18.6007068948213));
#1620=CARTESIAN_POINT('Ctrl Pts',(-81.3106057232854,88.3556392180035,19.1549049827473));
#1621=CARTESIAN_POINT('Ctrl Pts',(-81.2448702423445,90.5596384149588,19.7091030706732));
#1622=CARTESIAN_POINT('Ctrl Pts',(-81.1791347614037,92.623415629577,20.8209521920463));
#1623=CARTESIAN_POINT('Ctrl Pts',(-81.1133992804628,94.2986312549188,22.3566606895976));
#1624=CARTESIAN_POINT('Ctrl Pts',(-81.047663799522,95.9738468802606,23.8923691871489));
#1625=CARTESIAN_POINT('Ctrl Pts',(-80.9819283185812,97.2605009163259,25.8519370608784));
#1626=CARTESIAN_POINT('Ctrl Pts',(-80.9161928376403,98.0037669819915,27.9995644811891));
#1627=CARTESIAN_POINT('Ctrl Pts',(-80.8720028493284,98.5034198069852,29.4432845124959));
#1628=CARTESIAN_POINT('Ctrl Pts',(-80.8278128610165,98.7575123611586,30.9719897766463));
#1629=CARTESIAN_POINT('Ctrl Pts',(-80.7836228727046,98.7587379575017,32.5002975627521));
#1630=CARTESIAN_POINT('Ctrl Pts',(-81.4663762332257,98.7600480746532,32.4997346061794));
#1631=CARTESIAN_POINT('Ctrl Pts',(-81.4749798020913,98.7603100491888,32.2022623426142));
#1632=CARTESIAN_POINT('Ctrl Pts',(-81.4835833709569,98.7508578676377,31.9048067053691));
#1633=CARTESIAN_POINT('Ctrl Pts',(-81.4921869398225,98.7315764711932,31.607989579087));
#1634=CARTESIAN_POINT('Ctrl Pts',(-81.5579224207633,98.5842571565816,29.3401613263609));
#1635=CARTESIAN_POINT('Ctrl Pts',(-81.6236579017041,97.8631369210983,27.1096074828783));
#1636=CARTESIAN_POINT('Ctrl Pts',(-81.689393382645,96.6549900127424,25.1847363152023));
#1637=CARTESIAN_POINT('Ctrl Pts',(-81.7551288635858,95.4468431043864,23.2598651475263));
#1638=CARTESIAN_POINT('Ctrl Pts',(-81.8208643445267,93.7516695231578,21.6406766556569));
#1639=CARTESIAN_POINT('Ctrl Pts',(-81.8865998254675,91.7734538551225,20.5220119449146));
#1640=CARTESIAN_POINT('Ctrl Pts',(-81.9523353064083,89.7952381870872,19.4033472341722));
#1641=CARTESIAN_POINT('Ctrl Pts',(-82.0180707873491,87.5339804322453,18.7852063045569));
#1642=CARTESIAN_POINT('Ctrl Pts',(-82.08380626829,85.2617835375857,18.7419716399953));
#1643=CARTESIAN_POINT('Ctrl Pts',(-82.1495417492308,82.9895866429261,18.6987369754336));
#1644=CARTESIAN_POINT('Ctrl Pts',(-82.2152772301717,80.7064506084489,19.2304085759255));
#1645=CARTESIAN_POINT('Ctrl Pts',(-82.2810127111125,78.687111050661,20.2730090337583));
#1646=CARTESIAN_POINT('Ctrl Pts',(-82.3467481920534,76.667771492873,21.3156094915912));
#1647=CARTESIAN_POINT('Ctrl Pts',(-82.4124836729941,74.9122284117745,22.8691388067649));
#1648=CARTESIAN_POINT('Ctrl Pts',(-82.478219153935,73.6317308102312,24.7466568111427));
#1649=CARTESIAN_POINT('Ctrl Pts',(-82.5439546348758,72.3512332086879,26.6241748155206));
#1650=CARTESIAN_POINT('Ctrl Pts',(-82.6096901158167,71.5457810866998,28.8256815091026));
#1651=CARTESIAN_POINT('Ctrl Pts',(-82.6754255967575,71.3122965645258,31.0862639433933));
#1652=CARTESIAN_POINT('Ctrl Pts',(-82.7411610776984,71.0788120423519,33.346846377684));
#1653=CARTESIAN_POINT('Ctrl Pts',(-82.8068965586392,71.417295119992,35.6665045526833));
#1654=CARTESIAN_POINT('Ctrl Pts',(-82.87263203958,72.287015260322,37.7661080490199));
#1655=CARTESIAN_POINT('Ctrl Pts',(-82.9383675205208,73.1567354006521,39.8657115453565));
#1656=CARTESIAN_POINT('Ctrl Pts',(-83.0041030014617,74.5576926036719,41.7452603630304));
#1657=CARTESIAN_POINT('Ctrl Pts',(-83.0698384824025,76.321306094929,43.1785835707439));
#1658=CARTESIAN_POINT('Ctrl Pts',(-83.1355739633433,78.084919586186,44.6119067784575));
#1659=CARTESIAN_POINT('Ctrl Pts',(-83.2013094442842,80.2111893656802,45.5990043762107));
#1660=CARTESIAN_POINT('Ctrl Pts',(-83.267044925225,82.4442559358147,46.0210963776436));
#1661=CARTESIAN_POINT('Ctrl Pts',(-83.3327804061659,84.6773225059491,46.4431883790766));
#1662=CARTESIAN_POINT('Ctrl Pts',(-83.3985158871067,87.0171858667237,46.3002747841891));
#1663=CARTESIAN_POINT('Ctrl Pts',(-83.4642513680475,89.1822842569192,45.6095527524694));
#1664=CARTESIAN_POINT('Ctrl Pts',(-83.5299868489884,91.3473826471147,44.9188307207497));
#1665=CARTESIAN_POINT('Ctrl Pts',(-83.5957223299292,93.3377160667309,43.6803002521976));
#1666=CARTESIAN_POINT('Ctrl Pts',(-83.66145781087,94.91378258911,42.0429968956698));
#1667=CARTESIAN_POINT('Ctrl Pts',(-83.7271932918109,96.489849111489,40.405693539142));
#1668=CARTESIAN_POINT('Ctrl Pts',(-83.7929287727517,97.6516487366309,38.3696172946384));
#1669=CARTESIAN_POINT('Ctrl Pts',(-83.8586642536926,98.2593791349857,36.1797744401363));
#1670=CARTESIAN_POINT('Ctrl Pts',(-83.8945682468703,98.5913147618973,34.9837064752709));
#1671=CARTESIAN_POINT('Ctrl Pts',(-83.930472240048,98.7579591456709,33.7417664913672));
#1672=CARTESIAN_POINT('Ctrl Pts',(-83.9663762332258,98.7582601498999,32.4999057187458));
#1673=CARTESIAN_POINT('Origin',(-80.4999995529652,85.,32.5));
#1674=CARTESIAN_POINT('',(-86.4663762332257,98.7594197091532,32.5003442282328));
#1675=CARTESIAN_POINT('',(-85.7836228727046,98.7587933046001,32.499692553232));
#1676=CARTESIAN_POINT('',(-80.4999995529652,98.75935,32.5));
#1677=CARTESIAN_POINT('',(-87.9999995529652,74.5907953650102,41.498231564558));
#1678=CARTESIAN_POINT('Ctrl Pts',(-86.4663762332257,98.7594197091532,32.5003442282328));
#1679=CARTESIAN_POINT('Ctrl Pts',(-86.5174356398863,98.7576350707169,30.7347106156742));
#1680=CARTESIAN_POINT('Ctrl Pts',(-86.568495046547,98.4162490567673,28.9684070983596));
#1681=CARTESIAN_POINT('Ctrl Pts',(-86.6195544532076,97.7533365399738,27.3323824911386));
#1682=CARTESIAN_POINT('Ctrl Pts',(-86.6852899341485,96.8998821823319,25.2261131194334));
#1683=CARTESIAN_POINT('Ctrl Pts',(-86.7510254150893,95.5135042421236,23.335778368625));
#1684=CARTESIAN_POINT('Ctrl Pts',(-86.8167608960301,93.7610301678028,21.8888603795635));
#1685=CARTESIAN_POINT('Ctrl Pts',(-86.8824963769709,92.0085560934819,20.4419423905019));
#1686=CARTESIAN_POINT('Ctrl Pts',(-86.9482318579118,89.8899858850484,19.4384411631872));
#1687=CARTESIAN_POINT('Ctrl Pts',(-87.0139673388527,87.6602503913385,18.9990821904075));
#1688=CARTESIAN_POINT('Ctrl Pts',(-87.0797028197935,85.4305148976286,18.5597232176279));
#1689=CARTESIAN_POINT('Ctrl Pts',(-87.1454383007343,83.0896141186423,18.6845064993833));
#1690=CARTESIAN_POINT('Ctrl Pts',(-87.2111737816751,80.9192395835082,19.3584765751746));
#1691=CARTESIAN_POINT('Ctrl Pts',(-87.276909262616,78.7488650483742,20.0324466509659));
#1692=CARTESIAN_POINT('Ctrl Pts',(-87.3426447435568,76.7490167570924,21.2556035207931));
#1693=CARTESIAN_POINT('Ctrl Pts',(-87.4083802244976,75.1603335125319,22.8806314061648));
#1694=CARTESIAN_POINT('Ctrl Pts',(-87.4741157054385,73.5716502679714,24.5056592915365));
#1695=CARTESIAN_POINT('Ctrl Pts',(-87.5398511863793,72.3941320701323,26.5325581924526));
#1696=CARTESIAN_POINT('Ctrl Pts',(-87.6055866673202,71.7695041217061,28.7176903229932));
#1697=CARTESIAN_POINT('Ctrl Pts',(-87.671322148261,71.14487617328,30.9028224535339));
#1698=CARTESIAN_POINT('Ctrl Pts',(-87.7370576292018,71.0731384742668,33.2461878136991));
#1699=CARTESIAN_POINT('Ctrl Pts',(-87.8027931101427,71.5629659263645,35.4651105777375));
#1700=CARTESIAN_POINT('Ctrl Pts',(-87.8685285910835,72.0527933784622,37.6840333417758));
#1701=CARTESIAN_POINT('Ctrl Pts',(-87.9342640720243,73.1041859816706,39.7785135096873));
#1702=CARTESIAN_POINT('Ctrl Pts',(-87.9999995529652,74.5907953650102,41.498231564558));
#1703=CARTESIAN_POINT('',(-87.9999995529652,95.4100679811461,41.4987499045385));
#1704=CARTESIAN_POINT('Origin',(-87.9999995529652,85.,32.5));
#1705=CARTESIAN_POINT('Ctrl Pts',(-87.9999995529652,95.4100679811461,41.4987499045385));
#1706=CARTESIAN_POINT('Ctrl Pts',(-87.9394724807861,94.0405363764296,43.080989784089));
#1707=CARTESIAN_POINT('Ctrl Pts',(-87.8789454086071,92.3050402754802,44.3476587959551));
#1708=CARTESIAN_POINT('Ctrl Pts',(-87.818418336428,90.3789906276417,45.1656296480821));
#1709=CARTESIAN_POINT('Ctrl Pts',(-87.7526828554872,88.2872026828679,46.0539876245111));
#1710=CARTESIAN_POINT('Ctrl Pts',(-87.6869473745463,85.9706555818751,46.413103183644));
#1711=CARTESIAN_POINT('Ctrl Pts',(-87.6212118936055,83.7080876736148,46.1997407550117));
#1712=CARTESIAN_POINT('Ctrl Pts',(-87.5554764126647,81.4455197653545,45.9863783263795));
#1713=CARTESIAN_POINT('Ctrl Pts',(-87.4897409317239,79.2369310498266,45.2005379099821));
#1714=CARTESIAN_POINT('Ctrl Pts',(-87.424005450783,77.3480950019679,43.9367921264218));
#1715=CARTESIAN_POINT('Ctrl Pts',(-87.3582699698422,75.4592589541093,42.6730463428614));
#1716=CARTESIAN_POINT('Ctrl Pts',(-87.2925344889013,73.8901755739199,40.931395192138));
#1717=CARTESIAN_POINT('Ctrl Pts',(-87.2267990079605,72.8296527776906,38.9214111193755));
#1718=CARTESIAN_POINT('Ctrl Pts',(-87.1610635270196,71.7691299814612,36.911427046613));
#1719=CARTESIAN_POINT('Ctrl Pts',(-87.0953280460789,71.2171677691919,34.6331100518113));
#1720=CARTESIAN_POINT('Ctrl Pts',(-87.029592565138,71.2401870086376,32.3606181684916));
#1721=CARTESIAN_POINT('Ctrl Pts',(-86.9638570841972,71.2632062480833,30.0881262851719));
#1722=CARTESIAN_POINT('Ctrl Pts',(-86.8981216032563,71.8612069392441,27.8214595133341));
#1723=CARTESIAN_POINT('Ctrl Pts',(-86.8323861223155,72.9622292607826,25.8333705978312));
#1724=CARTESIAN_POINT('Ctrl Pts',(-86.7666506413746,74.0632515823211,23.8452816823283));
#1725=CARTESIAN_POINT('Ctrl Pts',(-86.7009151604338,75.6672955342373,22.1357706231601));
#1726=CARTESIAN_POINT('Ctrl Pts',(-86.635179679493,77.5813427985515,20.9105477807953));
#1727=CARTESIAN_POINT('Ctrl Pts',(-86.5694441985521,79.4953900628656,19.6853249384305));
#1728=CARTESIAN_POINT('Ctrl Pts',(-86.5037087176113,81.7194406395777,18.944390312869));
#1729=CARTESIAN_POINT('Ctrl Pts',(-86.4379732366705,83.9858686261203,18.7769022293627));
#1730=CARTESIAN_POINT('Ctrl Pts',(-86.3722377557296,86.252296612663,18.6094141458563));
#1731=CARTESIAN_POINT('Ctrl Pts',(-86.3065022747888,88.5611020090361,19.0153726044051));
#1732=CARTESIAN_POINT('Ctrl Pts',(-86.240766793848,90.6344604282089,19.9459276945621));
#1733=CARTESIAN_POINT('Ctrl Pts',(-86.1750313129072,92.7078188473818,20.8764827847192));
#1734=CARTESIAN_POINT('Ctrl Pts',(-86.1092958319663,94.5457302893544,22.3316345064845));
#1735=CARTESIAN_POINT('Ctrl Pts',(-86.0435603510254,95.9270341129507,24.1362806671219));
#1736=CARTESIAN_POINT('Ctrl Pts',(-85.9778248700846,97.308337936547,25.9409268277592));
#1737=CARTESIAN_POINT('Ctrl Pts',(-85.9120893891438,98.2330341417671,28.0950674272686));
#1738=CARTESIAN_POINT('Ctrl Pts',(-85.846353908203,98.5898516816868,30.3394892255892));
#1739=CARTESIAN_POINT('Ctrl Pts',(-85.8254435630368,98.703354736875,31.053435998771));
#1740=CARTESIAN_POINT('Ctrl Pts',(-85.8045332178707,98.7593961189746,31.7765180134209));
#1741=CARTESIAN_POINT('Ctrl Pts',(-85.7836228727046,98.7587933046001,32.499692553232));
#1742=CARTESIAN_POINT('Origin',(-93.5208272308011,85.,32.5));
#1743=CARTESIAN_POINT('',(-77.4791718751292,100.151898991646,32.4997004925555));
#1744=CARTESIAN_POINT('',(-77.2708272308011,100.151461001698,32.4999659834648));
#1745=CARTESIAN_POINT('',(-93.5208272308011,100.1527,32.5000000000001));
#1746=CARTESIAN_POINT('',(-74.9999995529652,97.7080062105325,24.2470674640423));
#1747=CARTESIAN_POINT('Ctrl Pts',(-77.2708272308011,100.151461001698,32.4999659834648));
#1748=CARTESIAN_POINT('Ctrl Pts',(-77.2369749618717,100.151358895189,33.789441903556));
#1749=CARTESIAN_POINT('Ctrl Pts',(-77.1373872120013,99.6720979217595,37.5829403157429));
#1750=CARTESIAN_POINT('Ctrl Pts',(-76.9720639811903,96.5419279642632,43.2712761651664));
#1751=CARTESIAN_POINT('Ctrl Pts',(-76.7748575383677,90.0303559950438,47.4643595932836));
#1752=CARTESIAN_POINT('Ctrl Pts',(-76.5776510955452,82.3081469067294,48.0560412695757));
#1753=CARTESIAN_POINT('Ctrl Pts',(-76.3804446527227,75.2337854085719,44.9039308935901));
#1754=CARTESIAN_POINT('Ctrl Pts',(-76.1832382099002,70.5097847965703,38.7666169573494));
#1755=CARTESIAN_POINT('Ctrl Pts',(-75.9860317670776,69.2731298725454,31.1211679615333));
#1756=CARTESIAN_POINT('Ctrl Pts',(-75.7888253242553,71.8212641455961,23.807511119869));
#1757=CARTESIAN_POINT('Ctrl Pts',(-75.5916188814326,77.5413124754647,18.585930304217));
#1758=CARTESIAN_POINT('Ctrl Pts',(-75.3944124386102,85.0558473607289,16.7127873544652));
#1759=CARTESIAN_POINT('Ctrl Pts',(-75.1972059957876,92.5580010211144,18.6395675759239));
#1760=CARTESIAN_POINT('Ctrl Pts',(-75.065735033906,96.3445286360779,22.1475614510468));
#1761=CARTESIAN_POINT('Ctrl Pts',(-74.9999995529652,97.7080062105324,24.2470674640422));
#1762=CARTESIAN_POINT('',(-74.9999995529652,100.133046047787,31.7073165481289));
#1763=CARTESIAN_POINT('Origin',(-74.9999995529652,85.,32.5));
#1764=CARTESIAN_POINT('Ctrl Pts',(-77.4791718751292,100.151898991646,32.4997004925555));
#1765=CARTESIAN_POINT('Ctrl Pts',(-77.4363984636028,100.150719313885,34.1288591299336));
#1766=CARTESIAN_POINT('Ctrl Pts',(-77.3278895711355,99.48643758425,38.2626974882579));
#1767=CARTESIAN_POINT('Ctrl Pts',(-77.1536451977274,95.7918570591323,44.0226877394613));
#1768=CARTESIAN_POINT('Ctrl Pts',(-76.9564387549049,89.0131779905453,47.7686251575728));
#1769=CARTESIAN_POINT('Ctrl Pts',(-76.7592323120824,81.2686667761068,47.8399369341971));
#1770=CARTESIAN_POINT('Ctrl Pts',(-76.5620258692599,74.4221576562772,44.2194607064969));
#1771=CARTESIAN_POINT('Ctrl Pts',(-76.3648194264373,70.1213657225107,37.7785190833421));
#1772=CARTESIAN_POINT('Ctrl Pts',(-76.1676129836149,69.4013435941971,30.0672216502878));
#1773=CARTESIAN_POINT('Ctrl Pts',(-75.9704065407923,72.4353713098116,22.9414098245198));
#1774=CARTESIAN_POINT('Ctrl Pts',(-75.7732000979699,78.4932730899968,18.1160158942043));
#1775=CARTESIAN_POINT('Ctrl Pts',(-75.5759936551473,86.1171042730569,16.7523484931453));
#1776=CARTESIAN_POINT('Ctrl Pts',(-75.3787872123249,93.472114830937,19.1785850747241));
#1777=CARTESIAN_POINT('Ctrl Pts',(-75.1867891782641,98.647723611628,24.6620826718896));
#1778=CARTESIAN_POINT('Ctrl Pts',(-75.0605266251442,100.010999812275,29.4060090533497));
#1779=CARTESIAN_POINT('Ctrl Pts',(-74.9999995529652,100.133046047787,31.7073165481289));
#1780=CARTESIAN_POINT('Origin',(-93.5208272308011,85.,32.5));
#1781=CARTESIAN_POINT('',(-79.9791718751292,100.152025978599,32.5003276956478));
#1782=CARTESIAN_POINT('',(-79.7708272308011,100.153019492235,32.5003636363127));
#1783=CARTESIAN_POINT('',(-93.5208272308011,100.1527,32.5000000000001));
#1784=CARTESIAN_POINT('Ctrl Pts',(-79.7708272308011,100.153019492235,32.5003636363127));
#1785=CARTESIAN_POINT('Ctrl Pts',(-79.7582028807692,100.153502708155,32.9810991108884));
#1786=CARTESIAN_POINT('Ctrl Pts',(-79.6798430497964,100.014267349698,35.9647641133663));
#1787=CARTESIAN_POINT('Ctrl Pts',(-79.5357477378828,98.1110486405241,41.2941409196815));
#1788=CARTESIAN_POINT('Ctrl Pts',(-79.3385412950603,92.3509629886769,46.4713941360748));
#1789=CARTESIAN_POINT('Ctrl Pts',(-79.1413348522377,84.8217568659031,48.286219951439));
#1790=CARTESIAN_POINT('Ctrl Pts',(-78.9441284094154,77.3354476496846,46.3018530726566));
#1791=CARTESIAN_POINT('Ctrl Pts',(-78.7469219665927,71.6937289309747,40.995861415517));
#1792=CARTESIAN_POINT('Ctrl Pts',(-78.5497155237703,69.2543656802326,33.6452121560132));
#1793=CARTESIAN_POINT('Ctrl Pts',(-78.3525090809477,70.6044275835371,26.0189502653127));
#1794=CARTESIAN_POINT('Ctrl Pts',(-78.1553026381253,75.419001795567,19.9524510533501));
#1795=CARTESIAN_POINT('Ctrl Pts',(-77.9580961953027,82.539388225882,16.9057093644611));
#1796=CARTESIAN_POINT('Ctrl Pts',(-77.7608897524802,90.2519580485277,17.611969651922));
#1797=CARTESIAN_POINT('Ctrl Pts',(-77.5636833096577,96.7005648326868,21.9012597648109));
#1798=CARTESIAN_POINT('Ctrl Pts',(-77.4003291357647,99.7096695323741,27.5671427477481));
#1799=CARTESIAN_POINT('Ctrl Pts',(-77.3027104428125,100.151557169063,31.2854939423298));
#1800=CARTESIAN_POINT('Ctrl Pts',(-77.2708272308011,100.151461001698,32.4999659834648));
#1801=CARTESIAN_POINT('Ctrl Pts',(-79.9791718751292,100.152025978599,32.5003276956478));
#1802=CARTESIAN_POINT('Ctrl Pts',(-79.9576263825003,100.152684048618,33.3209351814318));
#1803=CARTESIAN_POINT('Ctrl Pts',(-79.8703454089305,99.8871785153625,36.6448015387809));
#1804=CARTESIAN_POINT('Ctrl Pts',(-79.71732895442,97.4903182256536,42.1554887182066));
#1805=CARTESIAN_POINT('Ctrl Pts',(-79.5201225115974,91.3952788403197,46.9338809860703));
#1806=CARTESIAN_POINT('Ctrl Pts',(-79.322916068775,83.7611188345857,48.2385413944062));
#1807=CARTESIAN_POINT('Ctrl Pts',(-79.1257096259524,76.4251143269043,45.7554836750311));
#1808=CARTESIAN_POINT('Ctrl Pts',(-78.9285031831299,71.1527858037809,40.082293239449));
#1809=CARTESIAN_POINT('Ctrl Pts',(-78.7312967403074,69.2129989002299,32.584309207515));
#1810=CARTESIAN_POINT('Ctrl Pts',(-78.5340902974849,71.0725926858921,25.0660348890655));
#1811=CARTESIAN_POINT('Ctrl Pts',(-78.3368838546624,76.2840277780986,19.3368567585733));
#1812=CARTESIAN_POINT('Ctrl Pts',(-78.1396774118399,83.5930934682925,16.7755882215528));
#1813=CARTESIAN_POINT('Ctrl Pts',(-77.9424709690174,91.2407525018658,17.9986373067309));
#1814=CARTESIAN_POINT('Ctrl Pts',(-77.7452645261949,97.3864800197089,22.7116587445761));
#1815=CARTESIAN_POINT('Ctrl Pts',(-77.5908314948988,99.8647936460195,28.2472081083101));
#1816=CARTESIAN_POINT('Ctrl Pts',(-77.5021339445436,100.152532278579,31.6251185412094));
#1817=CARTESIAN_POINT('Ctrl Pts',(-77.4791718751292,100.151898991646,32.4997004925555));
#1818=CARTESIAN_POINT('Origin',(-93.5208272308011,85.,32.5));
#1819=CARTESIAN_POINT('',(-82.4791718751292,100.153986587324,32.5000125269031));
#1820=CARTESIAN_POINT('',(-82.2708272308011,100.153468765661,32.4997077308924));
#1821=CARTESIAN_POINT('',(-93.5208272308011,100.1527,32.5000000000001));
#1822=CARTESIAN_POINT('Ctrl Pts',(-82.2708272308011,100.153468765661,32.4997077308924));
#1823=CARTESIAN_POINT('Ctrl Pts',(-82.2136953187259,100.151552960645,34.6751056308144));
#1824=CARTESIAN_POINT('Ctrl Pts',(-82.0908279257098,99.1329252384593,39.3552338130839));
#1825=CARTESIAN_POINT('Ctrl Pts',(-81.9022250517529,94.483659553835,45.1212801424909));
#1826=CARTESIAN_POINT('Ctrl Pts',(-81.7050186089303,87.3399203826829,48.1128563552921));
#1827=CARTESIAN_POINT('Ctrl Pts',(-81.5078121661079,79.6330439659123,47.346962446792));
#1828=CARTESIAN_POINT('Ctrl Pts',(-81.3106057232853,73.2178067265935,43.0079223748739));
#1829=CARTESIAN_POINT('Ctrl Pts',(-81.1133992804629,69.6381325758456,36.1399917872138));
#1830=CARTESIAN_POINT('Ctrl Pts',(-80.9161928376403,69.7555242623866,28.3960420989485));
#1831=CARTESIAN_POINT('Ctrl Pts',(-80.7189863948177,73.5417297005882,21.6397719768925));
#1832=CARTESIAN_POINT('Ctrl Pts',(-80.5217799519954,80.0855412623625,17.4971800555911));
#1833=CARTESIAN_POINT('Ctrl Pts',(-80.3245735091728,87.8120916804276,16.9652437628027));
#1834=CARTESIAN_POINT('Ctrl Pts',(-80.1273670663503,94.8618696856026,20.1719816161543));
#1835=CARTESIAN_POINT('Ctrl Pts',(-79.9427849735597,99.2388774558573,25.9504310337132));
#1836=CARTESIAN_POINT('Ctrl Pts',(-79.82393836171,100.15098658409,30.4778908232072));
#1837=CARTESIAN_POINT('Ctrl Pts',(-79.7708272308011,100.153019492235,32.5003636363127));
#1838=CARTESIAN_POINT('Ctrl Pts',(-82.4791718751292,100.153986158921,32.5000125227319));
#1839=CARTESIAN_POINT('Ctrl Pts',(-82.4788543013978,100.153986757946,32.5121035020462));
#1840=CARTESIAN_POINT('Ctrl Pts',(-82.4128012467256,100.151039117979,35.0269400440658));
#1841=CARTESIAN_POINT('Ctrl Pts',(-82.2810127111126,98.8694909006689,40.0414676238608));
#1842=CARTESIAN_POINT('Ctrl Pts',(-82.08380626829,93.6138979914312,45.7301652732955));
#1843=CARTESIAN_POINT('Ctrl Pts',(-81.8865998254675,86.2852401929632,48.2348234630034));
#1844=CARTESIAN_POINT('Ctrl Pts',(-81.6893933826451,78.6472698949851,46.9526583014451));
#1845=CARTESIAN_POINT('Ctrl Pts',(-81.4921869398224,72.5381802204548,42.1922422352946));
#1846=CARTESIAN_POINT('Ctrl Pts',(-81.294980497,69.4282160366818,35.0992414211144));
#1847=CARTESIAN_POINT('Ctrl Pts',(-81.0977740541775,70.0658372816119,27.3806938296095));
#1848=CARTESIAN_POINT('Ctrl Pts',(-80.900567611355,74.297590754754,20.8941847286474));
#1849=CARTESIAN_POINT('Ctrl Pts',(-80.7033611685324,81.1050409517898,17.2007906812719));
#1850=CARTESIAN_POINT('Ctrl Pts',(-80.50615472571,88.8498719787201,17.1893828500299));
#1851=CARTESIAN_POINT('Ctrl Pts',(-80.3089482828875,95.6681730612446,20.8627067021226));
#1852=CARTESIAN_POINT('Ctrl Pts',(-80.1332873326939,99.4545973426452,26.6294125687841));
#1853=CARTESIAN_POINT('Ctrl Pts',(-80.0233618634411,100.150676271403,30.8172547750138));
#1854=CARTESIAN_POINT('Ctrl Pts',(-79.9791718751292,100.152025978599,32.5003276956478));
#1855=CARTESIAN_POINT('Origin',(-93.5208272308011,85.,32.5));
#1856=CARTESIAN_POINT('',(-84.9791718751292,100.152086930459,32.4996614194246));
#1857=CARTESIAN_POINT('',(-84.7708272308011,100.151499785483,32.49989617129));
#1858=CARTESIAN_POINT('',(-93.5208272308011,100.1527,32.5000000000001));
#1859=CARTESIAN_POINT('Ctrl Pts',(-84.7708272308011,100.151499785483,32.49989617129));
#1860=CARTESIAN_POINT('Ctrl Pts',(-84.7349232376234,100.151168299855,33.8675148254634));
#1861=CARTESIAN_POINT('Ctrl Pts',(-84.6332837635049,99.6316480917479,37.7393099876112));
#1862=CARTESIAN_POINT('Ctrl Pts',(-84.4659088084453,96.3739264901156,43.4485299087999));
#1863=CARTESIAN_POINT('Ctrl Pts',(-84.268702365623,89.79826880118,47.5403832225456));
#1864=CARTESIAN_POINT('Ctrl Pts',(-84.0714959228004,82.067835122232,48.0125407363636));
#1865=CARTESIAN_POINT('Ctrl Pts',(-83.8742894799779,75.0430712879504,44.751370600534));
#1866=CARTESIAN_POINT('Ctrl Pts',(-83.6770830371554,70.4145930073195,38.5417227531648));
#1867=CARTESIAN_POINT('Ctrl Pts',(-83.4798765943329,69.2963136124589,30.8780429074643));
#1868=CARTESIAN_POINT('Ctrl Pts',(-83.2826701515104,71.9573639605165,23.6047115780395));
#1869=CARTESIAN_POINT('Ctrl Pts',(-83.0854637086879,77.7573220206638,18.4721660026964));
#1870=CARTESIAN_POINT('Ctrl Pts',(-82.8882572658654,85.3003401260881,16.7156309351007));
#1871=CARTESIAN_POINT('Ctrl Pts',(-82.6910508230429,92.7710768356986,18.7578431175471));
#1872=CARTESIAN_POINT('Ctrl Pts',(-82.4938443802204,98.371586320002,24.1073132874498));
#1873=CARTESIAN_POINT('Ctrl Pts',(-82.3537698494731,100.063815271828,29.3416800501825));
#1874=CARTESIAN_POINT('Ctrl Pts',(-82.2794307996667,100.153757269227,32.1721117348516));
#1875=CARTESIAN_POINT('Ctrl Pts',(-82.2708272308011,100.153468765661,32.4997077308924));
#1876=CARTESIAN_POINT('Ctrl Pts',(-84.9791718751292,100.152086930459,32.4996614194246));
#1877=CARTESIAN_POINT('Ctrl Pts',(-84.9343467393545,100.150663828166,34.2069056225371));
#1878=CARTESIAN_POINT('Ctrl Pts',(-84.8237861226389,99.4401085454334,38.4189562528199));
#1879=CARTESIAN_POINT('Ctrl Pts',(-84.6474900249826,95.6123211200229,44.1882484617644));
#1880=CARTESIAN_POINT('Ctrl Pts',(-84.4502835821601,88.7765071145437,47.8288781659024));
#1881=CARTESIAN_POINT('Ctrl Pts',(-84.2530771393375,81.0318195249742,47.780381391474));
#1882=CARTESIAN_POINT('Ctrl Pts',(-84.0558706965151,74.2421346116202,44.0544296290483));
#1883=CARTESIAN_POINT('Ctrl Pts',(-83.8586642536925,70.0414927811587,37.5477295441761));
#1884=CARTESIAN_POINT('Ctrl Pts',(-83.6614578108701,69.4408420517519,29.8262169674555));
#1885=CARTESIAN_POINT('Ctrl Pts',(-83.4642513680475,72.5847381092649,22.7481907344803));
#1886=CARTESIAN_POINT('Ctrl Pts',(-83.2670449252251,78.716554797221,18.0170849567968));
#1887=CARTESIAN_POINT('Ctrl Pts',(-83.0698384824025,86.3605776485,16.7715118263681));
#1888=CARTESIAN_POINT('Ctrl Pts',(-82.87263203958,93.6771569016783,19.3112373639863));
#1889=CARTESIAN_POINT('Ctrl Pts',(-82.675743170489,98.89702761271,25.0158369033404));
#1890=CARTESIAN_POINT('Ctrl Pts',(-82.5445897823386,100.153862763982,30.0093576459291));
#1891=CARTESIAN_POINT('Ctrl Pts',(-82.4791718751292,100.153986158921,32.5000125227319));
#1892=CARTESIAN_POINT('Origin',(-93.5208272308011,85.,32.5));
#1893=CARTESIAN_POINT('',(-87.4791718751292,100.151864311263,32.5003248485302));
#1894=CARTESIAN_POINT('',(-87.2708272308011,100.152776768298,32.5003790867405));
#1895=CARTESIAN_POINT('',(-93.5208272308011,100.1527,32.5000000000001));
#1896=CARTESIAN_POINT('',(-87.9999995529652,88.9220153831903,17.863671477313));
#1897=CARTESIAN_POINT('Ctrl Pts',(-87.9999995529652,88.9220153831902,17.863671477313));
#1898=CARTESIAN_POINT('Ctrl Pts',(-87.9342640720243,91.340101999806,18.5116326715123));
#1899=CARTESIAN_POINT('Ctrl Pts',(-87.8027931101427,95.8465037265427,21.028805149557));
#1900=CARTESIAN_POINT('Ctrl Pts',(-87.6291838841974,99.5006032200443,26.7858615363004));
#1901=CARTESIAN_POINT('Ctrl Pts',(-87.5213101391928,100.150789310856,30.8953815855183));
#1902=CARTESIAN_POINT('Ctrl Pts',(-87.4791718751292,100.151864311263,32.5003248485302));
#1903=CARTESIAN_POINT('',(-87.9999995529651,81.0775183643329,17.8626653067744));
#1904=CARTESIAN_POINT('Origin',(-87.9999995529652,85.,32.5));
#1905=CARTESIAN_POINT('Ctrl Pts',(-87.9999995529651,81.0775183643329,17.8626653067744));
#1906=CARTESIAN_POINT('Ctrl Pts',(-87.9394724807861,83.3039062144221,17.2675950463858));
#1907=CARTESIAN_POINT('Ctrl Pts',(-87.8132099276662,88.236923806095,17.0981939078231));
#1908=CARTESIAN_POINT('Ctrl Pts',(-87.6212118936056,95.0513909970336,20.3259963957375));
#1909=CARTESIAN_POINT('Ctrl Pts',(-87.4386815250632,99.29083625916,26.1065057869526));
#1910=CARTESIAN_POINT('Ctrl Pts',(-87.3218866374617,100.150811407229,30.55594737732));
#1911=CARTESIAN_POINT('Ctrl Pts',(-87.2708272308011,100.152776768298,32.5003790867405));
#1912=CARTESIAN_POINT('Origin',(-93.5208272308011,85.,32.5));
#1913=CARTESIAN_POINT('Ctrl Pts',(-87.2708272308011,100.152776768298,32.5003790867405));
#1914=CARTESIAN_POINT('Ctrl Pts',(-87.2561511565209,100.153341674687,33.0592697215245));
#1915=CARTESIAN_POINT('Ctrl Pts',(-87.1757396012999,99.9871440894648,36.1211487500857));
#1916=CARTESIAN_POINT('Ctrl Pts',(-87.029592565138,97.9734432451877,41.4959051705688));
#1917=CARTESIAN_POINT('Ctrl Pts',(-86.8323861223155,92.1339596097462,46.5834339436457));
#1918=CARTESIAN_POINT('Ctrl Pts',(-86.6351796794929,84.5775808748378,48.2815741600308));
#1919=CARTESIAN_POINT('Ctrl Pts',(-86.4379732366705,77.1228635882804,46.1816383905725));
#1920=CARTESIAN_POINT('Ctrl Pts',(-86.240766793848,71.5638984185072,40.7890099691537));
#1921=CARTESIAN_POINT('Ctrl Pts',(-86.0435603510254,69.2385343737066,33.4015055740026));
#1922=CARTESIAN_POINT('Ctrl Pts',(-85.846353908203,70.7064055308707,25.7970403640883));
#1923=CARTESIAN_POINT('Ctrl Pts',(-85.6491474653805,75.6142464694134,19.8057437466779));
#1924=CARTESIAN_POINT('Ctrl Pts',(-85.4519410225579,82.7809110141168,16.8695120058954));
#1925=CARTESIAN_POINT('Ctrl Pts',(-85.2547345797354,90.4816328993497,17.6949936923051));
#1926=CARTESIAN_POINT('Ctrl Pts',(-85.057528136913,96.863116884856,22.0835241693605));
#1927=CARTESIAN_POINT('Ctrl Pts',(-84.8962256872681,99.7475271213788,27.7235377078821));
#1928=CARTESIAN_POINT('Ctrl Pts',(-84.8006587185642,100.151775206365,31.363585261676));
#1929=CARTESIAN_POINT('Ctrl Pts',(-84.7708272308011,100.151499785483,32.49989617129));
#1930=CARTESIAN_POINT('Ctrl Pts',(-87.4791718751292,100.151864311263,32.5003248485302));
#1931=CARTESIAN_POINT('Ctrl Pts',(-87.455574658252,100.152466306108,33.3990850394025));
#1932=CARTESIAN_POINT('Ctrl Pts',(-87.366241960434,99.854501250314,36.8011436810374));
#1933=CARTESIAN_POINT('Ctrl Pts',(-87.2111737816751,97.3395015551538,42.3475958157228));
#1934=CARTESIAN_POINT('Ctrl Pts',(-87.0139673388526,91.171217343109,47.0310598207805));
#1935=CARTESIAN_POINT('Ctrl Pts',(-86.8167608960301,83.5178158545473,48.217504747221));
#1936=CARTESIAN_POINT('Ctrl Pts',(-86.6195544532077,76.2210869618789,45.6212474943251));
#1937=CARTESIAN_POINT('Ctrl Pts',(-86.4223480103851,71.0371539123535,39.8671855528309));
#1938=CARTESIAN_POINT('Ctrl Pts',(-86.2251415675626,69.2135827813363,32.3400885764916));
#1939=CARTESIAN_POINT('Ctrl Pts',(-86.0279351247401,71.1892557033026,24.8514815724633));
#1940=CARTESIAN_POINT('Ctrl Pts',(-85.8307286819176,76.4886913867179,19.2036039707763));
#1941=CARTESIAN_POINT('Ctrl Pts',(-85.6335222390951,83.8365031308219,16.755706337368));
#1942=CARTESIAN_POINT('Ctrl Pts',(-85.4363157962727,91.4643275984653,18.0969106969167));
#1943=CARTESIAN_POINT('Ctrl Pts',(-85.2391093534501,97.5364140066412,22.9044366689416));
#1944=CARTESIAN_POINT('Ctrl Pts',(-85.0867280464023,99.8970174265576,28.4036175215033));
#1945=CARTESIAN_POINT('Ctrl Pts',(-85.0000822202953,100.152750789244,31.7032541146175));
#1946=CARTESIAN_POINT('Ctrl Pts',(-84.9791718751292,100.152086930459,32.4996614194246));
#1947=CARTESIAN_POINT('Ctrl Pts',(-87.9999995529652,74.5907953650102,41.498231564558));
#1948=CARTESIAN_POINT('Ctrl Pts',(-87.9342640720243,73.1041859816706,39.7785135096873));
#1949=CARTESIAN_POINT('Ctrl Pts',(-87.8027931101427,71.0014007752537,35.5895531738644));
#1950=CARTESIAN_POINT('Ctrl Pts',(-87.6055866673201,71.2166138722931,28.5594570933687));
#1951=CARTESIAN_POINT('Ctrl Pts',(-87.4083802244977,74.7491684658106,22.4787603906203));
#1952=CARTESIAN_POINT('Ctrl Pts',(-87.2111737816751,80.7487133396559,18.8092897811387));
#1953=CARTESIAN_POINT('Ctrl Pts',(-87.0139673388527,87.771415676615,18.4349399358725));
#1954=CARTESIAN_POINT('Ctrl Pts',(-86.8167608960301,94.1271263019154,21.4454436178167));
#1955=CARTESIAN_POINT('Ctrl Pts',(-86.6195544532077,98.2862601225402,27.1164478702417));
#1956=CARTESIAN_POINT('Ctrl Pts',(-86.4223480103851,99.2478524477668,34.0830598480481));
#1957=CARTESIAN_POINT('Ctrl Pts',(-86.2251415675626,96.7804844229525,40.6686965233038));
#1958=CARTESIAN_POINT('Ctrl Pts',(-86.0279351247402,91.4779641355244,45.288407137507));
#1959=CARTESIAN_POINT('Ctrl Pts',(-85.8307286819176,84.6164239647191,46.8303967226184));
#1960=CARTESIAN_POINT('Ctrl Pts',(-85.6335222390951,77.8471970746735,44.9235582562397));
#1961=CARTESIAN_POINT('Ctrl Pts',(-85.4363157962726,72.7994004833915,40.0268030990566));
#1962=CARTESIAN_POINT('Ctrl Pts',(-85.2391093534501,70.6878627528335,33.3186086123036));
#1963=CARTESIAN_POINT('Ctrl Pts',(-85.0419029106276,72.0207574188881,26.413403705849));
#1964=CARTESIAN_POINT('Ctrl Pts',(-84.8446964678051,76.4773031973789,20.9730302336121));
#1965=CARTESIAN_POINT('Ctrl Pts',(-84.6474900249825,82.9849649212409,18.3067964797242));
#1966=CARTESIAN_POINT('Ctrl Pts',(-84.4502835821601,89.9775753254316,19.056371898092));
#1967=CARTESIAN_POINT('Ctrl Pts',(-84.2530771393375,95.7722569119459,23.0413598421199));
#1968=CARTESIAN_POINT('Ctrl Pts',(-84.0558706965151,98.9744318764757,29.302712656633));
#1969=CARTESIAN_POINT('Ctrl Pts',(-83.8586642536926,98.8134483617728,36.3335410501348));
#1970=CARTESIAN_POINT('Ctrl Pts',(-83.66145781087,95.3280494863472,42.4417697836456));
#1971=CARTESIAN_POINT('Ctrl Pts',(-83.4642513680475,89.3570492274984,46.1573611893017));
#1972=CARTESIAN_POINT('Ctrl Pts',(-83.2670449252251,82.3374591451744,46.586101973964));
#1973=CARTESIAN_POINT('Ctrl Pts',(-83.0698384824025,75.9586498066918,43.6248091807042));
#1974=CARTESIAN_POINT('Ctrl Pts',(-82.87263203958,71.7557781976322,37.9861627276827));
#1975=CARTESIAN_POINT('Ctrl Pts',(-82.6754255967575,70.7403289647117,31.0271882026846));
#1976=CARTESIAN_POINT('Ctrl Pts',(-82.478219153935,73.1566853306759,24.4226681219385));
#1977=CARTESIAN_POINT('Ctrl Pts',(-82.2810127111126,78.4233145739716,19.7620801764174));
#1978=CARTESIAN_POINT('Ctrl Pts',(-82.08380626829,85.2727226774034,18.1670653749417));
#1979=CARTESIAN_POINT('Ctrl Pts',(-81.8865998254675,92.0564959419291,20.0214881637874));
#1980=CARTESIAN_POINT('Ctrl Pts',(-81.689393382645,97.1420166856151,24.8790536393957));
#1981=CARTESIAN_POINT('Ctrl Pts',(-81.4921869398225,99.3053773920649,31.5707151698434));
#1982=CARTESIAN_POINT('Ctrl Pts',(-81.294980497,98.0259325732846,38.4860231557525));
#1983=CARTESIAN_POINT('Ctrl Pts',(-81.0977740541775,93.6115999842972,43.9607040942262));
#1984=CARTESIAN_POINT('Ctrl Pts',(-80.900567611355,87.1247555562684,46.6771931795778));
#1985=CARTESIAN_POINT('Ctrl Pts',(-80.7033611685325,80.1265565537743,45.98172621));
#1986=CARTESIAN_POINT('Ctrl Pts',(-80.5061547257099,74.3012254570838,42.0416778348889));
#1987=CARTESIAN_POINT('Ctrl Pts',(-80.3089482828875,71.0507163381749,35.8052803129079));
#1988=CARTESIAN_POINT('Ctrl Pts',(-80.1117418400649,71.1573134002303,28.77341707116));
#1989=CARTESIAN_POINT('Ctrl Pts',(-79.9145353972425,74.5953624473387,22.6384123984673));
#1990=CARTESIAN_POINT('Ctrl Pts',(-79.71732895442,80.5374449549115,18.8767479985677));
#1991=CARTESIAN_POINT('Ctrl Pts',(-79.5201225115974,87.5535088573713,18.3937253273489));
#1992=CARTESIAN_POINT('Ctrl Pts',(-79.322916068775,93.9550322159481,21.3055910992914));
#1993=CARTESIAN_POINT('Ctrl Pts',(-79.1257096259524,98.2013915724493,26.911560756707));
#1994=CARTESIAN_POINT('Ctrl Pts',(-78.9285031831299,99.2706362956803,33.862472877139));
#1995=CARTESIAN_POINT('Ctrl Pts',(-78.7312967403074,96.9054364642602,40.4854852840233));
#1996=CARTESIAN_POINT('Ctrl Pts',(-78.5340902974849,91.6750132054519,45.1866698282287));
#1997=CARTESIAN_POINT('Ctrl Pts',(-78.3368838546624,84.8381470188721,46.8346153153453));
#1998=CARTESIAN_POINT('Ctrl Pts',(-78.13967741184,78.0402332005972,45.0327187283624));
#1999=CARTESIAN_POINT('Ctrl Pts',(-77.9424709690173,72.9172925727036,40.2146337463023));
#2000=CARTESIAN_POINT('Ctrl Pts',(-77.745264526195,70.7022383088366,33.5399054213995));
#2001=CARTESIAN_POINT('Ctrl Pts',(-77.5480580833724,71.9281567424644,26.6149081241647));
#2002=CARTESIAN_POINT('Ctrl Pts',(-77.3508516405499,76.300012034544,21.1062472299269));
#2003=CARTESIAN_POINT('Ctrl Pts',(-77.1536451977274,82.7656510975462,18.3396653496669));
#2004=CARTESIAN_POINT('Ctrl Pts',(-76.9564387549049,89.7690199749887,18.9809822427801));
#2005=CARTESIAN_POINT('Ctrl Pts',(-76.7592323120823,95.6246521564228,22.8758553620774));
#2006=CARTESIAN_POINT('Ctrl Pts',(-76.56202586926,98.9233007755955,29.0869244152751));
#2007=CARTESIAN_POINT('Ctrl Pts',(-76.3648194264373,98.8710969382686,36.1194019577309));
#2008=CARTESIAN_POINT('Ctrl Pts',(-76.1676129836149,95.4806025681949,42.2808152146602));
#2009=CARTESIAN_POINT('Ctrl Pts',(-75.9704065407923,89.5677950966102,46.0883282299423));
#2010=CARTESIAN_POINT('Ctrl Pts',(-75.7732000979699,82.5556733216594,46.6256024630947));
#2011=CARTESIAN_POINT('Ctrl Pts',(-75.5759936551473,76.1318270183817,43.7633409584245));
#2012=CARTESIAN_POINT('Ctrl Pts',(-75.3787872123249,71.8422167297373,38.1903770306351));
#2013=CARTESIAN_POINT('Ctrl Pts',(-75.1815807695023,70.7192770603131,31.2479569576065));
#2014=CARTESIAN_POINT('Ctrl Pts',(-74.9843743266799,73.0331004257794,24.606819453112));
#2015=CARTESIAN_POINT('Ctrl Pts',(-74.7871678838573,78.2271679508791,19.8653834056853));
#2016=CARTESIAN_POINT('Ctrl Pts',(-74.5899614410348,85.0507119775911,18.1644832726618));
#2017=CARTESIAN_POINT('Ctrl Pts',(-74.3927549982123,91.8630132814528,19.9140885205797));
#2018=CARTESIAN_POINT('Ctrl Pts',(-74.2612840363306,95.3013548799104,23.0995086454203));
#2019=CARTESIAN_POINT('Ctrl Pts',(-74.1955485553898,96.5394553612814,25.0059568731229));
#2020=CARTESIAN_POINT('Ctrl Pts',(-88.2681498854903,74.2394302865202,41.8019689249826));
#2021=CARTESIAN_POINT('Ctrl Pts',(-88.2024144045495,72.7026400641082,40.0242013946218));
#2022=CARTESIAN_POINT('Ctrl Pts',(-88.0709434426678,70.5288748630607,35.6938417464787));
#2023=CARTESIAN_POINT('Ctrl Pts',(-87.8737369998453,70.7513525273158,28.4264431680754));
#2024=CARTESIAN_POINT('Ctrl Pts',(-87.6765305570227,74.4031493074888,22.1404911601279));
#2025=CARTESIAN_POINT('Ctrl Pts',(-87.4793241142003,80.6052101880247,18.3471567326189));
#2026=CARTESIAN_POINT('Ctrl Pts',(-87.2821176713778,87.8649654453906,17.9601706228755));
#2027=CARTESIAN_POINT('Ctrl Pts',(-87.0849112285553,94.4352145336215,21.0722945437903));
#2028=CARTESIAN_POINT('Ctrl Pts',(-86.8877047857328,98.7347408657377,26.9347248392361));
#2029=CARTESIAN_POINT('Ctrl Pts',(-86.6904983429103,99.7287919593982,34.1364963945729));
#2030=CARTESIAN_POINT('Ctrl Pts',(-86.4932919000877,97.1781373636976,40.9444327390588));
#2031=CARTESIAN_POINT('Ctrl Pts',(-86.2960854572653,91.6966292935983,45.7200827395533));
#2032=CARTESIAN_POINT('Ctrl Pts',(-86.0988790144427,84.603476268092,47.3141225350891));
#2033=CARTESIAN_POINT('Ctrl Pts',(-85.9016725716203,77.6057525792091,45.3429183010173));
#2034=CARTESIAN_POINT('Ctrl Pts',(-85.7044661287977,72.3875664617634,40.2808720557556));
#2035=CARTESIAN_POINT('Ctrl Pts',(-85.5072596859752,70.2047532931245,33.3462409328699));
#2036=CARTESIAN_POINT('Ctrl Pts',(-85.3100532431527,71.5826401228823,26.2079492585954));
#2037=CARTESIAN_POINT('Ctrl Pts',(-85.1128468003302,76.1896176213905,20.5839347379674));
#2038=CARTESIAN_POINT('Ctrl Pts',(-84.9156403575077,82.9169469521995,17.8277016551146));
#2039=CARTESIAN_POINT('Ctrl Pts',(-84.7184339146852,90.1455945167377,18.6025791628297));
#2040=CARTESIAN_POINT('Ctrl Pts',(-84.5212274718627,96.1358769029159,22.7220812845334));
#2041=CARTESIAN_POINT('Ctrl Pts',(-84.3240210290402,99.4461420143114,29.1947874925354));
#2042=CARTESIAN_POINT('Ctrl Pts',(-84.1268145862177,99.2797244643232,36.4629431033375));
#2043=CARTESIAN_POINT('Ctrl Pts',(-83.9296081433951,95.67667515427,42.7773564920304));
#2044=CARTESIAN_POINT('Ctrl Pts',(-83.7324017005727,89.5041224187256,46.6183685337163));
#2045=CARTESIAN_POINT('Ctrl Pts',(-83.5351952577501,82.2475844708603,47.0615815614306));
#2046=CARTESIAN_POINT('Ctrl Pts',(-83.3379888149278,75.6534569671114,44.0003296539807));
#2047=CARTESIAN_POINT('Ctrl Pts',(-83.1407823721051,71.3087164675279,38.1713494028434));
#2048=CARTESIAN_POINT('Ctrl Pts',(-82.9435759292827,70.2589905139608,30.9774731042778));
#2049=CARTESIAN_POINT('Ctrl Pts',(-82.7463694864601,72.7569115406228,24.1500159406389));
#2050=CARTESIAN_POINT('Ctrl Pts',(-82.5491630436377,78.2013170562023,19.3321087851771));
#2051=CARTESIAN_POINT('Ctrl Pts',(-82.3519566008151,85.2819284936316,17.6832538949947));
#2052=CARTESIAN_POINT('Ctrl Pts',(-82.1547501579926,92.2946895731856,19.600273148374));
#2053=CARTESIAN_POINT('Ctrl Pts',(-81.9575437151701,97.5518732304107,24.6218068554137));
#2054=CARTESIAN_POINT('Ctrl Pts',(-81.7603372723477,99.7882586713219,31.5393469482801));
#2055=CARTESIAN_POINT('Ctrl Pts',(-81.5631308295251,98.4656259006338,38.6880827337623));
#2056=CARTESIAN_POINT('Ctrl Pts',(-81.3659243867026,93.9022865074765,44.3475627769811));
#2057=CARTESIAN_POINT('Ctrl Pts',(-81.1687179438802,87.1964771650732,47.1557475714826));
#2058=CARTESIAN_POINT('Ctrl Pts',(-80.9715115010575,79.9620523578203,46.4368049555973));
#2059=CARTESIAN_POINT('Ctrl Pts',(-80.7743050582351,73.9400858802537,42.3637593482173));
#2060=CARTESIAN_POINT('Ctrl Pts',(-80.5770986154126,70.5798550840651,35.9168508043432));
#2061=CARTESIAN_POINT('Ctrl Pts',(-80.3798921725901,70.6900503542824,28.6476254137562));
#2062=CARTESIAN_POINT('Ctrl Pts',(-80.1826857297675,74.2441515317552,22.3055322579424));
#2063=CARTESIAN_POINT('Ctrl Pts',(-79.9854792869452,80.3868103907285,18.4168920175755));
#2064=CARTESIAN_POINT('Ctrl Pts',(-79.7882728441225,87.6397031317234,17.9175648058335));
#2065=CARTESIAN_POINT('Ctrl Pts',(-79.5910664013001,94.2573113724996,20.927721271579));
#2066=CARTESIAN_POINT('Ctrl Pts',(-79.3938599584775,98.6470075583661,26.722921714416));
#2067=CARTESIAN_POINT('Ctrl Pts',(-79.1966535156551,99.7523448812988,33.9084634601089));
#2068=CARTESIAN_POINT('Ctrl Pts',(-78.9994470728325,97.3073071896815,40.7550371625761));
#2069=CARTESIAN_POINT('Ctrl Pts',(-78.8022406300101,91.9003297998602,45.6149112641774));
#2070=CARTESIAN_POINT('Ctrl Pts',(-78.6050341871875,84.8326836345491,47.3184835273765));
#2071=CARTESIAN_POINT('Ctrl Pts',(-78.4078277443651,77.8053046836263,45.4557635097938));
#2072=CARTESIAN_POINT('Ctrl Pts',(-78.2106213015425,72.5094380254607,40.4750429693739));
#2073=CARTESIAN_POINT('Ctrl Pts',(-78.0134148587201,70.2196140993019,33.5750076662708));
#2074=CARTESIAN_POINT('Ctrl Pts',(-77.8162084158975,71.4869136894887,26.4162555045474));
#2075=CARTESIAN_POINT('Ctrl Pts',(-77.619001973075,76.006341954885,20.7216485044013));
#2076=CARTESIAN_POINT('Ctrl Pts',(-77.4217955302525,82.6902301403249,17.8616800212649));
#2077=CARTESIAN_POINT('Ctrl Pts',(-77.22458908743,89.929999332835,18.524644712494));
#2078=CARTESIAN_POINT('Ctrl Pts',(-77.0273826446074,95.9832897151774,22.5509901629886));
#2079=CARTESIAN_POINT('Ctrl Pts',(-76.8301762017851,99.3932849714496,28.971715269834));
#2080=CARTESIAN_POINT('Ctrl Pts',(-76.6329697589624,99.3393189816776,36.2415756969896));
#2081=CARTESIAN_POINT('Ctrl Pts',(-76.43576331614,95.8343777002176,42.6109688648289));
#2082=CARTESIAN_POINT('Ctrl Pts',(-76.2385568733174,89.7219820627548,46.5470053510561));
#2083=CARTESIAN_POINT('Ctrl Pts',(-76.041350430495,82.4731645166827,47.1024153985883));
#2084=CARTESIAN_POINT('Ctrl Pts',(-75.8441439876724,75.8324798151118,44.1435376034798));
#2085=CARTESIAN_POINT('Ctrl Pts',(-75.64693754485,71.398072752015,38.3824570062066));
#2086=CARTESIAN_POINT('Ctrl Pts',(-75.4497311020274,70.2372279977239,31.2056939589154));
#2087=CARTESIAN_POINT('Ctrl Pts',(-75.252524659205,72.6291549990516,24.340383342031));
#2088=CARTESIAN_POINT('Ctrl Pts',(-75.0553182163824,77.9985494590743,19.4388990385292));
#2089=CARTESIAN_POINT('Ctrl Pts',(-74.85811177356,85.0524237719704,17.6805846332629));
#2090=CARTESIAN_POINT('Ctrl Pts',(-74.6609053307374,92.09467586134,19.4892482056944));
#2091=CARTESIAN_POINT('Ctrl Pts',(-74.5294343688557,95.6490794652996,22.7821929139625));
#2092=CARTESIAN_POINT('Ctrl Pts',(-74.4636988879149,96.9289723110318,24.7529937367627));
#2093=CARTESIAN_POINT('Ctrl Pts',(-88.5363002180154,73.8880652080302,42.1057062854073));
#2094=CARTESIAN_POINT('Ctrl Pts',(-88.4705647370746,72.3010941465457,40.2698892795564));
#2095=CARTESIAN_POINT('Ctrl Pts',(-88.3390937751929,70.0563489508676,35.798130319093));
#2096=CARTESIAN_POINT('Ctrl Pts',(-88.1418873323704,70.2860911823385,28.293429242782));
#2097=CARTESIAN_POINT('Ctrl Pts',(-87.9446808895478,74.0571301491671,21.8022219296354));
#2098=CARTESIAN_POINT('Ctrl Pts',(-87.7474744467254,80.4617070363935,17.8850236840992));
#2099=CARTESIAN_POINT('Ctrl Pts',(-87.5502680039029,87.9585152141664,17.4854013098786));
#2100=CARTESIAN_POINT('Ctrl Pts',(-87.3530615610804,94.7433027653275,20.6991454697639));
#2101=CARTESIAN_POINT('Ctrl Pts',(-87.1558551182579,99.1832216089351,26.7530018082306));
#2102=CARTESIAN_POINT('Ctrl Pts',(-86.9586486754354,100.20973147103,34.1899329410976));
#2103=CARTESIAN_POINT('Ctrl Pts',(-86.7614422326128,97.5757903044426,41.2201689548138));
#2104=CARTESIAN_POINT('Ctrl Pts',(-86.5642357897904,91.9152944516722,46.1517583415995));
#2105=CARTESIAN_POINT('Ctrl Pts',(-86.3670293469678,84.5905285714649,47.79784834756));
#2106=CARTESIAN_POINT('Ctrl Pts',(-86.1698229041453,77.3643080837447,45.7622783457949));
#2107=CARTESIAN_POINT('Ctrl Pts',(-85.9726164613228,71.9757324401353,40.5349410124546));
#2108=CARTESIAN_POINT('Ctrl Pts',(-85.7754100185003,69.7216438334155,33.3738732534362));
#2109=CARTESIAN_POINT('Ctrl Pts',(-85.5782035756779,71.1445228268765,26.0024948113419));
#2110=CARTESIAN_POINT('Ctrl Pts',(-85.3809971328553,75.9019320454019,20.1948392423226));
#2111=CARTESIAN_POINT('Ctrl Pts',(-85.1837906900329,82.8489289831582,17.348606830505));
#2112=CARTESIAN_POINT('Ctrl Pts',(-84.9865842472103,90.3136137080437,18.1487864275674));
#2113=CARTESIAN_POINT('Ctrl Pts',(-84.7893778043879,96.4994968938859,22.402802726947));
#2114=CARTESIAN_POINT('Ctrl Pts',(-84.5921713615652,99.9178521521471,29.0868623284378));
#2115=CARTESIAN_POINT('Ctrl Pts',(-84.3949649187428,99.7460005668734,36.5923451565403));
#2116=CARTESIAN_POINT('Ctrl Pts',(-84.1977584759202,96.0253008221928,43.1129432004152));
#2117=CARTESIAN_POINT('Ctrl Pts',(-84.0005520330978,89.6511956099528,47.0793758781309));
#2118=CARTESIAN_POINT('Ctrl Pts',(-83.8033455902753,82.1577097965462,47.5370611488971));
#2119=CARTESIAN_POINT('Ctrl Pts',(-83.6061391474528,75.3482641275308,44.3758501272574));
#2120=CARTESIAN_POINT('Ctrl Pts',(-83.4089327046302,70.8616547374237,38.3565360780041));
#2121=CARTESIAN_POINT('Ctrl Pts',(-83.2117262618078,69.7776520632098,30.9277580058711));
#2122=CARTESIAN_POINT('Ctrl Pts',(-83.0145198189853,72.3571377505696,23.8773637593392));
#2123=CARTESIAN_POINT('Ctrl Pts',(-82.8173133761627,77.979319538433,18.9021373939367));
#2124=CARTESIAN_POINT('Ctrl Pts',(-82.6201069333403,85.2911343098599,17.1994424150477));
#2125=CARTESIAN_POINT('Ctrl Pts',(-82.4229004905177,92.5328832044421,19.1790581329605));
#2126=CARTESIAN_POINT('Ctrl Pts',(-82.2256940476953,97.9617297752064,24.3645600714317));
#2127=CARTESIAN_POINT('Ctrl Pts',(-82.0284876048727,100.271139950579,31.5079787267169));
#2128=CARTESIAN_POINT('Ctrl Pts',(-81.8312811620502,98.905319227983,38.8901423117721));
#2129=CARTESIAN_POINT('Ctrl Pts',(-81.6340747192278,94.1929730306558,44.734421459736));
#2130=CARTESIAN_POINT('Ctrl Pts',(-81.4368682764052,87.2681987738781,47.6343019633873));
#2131=CARTESIAN_POINT('Ctrl Pts',(-81.2396618335827,79.7975481618663,46.8918837011947));
#2132=CARTESIAN_POINT('Ctrl Pts',(-81.0424553907602,73.5789463034237,42.6858408615456));
#2133=CARTESIAN_POINT('Ctrl Pts',(-80.8452489479377,70.1089938299553,36.0284212957785));
#2134=CARTESIAN_POINT('Ctrl Pts',(-80.6480425051152,70.2227873083345,28.5218337563523));
#2135=CARTESIAN_POINT('Ctrl Pts',(-80.4508360622927,73.8929406161717,21.9726521174175));
#2136=CARTESIAN_POINT('Ctrl Pts',(-80.2536296194702,80.2361758265454,17.9570360365833));
#2137=CARTESIAN_POINT('Ctrl Pts',(-80.0564231766476,87.7258974060755,17.4414042843181));
#2138=CARTESIAN_POINT('Ctrl Pts',(-79.8592167338252,94.5595905290511,20.5498514438667));
#2139=CARTESIAN_POINT('Ctrl Pts',(-79.6620102910026,99.092623544283,26.5342826721249));
#2140=CARTESIAN_POINT('Ctrl Pts',(-79.4648038481802,100.234053466917,33.9544540430788));
#2141=CARTESIAN_POINT('Ctrl Pts',(-79.2675974053576,97.7091779151028,41.0245890411288));
#2142=CARTESIAN_POINT('Ctrl Pts',(-79.0703909625352,92.1256463942686,46.0431527001261));
#2143=CARTESIAN_POINT('Ctrl Pts',(-78.8731845197126,84.8272202502261,47.8023517394078));
#2144=CARTESIAN_POINT('Ctrl Pts',(-78.6759780768902,77.5703761666555,45.8788082912252));
#2145=CARTESIAN_POINT('Ctrl Pts',(-78.4787716340676,72.1015834782176,40.7354521924455));
#2146=CARTESIAN_POINT('Ctrl Pts',(-78.2815651912452,69.7369898897673,33.610109911142));
#2147=CARTESIAN_POINT('Ctrl Pts',(-78.0843587484227,71.0456706365129,26.2176028849301));
#2148=CARTESIAN_POINT('Ctrl Pts',(-77.8871523056001,75.712671875226,20.3370497788757));
#2149=CARTESIAN_POINT('Ctrl Pts',(-77.6899458627776,82.6148091831033,17.383694692863));
#2150=CARTESIAN_POINT('Ctrl Pts',(-77.4927394199552,90.0909786906814,18.068307182208));
#2151=CARTESIAN_POINT('Ctrl Pts',(-77.2955329771325,96.3419272739321,22.2261249638997));
#2152=CARTESIAN_POINT('Ctrl Pts',(-77.0983265343102,99.8632691673037,28.8565061243928));
#2153=CARTESIAN_POINT('Ctrl Pts',(-76.9011200914875,99.8075410250865,36.3637494362482));
#2154=CARTESIAN_POINT('Ctrl Pts',(-76.7039136486652,96.1881528322404,42.9411225149976));
#2155=CARTESIAN_POINT('Ctrl Pts',(-76.5067072058426,89.8761690288993,47.0056824721698));
#2156=CARTESIAN_POINT('Ctrl Pts',(-76.3095007630201,82.3906557117061,47.579228334082));
#2157=CARTESIAN_POINT('Ctrl Pts',(-76.1122943201976,75.5331326118419,44.5237342485349));
#2158=CARTESIAN_POINT('Ctrl Pts',(-75.9150878773751,70.9539287742926,38.574536981778));
#2159=CARTESIAN_POINT('Ctrl Pts',(-75.7178814345525,69.7551789351346,31.1634309602244));
#2160=CARTESIAN_POINT('Ctrl Pts',(-75.5206749917301,72.2252095723239,24.07394723095));
#2161=CARTESIAN_POINT('Ctrl Pts',(-75.3234685489075,77.7699309672694,19.0124146713731));
#2162=CARTESIAN_POINT('Ctrl Pts',(-75.1262621060851,85.0541355663498,17.1966859938641));
#2163=CARTESIAN_POINT('Ctrl Pts',(-74.9290556632625,92.3263384412272,19.0644078908092));
#2164=CARTESIAN_POINT('Ctrl Pts',(-74.7975847013809,95.9968040506888,22.4648771825046));
#2165=CARTESIAN_POINT('Ctrl Pts',(-74.73184922044,97.3184892607821,24.5000306004025));
#2166=CARTESIAN_POINT('Ctrl Pts',(-88.8044505505405,73.5367001295403,42.4094436458319));
#2167=CARTESIAN_POINT('Ctrl Pts',(-88.7387150695997,71.8995482289832,40.5155771644909));
#2168=CARTESIAN_POINT('Ctrl Pts',(-88.607244107718,69.5838230386746,35.9024188917074));
#2169=CARTESIAN_POINT('Ctrl Pts',(-88.4100376648955,69.8208298373612,28.1604153174887));
#2170=CARTESIAN_POINT('Ctrl Pts',(-88.212831222073,73.7111109908454,21.463952699143));
#2171=CARTESIAN_POINT('Ctrl Pts',(-88.0156247792505,80.3182038847623,17.4228906355794));
#2172=CARTESIAN_POINT('Ctrl Pts',(-87.818418336428,88.052064982942,17.0106319968817));
#2173=CARTESIAN_POINT('Ctrl Pts',(-87.6212118936056,95.0513909970336,20.3259963957375));
#2174=CARTESIAN_POINT('Ctrl Pts',(-87.424005450783,99.6317023521325,26.571278777225));
#2175=CARTESIAN_POINT('Ctrl Pts',(-87.2267990079605,100.690670982661,34.2433694876224));
#2176=CARTESIAN_POINT('Ctrl Pts',(-87.029592565138,97.9734432451877,41.4959051705688));
#2177=CARTESIAN_POINT('Ctrl Pts',(-86.8323861223155,92.1339596097462,46.5834339436457));
#2178=CARTESIAN_POINT('Ctrl Pts',(-86.6351796794929,84.5775808748378,48.2815741600308));
#2179=CARTESIAN_POINT('Ctrl Pts',(-86.4379732366705,77.1228635882804,46.1816383905725));
#2180=CARTESIAN_POINT('Ctrl Pts',(-86.240766793848,71.5638984185072,40.7890099691537));
#2181=CARTESIAN_POINT('Ctrl Pts',(-86.0435603510254,69.2385343737066,33.4015055740026));
#2182=CARTESIAN_POINT('Ctrl Pts',(-85.846353908203,70.7064055308707,25.7970403640883));
#2183=CARTESIAN_POINT('Ctrl Pts',(-85.6491474653805,75.6142464694134,19.8057437466779));
#2184=CARTESIAN_POINT('Ctrl Pts',(-85.4519410225579,82.7809110141168,16.8695120058954));
#2185=CARTESIAN_POINT('Ctrl Pts',(-85.2547345797354,90.4816328993497,17.6949936923051));
#2186=CARTESIAN_POINT('Ctrl Pts',(-85.057528136913,96.863116884856,22.0835241693605));
#2187=CARTESIAN_POINT('Ctrl Pts',(-84.8603216940903,100.389562289983,28.9789371643401));
#2188=CARTESIAN_POINT('Ctrl Pts',(-84.663115251268,100.212276669424,36.721747209743));
#2189=CARTESIAN_POINT('Ctrl Pts',(-84.4659088084453,96.3739264901156,43.4485299087999));
#2190=CARTESIAN_POINT('Ctrl Pts',(-84.268702365623,89.79826880118,47.5403832225456));
#2191=CARTESIAN_POINT('Ctrl Pts',(-84.0714959228004,82.067835122232,48.0125407363636));
#2192=CARTESIAN_POINT('Ctrl Pts',(-83.8742894799779,75.0430712879504,44.751370600534));
#2193=CARTESIAN_POINT('Ctrl Pts',(-83.6770830371554,70.4145930073195,38.5417227531648));
#2194=CARTESIAN_POINT('Ctrl Pts',(-83.4798765943329,69.2963136124589,30.8780429074643));
#2195=CARTESIAN_POINT('Ctrl Pts',(-83.2826701515104,71.9573639605165,23.6047115780395));
#2196=CARTESIAN_POINT('Ctrl Pts',(-83.0854637086879,77.7573220206638,18.4721660026964));
#2197=CARTESIAN_POINT('Ctrl Pts',(-82.8882572658654,85.3003401260881,16.7156309351007));
#2198=CARTESIAN_POINT('Ctrl Pts',(-82.6910508230429,92.7710768356986,18.7578431175471));
#2199=CARTESIAN_POINT('Ctrl Pts',(-82.4938443802204,98.371586320002,24.1073132874498));
#2200=CARTESIAN_POINT('Ctrl Pts',(-82.2966379373978,100.754021229836,31.4766105051537));
#2201=CARTESIAN_POINT('Ctrl Pts',(-82.0994314945754,99.3450125553321,39.0922018897819));
#2202=CARTESIAN_POINT('Ctrl Pts',(-81.9022250517529,94.483659553835,45.1212801424909));
#2203=CARTESIAN_POINT('Ctrl Pts',(-81.7050186089303,87.3399203826829,48.1128563552921));
#2204=CARTESIAN_POINT('Ctrl Pts',(-81.5078121661079,79.6330439659123,47.346962446792));
#2205=CARTESIAN_POINT('Ctrl Pts',(-81.3106057232853,73.2178067265935,43.0079223748739));
#2206=CARTESIAN_POINT('Ctrl Pts',(-81.1133992804629,69.6381325758456,36.1399917872138));
#2207=CARTESIAN_POINT('Ctrl Pts',(-80.9161928376403,69.7555242623866,28.3960420989485));
#2208=CARTESIAN_POINT('Ctrl Pts',(-80.7189863948177,73.5417297005882,21.6397719768925));
#2209=CARTESIAN_POINT('Ctrl Pts',(-80.5217799519954,80.0855412623625,17.4971800555911));
#2210=CARTESIAN_POINT('Ctrl Pts',(-80.3245735091728,87.8120916804276,16.9652437628027));
#2211=CARTESIAN_POINT('Ctrl Pts',(-80.1273670663503,94.8618696856026,20.1719816161543));
#2212=CARTESIAN_POINT('Ctrl Pts',(-79.9301606235278,99.5382395301997,26.3456436298339));
#2213=CARTESIAN_POINT('Ctrl Pts',(-79.7329541807053,100.715762052536,34.0004446260488));
#2214=CARTESIAN_POINT('Ctrl Pts',(-79.5357477378828,98.1110486405241,41.2941409196815));
#2215=CARTESIAN_POINT('Ctrl Pts',(-79.3385412950603,92.3509629886769,46.4713941360748));
#2216=CARTESIAN_POINT('Ctrl Pts',(-79.1413348522377,84.8217568659031,48.286219951439));
#2217=CARTESIAN_POINT('Ctrl Pts',(-78.9441284094154,77.3354476496846,46.3018530726566));
#2218=CARTESIAN_POINT('Ctrl Pts',(-78.7469219665927,71.6937289309747,40.995861415517));
#2219=CARTESIAN_POINT('Ctrl Pts',(-78.5497155237703,69.2543656802326,33.6452121560132));
#2220=CARTESIAN_POINT('Ctrl Pts',(-78.3525090809477,70.6044275835371,26.0189502653127));
#2221=CARTESIAN_POINT('Ctrl Pts',(-78.1553026381253,75.419001795567,19.9524510533501));
#2222=CARTESIAN_POINT('Ctrl Pts',(-77.9580961953027,82.539388225882,16.9057093644611));
#2223=CARTESIAN_POINT('Ctrl Pts',(-77.7608897524802,90.2519580485277,17.611969651922));
#2224=CARTESIAN_POINT('Ctrl Pts',(-77.5636833096577,96.7005648326868,21.9012597648109));
#2225=CARTESIAN_POINT('Ctrl Pts',(-77.3664768668353,100.333253363158,28.7412969789517));
#2226=CARTESIAN_POINT('Ctrl Pts',(-77.1692704240127,100.275763068495,36.4859231755068));
#2227=CARTESIAN_POINT('Ctrl Pts',(-76.9720639811903,96.5419279642632,43.2712761651664));
#2228=CARTESIAN_POINT('Ctrl Pts',(-76.7748575383677,90.0303559950438,47.4643595932836));
#2229=CARTESIAN_POINT('Ctrl Pts',(-76.5776510955452,82.3081469067294,48.0560412695757));
#2230=CARTESIAN_POINT('Ctrl Pts',(-76.3804446527227,75.2337854085719,44.9039308935901));
#2231=CARTESIAN_POINT('Ctrl Pts',(-76.1832382099002,70.5097847965703,38.7666169573494));
#2232=CARTESIAN_POINT('Ctrl Pts',(-75.9860317670776,69.2731298725454,31.1211679615333));
#2233=CARTESIAN_POINT('Ctrl Pts',(-75.7888253242553,71.8212641455961,23.807511119869));
#2234=CARTESIAN_POINT('Ctrl Pts',(-75.5916188814326,77.5413124754647,18.585930304217));
#2235=CARTESIAN_POINT('Ctrl Pts',(-75.3944124386102,85.0558473607289,16.7127873544652));
#2236=CARTESIAN_POINT('Ctrl Pts',(-75.1972059957876,92.5580010211144,18.6395675759239));
#2237=CARTESIAN_POINT('Ctrl Pts',(-75.065735033906,96.3445286360779,22.1475614510468));
#2238=CARTESIAN_POINT('Ctrl Pts',(-74.9999995529652,97.7080062105324,24.2470674640422));
#2239=CARTESIAN_POINT('Ctrl Pts',(-74.9999995529652,97.7080062105324,24.2470674640422));
#2240=CARTESIAN_POINT('Ctrl Pts',(-74.9999995529652,97.5131170543877,23.9748982861279));
#2241=CARTESIAN_POINT('Ctrl Pts',(-74.9999995529652,97.3093629042564,23.7097868537411));
#2242=CARTESIAN_POINT('Ctrl Pts',(-74.9999995529652,97.0972415761316,23.4520270241726));
#2243=CARTESIAN_POINT('Ctrl Pts',(-74.9999995529652,96.8831869446743,23.1919179356123));
#2244=CARTESIAN_POINT('Ctrl Pts',(-74.9999995529652,96.6606115018939,22.9392946677992));
#2245=CARTESIAN_POINT('Ctrl Pts',(-74.9999995529652,96.4299834858216,22.6944907553807));
#2246=CARTESIAN_POINT('Ctrl Pts',(-74.9999995529652,96.1985865389381,22.4488706486675));
#2247=CARTESIAN_POINT('Ctrl Pts',(-74.9999995529652,95.9590827713946,22.2111217425555));
#2248=CARTESIAN_POINT('Ctrl Pts',(-74.9999995529652,95.7119084262673,21.9816184123851));
#2249=CARTESIAN_POINT('Ctrl Pts',(-74.9999995529652,95.4654239506012,21.7527556314538));
#2250=CARTESIAN_POINT('Ctrl Pts',(-74.9999995529651,95.2113111715851,21.5320921205422));
#2251=CARTESIAN_POINT('Ctrl Pts',(-74.9999995529651,94.9499734007189,21.3200417268441));
#2252=CARTESIAN_POINT('Ctrl Pts',(-74.9999995529651,94.6923317494277,21.1109903776714));
#2253=CARTESIAN_POINT('Ctrl Pts',(-74.9999995529652,94.4276675384732,20.9103099967624));
#2254=CARTESIAN_POINT('Ctrl Pts',(-74.9999995529652,94.1563459874436,20.7184427654544));
#2255=CARTESIAN_POINT('Ctrl Pts',(-74.9999995529652,93.9928553897441,20.6028290657449));
#2256=CARTESIAN_POINT('Ctrl Pts',(-74.9999995529651,93.8269471872081,20.4904162489224));
#2257=CARTESIAN_POINT('Ctrl Pts',(-74.9999995529651,93.6586985892425,20.3813098065365));
#2258=CARTESIAN_POINT('Ctrl Pts',(-74.9999995529651,93.6076475085509,20.3482040222294));
#2259=CARTESIAN_POINT('Ctrl Pts',(-74.9999995529651,93.5563809417096,20.3154026959664));
#2260=CARTESIAN_POINT('Ctrl Pts',(-74.9999995529651,93.5049010178637,20.2829089020011));
#2261=CARTESIAN_POINT('Ctrl Pts',(-74.9999995529651,93.4772536393291,20.2654580560272));
#2262=CARTESIAN_POINT('Ctrl Pts',(-74.9999995529651,93.4495453503056,20.2480963412822));
#2263=CARTESIAN_POINT('Ctrl Pts',(-74.9999995529651,93.4217877926666,20.2308311572168));
#2264=CARTESIAN_POINT('Ctrl Pts',(-74.9999995529651,93.138702006351,20.0547519693209));
#2265=CARTESIAN_POINT('Ctrl Pts',(-74.9999995529651,92.850188480643,19.8885156072838));
#2266=CARTESIAN_POINT('Ctrl Pts',(-74.9999995529651,92.556677600475,19.7324582417686));
#2267=CARTESIAN_POINT('Ctrl Pts',(-74.9999995529651,92.4027236091077,19.6506021474065));
#2268=CARTESIAN_POINT('Ctrl Pts',(-74.9999995529651,92.2473941921894,19.5715472655308));
#2269=CARTESIAN_POINT('Ctrl Pts',(-74.9999995529651,92.0907484173622,19.4953469757885));
#2270=CARTESIAN_POINT('Ctrl Pts',(-74.9999995529651,91.7921139351495,19.3500763223235));
#2271=CARTESIAN_POINT('Ctrl Pts',(-74.9999995529652,91.4886962673391,19.2151776043389));
#2272=CARTESIAN_POINT('Ctrl Pts',(-74.9999995529652,91.1810723532101,19.0907334131451));
#2273=CARTESIAN_POINT('Ctrl Pts',(-74.9999995529652,90.8727316419554,18.9659992534721));
#2274=CARTESIAN_POINT('Ctrl Pts',(-74.9999995529652,90.5601644589134,18.8517682838178));
#2275=CARTESIAN_POINT('Ctrl Pts',(-74.9999995529652,90.2439372662782,18.7481740657215));
#2276=CARTESIAN_POINT('Ctrl Pts',(-74.9999995529652,89.9289683913271,18.6449920652954));
#2277=CARTESIAN_POINT('Ctrl Pts',(-74.9999995529652,89.6103679786467,18.5523622672916));
#2278=CARTESIAN_POINT('Ctrl Pts',(-74.9999995529652,89.2886903539062,18.4704678513475));
#2279=CARTESIAN_POINT('Ctrl Pts',(-74.9999995529652,88.9701095316977,18.3893618360105));
#2280=CARTESIAN_POINT('Ctrl Pts',(-74.9999995529652,88.6485098967771,18.3187854754756));
#2281=CARTESIAN_POINT('Ctrl Pts',(-74.9999995529652,88.3244332436844,18.258967624565));
#2282=CARTESIAN_POINT('Ctrl Pts',(-74.9999995529652,88.2775380571481,18.2503117425387));
#2283=CARTESIAN_POINT('Ctrl Pts',(-74.9999995529652,88.2305910179099,18.2418812237535));
#2284=CARTESIAN_POINT('Ctrl Pts',(-74.9999995529652,88.1835937842533,18.233676851563));
#2285=CARTESIAN_POINT('Ctrl Pts',(-74.9999995529652,88.1517436353794,18.2281167269481));
#2286=CARTESIAN_POINT('Ctrl Pts',(-74.9999995529652,88.1198713071333,18.2226606492153));
#2287=CARTESIAN_POINT('Ctrl Pts',(-74.9999995529652,88.0879902062238,18.2173109260939));
#2288=CARTESIAN_POINT('Ctrl Pts',(-74.9999995529652,87.763322209903,18.1628308787572));
#2289=CARTESIAN_POINT('Ctrl Pts',(-74.9999995529652,87.437392833698,18.119314273121));
#2290=CARTESIAN_POINT('Ctrl Pts',(-74.9999995529652,87.1107567175986,18.0868334602034));
#2291=CARTESIAN_POINT('Ctrl Pts',(-74.9999995529652,86.7682380802798,18.0527732836607));
#2292=CARTESIAN_POINT('Ctrl Pts',(-74.9999995529652,86.4249416645085,18.0308476531864));
#2293=CARTESIAN_POINT('Ctrl Pts',(-74.9999995529652,86.0814984018507,18.0212008630668));
#2294=CARTESIAN_POINT('Ctrl Pts',(-74.9999995529652,85.7565715684489,18.0120741708096));
#2295=CARTESIAN_POINT('Ctrl Pts',(-74.9999995529652,85.4315126986323,18.0139384178779));
#2296=CARTESIAN_POINT('Ctrl Pts',(-74.9999995529652,85.1068577951998,18.0269683388083));
#2297=CARTESIAN_POINT('Ctrl Pts',(-74.9999995529652,85.0883568622696,18.0277108678466));
#2298=CARTESIAN_POINT('Ctrl Pts',(-74.9999995529652,85.0698572430535,18.0284896709062));
#2299=CARTESIAN_POINT('Ctrl Pts',(-74.9999995529652,85.0513590375134,18.0293047854081));
#2300=CARTESIAN_POINT('Ctrl Pts',(-74.9999995529652,84.7238435658884,18.0437365966427));
#2301=CARTESIAN_POINT('Ctrl Pts',(-74.9999995529652,84.3967700353016,18.0695470230817));
#2302=CARTESIAN_POINT('Ctrl Pts',(-74.9999995529652,84.0706991409476,18.1065953823553));
#2303=CARTESIAN_POINT('Ctrl Pts',(-74.9999995529652,83.7462767656338,18.1434564359639));
#2304=CARTESIAN_POINT('Ctrl Pts',(-74.9999995529652,83.4228463572607,18.191442308673));
#2305=CARTESIAN_POINT('Ctrl Pts',(-74.9999995529652,83.1009796227284,18.2504618618911));
#2306=CARTESIAN_POINT('Ctrl Pts',(-74.9999995529652,82.9956502741388,18.269775728245));
#2307=CARTESIAN_POINT('Ctrl Pts',(-74.9999995529652,82.8904885698659,18.2902715500088));
#2308=CARTESIAN_POINT('Ctrl Pts',(-74.9999995529652,82.7855151558708,18.3119471813654));
#2309=CARTESIAN_POINT('Ctrl Pts',(-74.9999995529652,82.7162041524663,18.3262589932955));
#2310=CARTESIAN_POINT('Ctrl Pts',(-74.9999995529652,82.6469752425537,18.341085164373));
#2311=CARTESIAN_POINT('Ctrl Pts',(-74.9999995529652,82.577834452754,18.356425196714));
#2312=CARTESIAN_POINT('Ctrl Pts',(-74.9999995529652,82.5495177713345,18.3627077227023));
#2313=CARTESIAN_POINT('Ctrl Pts',(-74.9999995529652,82.5212181813763,18.3690759462705));
#2314=CARTESIAN_POINT('Ctrl Pts',(-74.9999995529652,82.4929446206067,18.3755277955893));
#2315=CARTESIAN_POINT('Ctrl Pts',(-74.9999995529652,82.1776372782432,18.4474789544337));
#2316=CARTESIAN_POINT('Ctrl Pts',(-74.9999995529652,81.8652603828618,18.5298937578512));
#2317=CARTESIAN_POINT('Ctrl Pts',(-74.9999995529652,81.5563284534428,18.6225537540864));
#2318=CARTESIAN_POINT('Ctrl Pts',(-74.9999995529652,81.2460242686414,18.7156253399516));
#2319=CARTESIAN_POINT('Ctrl Pts',(-74.9999995529652,80.9391951460129,18.819033521227));
#2320=CARTESIAN_POINT('Ctrl Pts',(-74.9999995529652,80.6363753123847,18.9326076540445));
#2321=CARTESIAN_POINT('Ctrl Pts',(-74.9999995529652,80.3346913019691,19.0457557905366));
#2322=CARTESIAN_POINT('Ctrl Pts',(-74.9999995529651,80.0369860164814,19.1689939977184));
#2323=CARTESIAN_POINT('Ctrl Pts',(-74.9999995529651,79.7438087556456,19.3022005285944));
#2324=CARTESIAN_POINT('Ctrl Pts',(-74.9999995529651,79.4545975878921,19.4336050455654));
#2325=CARTESIAN_POINT('Ctrl Pts',(-74.9999995529651,79.1697923001395,19.5747102918762));
#2326=CARTESIAN_POINT('Ctrl Pts',(-74.9999995529651,78.8899481341139,19.7254412286475));
#2327=CARTESIAN_POINT('Ctrl Pts',(-74.9999995529651,78.6991188803149,19.8282265487669));
#2328=CARTESIAN_POINT('Ctrl Pts',(-74.9999995529651,78.5105971496277,19.9354887200296));
#2329=CARTESIAN_POINT('Ctrl Pts',(-74.9999995529651,78.3245682835772,20.047214369416));
#2330=CARTESIAN_POINT('Ctrl Pts',(-74.9999995529652,78.0775647189819,20.1955603451834));
#2331=CARTESIAN_POINT('Ctrl Pts',(-74.9999995529652,77.8349550102612,20.3517749029382));
#2332=CARTESIAN_POINT('Ctrl Pts',(-74.9999995529652,77.5970709532031,20.515611475547));
#2333=CARTESIAN_POINT('Ctrl Pts',(-74.9999995529652,77.5529303426387,20.54601219444));
#2334=CARTESIAN_POINT('Ctrl Pts',(-74.9999995529652,77.5089471408135,20.5766792618522));
#2335=CARTESIAN_POINT('Ctrl Pts',(-74.9999995529652,77.4651522151222,20.6075907391909));
#2336=CARTESIAN_POINT('Ctrl Pts',(-74.9999995529652,77.2033771522569,20.7923576681408));
#2337=CARTESIAN_POINT('Ctrl Pts',(-74.9999995529652,76.9481773005494,20.9859526965999));
#2338=CARTESIAN_POINT('Ctrl Pts',(-74.9999995529652,76.6999331069178,21.1879457886088));
#2339=CARTESIAN_POINT('Ctrl Pts',(-74.9999995529652,76.4512466930264,21.3902987095278));
#2340=CARTESIAN_POINT('Ctrl Pts',(-74.9999995529652,76.2095403205814,21.6010800939062));
#2341=CARTESIAN_POINT('Ctrl Pts',(-74.9999995529652,75.9752325574972,21.819895356716));
#2342=CARTESIAN_POINT('Ctrl Pts',(-74.9999995529652,75.7330240432898,22.0460889705914));
#2343=CARTESIAN_POINT('Ctrl Pts',(-74.9999995529652,75.4987207831579,22.2808677180591));
#2344=CARTESIAN_POINT('Ctrl Pts',(-74.9999995529652,75.272832701942,22.5238303579803));
#2345=CARTESIAN_POINT('Ctrl Pts',(-74.9999995529652,75.2113416814838,22.5899693971962));
#2346=CARTESIAN_POINT('Ctrl Pts',(-74.9999995529652,75.1504745519766,22.6567150647523));
#2347=CARTESIAN_POINT('Ctrl Pts',(-74.9999995529652,75.0902422931107,22.7240596389323));
#2348=CARTESIAN_POINT('Ctrl Pts',(-74.9999995529652,75.0595817416412,22.7583406342281));
#2349=CARTESIAN_POINT('Ctrl Pts',(-74.9999995529652,75.0290911995783,22.7927707123244));
#2350=CARTESIAN_POINT('Ctrl Pts',(-74.9999995529652,74.9987768688797,22.827343002596));
#2351=CARTESIAN_POINT('Ctrl Pts',(-74.9999995529652,74.7893410360659,23.0661962524759));
#2352=CARTESIAN_POINT('Ctrl Pts',(-74.9999995529652,74.5882371298948,23.3119193135461));
#2353=CARTESIAN_POINT('Ctrl Pts',(-74.9999995529652,74.3958691304071,23.5641238626996));
#2354=CARTESIAN_POINT('Ctrl Pts',(-74.9999995529652,74.2054442949654,23.8137808217473));
#2355=CARTESIAN_POINT('Ctrl Pts',(-74.9999995529652,74.0235794610523,24.0697894695667));
#2356=CARTESIAN_POINT('Ctrl Pts',(-74.9999995529652,73.850709395895,24.3318000845043));
#2357=CARTESIAN_POINT('Ctrl Pts',(-74.9999995529652,73.7259066597938,24.5209574241629));
#2358=CARTESIAN_POINT('Ctrl Pts',(-74.9999995529652,73.6057929124939,24.713243595421));
#2359=CARTESIAN_POINT('Ctrl Pts',(-74.9999995529652,73.4905472654429,24.9085337881724));
#2360=CARTESIAN_POINT('Ctrl Pts',(-74.9999995529652,73.3988683471268,25.063888841377));
#2361=CARTESIAN_POINT('Ctrl Pts',(-74.9999995529652,73.3102704167218,25.2211450957433));
#2362=CARTESIAN_POINT('Ctrl Pts',(-74.9999995529652,73.2247923612976,25.3802036716046));
#2363=CARTESIAN_POINT('Ctrl Pts',(-87.9999995529652,74.5907953650102,41.498231564558));
#2364=CARTESIAN_POINT('Ctrl Pts',(-87.9999995529652,74.3758781124043,41.273405173786));
#2365=CARTESIAN_POINT('Ctrl Pts',(-87.9999995529652,74.1691013899911,41.0415246904911));
#2366=CARTESIAN_POINT('Ctrl Pts',(-87.9999995529652,73.9706124856203,40.8031570625416));
#2367=CARTESIAN_POINT('Ctrl Pts',(-87.9999995529652,73.769437541967,40.5615637388565));
#2368=CARTESIAN_POINT('Ctrl Pts',(-87.9999995529652,73.5767758896075,40.3133061348812));
#2369=CARTESIAN_POINT('Ctrl Pts',(-87.9999995529652,73.3928100546484,40.058928667211));
#2370=CARTESIAN_POINT('Ctrl Pts',(-87.9999995529652,73.207134812772,39.8021875291186));
#2371=CARTESIAN_POINT('Ctrl Pts',(-87.9999995529652,73.0303173788654,39.5392118338184));
#2372=CARTESIAN_POINT('Ctrl Pts',(-87.9999995529652,72.8625803462286,39.2705210926391));
#2373=CARTESIAN_POINT('Ctrl Pts',(-87.9999995529652,72.6942124055668,39.0008197270187));
#2374=CARTESIAN_POINT('Ctrl Pts',(-87.9999995529652,72.5349929512952,38.7253597571053));
#2375=CARTESIAN_POINT('Ctrl Pts',(-87.9999995529652,72.3851874751476,38.4446332355439));
#2376=CARTESIAN_POINT('Ctrl Pts',(-87.9999995529652,72.2362603249671,38.165552644424));
#2377=CARTESIAN_POINT('Ctrl Pts',(-87.9999995529652,72.096636797462,37.8812665523432));
#2378=CARTESIAN_POINT('Ctrl Pts',(-87.9999995529652,71.9666222577608,37.5922331507421));
#2379=CARTESIAN_POINT('Ctrl Pts',(-87.9999995529652,71.8919707150818,37.4262764095588));
#2380=CARTESIAN_POINT('Ctrl Pts',(-87.9999995529652,71.8204879151319,37.2587541473142));
#2381=CARTESIAN_POINT('Ctrl Pts',(-87.9999995529652,71.7522389294367,37.0897503175302));
#2382=CARTESIAN_POINT('Ctrl Pts',(-87.9999995529652,71.7389162734822,37.0567596458554));
#2383=CARTESIAN_POINT('Ctrl Pts',(-87.9999995529652,71.7257168610615,37.0237125130628));
#2384=CARTESIAN_POINT('Ctrl Pts',(-87.9999995529652,71.7126412011811,36.990609536671));
#2385=CARTESIAN_POINT('Ctrl Pts',(-87.9999995529652,71.7022084692757,36.9641975252602));
#2386=CARTESIAN_POINT('Ctrl Pts',(-87.9999995529652,71.6918550460782,36.9377512446112));
#2387=CARTESIAN_POINT('Ctrl Pts',(-87.9999995529652,71.6815846435907,36.9112801326483));
#2388=CARTESIAN_POINT('Ctrl Pts',(-87.9999995529652,71.5647525059314,36.6101549722079));
#2389=CARTESIAN_POINT('Ctrl Pts',(-87.9999995529652,71.4585326746304,36.3054973077892));
#2390=CARTESIAN_POINT('Ctrl Pts',(-87.9999995529652,71.3631285908873,35.9978505591587));
#2391=CARTESIAN_POINT('Ctrl Pts',(-87.9999995529652,71.3158891474677,35.8455189124938));
#2392=CARTESIAN_POINT('Ctrl Pts',(-87.9999995529652,71.2713020537941,35.6924538734197));
#2393=CARTESIAN_POINT('Ctrl Pts',(-87.9999995529652,71.2293957403062,35.538718524378));
#2394=CARTESIAN_POINT('Ctrl Pts',(-87.9999995529652,71.1455412717875,35.2310943285603));
#2395=CARTESIAN_POINT('Ctrl Pts',(-87.9999995529651,71.0724174866011,34.9207876202173));
#2396=CARTESIAN_POINT('Ctrl Pts',(-87.9999995529651,71.0099327997247,34.6083696459089));
#2397=CARTESIAN_POINT('Ctrl Pts',(-87.9999995529651,70.9469153599995,34.2932879539099));
#2398=CARTESIAN_POINT('Ctrl Pts',(-87.9999995529651,70.8947191035573,33.9760582867037));
#2399=CARTESIAN_POINT('Ctrl Pts',(-87.9999995529651,70.8533000377035,33.6572474929772));
#2400=CARTESIAN_POINT('Ctrl Pts',(-87.9999995529651,70.8117595979554,33.3375024602285));
#2401=CARTESIAN_POINT('Ctrl Pts',(-87.9999995529651,70.7810595304481,33.0161664282478));
#2402=CARTESIAN_POINT('Ctrl Pts',(-87.9999995529651,70.7612067986421,32.6938007505359));
#2403=CARTESIAN_POINT('Ctrl Pts',(-87.9999995529651,70.7414199644489,32.3725051083639));
#2404=CARTESIAN_POINT('Ctrl Pts',(-87.9999995529651,70.7324085448915,32.0501860424505));
#2405=CARTESIAN_POINT('Ctrl Pts',(-87.9999995529651,70.7342310504315,31.7273978861816));
#2406=CARTESIAN_POINT('Ctrl Pts',(-87.9999995529651,70.7344478503568,31.6889999517922));
#2407=CARTESIAN_POINT('Ctrl Pts',(-87.9999995529652,70.7348180193527,31.6505953839528));
#2408=CARTESIAN_POINT('Ctrl Pts',(-87.9999995529652,70.7353417050713,31.6121851206946));
#2409=CARTESIAN_POINT('Ctrl Pts',(-87.9999995529652,70.7357775701864,31.5802161491876));
#2410=CARTESIAN_POINT('Ctrl Pts',(-87.9999995529652,70.7363197970944,31.5482441588431));
#2411=CARTESIAN_POINT('Ctrl Pts',(-87.9999995529652,70.736968106869,31.5162827270803));
#2412=CARTESIAN_POINT('Ctrl Pts',(-87.9999995529652,70.7435864242478,31.1900021316135));
#2413=CARTESIAN_POINT('Ctrl Pts',(-87.9999995529651,70.7612603137637,30.8644642448516));
#2414=CARTESIAN_POINT('Ctrl Pts',(-87.9999995529651,70.7898903202775,30.5402527461087));
#2415=CARTESIAN_POINT('Ctrl Pts',(-87.9999995529651,70.8198106156034,30.2014297777755));
#2416=CARTESIAN_POINT('Ctrl Pts',(-87.9999995529652,70.8616963668343,29.8640548527644));
#2417=CARTESIAN_POINT('Ctrl Pts',(-87.9999995529652,70.9154926276486,29.5287798935471));
#2418=CARTESIAN_POINT('Ctrl Pts',(-87.9999995529652,70.9692888884628,29.1935049343298));
#2419=CARTESIAN_POINT('Ctrl Pts',(-87.9999995529652,71.034995619481,28.8603291981924));
#2420=CARTESIAN_POINT('Ctrl Pts',(-87.9999995529652,71.1126182423399,28.5299010034491));
#2421=CARTESIAN_POINT('Ctrl Pts',(-87.9999995529652,71.1871649942213,28.2125663432573));
#2422=CARTESIAN_POINT('Ctrl Pts',(-87.9999995529652,71.2727023292344,27.8977651901948));
#2423=CARTESIAN_POINT('Ctrl Pts',(-87.9999995529652,71.3689330135457,27.5859740984105));
#2424=CARTESIAN_POINT('Ctrl Pts',(-87.9999995529652,71.4459267926426,27.3365113140915));
#2425=CARTESIAN_POINT('Ctrl Pts',(-87.9999995529652,71.5297670264029,27.0889754564258));
#2426=CARTESIAN_POINT('Ctrl Pts',(-87.9999995529652,71.6203245630719,26.8436172440699));
#2427=CARTESIAN_POINT('Ctrl Pts',(-87.9999995529652,71.6995624076573,26.6289288082585));
#2428=CARTESIAN_POINT('Ctrl Pts',(-87.9999995529652,71.783943523876,26.4159076484197));
#2429=CARTESIAN_POINT('Ctrl Pts',(-87.9999995529652,71.8733935416738,26.2047271686187));
#2430=CARTESIAN_POINT('Ctrl Pts',(-87.9999995529652,71.892626044461,26.1593215972576));
#2431=CARTESIAN_POINT('Ctrl Pts',(-87.9999995529651,71.9120957248497,26.113994824258));
#2432=CARTESIAN_POINT('Ctrl Pts',(-87.9999995529651,71.9317871229098,26.0687821586692));
#2433=CARTESIAN_POINT('Ctrl Pts',(-87.9999995529651,72.0627062870956,25.7681836754401));
#2434=CARTESIAN_POINT('Ctrl Pts',(-87.9999995529651,72.2035081460331,25.4724169084454));
#2435=CARTESIAN_POINT('Ctrl Pts',(-87.9999995529651,72.353816162593,25.181934300166));
#2436=CARTESIAN_POINT('Ctrl Pts',(-87.9999995529651,72.5062531926817,24.8873371980823));
#2437=CARTESIAN_POINT('Ctrl Pts',(-87.9999995529651,72.668467721832,24.5981744599371));
#2438=CARTESIAN_POINT('Ctrl Pts',(-87.9999995529651,72.8401199003864,24.314926323629));
#2439=CARTESIAN_POINT('Ctrl Pts',(-87.9999995529651,73.0121504486973,24.0310538286365));
#2440=CARTESIAN_POINT('Ctrl Pts',(-87.9999995529651,73.193660540845,23.7531214860931));
#2441=CARTESIAN_POINT('Ctrl Pts',(-87.9999995529651,73.384357826614,23.4816292869074));
#2442=CARTESIAN_POINT('Ctrl Pts',(-87.9999995529651,73.5739415488969,23.2117224474638));
#2443=CARTESIAN_POINT('Ctrl Pts',(-87.9999995529651,73.7726057760326,22.948180236769));
#2444=CARTESIAN_POINT('Ctrl Pts',(-87.9999995529651,73.9801082633521,22.6915182820407));
#2445=CARTESIAN_POINT('Ctrl Pts',(-87.9999995529651,74.1249653158687,22.5123431081169));
#2446=CARTESIAN_POINT('Ctrl Pts',(-87.9999995529651,74.2741305494406,22.3365214592089));
#2447=CARTESIAN_POINT('Ctrl Pts',(-87.9999995529651,74.4275335442524,22.1642379176854));
#2448=CARTESIAN_POINT('Ctrl Pts',(-87.9999995529651,74.632733733144,21.933782082668));
#2449=CARTESIAN_POINT('Ctrl Pts',(-87.9999995529651,74.8455158645969,21.7096558869096));
#2450=CARTESIAN_POINT('Ctrl Pts',(-87.9999995529651,75.0655220727087,21.4921177548109));
#2451=CARTESIAN_POINT('Ctrl Pts',(-87.9999995529651,75.0994980352813,21.4585229417475));
#2452=CARTESIAN_POINT('Ctrl Pts',(-87.9999995529651,75.1336492540977,21.4250825461746));
#2453=CARTESIAN_POINT('Ctrl Pts',(-87.9999995529651,75.1679545887116,21.3918166470585));
#2454=CARTESIAN_POINT('Ctrl Pts',(-87.9999995529651,75.4068490378034,21.1601605873713));
#2455=CARTESIAN_POINT('Ctrl Pts',(-87.9999995529651,75.653387687133,20.9367893206579));
#2456=CARTESIAN_POINT('Ctrl Pts',(-87.9999995529651,75.9070298447373,20.7219444348512));
#2457=CARTESIAN_POINT('Ctrl Pts',(-87.9999995529651,76.1627974668585,20.5052991969826));
#2458=CARTESIAN_POINT('Ctrl Pts',(-87.9999995529652,76.4257885582731,20.2973234468075));
#2459=CARTESIAN_POINT('Ctrl Pts',(-87.9999995529652,76.6954906120337,20.0982976181973));
#2460=CARTESIAN_POINT('Ctrl Pts',(-87.9999995529652,76.9659467012012,19.8987153514009));
#2461=CARTESIAN_POINT('Ctrl Pts',(-87.9999995529652,77.2431517901118,19.7081327417125));
#2462=CARTESIAN_POINT('Ctrl Pts',(-87.9999995529652,77.5266243908253,19.5268711041387));
#2463=CARTESIAN_POINT('Ctrl Pts',(-87.9999995529652,77.5891328801993,19.4869011348447));
#2464=CARTESIAN_POINT('Ctrl Pts',(-87.9999995529652,77.651946245193,19.4473845546887));
#2465=CARTESIAN_POINT('Ctrl Pts',(-87.9999995529652,77.7150595187808,19.4083250887863));
#2466=CARTESIAN_POINT('Ctrl Pts',(-87.9999995529652,77.757175762776,19.3822602389892));
#2467=CARTESIAN_POINT('Ctrl Pts',(-87.9999995529652,77.7994255590221,19.3563989467354));
#2468=CARTESIAN_POINT('Ctrl Pts',(-87.9999995529652,77.8418074472193,19.3307423454438));
#2469=CARTESIAN_POINT('Ctrl Pts',(-87.9999995529652,77.8775953345926,19.3090775353925));
#2470=CARTESIAN_POINT('Ctrl Pts',(-87.9999995529652,77.9134759992507,19.2875595694173));
#2471=CARTESIAN_POINT('Ctrl Pts',(-87.9999995529652,77.9494382517163,19.2661951076388));
#2472=CARTESIAN_POINT('Ctrl Pts',(-87.9999995529652,78.2409198233755,19.0930316801591));
#2473=CARTESIAN_POINT('Ctrl Pts',(-87.9999995529652,78.5379416425374,18.9298380788523));
#2474=CARTESIAN_POINT('Ctrl Pts',(-87.9999995529652,78.8399793977927,18.7768938550354));
#2475=CARTESIAN_POINT('Ctrl Pts',(-87.9999995529652,79.1417803196645,18.6240695576097));
#2476=CARTESIAN_POINT('Ctrl Pts',(-87.9999995529652,79.4485898058794,18.4814782199927));
#2477=CARTESIAN_POINT('Ctrl Pts',(-87.9999995529652,79.7599170590235,18.3494392435003));
#2478=CARTESIAN_POINT('Ctrl Pts',(-87.9999995529652,80.0084851783726,18.2440174414061));
#2479=CARTESIAN_POINT('Ctrl Pts',(-87.9999995529652,80.2599339320328,18.145323112324));
#2480=CARTESIAN_POINT('Ctrl Pts',(-87.9999995529652,80.5140251577863,18.0535396702336));
#2481=CARTESIAN_POINT('Ctrl Pts',(-87.9999995529652,80.700471177645,17.9861911916865));
#2482=CARTESIAN_POINT('Ctrl Pts',(-87.9999995529652,80.8883402017721,17.9225641163739));
#2483=CARTESIAN_POINT('Ctrl Pts',(-87.9999995529652,81.0775183643329,17.8626653067744));
#2484=CARTESIAN_POINT('Ctrl Pts',(-83.9663762332258,98.7582601498999,32.4999057187458));
#2485=CARTESIAN_POINT('Ctrl Pts',(-83.9962077209889,98.758510244755,31.4680830393423));
#2486=CARTESIAN_POINT('Ctrl Pts',(-84.026039208752,98.643926511828,30.436315042817));
#2487=CARTESIAN_POINT('Ctrl Pts',(-84.055870696515,98.4139054632703,29.4309585864645));
#2488=CARTESIAN_POINT('Ctrl Pts',(-84.1216061774559,97.9070402216324,27.2155950517954));
#2489=CARTESIAN_POINT('Ctrl Pts',(-84.1873416583967,96.8396485667891,25.1284774469576));
#2490=CARTESIAN_POINT('Ctrl Pts',(-84.2530771393375,95.3401724749485,23.4207539872008));
#2491=CARTESIAN_POINT('Ctrl Pts',(-84.3188126202784,93.8406963831078,21.713030527444));
#2492=CARTESIAN_POINT('Ctrl Pts',(-84.3845481012192,91.9091358542697,20.384701212768));
#2493=CARTESIAN_POINT('Ctrl Pts',(-84.4502835821601,89.7779205224856,19.5956073190354));
#2494=CARTESIAN_POINT('Ctrl Pts',(-84.5160190631009,87.6467051907014,18.8065134253028));
#2495=CARTESIAN_POINT('Ctrl Pts',(-84.5817545440417,85.3158350559712,18.5566549525135));
#2496=CARTESIAN_POINT('Ctrl Pts',(-84.6474900249825,83.0657897012958,18.8760980084335));
#2497=CARTESIAN_POINT('Ctrl Pts',(-84.7132255059234,80.8157443466203,19.1955410643535));
#2498=CARTESIAN_POINT('Ctrl Pts',(-84.7789609868642,78.6465237719996,20.0842856489828));
#2499=CARTESIAN_POINT('Ctrl Pts',(-84.8446964678051,76.8191558549408,21.4353868533369));
#2500=CARTESIAN_POINT('Ctrl Pts',(-84.9104319487459,74.991787937882,22.786488057691));
#2501=CARTESIAN_POINT('Ctrl Pts',(-84.9761674296867,73.5062726783851,24.59994588177));
#2502=CARTESIAN_POINT('Ctrl Pts',(-85.0419029106276,72.5413659376275,26.6575422782186));
#2503=CARTESIAN_POINT('Ctrl Pts',(-85.1076383915684,71.5764591968699,28.7151386746672));
#2504=CARTESIAN_POINT('Ctrl Pts',(-85.1733738725092,71.1321609748517,31.0168736434854));
#2505=CARTESIAN_POINT('Ctrl Pts',(-85.2391093534501,71.2619348189356,33.2857735423533));
#2506=CARTESIAN_POINT('Ctrl Pts',(-85.3048448343909,71.3917086630195,35.5546734412212));
#2507=CARTESIAN_POINT('Ctrl Pts',(-85.3705803153318,72.0955545732055,37.7907382701389));
#2508=CARTESIAN_POINT('Ctrl Pts',(-85.4363157962726,73.2887769601789,39.7248965441282));
#2509=CARTESIAN_POINT('Ctrl Pts',(-85.5020512772134,74.4819993471522,41.6590548181176));
#2510=CARTESIAN_POINT('Ctrl Pts',(-85.5677867581543,76.1645982109129,43.2913065371787));
#2511=CARTESIAN_POINT('Ctrl Pts',(-85.6335222390951,78.1341021244675,44.4252388077723));
#2512=CARTESIAN_POINT('Ctrl Pts',(-85.6992577200359,80.1036060380221,45.5591710783659));
#2513=CARTESIAN_POINT('Ctrl Pts',(-85.7649932009767,82.3600150013706,46.1947839004921));
#2514=CARTESIAN_POINT('Ctrl Pts',(-85.8307286819176,84.6318095115124,46.25559204737));
#2515=CARTESIAN_POINT('Ctrl Pts',(-85.8964641628584,86.9036040216542,46.3164001942479));
#2516=CARTESIAN_POINT('Ctrl Pts',(-85.9621996437993,89.1907840785893,45.8024036658774));
#2517=CARTESIAN_POINT('Ctrl Pts',(-86.0279351247401,91.2181274882949,44.7754536326583));
#2518=CARTESIAN_POINT('Ctrl Pts',(-86.093670605681,93.2454708980005,43.7485035994393));
#2519=CARTESIAN_POINT('Ctrl Pts',(-86.1594060866218,95.0129776604765,42.2086000613715));
#2520=CARTESIAN_POINT('Ctrl Pts',(-86.2251415675626,96.3079590458502,40.3410421797951));
#2521=CARTESIAN_POINT('Ctrl Pts',(-86.2908770485034,97.6029404312239,38.4734842982186));
#2522=CARTESIAN_POINT('Ctrl Pts',(-86.3566125294442,98.4253964394954,36.2782720731333));
#2523=CARTESIAN_POINT('Ctrl Pts',(-86.4223480103851,98.6763590560933,34.0195639642896));
#2524=CARTESIAN_POINT('Ctrl Pts',(-86.4370240846653,98.7323888584167,33.5152857950535));
#2525=CARTESIAN_POINT('Ctrl Pts',(-86.4517001589455,98.7599326701915,33.0078426843307));
#2526=CARTESIAN_POINT('Ctrl Pts',(-86.4663762332257,98.7594197091532,32.5003442282328));
#2527=CARTESIAN_POINT('Ctrl Pts',(-87.9999995529652,88.9220153831902,17.863671477313));
#2528=CARTESIAN_POINT('Ctrl Pts',(-87.9342640720243,91.340101999806,18.5116326715123));
#2529=CARTESIAN_POINT('Ctrl Pts',(-87.8027931101427,95.8465037265427,21.028805149557));
#2530=CARTESIAN_POINT('Ctrl Pts',(-87.6055866673202,99.9972737038246,27.5683689600416));
#2531=CARTESIAN_POINT('Ctrl Pts',(-87.4083802244976,100.537927870288,35.2939494485495));
#2532=CARTESIAN_POINT('Ctrl Pts',(-87.2111737816751,97.3395015551538,42.3475958157228));
#2533=CARTESIAN_POINT('Ctrl Pts',(-87.0139673388526,91.171217343109,47.0310598207805));
#2534=CARTESIAN_POINT('Ctrl Pts',(-86.8167608960301,83.5178158545473,48.217504747221));
#2535=CARTESIAN_POINT('Ctrl Pts',(-86.6195544532077,76.2210869618789,45.6212474943251));
#2536=CARTESIAN_POINT('Ctrl Pts',(-86.4223480103851,71.0371539123535,39.8671855528309));
#2537=CARTESIAN_POINT('Ctrl Pts',(-86.2251415675626,69.2135827813363,32.3400885764916));
#2538=CARTESIAN_POINT('Ctrl Pts',(-86.0279351247401,71.1892557033026,24.8514815724633));
#2539=CARTESIAN_POINT('Ctrl Pts',(-85.8307286819176,76.4886913867179,19.2036039707763));
#2540=CARTESIAN_POINT('Ctrl Pts',(-85.6335222390951,83.8365031308219,16.755706337368));
#2541=CARTESIAN_POINT('Ctrl Pts',(-85.4363157962727,91.4643275984653,18.0969106969167));
#2542=CARTESIAN_POINT('Ctrl Pts',(-85.2391093534501,97.5364140066412,22.9044366689416));
#2543=CARTESIAN_POINT('Ctrl Pts',(-85.0419029106276,100.591422605631,30.0212800362922));
#2544=CARTESIAN_POINT('Ctrl Pts',(-84.844696467805,99.8941194813073,37.7346649210379));
#2545=CARTESIAN_POINT('Ctrl Pts',(-84.6474900249826,95.6123211200229,44.1882484617644));
#2546=CARTESIAN_POINT('Ctrl Pts',(-84.4502835821601,88.7765071145437,47.8288781659024));
#2547=CARTESIAN_POINT('Ctrl Pts',(-84.2530771393375,81.0318195249742,47.780381391474));
#2548=CARTESIAN_POINT('Ctrl Pts',(-84.0558706965151,74.2421346116202,44.0544296290483));
#2549=CARTESIAN_POINT('Ctrl Pts',(-83.8586642536925,70.0414927811587,37.5477295441761));
#2550=CARTESIAN_POINT('Ctrl Pts',(-83.6614578108701,69.4408420517519,29.8262169674555));
#2551=CARTESIAN_POINT('Ctrl Pts',(-83.4642513680475,72.5847381092649,22.7481907344803));
#2552=CARTESIAN_POINT('Ctrl Pts',(-83.2670449252251,78.716554797221,18.0170849567968));
#2553=CARTESIAN_POINT('Ctrl Pts',(-83.0698384824025,86.3605776485,16.7715118263681));
#2554=CARTESIAN_POINT('Ctrl Pts',(-82.87263203958,93.6771569016783,19.3112373639863));
#2555=CARTESIAN_POINT('Ctrl Pts',(-82.6754255967575,98.9054470516899,25.0250381901892));
#2556=CARTESIAN_POINT('Ctrl Pts',(-82.4782191539349,100.787180964266,32.5378016801848));
#2557=CARTESIAN_POINT('Ctrl Pts',(-82.2810127111126,98.8694909006689,40.0414676238608));
#2558=CARTESIAN_POINT('Ctrl Pts',(-82.08380626829,93.6138979914312,45.7301652732955));
#2559=CARTESIAN_POINT('Ctrl Pts',(-81.8865998254675,86.2852401929632,48.2348234630034));
#2560=CARTESIAN_POINT('Ctrl Pts',(-81.6893933826451,78.6472698949851,46.9526583014451));
#2561=CARTESIAN_POINT('Ctrl Pts',(-81.4921869398224,72.5381802204548,42.1922422352946));
#2562=CARTESIAN_POINT('Ctrl Pts',(-81.294980497,69.4282160366818,35.0992414211144));
#2563=CARTESIAN_POINT('Ctrl Pts',(-81.0977740541775,70.0658372816119,27.3806938296095));
#2564=CARTESIAN_POINT('Ctrl Pts',(-80.900567611355,74.297590754754,20.8941847286474));
#2565=CARTESIAN_POINT('Ctrl Pts',(-80.7033611685324,81.1050409517898,17.2007906812719));
#2566=CARTESIAN_POINT('Ctrl Pts',(-80.50615472571,88.8498719787201,17.1893828500299));
#2567=CARTESIAN_POINT('Ctrl Pts',(-80.3089482828875,95.6681730612446,20.8627067021226));
#2568=CARTESIAN_POINT('Ctrl Pts',(-80.1117418400649,99.9190168755864,27.3367212711816));
#2569=CARTESIAN_POINT('Ctrl Pts',(-79.9145353972424,100.579373537958,35.0533569923217));
#2570=CARTESIAN_POINT('Ctrl Pts',(-79.71732895442,97.4903182256536,42.1554887182066));
#2571=CARTESIAN_POINT('Ctrl Pts',(-79.5201225115974,91.3952788403197,46.9338809860703));
#2572=CARTESIAN_POINT('Ctrl Pts',(-79.322916068775,83.7611188345857,48.2385413944062));
#2573=CARTESIAN_POINT('Ctrl Pts',(-79.1257096259524,76.4251143269043,45.7554836750311));
#2574=CARTESIAN_POINT('Ctrl Pts',(-78.9285031831299,71.1527858037809,40.082293239449));
#2575=CARTESIAN_POINT('Ctrl Pts',(-78.7312967403074,69.2129989002299,32.584309207515));
#2576=CARTESIAN_POINT('Ctrl Pts',(-78.5340902974849,71.0725926858921,25.0660348890655));
#2577=CARTESIAN_POINT('Ctrl Pts',(-78.3368838546624,76.2840277780986,19.3368567585733));
#2578=CARTESIAN_POINT('Ctrl Pts',(-78.1396774118399,83.5930934682925,16.7755882215528));
#2579=CARTESIAN_POINT('Ctrl Pts',(-77.9424709690174,91.2407525018658,17.9986373067309));
#2580=CARTESIAN_POINT('Ctrl Pts',(-77.7452645261949,97.3864800197089,22.7116587445761));
#2581=CARTESIAN_POINT('Ctrl Pts',(-77.5480580833724,100.551213693209,29.7803926153605));
#2582=CARTESIAN_POINT('Ctrl Pts',(-77.3508516405499,99.9733124991496,37.5036411503837));
#2583=CARTESIAN_POINT('Ctrl Pts',(-77.1536451977274,95.7918570591323,44.0226877394613));
#2584=CARTESIAN_POINT('Ctrl Pts',(-76.9564387549049,89.0131779905453,47.7686251575728));
#2585=CARTESIAN_POINT('Ctrl Pts',(-76.7592323120824,81.2686667761068,47.8399369341971));
#2586=CARTESIAN_POINT('Ctrl Pts',(-76.5620258692599,74.4221576562772,44.2194607064969));
#2587=CARTESIAN_POINT('Ctrl Pts',(-76.3648194264373,70.1213657225107,37.7785190833421));
#2588=CARTESIAN_POINT('Ctrl Pts',(-76.1676129836149,69.4013435941971,30.0672216502878));
#2589=CARTESIAN_POINT('Ctrl Pts',(-75.9704065407923,72.4353713098116,22.9414098245198));
#2590=CARTESIAN_POINT('Ctrl Pts',(-75.7732000979699,78.4932730899968,18.1160158942043));
#2591=CARTESIAN_POINT('Ctrl Pts',(-75.5759936551473,86.1171042730569,16.7523484931453));
#2592=CARTESIAN_POINT('Ctrl Pts',(-75.3787872123249,93.472114830937,19.1785850747241));
#2593=CARTESIAN_POINT('Ctrl Pts',(-75.1815807695023,98.7881244561095,24.810835741524));
#2594=CARTESIAN_POINT('Ctrl Pts',(-74.9843743266798,100.785937682364,32.2935697017979));
#2595=CARTESIAN_POINT('Ctrl Pts',(-74.7871678838573,98.9843633089001,39.8260452406469));
#2596=CARTESIAN_POINT('Ctrl Pts',(-74.5899614410348,93.817811826198,45.5952433295251));
#2597=CARTESIAN_POINT('Ctrl Pts',(-74.3927549982123,86.5279682096254,48.2130604128257));
#2598=CARTESIAN_POINT('Ctrl Pts',(-74.2612840363306,81.4249953370773,47.4362195867872));
#2599=CARTESIAN_POINT('Ctrl Pts',(-74.1955485553898,79.1179135193596,46.4644325314088));
#2600=CARTESIAN_POINT('Ctrl Pts',(-88.2681498854903,88.8018005010423,18.3122940186662));
#2601=CARTESIAN_POINT('Ctrl Pts',(-88.2024144045495,91.1457696119272,18.9403943579257));
#2602=CARTESIAN_POINT('Ctrl Pts',(-88.0709434426678,95.5140442535912,21.3804122194711));
#2603=CARTESIAN_POINT('Ctrl Pts',(-87.8737369998453,99.5375877223334,27.7195298776674));
#2604=CARTESIAN_POINT('Ctrl Pts',(-87.6765305570228,100.061670134085,35.208311257245));
#2605=CARTESIAN_POINT('Ctrl Pts',(-87.4793241142003,96.9612797532774,42.0457541718829));
#2606=CARTESIAN_POINT('Ctrl Pts',(-87.2821176713777,90.9820614900263,46.5856639023131));
#2607=CARTESIAN_POINT('Ctrl Pts',(-87.0849112285553,83.5632467299922,47.7357427457396));
#2608=CARTESIAN_POINT('Ctrl Pts',(-86.8877047857328,76.4901720860188,45.219064160745));
#2609=CARTESIAN_POINT('Ctrl Pts',(-86.6904983429102,71.4651333394792,39.6413717156921));
#2610=CARTESIAN_POINT('Ctrl Pts',(-86.4932919000878,69.697457039865,32.3449900699976));
#2611=CARTESIAN_POINT('Ctrl Pts',(-86.2960854572651,71.6125730123367,25.0859186288076));
#2612=CARTESIAN_POINT('Ctrl Pts',(-86.0988790144428,76.7495740865298,19.6111558351815));
#2613=CARTESIAN_POINT('Ctrl Pts',(-85.9016725716202,83.8721658259779,17.2382894540145));
#2614=CARTESIAN_POINT('Ctrl Pts',(-85.7044661287978,91.2661875341133,18.5383841522624));
#2615=CARTESIAN_POINT('Ctrl Pts',(-85.5072596859752,97.1521565815365,23.198553188711));
#2616=CARTESIAN_POINT('Ctrl Pts',(-85.3100532431528,100.113525186083,30.0972560331208));
#2617=CARTESIAN_POINT('Ctrl Pts',(-85.1128468003301,99.4375953111532,37.5742156200832));
#2618=CARTESIAN_POINT('Ctrl Pts',(-84.9156403575077,95.2870396491171,43.8299884158276));
#2619=CARTESIAN_POINT('Ctrl Pts',(-84.7184339146852,88.6607522504369,47.3590280755454));
#2620=CARTESIAN_POINT('Ctrl Pts',(-84.5212274718627,81.1534494273431,47.3120177904477));
#2621=CARTESIAN_POINT('Ctrl Pts',(-84.3240210290402,74.5718772040053,43.7002713047093));
#2622=CARTESIAN_POINT('Ctrl Pts',(-84.1268145862177,70.4999905193698,37.3930100561117));
#2623=CARTESIAN_POINT('Ctrl Pts',(-83.9296081433952,69.917750517508,29.9081719015243));
#2624=CARTESIAN_POINT('Ctrl Pts',(-83.7324017005727,72.9652820641476,23.04709639574));
#2625=CARTESIAN_POINT('Ctrl Pts',(-83.5351952577502,78.9091505804431,18.4610051750956));
#2626=CARTESIAN_POINT('Ctrl Pts',(-83.3379888149276,86.3188741706482,17.2536104841811));
#2627=CARTESIAN_POINT('Ctrl Pts',(-83.1407823721052,93.4111907357154,19.7154901246359));
#2628=CARTESIAN_POINT('Ctrl Pts',(-82.9435759292826,98.4792269798112,25.2541555100442));
#2629=CARTESIAN_POINT('Ctrl Pts',(-82.7463694864602,100.303283295939,32.536643009429));
#2630=CARTESIAN_POINT('Ctrl Pts',(-82.5491630436377,98.4443729316723,39.8103118141436));
#2631=CARTESIAN_POINT('Ctrl Pts',(-82.3519566008151,93.3498707934982,45.3246434678627));
#2632=CARTESIAN_POINT('Ctrl Pts',(-82.1547501579927,86.2458459062934,47.7525306203158));
#2633=CARTESIAN_POINT('Ctrl Pts',(-81.95754371517,78.8419893507437,46.5096654917078));
#2634=CARTESIAN_POINT('Ctrl Pts',(-81.7603372723476,72.9201512352978,41.8951623811312));
#2635=CARTESIAN_POINT('Ctrl Pts',(-81.5631308295251,69.9055115062524,35.0195712845687));
#2636=CARTESIAN_POINT('Ctrl Pts',(-81.3659243867026,70.5235888291615,27.5376072345365));
#2637=CARTESIAN_POINT('Ctrl Pts',(-81.1687179438801,74.6256335440888,21.249918089882));
#2638=CARTESIAN_POINT('Ctrl Pts',(-80.9715115010576,81.2244265220143,17.6697313828025));
#2639=CARTESIAN_POINT('Ctrl Pts',(-80.7743050582351,88.7318683859269,17.6586732164533));
#2640=CARTESIAN_POINT('Ctrl Pts',(-80.5770986154126,95.3411796555615,21.2194049058882));
#2641=CARTESIAN_POINT('Ctrl Pts',(-80.37989217259,99.4617295678546,27.4949824923237));
#2642=CARTESIAN_POINT('Ctrl Pts',(-80.1826857297676,100.101845438035,34.9750932733089));
#2643=CARTESIAN_POINT('Ctrl Pts',(-79.985479286945,97.107473696302,41.8595354072342));
#2644=CARTESIAN_POINT('Ctrl Pts',(-79.7882728441226,91.1992552103801,46.4914637255174));
#2645=CARTESIAN_POINT('Ctrl Pts',(-79.5910664013,83.7990921566522,47.7561345922764));
#2646=CARTESIAN_POINT('Ctrl Pts',(-79.3938599584776,76.6879457464447,45.3491858275935));
#2647=CARTESIAN_POINT('Ctrl Pts',(-79.196653515655,71.5772209627581,39.8498860714155));
#2648=CARTESIAN_POINT('Ctrl Pts',(-78.9994470728325,69.6968910554753,32.581725020444));
#2649=CARTESIAN_POINT('Ctrl Pts',(-78.8022406300101,71.4994858684298,25.2938956066785));
#2650=CARTESIAN_POINT('Ctrl Pts',(-78.6050341871875,76.5511836842052,19.7403242513951));
#2651=CARTESIAN_POINT('Ctrl Pts',(-78.4078277443651,83.6362169867844,17.2575619325416));
#2652=CARTESIAN_POINT('Ctrl Pts',(-78.2106213015425,91.049465305558,18.4431229695427));
#2653=CARTESIAN_POINT('Ctrl Pts',(-78.01341485872,97.0068182666778,23.0116841589301));
#2654=CARTESIAN_POINT('Ctrl Pts',(-77.8162084158975,100.074548729221,29.8637521255333));
#2655=CARTESIAN_POINT('Ctrl Pts',(-77.619001973075,99.5143609598048,37.3502730290393));
#2656=CARTESIAN_POINT('Ctrl Pts',(-77.4217955302525,95.4610725777452,43.6695023454));
#2657=CARTESIAN_POINT('Ctrl Pts',(-77.2245890874299,88.8901688556908,47.3006219004348));
#2658=CARTESIAN_POINT('Ctrl Pts',(-77.0273826446075,81.3830370016005,47.3697478781815));
#2659=CARTESIAN_POINT('Ctrl Pts',(-76.830176201785,74.7463823077612,43.8602439645874));
#2660=CARTESIAN_POINT('Ctrl Pts',(-76.6329697589625,70.5774152509895,37.6167255951678));
#2661=CARTESIAN_POINT('Ctrl Pts',(-76.43576331614,69.8794627391465,30.1417894767823));
#2662=CARTESIAN_POINT('Ctrl Pts',(-76.2385568733175,72.8204935517327,23.2343930688922));
#2663=CARTESIAN_POINT('Ctrl Pts',(-76.041350430495,78.6927127484966,18.5569037503578));
#2664=CARTESIAN_POINT('Ctrl Pts',(-75.8441439876724,86.0828635714248,17.2350345320927));
#2665=CARTESIAN_POINT('Ctrl Pts',(-75.64693754485,93.2124334716262,19.5869038008947));
#2666=CARTESIAN_POINT('Ctrl Pts',(-75.4497311020274,98.3655004746647,25.046518645551));
#2667=CARTESIAN_POINT('Ctrl Pts',(-75.2525246592049,100.302078122247,32.2998970594305));
#2668=CARTESIAN_POINT('Ctrl Pts',(-75.0553182163824,98.5557243509046,39.6014924076852));
#2669=CARTESIAN_POINT('Ctrl Pts',(-74.85811177356,93.5475344035157,45.1938570574813));
#2670=CARTESIAN_POINT('Ctrl Pts',(-74.6609053307374,86.4811339929538,47.7314346359848));
#2671=CARTESIAN_POINT('Ctrl Pts',(-74.5294343688557,81.5345738884704,46.9784049935409));
#2672=CARTESIAN_POINT('Ctrl Pts',(-74.4636988879149,79.2982071347505,46.0364044777146));
#2673=CARTESIAN_POINT('Ctrl Pts',(-88.5363002180154,88.6815856188944,18.7609165600193));
#2674=CARTESIAN_POINT('Ctrl Pts',(-88.4705647370746,90.9514372240485,19.3691560443391));
#2675=CARTESIAN_POINT('Ctrl Pts',(-88.3390937751929,95.1815847806397,21.7320192893853));
#2676=CARTESIAN_POINT('Ctrl Pts',(-88.1418873323704,99.0779017408422,27.8706907952932));
#2677=CARTESIAN_POINT('Ctrl Pts',(-87.9446808895479,99.5854123978829,35.1226730659406));
#2678=CARTESIAN_POINT('Ctrl Pts',(-87.7474744467254,96.5830579514012,41.7439125280431));
#2679=CARTESIAN_POINT('Ctrl Pts',(-87.5502680039029,90.7929056369435,46.1402679838456));
#2680=CARTESIAN_POINT('Ctrl Pts',(-87.3530615610804,83.6086776054373,47.2539807442582));
#2681=CARTESIAN_POINT('Ctrl Pts',(-87.1558551182579,76.7592572101587,44.8168808271649));
#2682=CARTESIAN_POINT('Ctrl Pts',(-86.9586486754353,71.8931127666049,39.4155578785534));
#2683=CARTESIAN_POINT('Ctrl Pts',(-86.761442232613,70.1813312983937,32.3498915635036));
#2684=CARTESIAN_POINT('Ctrl Pts',(-86.5642357897902,72.0358903213709,25.320355685152));
#2685=CARTESIAN_POINT('Ctrl Pts',(-86.3670293469679,77.0104567863416,20.0187076995868));
#2686=CARTESIAN_POINT('Ctrl Pts',(-86.1698229041453,83.9078285211339,17.720872570661));
#2687=CARTESIAN_POINT('Ctrl Pts',(-85.9726164613229,91.0680474697612,18.9798576076081));
#2688=CARTESIAN_POINT('Ctrl Pts',(-85.7754100185003,96.7678991564317,23.4926697084804));
#2689=CARTESIAN_POINT('Ctrl Pts',(-85.5782035756778,99.6356277665353,30.1732320299494));
#2690=CARTESIAN_POINT('Ctrl Pts',(-85.3809971328553,98.9810711409991,37.4137663191285));
#2691=CARTESIAN_POINT('Ctrl Pts',(-85.1837906900328,94.9617581782113,43.4717283698908));
#2692=CARTESIAN_POINT('Ctrl Pts',(-84.9865842472103,88.5449973863302,46.8891779851883));
#2693=CARTESIAN_POINT('Ctrl Pts',(-84.7893778043878,81.275079329712,46.8436541894215));
#2694=CARTESIAN_POINT('Ctrl Pts',(-84.5921713615653,74.9016197963903,43.3461129803704));
#2695=CARTESIAN_POINT('Ctrl Pts',(-84.3949649187428,70.9584882575808,37.2382905680474));
#2696=CARTESIAN_POINT('Ctrl Pts',(-84.1977584759203,70.3946589832643,29.9901268355932));
#2697=CARTESIAN_POINT('Ctrl Pts',(-84.0005520330978,73.3458260190304,23.3460020569998));
#2698=CARTESIAN_POINT('Ctrl Pts',(-83.8033455902753,79.1017463636654,18.9049253933943));
#2699=CARTESIAN_POINT('Ctrl Pts',(-83.6061391474528,86.2771706927963,17.7357091419941));
#2700=CARTESIAN_POINT('Ctrl Pts',(-83.4089327046302,93.1452245697526,20.1197428852857));
#2701=CARTESIAN_POINT('Ctrl Pts',(-83.2117262618078,98.0530069079323,25.4832728298992));
#2702=CARTESIAN_POINT('Ctrl Pts',(-83.0145198189852,99.8193856276128,32.5354843386732));
#2703=CARTESIAN_POINT('Ctrl Pts',(-82.8173133761628,98.0192549626755,39.5791560044264));
#2704=CARTESIAN_POINT('Ctrl Pts',(-82.6201069333402,93.0858435955652,44.9191216624299));
#2705=CARTESIAN_POINT('Ctrl Pts',(-82.4229004905178,86.2064516196236,47.2702377776282));
#2706=CARTESIAN_POINT('Ctrl Pts',(-82.2256940476952,79.0367088065024,46.0666726819705));
#2707=CARTESIAN_POINT('Ctrl Pts',(-82.0284876048728,73.3021222501406,41.5980825269677));
#2708=CARTESIAN_POINT('Ctrl Pts',(-81.8312811620502,70.3828069758231,34.939901148023));
#2709=CARTESIAN_POINT('Ctrl Pts',(-81.6340747192277,70.9813403767111,27.6945206394635));
#2710=CARTESIAN_POINT('Ctrl Pts',(-81.4368682764052,74.9536763334237,21.6056514511166));
#2711=CARTESIAN_POINT('Ctrl Pts',(-81.2396618335827,81.3438120922388,18.1386720843332));
#2712=CARTESIAN_POINT('Ctrl Pts',(-81.0424553907602,88.6138647931337,18.1279635828767));
#2713=CARTESIAN_POINT('Ctrl Pts',(-80.8452489479377,95.0141862498784,21.5761031096538));
#2714=CARTESIAN_POINT('Ctrl Pts',(-80.6480425051152,99.0044422601229,27.6532437134658));
#2715=CARTESIAN_POINT('Ctrl Pts',(-80.4508360622927,99.6243173381123,34.8968295542962));
#2716=CARTESIAN_POINT('Ctrl Pts',(-80.2536296194702,96.7246291669505,41.5635820962618));
#2717=CARTESIAN_POINT('Ctrl Pts',(-80.0564231766477,91.0032315804404,46.0490464649644));
#2718=CARTESIAN_POINT('Ctrl Pts',(-79.8592167338251,83.8370654787187,47.2737277901466));
#2719=CARTESIAN_POINT('Ctrl Pts',(-79.6620102910027,76.9507771659851,44.9428879801558));
#2720=CARTESIAN_POINT('Ctrl Pts',(-79.4648038481802,72.0016561217353,39.6174789033819));
#2721=CARTESIAN_POINT('Ctrl Pts',(-79.2675974053577,70.1807832107208,32.579140833373));
#2722=CARTESIAN_POINT('Ctrl Pts',(-79.0703909625351,71.9263790509674,25.5217563242914));
#2723=CARTESIAN_POINT('Ctrl Pts',(-78.8731845197127,76.8183395903119,20.1437917442168));
#2724=CARTESIAN_POINT('Ctrl Pts',(-78.6759780768902,83.6793405052762,17.7395356435304));
#2725=CARTESIAN_POINT('Ctrl Pts',(-78.4787716340676,90.8581781092504,18.8876086323546));
#2726=CARTESIAN_POINT('Ctrl Pts',(-78.2815651912452,96.6271565136467,23.3117095732841));
#2727=CARTESIAN_POINT('Ctrl Pts',(-78.0843587484226,99.5978837652338,29.9471116357061));
#2728=CARTESIAN_POINT('Ctrl Pts',(-77.8871523056001,99.0554094204599,37.1969049076949));
#2729=CARTESIAN_POINT('Ctrl Pts',(-77.6899458627776,95.1302880963581,43.3163169513387));
#2730=CARTESIAN_POINT('Ctrl Pts',(-77.4927394199551,88.7671597208364,46.8326186432968));
#2731=CARTESIAN_POINT('Ctrl Pts',(-77.2955329771326,81.4974072270941,46.8995588221659));
#2732=CARTESIAN_POINT('Ctrl Pts',(-77.0983265343101,75.0706069592453,43.5010272226779));
#2733=CARTESIAN_POINT('Ctrl Pts',(-76.9011200914876,71.0334647794682,37.4549321069936));
#2734=CARTESIAN_POINT('Ctrl Pts',(-76.7039136486651,70.3575818840959,30.2163573032769));
#2735=CARTESIAN_POINT('Ctrl Pts',(-76.5067072058426,73.2056157936538,23.5273763132646));
#2736=CARTESIAN_POINT('Ctrl Pts',(-76.3095007630201,78.8921524069965,18.9977916065112));
#2737=CARTESIAN_POINT('Ctrl Pts',(-76.1122943201976,86.0486228697926,17.7177205710401));
#2738=CARTESIAN_POINT('Ctrl Pts',(-75.9150878773751,92.9527521123154,19.9952225270652));
#2739=CARTESIAN_POINT('Ctrl Pts',(-75.7178814345526,97.9428764932197,25.2822015495779));
#2740=CARTESIAN_POINT('Ctrl Pts',(-75.5206749917301,99.8182185621311,32.3062244170632));
#2741=CARTESIAN_POINT('Ctrl Pts',(-75.3234685489075,98.127085392909,39.3769395747235));
#2742=CARTESIAN_POINT('Ctrl Pts',(-75.1262621060851,93.2772569808335,44.7924707854375));
#2743=CARTESIAN_POINT('Ctrl Pts',(-74.9290556632625,86.4342997762821,47.2498088591439));
#2744=CARTESIAN_POINT('Ctrl Pts',(-74.7975847013809,81.6441524398636,46.5205904002946));
#2745=CARTESIAN_POINT('Ctrl Pts',(-74.73184922044,79.4785007501414,45.6083764240203));
#2746=CARTESIAN_POINT('Ctrl Pts',(-88.8044505505405,88.5613707367465,19.2095391013725));
#2747=CARTESIAN_POINT('Ctrl Pts',(-88.7387150695997,90.7571048361698,19.7979177307525));
#2748=CARTESIAN_POINT('Ctrl Pts',(-88.607244107718,94.8491253076882,22.0836263592995));
#2749=CARTESIAN_POINT('Ctrl Pts',(-88.4100376648956,98.6182157593509,28.021851712919));
#2750=CARTESIAN_POINT('Ctrl Pts',(-88.212831222073,99.1091546616805,35.0370348746362));
#2751=CARTESIAN_POINT('Ctrl Pts',(-88.0156247792505,96.2048361495248,41.4420708842032));
#2752=CARTESIAN_POINT('Ctrl Pts',(-87.818418336428,90.6037497838607,45.6948720653782));
#2753=CARTESIAN_POINT('Ctrl Pts',(-87.6212118936055,83.6541084808823,46.7722187427768));
#2754=CARTESIAN_POINT('Ctrl Pts',(-87.424005450783,77.0283423342987,44.4146974935848));
#2755=CARTESIAN_POINT('Ctrl Pts',(-87.2267990079604,72.3210921937305,39.1897440414147));
#2756=CARTESIAN_POINT('Ctrl Pts',(-87.0295925651381,70.6652055569225,32.3547930570096));
#2757=CARTESIAN_POINT('Ctrl Pts',(-86.8323861223154,72.4592076304049,25.5547927414964));
#2758=CARTESIAN_POINT('Ctrl Pts',(-86.635179679493,77.2713394861535,20.426259563992));
#2759=CARTESIAN_POINT('Ctrl Pts',(-86.4379732366704,83.9434912162898,18.2034556873075));
#2760=CARTESIAN_POINT('Ctrl Pts',(-86.240766793848,90.8699074054092,19.4213310629539));
#2761=CARTESIAN_POINT('Ctrl Pts',(-86.0435603510254,96.383641731327,23.7867862282498));
#2762=CARTESIAN_POINT('Ctrl Pts',(-85.846353908203,99.1577303469872,30.2492080267779));
#2763=CARTESIAN_POINT('Ctrl Pts',(-85.6491474653804,98.5245469708451,37.2533170181738));
#2764=CARTESIAN_POINT('Ctrl Pts',(-85.4519410225579,94.6364767073054,43.1134683239541));
#2765=CARTESIAN_POINT('Ctrl Pts',(-85.2547345797354,88.4292425222235,46.4193278948312));
#2766=CARTESIAN_POINT('Ctrl Pts',(-85.057528136913,81.396709232081,46.3752905883953));
#2767=CARTESIAN_POINT('Ctrl Pts',(-84.8603216940904,75.2313623887754,42.9919546560313));
#2768=CARTESIAN_POINT('Ctrl Pts',(-84.663115251268,71.4169859957919,37.083571079983));
#2769=CARTESIAN_POINT('Ctrl Pts',(-84.4659088084453,70.8715674490204,30.072081769662));
#2770=CARTESIAN_POINT('Ctrl Pts',(-84.268702365623,73.7263699739132,23.6449077182596));
#2771=CARTESIAN_POINT('Ctrl Pts',(-84.0714959228004,79.2943421468875,19.3488456116931));
#2772=CARTESIAN_POINT('Ctrl Pts',(-83.874289479978,86.2354672149444,18.2178077998072));
#2773=CARTESIAN_POINT('Ctrl Pts',(-83.6770830371554,92.8792584037899,20.5239956459353));
#2774=CARTESIAN_POINT('Ctrl Pts',(-83.4798765943329,97.6267868360537,25.7123901497542));
#2775=CARTESIAN_POINT('Ctrl Pts',(-83.2826701515103,99.335487959286,32.5343256679174));
#2776=CARTESIAN_POINT('Ctrl Pts',(-83.0854637086879,97.594136993679,39.3480001947092));
#2777=CARTESIAN_POINT('Ctrl Pts',(-82.8882572658654,92.821816397632,44.513599856997));
#2778=CARTESIAN_POINT('Ctrl Pts',(-82.6910508230429,86.1670573329538,46.7879449349407));
#2779=CARTESIAN_POINT('Ctrl Pts',(-82.4938443802204,79.231428262261,45.6236798722332));
#2780=CARTESIAN_POINT('Ctrl Pts',(-82.2966379373979,73.6840932649835,41.3010026728043));
#2781=CARTESIAN_POINT('Ctrl Pts',(-82.0994314945754,70.8601024453937,34.8602310114772));
#2782=CARTESIAN_POINT('Ctrl Pts',(-81.9022250517529,71.4390919242608,27.8514340443906));
#2783=CARTESIAN_POINT('Ctrl Pts',(-81.7050186089304,75.2817191227585,21.9613848123512));
#2784=CARTESIAN_POINT('Ctrl Pts',(-81.5078121661078,81.4631976624634,18.6076127858638));
#2785=CARTESIAN_POINT('Ctrl Pts',(-81.3106057232854,88.4958612003406,18.5972539493001));
#2786=CARTESIAN_POINT('Ctrl Pts',(-81.1133992804628,94.6871928441953,21.9328013134194));
#2787=CARTESIAN_POINT('Ctrl Pts',(-80.9161928376403,98.5471549523912,27.8115049346079));
#2788=CARTESIAN_POINT('Ctrl Pts',(-80.7189863948178,99.1467892381892,34.8185658352835));
#2789=CARTESIAN_POINT('Ctrl Pts',(-80.5217799519953,96.3417846375989,41.2676287852895));
#2790=CARTESIAN_POINT('Ctrl Pts',(-80.3245735091728,90.8072079505007,45.6066292044115));
#2791=CARTESIAN_POINT('Ctrl Pts',(-80.1273670663503,83.8750388007851,46.7913209880168));
#2792=CARTESIAN_POINT('Ctrl Pts',(-79.9301606235278,77.2136085855254,44.5365901327182));
#2793=CARTESIAN_POINT('Ctrl Pts',(-79.7329541807053,72.4260912807125,39.3850717353484));
#2794=CARTESIAN_POINT('Ctrl Pts',(-79.5357477378828,70.6646753659663,32.576556646302));
#2795=CARTESIAN_POINT('Ctrl Pts',(-79.3385412950603,72.353272233505,25.7496170419043));
#2796=CARTESIAN_POINT('Ctrl Pts',(-79.1413348522377,77.0854954964185,20.5472592370386));
#2797=CARTESIAN_POINT('Ctrl Pts',(-78.9441284094153,83.7224640237681,18.2215093545192));
#2798=CARTESIAN_POINT('Ctrl Pts',(-78.7469219665928,90.6668909129426,19.3320942951664));
#2799=CARTESIAN_POINT('Ctrl Pts',(-78.5497155237703,96.2474947606157,23.6117349876381));
#2800=CARTESIAN_POINT('Ctrl Pts',(-78.3525090809477,99.1212188012465,30.030471145879));
#2801=CARTESIAN_POINT('Ctrl Pts',(-78.1553026381252,98.5964578811151,37.0435367863505));
#2802=CARTESIAN_POINT('Ctrl Pts',(-77.9580961953027,94.799503614971,42.9631315572774));
#2803=CARTESIAN_POINT('Ctrl Pts',(-77.7608897524802,88.6441505859821,46.3646153861588));
#2804=CARTESIAN_POINT('Ctrl Pts',(-77.5636833096578,81.6117774525877,46.4293697661503));
#2805=CARTESIAN_POINT('Ctrl Pts',(-77.3664768668352,75.3948316107293,43.1418104807683));
#2806=CARTESIAN_POINT('Ctrl Pts',(-77.1692704240128,71.489514307947,37.2931386188193));
#2807=CARTESIAN_POINT('Ctrl Pts',(-76.9720639811902,70.8357010290453,30.2909251297714));
#2808=CARTESIAN_POINT('Ctrl Pts',(-76.7748575383677,73.5907380355749,23.820359557637));
#2809=CARTESIAN_POINT('Ctrl Pts',(-76.5776510955452,79.0915920654964,19.4386794626647));
#2810=CARTESIAN_POINT('Ctrl Pts',(-76.3804446527227,86.0143821681605,18.2004066099876));
#2811=CARTESIAN_POINT('Ctrl Pts',(-76.1832382099002,92.6930707530047,20.4035412532357));
#2812=CARTESIAN_POINT('Ctrl Pts',(-75.9860317670777,97.5202525117748,25.5178844536049));
#2813=CARTESIAN_POINT('Ctrl Pts',(-75.7888253242552,99.3343590020148,32.3125517746958));
#2814=CARTESIAN_POINT('Ctrl Pts',(-75.5916188814327,97.6984464349135,39.1523867417618));
#2815=CARTESIAN_POINT('Ctrl Pts',(-75.3944124386102,93.0069795581511,44.3910845133937));
#2816=CARTESIAN_POINT('Ctrl Pts',(-75.1972059957876,86.3874655596105,46.768183082303));
#2817=CARTESIAN_POINT('Ctrl Pts',(-75.065735033906,81.7537309912567,46.0627758070483));
#2818=CARTESIAN_POINT('Ctrl Pts',(-74.9999995529651,79.6587943655323,45.1803483703261));
#2819=CARTESIAN_POINT('Ctrl Pts',(-74.9999995529651,79.6587943655324,45.1803483703261));
#2820=CARTESIAN_POINT('Ctrl Pts',(-74.9999995529651,79.9390300117586,45.3152716285161));
#2821=CARTESIAN_POINT('Ctrl Pts',(-74.9999995529652,80.2234589369215,45.4402729474603));
#2822=CARTESIAN_POINT('Ctrl Pts',(-74.9999995529652,80.5114964269321,45.5553874454914));
#2823=CARTESIAN_POINT('Ctrl Pts',(-74.9999995529652,80.8034317769016,45.6720597275198));
#2824=CARTESIAN_POINT('Ctrl Pts',(-74.9999995529651,81.0990744829081,45.7785760122384));
#2825=CARTESIAN_POINT('Ctrl Pts',(-74.9999995529651,81.3978503700876,45.8749309418912));
#2826=CARTESIAN_POINT('Ctrl Pts',(-74.9999995529651,81.699402490273,45.9721812039568));
#2827=CARTESIAN_POINT('Ctrl Pts',(-74.9999995529652,82.0041468140926,46.0590806056204));
#2828=CARTESIAN_POINT('Ctrl Pts',(-74.9999995529652,82.3115204714729,46.1355779868288));
#2829=CARTESIAN_POINT('Ctrl Pts',(-74.9999995529652,82.6200502671327,46.2123631010571));
#2830=CARTESIAN_POINT('Ctrl Pts',(-74.9999995529652,82.9312297836856,46.2786679806549));
#2831=CARTESIAN_POINT('Ctrl Pts',(-74.9999995529652,83.2445090093848,46.3343921815324));
#2832=CARTESIAN_POINT('Ctrl Pts',(-74.9999995529652,83.5559514672487,46.3897896693329));
#2833=CARTESIAN_POINT('Ctrl Pts',(-74.9999995529651,83.8694696736157,46.4347302968523));
#2834=CARTESIAN_POINT('Ctrl Pts',(-74.9999995529651,84.1845334989957,46.4690652344177));
#2835=CARTESIAN_POINT('Ctrl Pts',(-74.9999995529651,84.3654363603002,46.488779615911));
#2836=CARTESIAN_POINT('Ctrl Pts',(-74.9999995529652,84.5468489252917,46.5049965708281));
#2837=CARTESIAN_POINT('Ctrl Pts',(-74.9999995529652,84.7286712410989,46.5176801556945));
#2838=CARTESIAN_POINT('Ctrl Pts',(-74.9999995529652,84.7641636671249,46.5201560409874));
#2839=CARTESIAN_POINT('Ctrl Pts',(-74.9999995529651,84.799671706076,46.522497271044));
#2840=CARTESIAN_POINT('Ctrl Pts',(-74.9999995529651,84.8351946133958,46.5247035526077));
#2841=CARTESIAN_POINT('Ctrl Pts',(-74.9999995529651,84.8635377420832,46.5264639074605));
#2842=CARTESIAN_POINT('Ctrl Pts',(-74.9999995529652,84.8918889553961,46.5281382459899));
#2843=CARTESIAN_POINT('Ctrl Pts',(-74.9999995529652,84.9202381298188,46.5297259543218));
#2844=CARTESIAN_POINT('Ctrl Pts',(-74.9999995529652,85.2427282810963,46.547787161061));
#2845=CARTESIAN_POINT('Ctrl Pts',(-74.9999995529652,85.5652986606357,46.5546638637935));
#2846=CARTESIAN_POINT('Ctrl Pts',(-74.9999995529652,85.8873695783419,46.5503305053974));
#2847=CARTESIAN_POINT('Ctrl Pts',(-74.9999995529652,86.0468440346328,46.548184828976));
#2848=CARTESIAN_POINT('Ctrl Pts',(-74.9999995529651,86.2061963663756,46.5432899653374));
#2849=CARTESIAN_POINT('Ctrl Pts',(-74.9999995529651,86.365357792208,46.5356383690961));
#2850=CARTESIAN_POINT('Ctrl Pts',(-74.9999995529651,86.6838382726855,46.5203275986969));
#2851=CARTESIAN_POINT('Ctrl Pts',(-74.9999995529651,87.0015540090915,46.4939824012509));
#2852=CARTESIAN_POINT('Ctrl Pts',(-74.9999995529651,87.3179900151688,46.4568664036087));
#2853=CARTESIAN_POINT('Ctrl Pts',(-74.9999995529651,87.6371239869593,46.4194339511791));
#2854=CARTESIAN_POINT('Ctrl Pts',(-74.9999995529652,87.9549568736933,46.3710461823889));
#2855=CARTESIAN_POINT('Ctrl Pts',(-74.9999995529652,88.2709631649497,46.311920102042));
#2856=CARTESIAN_POINT('Ctrl Pts',(-74.9999995529652,88.5878954666531,46.2526207613215));
#2857=CARTESIAN_POINT('Ctrl Pts',(-74.9999995529652,88.9029910382938,46.1825199695927));
#2858=CARTESIAN_POINT('Ctrl Pts',(-74.9999995529652,89.2157138494125,46.1017845713487));
#2859=CARTESIAN_POINT('Ctrl Pts',(-74.9999995529652,89.5273986241347,46.0213171621317));
#2860=CARTESIAN_POINT('Ctrl Pts',(-74.9999995529651,89.8367269458374,45.9302854706785));
#2861=CARTESIAN_POINT('Ctrl Pts',(-74.9999995529651,90.1431535317278,45.8288051480317));
#2862=CARTESIAN_POINT('Ctrl Pts',(-74.9999995529651,90.1796052080323,45.8167333238404));
#2863=CARTESIAN_POINT('Ctrl Pts',(-74.9999995529652,90.2160157993199,45.8045135866177));
#2864=CARTESIAN_POINT('Ctrl Pts',(-74.9999995529652,90.2523843678378,45.7921460858057));
#2865=CARTESIAN_POINT('Ctrl Pts',(-74.9999995529652,90.282653954856,45.7818526055485));
#2866=CARTESIAN_POINT('Ctrl Pts',(-74.9999995529652,90.3128935453189,45.7714570365175));
#2867=CARTESIAN_POINT('Ctrl Pts',(-74.9999995529652,90.3430903126312,45.7609638396049));
#2868=CARTESIAN_POINT('Ctrl Pts',(-74.9999995529652,90.6513564386535,45.653843195584));
#2869=CARTESIAN_POINT('Ctrl Pts',(-74.9999995529652,90.9554998462071,45.5364375864376));
#2870=CARTESIAN_POINT('Ctrl Pts',(-74.9999995529652,91.2549961568182,45.4090219658342));
#2871=CARTESIAN_POINT('Ctrl Pts',(-74.9999995529652,91.5679900081392,45.2758640456925));
#2872=CARTESIAN_POINT('Ctrl Pts',(-74.9999995529652,91.8759091608488,45.1317737741989));
#2873=CARTESIAN_POINT('Ctrl Pts',(-74.9999995529652,92.1781505798296,44.9770048626602));
#2874=CARTESIAN_POINT('Ctrl Pts',(-74.9999995529652,92.4803919988103,44.8222359511215));
#2875=CARTESIAN_POINT('Ctrl Pts',(-74.9999995529652,92.7769564025929,44.6567882074795));
#2876=CARTESIAN_POINT('Ctrl Pts',(-74.9999995529652,93.0672255290989,44.4808568159982));
#2877=CARTESIAN_POINT('Ctrl Pts',(-74.9999995529652,93.3459925050337,44.311896849206));
#2878=CARTESIAN_POINT('Ctrl Pts',(-74.9999995529652,93.6189536964974,44.1332671121551));
#2879=CARTESIAN_POINT('Ctrl Pts',(-74.9999995529652,93.8857477237336,43.9453975546161));
#2880=CARTESIAN_POINT('Ctrl Pts',(-74.9999995529652,94.0992085435171,43.7950838831292));
#2881=CARTESIAN_POINT('Ctrl Pts',(-74.9999995529652,94.308721076697,43.6388542985244));
#2882=CARTESIAN_POINT('Ctrl Pts',(-74.9999995529652,94.514086785671,43.4769091078908));
#2883=CARTESIAN_POINT('Ctrl Pts',(-74.9999995529652,94.6937817810233,43.3352070660863));
#2884=CARTESIAN_POINT('Ctrl Pts',(-74.9999995529652,94.8703017445944,43.1891286983275));
#2885=CARTESIAN_POINT('Ctrl Pts',(-74.9999995529652,95.0435047408772,43.0387983196387));
#2886=CARTESIAN_POINT('Ctrl Pts',(-74.9999995529652,95.0807448389695,43.0064760263252));
#2887=CARTESIAN_POINT('Ctrl Pts',(-74.9999995529652,95.1178367034369,42.9739525136796));
#2888=CARTESIAN_POINT('Ctrl Pts',(-74.9999995529652,95.1547515307528,42.9412533960715));
#2889=CARTESIAN_POINT('Ctrl Pts',(-74.9999995529652,95.4001814227541,42.723851839932));
#2890=CARTESIAN_POINT('Ctrl Pts',(-74.9999995529652,95.6379621597803,42.4985443646082));
#2891=CARTESIAN_POINT('Ctrl Pts',(-74.9999995529652,95.8677797997105,42.26582889085));
#2892=CARTESIAN_POINT('Ctrl Pts',(-74.9999995529652,96.1008526585455,42.0298171522366));
#2893=CARTESIAN_POINT('Ctrl Pts',(-74.9999995529652,96.3257357172376,41.7861857698327));
#2894=CARTESIAN_POINT('Ctrl Pts',(-74.9999995529652,96.5420772615834,41.5354063618191));
#2895=CARTESIAN_POINT('Ctrl Pts',(-74.9999995529652,96.7588956852981,41.2840741634194));
#2896=CARTESIAN_POINT('Ctrl Pts',(-74.9999995529651,96.9671353483686,41.0255619908993));
#2897=CARTESIAN_POINT('Ctrl Pts',(-74.9999995529651,97.1664110722219,40.7603023918101));
#2898=CARTESIAN_POINT('Ctrl Pts',(-74.9999995529651,97.3645231404737,40.4965917561991));
#2899=CARTESIAN_POINT('Ctrl Pts',(-74.9999995529652,97.5537760567149,40.2262118256971));
#2900=CARTESIAN_POINT('Ctrl Pts',(-74.9999995529652,97.7337542878908,39.9495523265345));
#2901=CARTESIAN_POINT('Ctrl Pts',(-74.9999995529652,97.8593967231145,39.7564168957913));
#2902=CARTESIAN_POINT('Ctrl Pts',(-74.9999995529652,97.9805184646603,39.5602204373222));
#2903=CARTESIAN_POINT('Ctrl Pts',(-74.9999995529652,98.0969657251011,39.3610869635629));
#2904=CARTESIAN_POINT('Ctrl Pts',(-74.9999995529652,98.2527319034521,39.0947152166294));
#2905=CARTESIAN_POINT('Ctrl Pts',(-74.9999995529651,98.4001352877543,38.8230885803316));
#2906=CARTESIAN_POINT('Ctrl Pts',(-74.9999995529651,98.5390406884989,38.5466272628149));
#2907=CARTESIAN_POINT('Ctrl Pts',(-74.9999995529651,98.5604921045858,38.5039328339288));
#2908=CARTESIAN_POINT('Ctrl Pts',(-74.9999995529652,98.5817425037478,38.4611194440858));
#2909=CARTESIAN_POINT('Ctrl Pts',(-74.9999995529652,98.6027793225103,38.4182134037872));
#2910=CARTESIAN_POINT('Ctrl Pts',(-74.9999995529652,98.7492748828028,38.119425622021));
#2911=CARTESIAN_POINT('Ctrl Pts',(-74.9999995529651,98.8855289487071,37.815927915993));
#2912=CARTESIAN_POINT('Ctrl Pts',(-74.9999995529651,99.0114788395232,37.5083091689867));
#2913=CARTESIAN_POINT('Ctrl Pts',(-74.9999995529651,99.1384841620508,37.1981126461799));
#2914=CARTESIAN_POINT('Ctrl Pts',(-74.9999995529652,99.2550121368823,36.883725215132));
#2915=CARTESIAN_POINT('Ctrl Pts',(-74.9999995529652,99.3609544289863,36.5657209576357));
#2916=CARTESIAN_POINT('Ctrl Pts',(-74.9999995529652,99.4671929155382,36.2468276208716));
#2917=CARTESIAN_POINT('Ctrl Pts',(-74.9999995529652,99.5627866638391,35.9242966510705));
#2918=CARTESIAN_POINT('Ctrl Pts',(-74.9999995529652,99.6475788731871,35.5986852621635));
#2919=CARTESIAN_POINT('Ctrl Pts',(-74.9999995529652,99.6662763874356,35.5268847556033));
#2920=CARTESIAN_POINT('Ctrl Pts',(-74.9999995529652,99.6844484912264,35.4549344000448));
#2921=CARTESIAN_POINT('Ctrl Pts',(-74.9999995529652,99.7020931766602,35.3828400705339));
#2922=CARTESIAN_POINT('Ctrl Pts',(-74.9999995529652,99.7138676854665,35.3347306655294));
#2923=CARTESIAN_POINT('Ctrl Pts',(-74.9999995529652,99.7254073296742,35.2865571475395));
#2924=CARTESIAN_POINT('Ctrl Pts',(-74.9999995529652,99.7367114825959,35.2383212556364));
#2925=CARTESIAN_POINT('Ctrl Pts',(-74.9999995529652,99.7462568757357,35.1975901584144));
#2926=CARTESIAN_POINT('Ctrl Pts',(-74.9999995529652,99.7556339421076,35.1568162020649));
#2927=CARTESIAN_POINT('Ctrl Pts',(-74.9999995529652,99.7648398052984,35.1160120865058));
#2928=CARTESIAN_POINT('Ctrl Pts',(-74.9999995529652,99.8394552512565,34.7852861984223));
#2929=CARTESIAN_POINT('Ctrl Pts',(-74.9999995529652,99.9028767984625,34.4523720675526));
#2930=CARTESIAN_POINT('Ctrl Pts',(-74.9999995529652,99.9550005990258,34.1178547296735));
#2931=CARTESIAN_POINT('Ctrl Pts',(-74.9999995529652,100.007083528469,33.7835996922841));
#2932=CARTESIAN_POINT('Ctrl Pts',(-74.9999995529652,100.047886603358,33.4477433854874));
#2933=CARTESIAN_POINT('Ctrl Pts',(-74.9999995529652,100.077257719805,33.1108512856891));
#2934=CARTESIAN_POINT('Ctrl Pts',(-74.9999995529652,100.100708038473,32.8418718238025));
#2935=CARTESIAN_POINT('Ctrl Pts',(-74.9999995529652,100.116869984983,32.5722316191968));
#2936=CARTESIAN_POINT('Ctrl Pts',(-74.9999995529652,100.125642718479,32.3022138555967));
#2937=CARTESIAN_POINT('Ctrl Pts',(-74.9999995529652,100.132079938855,32.1040813293644));
#2938=CARTESIAN_POINT('Ctrl Pts',(-74.9999995529652,100.134538162003,31.9057454223822));
#2939=CARTESIAN_POINT('Ctrl Pts',(-74.9999995529652,100.133046047787,31.7073165481288));
#2940=CARTESIAN_POINT('Ctrl Pts',(-85.7836228727046,98.7587933046001,32.499692553232));
#2941=CARTESIAN_POINT('Ctrl Pts',(-85.7387977369299,98.7575010621255,34.0499489779019));
#2942=CARTESIAN_POINT('Ctrl Pts',(-85.6939726011552,98.4959075751976,35.6006305902544));
#2943=CARTESIAN_POINT('Ctrl Pts',(-85.6491474653804,97.9820658229455,37.0626574039045));
#2944=CARTESIAN_POINT('Ctrl Pts',(-85.5834119844396,97.2285235496652,39.2067007867672));
#2945=CARTESIAN_POINT('Ctrl Pts',(-85.5176765034988,95.9325001284853,41.1600845553606));
#2946=CARTESIAN_POINT('Ctrl Pts',(-85.4519410225579,94.2499493870484,42.6877530348035));
#2947=CARTESIAN_POINT('Ctrl Pts',(-85.3862055416171,92.5673986456115,44.2154215142464));
#2948=CARTESIAN_POINT('Ctrl Pts',(-85.3204700606763,90.4983205839175,45.3173747045388));
#2949=CARTESIAN_POINT('Ctrl Pts',(-85.2547345797355,88.2916926713801,45.8610117486124));
#2950=CARTESIAN_POINT('Ctrl Pts',(-85.1889990987946,86.0850647588427,46.4046487926859));
#2951=CARTESIAN_POINT('Ctrl Pts',(-85.1232636178538,83.7408869954618,46.3899696905406));
#2952=CARTESIAN_POINT('Ctrl Pts',(-85.057528136913,81.5412403065538,45.8187408174073));
#2953=CARTESIAN_POINT('Ctrl Pts',(-84.9917926559721,79.3415936176458,45.247511944274));
#2954=CARTESIAN_POINT('Ctrl Pts',(-84.9260571750313,77.2864780032106,44.1197333001527));
#2955=CARTESIAN_POINT('Ctrl Pts',(-84.8603216940904,75.6231907971624,42.571113382084));
#2956=CARTESIAN_POINT('Ctrl Pts',(-84.7945862131496,73.9599035911143,41.0224934640152));
#2957=CARTESIAN_POINT('Ctrl Pts',(-84.7288507322088,72.6884447934531,39.0530322719992));
#2958=CARTESIAN_POINT('Ctrl Pts',(-84.663115251268,71.9618123034939,36.899720124271));
#2959=CARTESIAN_POINT('Ctrl Pts',(-84.5973797703271,71.2351798135348,34.7464079765427));
#2960=CARTESIAN_POINT('Ctrl Pts',(-84.5316442893862,71.0533736312776,32.4092448731024));
#2961=CARTESIAN_POINT('Ctrl Pts',(-84.4659088084454,71.4382709609645,30.1694676461484));
#2962=CARTESIAN_POINT('Ctrl Pts',(-84.4001733275046,71.8231682906514,27.9296904191946));
#2963=CARTESIAN_POINT('Ctrl Pts',(-84.3344378465638,72.7747691322823,25.7872990687271));
#2964=CARTESIAN_POINT('Ctrl Pts',(-84.2687023656229,74.1785649152601,24.0000930423989));
#2965=CARTESIAN_POINT('Ctrl Pts',(-84.2029668846821,75.5823606982379,22.2128870160708));
#2966=CARTESIAN_POINT('Ctrl Pts',(-84.1372314037412,77.4383514225627,20.7808663138819));
#2967=CARTESIAN_POINT('Ctrl Pts',(-84.0714959228004,79.5232009627346,19.8763496608065));
#2968=CARTESIAN_POINT('Ctrl Pts',(-84.0057604418596,81.6080505029065,18.9718330077311));
#2969=CARTESIAN_POINT('Ctrl Pts',(-83.9400249609188,83.9217588589254,18.5948204037692));
#2970=CARTESIAN_POINT('Ctrl Pts',(-83.874289479978,86.1859115684091,18.7906787428095));
#2971=CARTESIAN_POINT('Ctrl Pts',(-83.8085539990371,88.4500642778929,18.9865370818499));
#2972=CARTESIAN_POINT('Ctrl Pts',(-83.7428185180963,90.6646613408413,19.7552663638926));
#2973=CARTESIAN_POINT('Ctrl Pts',(-83.6770830371554,92.5632146110262,21.0043634222171));
#2974=CARTESIAN_POINT('Ctrl Pts',(-83.6113475562146,94.4617678812111,22.2534604805416));
#2975=CARTESIAN_POINT('Ctrl Pts',(-83.5456120752737,96.0442773586324,23.9829253151479));
#2976=CARTESIAN_POINT('Ctrl Pts',(-83.4798765943329,97.1203156178817,25.9846469854782));
#2977=CARTESIAN_POINT('Ctrl Pts',(-83.4144586871235,98.191155444257,27.9766981671931));
#2978=CARTESIAN_POINT('Ctrl Pts',(-83.349040779914,98.7604058432888,30.2383819468157));
#2979=CARTESIAN_POINT('Ctrl Pts',(-83.2836228727046,98.7605178915801,32.5000113712177));
#2980=CARTESIAN_POINT('Ctrl Pts',(-87.9999995529652,88.9220153831902,17.863671477313));
#2981=CARTESIAN_POINT('Ctrl Pts',(-87.9999995529652,89.241087681394,17.9649171673471));
#2982=CARTESIAN_POINT('Ctrl Pts',(-87.9999995529652,89.5561870985455,18.0767749326947));
#2983=CARTESIAN_POINT('Ctrl Pts',(-87.9999995529652,89.8668803265005,18.1988621282236));
#2984=CARTESIAN_POINT('Ctrl Pts',(-87.9999995529652,90.180405270706,18.3220620493108));
#2985=CARTESIAN_POINT('Ctrl Pts',(-87.9999995529652,90.4894438517691,18.4556789911844));
#2986=CARTESIAN_POINT('Ctrl Pts',(-87.9999995529652,90.793534166176,18.599370699931));
#2987=CARTESIAN_POINT('Ctrl Pts',(-87.9999995529652,91.0986383553527,18.7435414946309));
#2988=CARTESIAN_POINT('Ctrl Pts',(-87.9999995529652,91.3987617330145,18.8978546705861));
#2989=CARTESIAN_POINT('Ctrl Pts',(-87.9999995529652,91.6934134407588,19.0620110233085));
#2990=CARTESIAN_POINT('Ctrl Pts',(-87.9999995529652,91.9872427818013,19.2257092191126));
#2991=CARTESIAN_POINT('Ctrl Pts',(-87.9999995529652,92.2756314285296,19.3991960780569));
#2992=CARTESIAN_POINT('Ctrl Pts',(-87.9999995529652,92.5580611589247,19.5822159128894));
#2993=CARTESIAN_POINT('Ctrl Pts',(-87.9999995529652,92.8364964770755,19.762647292646));
#2994=CARTESIAN_POINT('Ctrl Pts',(-87.9999995529652,93.1091406207343,19.9523442965111));
#2995=CARTESIAN_POINT('Ctrl Pts',(-87.9999995529652,93.3754601914774,20.1510962205341));
#2996=CARTESIAN_POINT('Ctrl Pts',(-87.9999995529652,93.5359367289149,20.2708584313518));
#2997=CARTESIAN_POINT('Ctrl Pts',(-87.9999995529652,93.6941161268128,20.3939090479763));
#2998=CARTESIAN_POINT('Ctrl Pts',(-87.9999995529652,93.849874197766,20.5202072383594));
#2999=CARTESIAN_POINT('Ctrl Pts',(-87.9999995529652,93.8971354739231,20.558529577724));
#3000=CARTESIAN_POINT('Ctrl Pts',(-87.9999995529652,93.9441737807244,20.5971509411887));
#3001=CARTESIAN_POINT('Ctrl Pts',(-87.9999995529652,93.9909855364051,20.6360702537963));
#3002=CARTESIAN_POINT('Ctrl Pts',(-87.9999995529652,94.0161257486751,20.6569718364464));
#3003=CARTESIAN_POINT('Ctrl Pts',(-87.9999995529652,94.0412000145887,20.6779588911279));
#3004=CARTESIAN_POINT('Ctrl Pts',(-87.9999995529652,94.0661976994491,20.6990226324267));
#3005=CARTESIAN_POINT('Ctrl Pts',(-87.9999995529652,94.321137273568,20.9138417753215));
#3006=CARTESIAN_POINT('Ctrl Pts',(-87.9999995529652,94.5683930277032,21.1368646038277));
#3007=CARTESIAN_POINT('Ctrl Pts',(-87.9999995529652,94.8075122484658,21.3677856790257));
#3008=CARTESIAN_POINT('Ctrl Pts',(-87.9999995529652,94.9329363133214,21.4889096096733));
#3009=CARTESIAN_POINT('Ctrl Pts',(-87.9999995529652,95.0561213004413,21.6122072656282));
#3010=CARTESIAN_POINT('Ctrl Pts',(-87.9999995529652,95.1769981900571,21.7376389653994));
#3011=CARTESIAN_POINT('Ctrl Pts',(-87.9999995529652,95.4074419301358,21.9767661477053));
#3012=CARTESIAN_POINT('Ctrl Pts',(-87.9999995529652,95.6294994591469,22.2236475113313));
#3013=CARTESIAN_POINT('Ctrl Pts',(-87.9999995529652,95.842913943859,22.4777598771926));
#3014=CARTESIAN_POINT('Ctrl Pts',(-87.9999995529652,96.0568257014445,22.7324643452559));
#3015=CARTESIAN_POINT('Ctrl Pts',(-87.9999995529652,96.2620543837553,22.994434088461));
#3016=CARTESIAN_POINT('Ctrl Pts',(-87.9999995529652,96.4582979196095,23.2631716427305));
#3017=CARTESIAN_POINT('Ctrl Pts',(-87.9999995529652,96.6537605677037,23.530839842711));
#3018=CARTESIAN_POINT('Ctrl Pts',(-87.9999995529652,96.8403096824112,23.805222648031));
#3019=CARTESIAN_POINT('Ctrl Pts',(-87.9999995529652,97.0175997533484,24.0858494699889));
#3020=CARTESIAN_POINT('Ctrl Pts',(-87.9999995529652,97.1931830443989,24.3637746842771));
#3021=CARTESIAN_POINT('Ctrl Pts',(-87.9999995529652,97.3596849037079,24.6478248008099));
#3022=CARTESIAN_POINT('Ctrl Pts',(-87.9999995529652,97.5167202535575,24.9375552631037));
#3023=CARTESIAN_POINT('Ctrl Pts',(-87.9999995529652,97.5394438982103,24.9794804224808));
#3024=CARTESIAN_POINT('Ctrl Pts',(-87.9999995529652,97.5619692330244,25.0215245377842));
#3025=CARTESIAN_POINT('Ctrl Pts',(-87.9999995529652,97.5842950005476,25.063686273964));
#3026=CARTESIAN_POINT('Ctrl Pts',(-87.9999995529652,97.5994252295949,25.0922593890772));
#3027=CARTESIAN_POINT('Ctrl Pts',(-87.9999995529652,97.6144633579933,25.1208857502632));
#3028=CARTESIAN_POINT('Ctrl Pts',(-87.9999995529652,97.6294030480646,25.1495533201202));
#3029=CARTESIAN_POINT('Ctrl Pts',(-87.9999995529652,97.7815445857845,25.4414956656376));
#3030=CARTESIAN_POINT('Ctrl Pts',(-87.9999995529652,97.923649058414,25.7380255442851));
#3031=CARTESIAN_POINT('Ctrl Pts',(-87.9999995529652,98.0554762626992,26.0386378204539));
#3032=CARTESIAN_POINT('Ctrl Pts',(-87.9999995529652,98.193713495647,26.3538672108749));
#3033=CARTESIAN_POINT('Ctrl Pts',(-87.9999995529652,98.3206504365507,26.6735860937029));
#3034=CARTESIAN_POINT('Ctrl Pts',(-87.9999995529652,98.4359548846545,26.9972390075768));
#3035=CARTESIAN_POINT('Ctrl Pts',(-87.9999995529652,98.5450427987981,27.303442470337));
#3036=CARTESIAN_POINT('Ctrl Pts',(-87.9999995529652,98.6437185101328,27.6131678951258));
#3037=CARTESIAN_POINT('Ctrl Pts',(-87.9999995529652,98.731650202134,27.925959509638));
#3038=CARTESIAN_POINT('Ctrl Pts',(-87.9999995529652,98.7366611179059,27.9437843961923));
#3039=CARTESIAN_POINT('Ctrl Pts',(-87.9999995529652,98.7416371290718,27.9616192426249));
#3040=CARTESIAN_POINT('Ctrl Pts',(-87.9999995529652,98.7465781691523,27.9794639654305));
#3041=CARTESIAN_POINT('Ctrl Pts',(-87.9999995529652,98.834060549777,28.2954093549024));
#3042=CARTESIAN_POINT('Ctrl Pts',(-87.9999995529652,98.9105846566538,28.6144506207165));
#3043=CARTESIAN_POINT('Ctrl Pts',(-87.9999995529652,98.9761110223806,28.936011036491));
#3044=CARTESIAN_POINT('Ctrl Pts',(-87.9999995529652,99.041306106044,29.2559457372292));
#3045=CARTESIAN_POINT('Ctrl Pts',(-87.9999995529652,99.0956143230832,29.5783747809526));
#3046=CARTESIAN_POINT('Ctrl Pts',(-87.9999995529652,99.1389456843579,29.9027262784002));
#3047=CARTESIAN_POINT('Ctrl Pts',(-87.9999995529652,99.1531256650098,30.0088687540329));
#3048=CARTESIAN_POINT('Ctrl Pts',(-87.9999995529652,99.1661297342938,30.1152170348763));
#3049=CARTESIAN_POINT('Ctrl Pts',(-87.9999995529652,99.1779535530526,30.2217508223494));
#3050=CARTESIAN_POINT('Ctrl Pts',(-87.9999995529652,99.1857604892716,30.2920920971048));
#3051=CARTESIAN_POINT('Ctrl Pts',(-87.9999995529652,99.1930528725683,30.3625142420774));
#3052=CARTESIAN_POINT('Ctrl Pts',(-87.9999995529652,99.1998293141306,30.4330113717514));
#3053=CARTESIAN_POINT('Ctrl Pts',(-87.9999995529652,99.2026046126941,30.4618835432179));
#3054=CARTESIAN_POINT('Ctrl Pts',(-87.9999995529652,99.2052931264628,30.4907659417555));
#3055=CARTESIAN_POINT('Ctrl Pts',(-87.9999995529652,99.2078940639538,30.519649426849));
#3056=CARTESIAN_POINT('Ctrl Pts',(-87.9999995529652,99.2368997731692,30.8417586557939));
#3057=CARTESIAN_POINT('Ctrl Pts',(-87.9999995529652,99.2550484071287,31.16431430894));
#3058=CARTESIAN_POINT('Ctrl Pts',(-87.9999995529652,99.2623887307447,31.4867595440504));
#3059=CARTESIAN_POINT('Ctrl Pts',(-87.9999995529652,99.2697616596649,31.8106370627411));
#3060=CARTESIAN_POINT('Ctrl Pts',(-87.9999995529652,99.2662300487702,32.1344037851569));
#3061=CARTESIAN_POINT('Ctrl Pts',(-87.9999995529652,99.2517911049119,32.4574988992195));
#3062=CARTESIAN_POINT('Ctrl Pts',(-87.9999995529652,99.2374063189521,32.7793821412369));
#3063=CARTESIAN_POINT('Ctrl Pts',(-87.9999995529652,99.2121958118175,33.1005993945862));
#3064=CARTESIAN_POINT('Ctrl Pts',(-87.9999995529652,99.1761056288885,33.4205906219812));
#3065=CARTESIAN_POINT('Ctrl Pts',(-87.9999995529652,99.1405036730542,33.7362530160324));
#3066=CARTESIAN_POINT('Ctrl Pts',(-87.9999995529652,99.0943142836697,34.0507228594064));
#3067=CARTESIAN_POINT('Ctrl Pts',(-87.9999995529652,99.0374372478775,34.3634488972589));
#3068=CARTESIAN_POINT('Ctrl Pts',(-87.9999995529652,98.9986520806442,34.576700722137));
#3069=CARTESIAN_POINT('Ctrl Pts',(-87.9999995529652,98.9548961107338,34.7891413849918));
#3070=CARTESIAN_POINT('Ctrl Pts',(-87.9999995529652,98.9061247829752,35.0005904829493));
#3071=CARTESIAN_POINT('Ctrl Pts',(-87.9999995529652,98.8413676750306,35.2813462607907));
#3072=CARTESIAN_POINT('Ctrl Pts',(-87.9999995529652,98.7677693248052,35.5603547584662));
#3073=CARTESIAN_POINT('Ctrl Pts',(-87.9999995529652,98.6854617010338,35.8372242260861));
#3074=CARTESIAN_POINT('Ctrl Pts',(-87.9999995529652,98.670189097945,35.8885987803816));
#3075=CARTESIAN_POINT('Ctrl Pts',(-87.9999995529652,98.6546145403838,35.939905936275));
#3076=CARTESIAN_POINT('Ctrl Pts',(-87.9999995529652,98.6387493546424,35.9911095577324));
#3077=CARTESIAN_POINT('Ctrl Pts',(-87.9999995529652,98.5439185061058,36.2971685569833));
#3078=CARTESIAN_POINT('Ctrl Pts',(-87.9999995529652,98.438659784092,36.599702191178));
#3079=CARTESIAN_POINT('Ctrl Pts',(-87.9999995529652,98.3232646125275,36.8982157455099));
#3080=CARTESIAN_POINT('Ctrl Pts',(-87.9999995529652,98.2076638766763,37.1972610701491));
#3081=CARTESIAN_POINT('Ctrl Pts',(-87.9999995529652,98.0818902443255,37.4922725190339));
#3082=CARTESIAN_POINT('Ctrl Pts',(-87.9999995529652,97.9461896435288,37.7827300770724));
#3083=CARTESIAN_POINT('Ctrl Pts',(-87.9999995529652,97.805913280104,38.0829817320516));
#3084=CARTESIAN_POINT('Ctrl Pts',(-87.9999995529652,97.6550291115739,38.378367995619));
#3085=CARTESIAN_POINT('Ctrl Pts',(-87.9999995529652,97.4937611654863,38.6682799102452));
#3086=CARTESIAN_POINT('Ctrl Pts',(-87.9999995529652,97.4498609714131,38.7471994328471));
#3087=CARTESIAN_POINT('Ctrl Pts',(-87.9999995529651,97.4051910465914,38.8257130583548));
#3088=CARTESIAN_POINT('Ctrl Pts',(-87.9999995529651,97.3597553418988,38.9038079583238));
#3089=CARTESIAN_POINT('Ctrl Pts',(-87.9999995529651,97.3366268092732,38.9435612856697));
#3090=CARTESIAN_POINT('Ctrl Pts',(-87.9999995529652,97.3133039546805,38.9831989935793));
#3091=CARTESIAN_POINT('Ctrl Pts',(-87.9999995529652,97.2897913959636,39.0227130605009));
#3092=CARTESIAN_POINT('Ctrl Pts',(-87.9999995529652,97.1273476875491,39.2957080859491));
#3093=CARTESIAN_POINT('Ctrl Pts',(-87.9999995529651,96.9557956934783,39.5629018666829));
#3094=CARTESIAN_POINT('Ctrl Pts',(-87.9999995529651,96.7753798942657,39.8237901965381));
#3095=CARTESIAN_POINT('Ctrl Pts',(-87.9999995529651,96.5967865254043,40.0820432205464));
#3096=CARTESIAN_POINT('Ctrl Pts',(-87.9999995529651,96.4095071554572,40.3341179791475));
#3097=CARTESIAN_POINT('Ctrl Pts',(-87.9999995529651,96.2137400390153,40.5794929143152));
#3098=CARTESIAN_POINT('Ctrl Pts',(-87.9999995529651,96.0724068864667,40.7566401991809));
#3099=CARTESIAN_POINT('Ctrl Pts',(-87.9999995529652,95.9266490611067,40.9302948530525));
#3100=CARTESIAN_POINT('Ctrl Pts',(-87.9999995529652,95.7765299159127,41.1002479624321));
#3101=CARTESIAN_POINT('Ctrl Pts',(-87.9999995529651,95.6571088239169,41.2354471462802));
#3102=CARTESIAN_POINT('Ctrl Pts',(-87.9999995529651,95.5349275045326,41.3683036400863));
#3103=CARTESIAN_POINT('Ctrl Pts',(-87.9999995529651,95.4100679811462,41.4987499045384));
#3104=CARTESIAN_POINT('Origin',(-87.9999995529652,160.,0.));
#3105=CARTESIAN_POINT('',(-87.9999995529652,150.,0.));
#3106=CARTESIAN_POINT('',(-87.9999995529652,150.,65.));
#3107=CARTESIAN_POINT('',(-87.9999995529652,150.,0.));
#3108=CARTESIAN_POINT('',(-87.9999995529652,60.,0.));
#3109=CARTESIAN_POINT('',(-87.9999995529652,120.,0.));
#3110=CARTESIAN_POINT('',(-87.9999995529652,60.,65.));
#3111=CARTESIAN_POINT('',(-87.9999995529652,60.,0.));
#3112=CARTESIAN_POINT('',(-87.9999995529652,120.,65.));
#3113=CARTESIAN_POINT('Origin',(-80.4999995529652,85.,32.5));
#3114=CARTESIAN_POINT('Origin',(-82.9999995529652,155.,0.));
#3115=CARTESIAN_POINT('',(-77.9999995529652,160.,65.));
#3116=CARTESIAN_POINT('',(-87.8749995529652,150.125,65.));
#3117=CARTESIAN_POINT('',(-77.9999995529652,160.,0.));
#3118=CARTESIAN_POINT('',(-77.9999995529652,160.,0.));
#3119=CARTESIAN_POINT('',(-87.8749995529652,150.125,0.));
#3120=CARTESIAN_POINT('Origin',(-27.4999995529652,80.,0.));
#3121=CARTESIAN_POINT('',(20.0000004470348,160.,0.));
#3122=CARTESIAN_POINT('',(-84.9999995529652,160.,0.));
#3123=CARTESIAN_POINT('',(30.0000004470348,150.,0.));
#3124=CARTESIAN_POINT('',(30.6250004470348,149.375,0.));
#3125=CARTESIAN_POINT('',(30.0000004470348,145.,0.));
#3126=CARTESIAN_POINT('',(30.0000004470348,160.,0.));
#3127=CARTESIAN_POINT('',(32.9999999701977,142.,0.));
#3128=CARTESIAN_POINT('',(32.1250004470349,142.875,2.22044604925031E-15));
#3129=CARTESIAN_POINT('',(32.9999999701977,133.54,0.));
#3130=CARTESIAN_POINT('',(32.9999999701977,140.,0.));
#3131=CARTESIAN_POINT('',(28.0000004172325,138.,0.));
#3132=CARTESIAN_POINT('',(26.9519215320943,138.934886449129,0.));
#3133=CARTESIAN_POINT('',(28.0000004172325,122.,0.));
#3134=CARTESIAN_POINT('',(28.0000004172325,101.,0.));
#3135=CARTESIAN_POINT('',(32.9999999701977,126.46,0.));
#3136=CARTESIAN_POINT('',(28.0000004172325,122.,0.));
#3137=CARTESIAN_POINT('',(32.9999999701977,118.,0.));
#3138=CARTESIAN_POINT('',(32.9999999701977,140.,0.));
#3139=CARTESIAN_POINT('',(30.0000004470348,115.,0.));
#3140=CARTESIAN_POINT('',(7.12500044703488,92.125,2.22044604925031E-15));
#3141=CARTESIAN_POINT('',(30.0000004470348,85.,0.));
#3142=CARTESIAN_POINT('',(30.0000004470348,160.,0.));
#3143=CARTESIAN_POINT('',(32.9999999701977,82.,0.));
#3144=CARTESIAN_POINT('',(30.0000004470348,85.,0.));
#3145=CARTESIAN_POINT('',(32.9999999701977,73.54,0.));
#3146=CARTESIAN_POINT('',(32.9999999701977,82.,0.));
#3147=CARTESIAN_POINT('',(28.0000004172325,78.,0.));
#3148=CARTESIAN_POINT('',(13.0493561047658,91.3359759190495,0.));
#3149=CARTESIAN_POINT('',(28.0000004172325,62.,0.));
#3150=CARTESIAN_POINT('',(28.0000004172325,79.,0.));
#3151=CARTESIAN_POINT('',(32.9999999701977,66.46,0.));
#3152=CARTESIAN_POINT('',(32.9999999701977,66.46,0.));
#3153=CARTESIAN_POINT('',(32.9999999701977,58.,0.));
#3154=CARTESIAN_POINT('',(32.9999999701977,66.46,0.));
#3155=CARTESIAN_POINT('',(30.0000004470348,55.,0.));
#3156=CARTESIAN_POINT('',(32.9999999701977,58.,0.));
#3157=CARTESIAN_POINT('',(30.0000004470348,0.,0.));
#3158=CARTESIAN_POINT('',(30.0000004470348,160.,0.));
#3159=CARTESIAN_POINT('',(27.5000004470348,0.,0.));
#3160=CARTESIAN_POINT('',(30.0000004470348,0.,0.));
#3161=CARTESIAN_POINT('',(20.0000004470348,7.5,0.));
#3162=CARTESIAN_POINT('Origin',(27.5000004470348,7.5,0.));
#3163=CARTESIAN_POINT('',(20.0000004470348,135.,0.));
#3164=CARTESIAN_POINT('',(20.0000004470348,150.,0.));
#3165=CARTESIAN_POINT('',(5.00000044703484,150.,0.));
#3166=CARTESIAN_POINT('',(18.1250004470348,136.875,0.));
#3167=CARTESIAN_POINT('',(-69.9999995529652,150.,0.));
#3168=CARTESIAN_POINT('',(-74.9999995529652,150.,0.));
#3169=CARTESIAN_POINT('',(-74.9999995529652,145.,0.));
#3170=CARTESIAN_POINT('',(-78.1249995529652,141.875,0.));
#3171=CARTESIAN_POINT('',(-74.9999995529652,67.5,0.));
#3172=CARTESIAN_POINT('',(-74.9999995529652,10.,0.));
#3173=CARTESIAN_POINT('',(-82.4999995529652,60.,0.));
#3174=CARTESIAN_POINT('Origin',(-82.4999995529652,67.5,0.));
#3175=CARTESIAN_POINT('',(-56.2499995529652,60.,0.));
#3176=CARTESIAN_POINT('Origin',(-27.4999995529652,80.,65.));
#3177=CARTESIAN_POINT('',(-82.4999995529652,60.,65.));
#3178=CARTESIAN_POINT('',(-56.2499995529652,60.,65.));
#3179=CARTESIAN_POINT('',(-74.9999995529652,67.5,65.));
#3180=CARTESIAN_POINT('Origin',(-82.4999995529652,67.5,65.));
#3181=CARTESIAN_POINT('',(-74.9999995529652,145.,65.));
#3182=CARTESIAN_POINT('',(-74.9999995529652,10.,65.));
#3183=CARTESIAN_POINT('',(-69.9999995529652,150.,65.));
#3184=CARTESIAN_POINT('',(-78.1249995529652,141.875,65.));
#3185=CARTESIAN_POINT('',(5.00000044703484,150.,65.));
#3186=CARTESIAN_POINT('',(-74.9999995529652,150.,65.));
#3187=CARTESIAN_POINT('',(20.0000004470348,135.,65.));
#3188=CARTESIAN_POINT('',(18.1250004470348,136.875,65.));
#3189=CARTESIAN_POINT('',(20.0000004470348,7.5,65.));
#3190=CARTESIAN_POINT('',(20.0000004470348,150.,65.));
#3191=CARTESIAN_POINT('',(27.5000004470348,0.,65.));
#3192=CARTESIAN_POINT('Origin',(27.5000004470348,7.5,65.));
#3193=CARTESIAN_POINT('',(30.0000004470348,0.,65.));
#3194=CARTESIAN_POINT('',(30.0000004470348,0.,65.));
#3195=CARTESIAN_POINT('',(30.0000004470348,55.,65.));
#3196=CARTESIAN_POINT('',(30.0000004470348,160.,65.));
#3197=CARTESIAN_POINT('',(32.9999999701977,58.,65.));
#3198=CARTESIAN_POINT('',(32.9999999701977,58.,65.));
#3199=CARTESIAN_POINT('',(32.9999999701977,82.,65.));
#3200=CARTESIAN_POINT('',(32.9999999701977,66.46,65.));
#3201=CARTESIAN_POINT('',(30.0000004470348,85.,65.));
#3202=CARTESIAN_POINT('',(30.0000004470348,85.,65.));
#3203=CARTESIAN_POINT('',(30.0000004470348,115.,65.));
#3204=CARTESIAN_POINT('',(30.0000004470348,160.,65.));
#3205=CARTESIAN_POINT('',(32.9999999701977,118.,65.));
#3206=CARTESIAN_POINT('',(7.12500044703488,92.125,65.));
#3207=CARTESIAN_POINT('',(32.9999999701977,142.,65.));
#3208=CARTESIAN_POINT('',(32.9999999701977,140.,65.));
#3209=CARTESIAN_POINT('',(30.0000004470348,145.,65.));
#3210=CARTESIAN_POINT('',(32.1250004470349,142.875,65.));
#3211=CARTESIAN_POINT('',(30.0000004470348,150.,65.));
#3212=CARTESIAN_POINT('',(30.0000004470348,160.,65.));
#3213=CARTESIAN_POINT('',(20.0000004470348,160.,65.));
#3214=CARTESIAN_POINT('',(30.6250004470348,149.375,65.));
#3215=CARTESIAN_POINT('',(-84.9999995529652,160.,65.));
#3216=CARTESIAN_POINT('Origin',(30.0000004470348,76.2159998139143,0.));
#3217=CARTESIAN_POINT('',(32.9999999701977,73.54,55.));
#3218=CARTESIAN_POINT('',(28.0000004172325,78.,55.));
#3219=CARTESIAN_POINT('',(31.9615788751692,74.4662716995805,55.));
#3220=CARTESIAN_POINT('',(28.0000004172325,78.,0.));
#3221=CARTESIAN_POINT('',(32.9999999701977,73.54,0.));
#3222=CARTESIAN_POINT('Origin',(28.0000004172325,78.,0.));
#3223=CARTESIAN_POINT('',(28.0000004172325,62.,55.));
#3224=CARTESIAN_POINT('',(28.0000004172325,78.,55.));
#3225=CARTESIAN_POINT('',(28.0000004172325,62.,0.));
#3226=CARTESIAN_POINT('Origin',(29.0000004321337,70.,55.));
#3227=CARTESIAN_POINT('',(32.9999999701977,66.46,55.));
#3228=CARTESIAN_POINT('',(32.9999999701977,73.54,55.));
#3229=CARTESIAN_POINT('',(33.4615786367506,66.8717282073766,55.));
#3230=CARTESIAN_POINT('Origin',(32.9999999701977,66.46,0.));
#3231=CARTESIAN_POINT('',(32.9999999701977,66.46,0.));
#3232=CARTESIAN_POINT('Origin',(30.0000004470348,55.,0.));
#3233=CARTESIAN_POINT('',(32.9999999701977,58.,0.));
#3234=CARTESIAN_POINT('',(30.0000004470348,55.,0.));
#3235=CARTESIAN_POINT('Origin',(30.0000004470348,0.,0.));
#3236=CARTESIAN_POINT('',(30.0000004470348,0.,0.));
#3237=CARTESIAN_POINT('Origin',(32.9999999701977,82.,0.));
#3238=CARTESIAN_POINT('',(30.0000004470348,85.,0.));
#3239=CARTESIAN_POINT('',(32.9999999701977,82.,0.));
#3240=CARTESIAN_POINT('Origin',(32.9999999701977,73.54,0.));
#3241=CARTESIAN_POINT('Origin',(30.0000004470348,0.,0.));
#3242=CARTESIAN_POINT('',(30.0000004470348,115.,30.));
#3243=CARTESIAN_POINT('Origin',(30.5000001937151,130.,55.));
#3244=CARTESIAN_POINT('',(28.0000004172325,138.,55.));
#3245=CARTESIAN_POINT('',(28.0000004172325,122.,55.));
#3246=CARTESIAN_POINT('',(28.0000004172325,126.,55.));
#3247=CARTESIAN_POINT('',(32.9999999701977,133.54,55.));
#3248=CARTESIAN_POINT('',(33.1831301253175,133.376647887028,55.));
#3249=CARTESIAN_POINT('',(32.9999999701977,126.46,55.));
#3250=CARTESIAN_POINT('',(32.9999999701977,140.,55.));
#3251=CARTESIAN_POINT('',(31.6831301402186,125.285352006637,55.));
#3252=CARTESIAN_POINT('Origin',(32.9999999701977,133.54,60.));
#3253=CARTESIAN_POINT('',(28.0000004172325,138.,60.));
#3254=CARTESIAN_POINT('',(32.9999999701977,133.54,60.));
#3255=CARTESIAN_POINT('Origin',(28.0000004172325,122.,60.));
#3256=CARTESIAN_POINT('',(28.0000004172325,122.,60.));
#3257=CARTESIAN_POINT('Origin',(31.5000004470348,116.5,30.));
#3258=CARTESIAN_POINT('',(32.9999999701977,118.,60.));
#3259=CARTESIAN_POINT('Origin',(31.5000004470348,143.5,30.));
#3260=CARTESIAN_POINT('',(32.9999999701977,142.,60.));
#3261=CARTESIAN_POINT('',(30.0000004470348,145.,30.));
#3262=CARTESIAN_POINT('Origin',(32.9999999701977,126.46,60.));
#3263=CARTESIAN_POINT('',(32.9999999701977,126.46,60.));
#3264=CARTESIAN_POINT('Origin',(30.,123.783999787331,60.));
#3265=CARTESIAN_POINT('Origin',(30.0000004470348,0.,0.));
#3266=CARTESIAN_POINT('',(30.0000004470348,150.,0.));
#3267=CARTESIAN_POINT('Origin',(-47.1923447567763,155.051506083298,45.2318571150427));
#3268=CARTESIAN_POINT('',(-47.1923447567763,154.,48.7318571150427));
#3269=CARTESIAN_POINT('Origin',(-47.1923447567763,154.,45.2318571150427));
#3270=CARTESIAN_POINT('',(-47.1923447567763,154.901290928541,47.2318571150427));
#3271=CARTESIAN_POINT('',(-47.1923447567763,155.051506083298,46.9818571150427));
#3272=CARTESIAN_POINT('',(-45.1923447567763,154.901290928541,45.2318571150427));
#3273=CARTESIAN_POINT('Origin',(-47.1923447567763,154.901290928541,45.2318571150427));
#3274=CARTESIAN_POINT('Origin',(-47.1923447567763,154.901290928541,45.2318571150427));
#3275=CARTESIAN_POINT('Origin',(-47.1923447567763,152.,45.2318571150427));
#3276=CARTESIAN_POINT('',(-47.1923447567763,150.,48.7318571150427));
#3277=CARTESIAN_POINT('Origin',(-47.1923447567763,150.,45.2318571150427));
#3278=CARTESIAN_POINT('',(-47.1923447567763,152.,48.7318571150427));
#3279=CARTESIAN_POINT('Origin',(-47.1923447567763,155.201721238055,11.2323247256503));
#3280=CARTESIAN_POINT('',(-47.1923447567763,154.,15.2323247256503));
#3281=CARTESIAN_POINT('Origin',(-47.1923447567763,154.,11.2323247256503));
#3282=CARTESIAN_POINT('',(-47.1923447567763,155.201721238055,13.2323247256503));
#3283=CARTESIAN_POINT('',(-47.1923447567763,155.201721238055,13.2323247256503));
#3284=CARTESIAN_POINT('',(-45.1923447567763,155.201721238055,11.2323247256503));
#3285=CARTESIAN_POINT('Origin',(-47.1923447567763,155.201721238055,11.2323247256503));
#3286=CARTESIAN_POINT('Origin',(-47.1923447567763,155.201721238055,11.2323247256503));
#3287=CARTESIAN_POINT('Origin',(-47.1923447567763,152.,11.2323247256503));
#3288=CARTESIAN_POINT('',(-47.1923447567763,150.,15.2323247256503));
#3289=CARTESIAN_POINT('Origin',(-47.1923447567763,150.,11.2323247256503));
#3290=CARTESIAN_POINT('',(-47.1923447567763,152.,15.2323247256503));
#3291=CARTESIAN_POINT('Origin',(-47.1923447567763,160.,11.2323247256503));
#3292=CARTESIAN_POINT('',(-45.1923447567763,160.,11.2323247256503));
#3293=CARTESIAN_POINT('Origin',(-47.1923447567763,160.,11.2323247256503));
#3294=CARTESIAN_POINT('',(-45.1923447567763,160.,11.2323247256503));
#3295=CARTESIAN_POINT('Origin',(-47.1923447567763,160.,45.2318571150427));
#3296=CARTESIAN_POINT('',(-45.1923447567763,160.,45.2318571150427));
#3297=CARTESIAN_POINT('Origin',(-47.1923447567763,160.,45.2318571150427));
#3298=CARTESIAN_POINT('',(-45.1923447567763,160.,45.2318571150427));
#3299=CARTESIAN_POINT('Origin',(-82.4999995529652,67.5,0.));
#3300=CARTESIAN_POINT('',(-82.4999995529652,60.,0.));
#3301=CARTESIAN_POINT('',(-74.9999995529652,67.5,0.));
#3302=CARTESIAN_POINT('Origin',(-84.9999995529652,60.,0.));
#3303=CARTESIAN_POINT('Origin',(-74.9999995529652,80.,0.));
#3304=CARTESIAN_POINT('',(-74.9999995529652,145.,0.));
#3305=CARTESIAN_POINT('Origin',(27.5000004470348,7.5,0.));
#3306=CARTESIAN_POINT('',(20.0000004470348,7.5,0.));
#3307=CARTESIAN_POINT('',(27.5000004470348,0.,0.));
#3308=CARTESIAN_POINT('Origin',(20.0000004470348,0.,0.));
#3309=CARTESIAN_POINT('Origin',(25.0000004470348,155.,0.));
#3310=CARTESIAN_POINT('',(20.0000004470348,160.,0.));
#3311=CARTESIAN_POINT('Origin',(30.0000004470348,160.,0.));
#3312=CARTESIAN_POINT('Origin',(12.5000004470348,142.5,0.));
#3313=CARTESIAN_POINT('',(20.0000004470348,135.,0.));
#3314=CARTESIAN_POINT('',(5.00000044703484,150.,0.));
#3315=CARTESIAN_POINT('Origin',(20.0000004470348,150.,0.));
#3316=CARTESIAN_POINT('Origin',(-72.4999995529652,147.5,0.));
#3317=CARTESIAN_POINT('',(-69.9999995529652,150.,0.));
#3318=CARTESIAN_POINT('Origin',(-74.9999995529652,150.,0.));
#3319=CARTESIAN_POINT('',(0.,0.,0.));
#3320=UNCERTAINTY_MEASURE_WITH_UNIT(LENGTH_MEASURE(0.01),#3326,
'DISTANCE_ACCURACY_VALUE',
'Maximum model space distance between geometric entities at asserted c
onnectivities');
#3321=UNCERTAINTY_MEASURE_WITH_UNIT(LENGTH_MEASURE(0.01),#3326,
'DISTANCE_ACCURACY_VALUE',
'Maximum model space distance between geometric entities at asserted c
onnectivities');
#3322=UNCERTAINTY_MEASURE_WITH_UNIT(LENGTH_MEASURE(0.01),#3326,
'DISTANCE_ACCURACY_VALUE',
'Maximum model space distance between geometric entities at asserted c
onnectivities');
#3323=(
GEOMETRIC_REPRESENTATION_CONTEXT(3)
GLOBAL_UNCERTAINTY_ASSIGNED_CONTEXT((#3320))
GLOBAL_UNIT_ASSIGNED_CONTEXT((#3326,#3328,#3329))
REPRESENTATION_CONTEXT('','3D')
);
#3324=(
GEOMETRIC_REPRESENTATION_CONTEXT(3)
GLOBAL_UNCERTAINTY_ASSIGNED_CONTEXT((#3321))
GLOBAL_UNIT_ASSIGNED_CONTEXT((#3326,#3328,#3329))
REPRESENTATION_CONTEXT('','3D')
);
#3325=(
GEOMETRIC_REPRESENTATION_CONTEXT(3)
GLOBAL_UNCERTAINTY_ASSIGNED_CONTEXT((#3322))
GLOBAL_UNIT_ASSIGNED_CONTEXT((#3326,#3328,#3329))
REPRESENTATION_CONTEXT('','3D')
);
#3326=(
LENGTH_UNIT()
NAMED_UNIT(*)
SI_UNIT(.MILLI.,.METRE.)
);
#3327=(
LENGTH_UNIT()
NAMED_UNIT(*)
SI_UNIT($,.METRE.)
);
#3328=(
NAMED_UNIT(*)
PLANE_ANGLE_UNIT()
SI_UNIT($,.RADIAN.)
);
#3329=(
NAMED_UNIT(*)
SI_UNIT($,.STERADIAN.)
SOLID_ANGLE_UNIT()
);
#3330=SHAPE_DEFINITION_REPRESENTATION(#3332,#3335);
#3331=SHAPE_DEFINITION_REPRESENTATION(#3333,#3336);
#3332=PRODUCT_DEFINITION_SHAPE('',$,#3338);
#3333=PRODUCT_DEFINITION_SHAPE('',$,#3339);
#3334=PRODUCT_DEFINITION_SHAPE($,$,#14);
#3335=SHAPE_REPRESENTATION('',(#1044,#1114),#3323);
#3336=SHAPE_REPRESENTATION('',(#1045),#3324);
#3337=PRODUCT_DEFINITION_CONTEXT('part definition',#3345,'design');
#3338=PRODUCT_DEFINITION('test','test v7',#3340,#3337);
#3339=PRODUCT_DEFINITION('Component3','Component3',#3341,#3337);
#3340=PRODUCT_DEFINITION_FORMATION('',$,#3347);
#3341=PRODUCT_DEFINITION_FORMATION('',$,#3348);
#3342=PRODUCT_RELATED_PRODUCT_CATEGORY('test v7','test v7',(#3347));
#3343=PRODUCT_RELATED_PRODUCT_CATEGORY('Component3','Component3',(#3348));
#3344=APPLICATION_PROTOCOL_DEFINITION('international standard',
'automotive_design',2009,#3345);
#3345=APPLICATION_CONTEXT(
'Core Data for Automotive Mechanical Design Process');
#3346=PRODUCT_CONTEXT('part definition',#3345,'mechanical');
#3347=PRODUCT('test','test v7',$,(#3346));
#3348=PRODUCT('Component3','Component3',$,(#3346));
#3349=PRESENTATION_STYLE_ASSIGNMENT((#3352));
#3350=PRESENTATION_STYLE_ASSIGNMENT((#3353));
#3351=PRESENTATION_STYLE_ASSIGNMENT((#3354));
#3352=SURFACE_STYLE_USAGE(.BOTH.,#3355);
#3353=SURFACE_STYLE_USAGE(.BOTH.,#3356);
#3354=SURFACE_STYLE_USAGE(.BOTH.,#3357);
#3355=SURFACE_SIDE_STYLE('',(#3358));
#3356=SURFACE_SIDE_STYLE('',(#3359));
#3357=SURFACE_SIDE_STYLE('',(#3360));
#3358=SURFACE_STYLE_FILL_AREA(#3361);
#3359=SURFACE_STYLE_FILL_AREA(#3362);
#3360=SURFACE_STYLE_FILL_AREA(#3363);
#3361=FILL_AREA_STYLE('Opaque(250,250,250)',(#3364));
#3362=FILL_AREA_STYLE('Steel - Satin',(#3365));
#3363=FILL_AREA_STYLE('Fabric (Grey)',(#3366));
#3364=FILL_AREA_STYLE_COLOUR('Opaque(250,250,250)',#3367);
#3365=FILL_AREA_STYLE_COLOUR('Steel - Satin',#3368);
#3366=FILL_AREA_STYLE_COLOUR('Fabric (Grey)',#3369);
#3367=COLOUR_RGB('Opaque(250,250,250)',0.980392156862745,0.980392156862745,
0.980392156862745);
#3368=COLOUR_RGB('Steel - Satin',0.627450980392157,0.627450980392157,0.627450980392157);
#3369=COLOUR_RGB('Fabric (Grey)',0.,0.,0.);
ENDSEC;
END-ISO-10303-21;
