ISO-10303-21;
HEADER;
/* Generated by software containing ST-Developer
 * from STEP Tools, Inc. (www.steptools.com) 
 */

FILE_DESCRIPTION(
/* description */ (''),
/* implementation_level */ '2;1');

FILE_NAME(
/* name */ 'electronics_case_1.step',
/* time_stamp */ '2026-10-03T22:28:29+03:00',
/* author */ (''),
/* organization */ (''),
/* preprocessor_version */ 'ST-DEVELOPER v20.2',
/* originating_system */ 'Autodesk Translation Framework v15.15.0.0',
/* authorisation */ '');

FILE_SCHEMA (('AUTOMOTIVE_DESIGN { 1 0 10303 214 3 1 1 }'));
ENDSEC;

DATA;
#10=MECHANICAL_DESIGN_GEOMETRIC_PRESENTATION_REPRESENTATION('',(#21,#22),
#6089);
#11=ITEM_DEFINED_TRANSFORMATION($,$,#3641,#3972);
#12=(
REPRESENTATION_RELATIONSHIP($,$,#6099,#6098)
REPRESENTATION_RELATIONSHIP_WITH_TRANSFORMATION(#11)
SHAPE_REPRESENTATION_RELATIONSHIP()
);
#13=CONTEXT_DEPENDENT_SHAPE_REPRESENTATION(#12,#6097);
#14=NEXT_ASSEMBLY_USAGE_OCCURRENCE('electronics case 2 v7:2',
'electronics case 2 v7:2','electronics case 2 v7:2',#6101,#6102,
'electronics case 2 v7:2');
#15=SHAPE_REPRESENTATION_RELATIONSHIP('SRR','None',#6099,#16);
#16=ADVANCED_BREP_SHAPE_REPRESENTATION('',(#23,#24),#6088);
#17=TOROIDAL_SURFACE('',#3790,3.0857864376269,1.);
#18=TOROIDAL_SURFACE('',#3799,3.0857864376269,1.);
#19=TOROIDAL_SURFACE('',#3808,3.38196601125011,1.);
#20=TOROIDAL_SURFACE('',#3817,3.38196601125011,1.);
#21=STYLED_ITEM('',(#6113),#23);
#22=STYLED_ITEM('',(#6113),#24);
#23=MANIFOLD_SOLID_BREP('Body1',#3638);
#24=MANIFOLD_SOLID_BREP('Body13',#3639);
#25=B_SPLINE_CURVE_WITH_KNOTS('',3,(#5440,#5441,#5442,#5443,#5444,#5445,
#5446,#5447,#5448,#5449,#5450,#5451,#5452,#5453),.UNSPECIFIED.,.F.,.F.,
(4,2,2,2,2,2,4),(1.51173376222942,1.63186163112086,1.74842317620092,1.86498472128098,
1.98154626636105,2.09810781144111,2.21823568033255),.UNSPECIFIED.);
#26=B_SPLINE_CURVE_WITH_KNOTS('',3,(#5474,#5475,#5476,#5477,#5478,#5479,
#5480,#5481,#5482,#5483,#5484,#5485,#5486,#5487),.UNSPECIFIED.,.F.,.F.,
(4,2,2,2,2,2,4),(1.51173376222942,1.63186163112086,1.74842317620092,1.86498472128099,
1.98154626636105,2.09810781144111,2.21823568033255),.UNSPECIFIED.);
#27=B_SPLINE_CURVE_WITH_KNOTS('',3,(#5508,#5509,#5510,#5511,#5512,#5513,
#5514,#5515,#5516,#5517,#5518,#5519,#5520,#5521),.UNSPECIFIED.,.F.,.F.,
(4,2,2,2,2,2,4),(1.51173376222942,1.63186163112086,1.74842317620092,1.86498472128098,
1.98154626636105,2.09810781144111,2.21823568033255),.UNSPECIFIED.);
#28=CONICAL_SURFACE('',#3737,3.25,0.785398163397448);
#29=CONICAL_SURFACE('',#3740,3.25,0.785398163397448);
#30=CONICAL_SURFACE('',#3746,3.25,0.78539816339745);
#31=CONICAL_SURFACE('',#3750,3.25,0.785398163397449);
#32=CONICAL_SURFACE('',#3756,3.25,0.785398163397448);
#33=CONICAL_SURFACE('',#3760,3.25,0.785398163397448);
#34=CONICAL_SURFACE('',#3795,4.25,0.785398163397447);
#35=CONICAL_SURFACE('',#3804,4.25,0.785398163397447);
#36=CONICAL_SURFACE('',#3813,4.5,0.463647609000807);
#37=CONICAL_SURFACE('',#3822,4.5,0.463647609000807);
#38=CONICAL_SURFACE('',#3881,1.75,0.785398163397449);
#39=CONICAL_SURFACE('',#3883,1.75,0.785398163397449);
#40=CONICAL_SURFACE('',#3887,1.75,0.78539816339744);
#41=CONICAL_SURFACE('',#3889,1.75,0.78539816339745);
#42=CONICAL_SURFACE('',#3899,1.75,0.785398163397449);
#43=CONICAL_SURFACE('',#3900,1.75,0.785398163397449);
#44=CONICAL_SURFACE('',#3904,1.75,0.785398163397441);
#45=CONICAL_SURFACE('',#3905,1.75,0.785398163397449);
#46=CONICAL_SURFACE('',#3950,3.99999999999999,0.349065850398866);
#47=CONICAL_SURFACE('',#3952,3.99999999999999,0.349065850398866);
#48=CONICAL_SURFACE('',#3954,4.,0.349065850398866);
#49=CONICAL_SURFACE('',#3956,4.,0.349065850398866);
#50=ELLIPSE('',#3658,4.24264068711928,3.);
#51=ELLIPSE('',#3667,4.24264068711928,3.);
#52=ELLIPSE('',#3670,4.24264068711929,3.);
#53=FACE_BOUND('',#474,.T.);
#54=FACE_BOUND('',#475,.T.);
#55=FACE_BOUND('',#479,.T.);
#56=FACE_BOUND('',#480,.T.);
#57=FACE_BOUND('',#490,.T.);
#58=FACE_BOUND('',#495,.T.);
#59=FACE_BOUND('',#505,.T.);
#60=FACE_BOUND('',#509,.T.);
#61=FACE_BOUND('',#519,.T.);
#62=FACE_BOUND('',#530,.T.);
#63=FACE_BOUND('',#532,.T.);
#64=FACE_BOUND('',#533,.T.);
#65=FACE_BOUND('',#534,.T.);
#66=FACE_BOUND('',#562,.T.);
#67=FACE_BOUND('',#563,.T.);
#68=FACE_BOUND('',#564,.T.);
#69=FACE_BOUND('',#565,.T.);
#70=FACE_BOUND('',#566,.T.);
#71=FACE_BOUND('',#567,.T.);
#72=FACE_BOUND('',#569,.T.);
#73=FACE_BOUND('',#570,.T.);
#74=FACE_BOUND('',#571,.T.);
#75=FACE_BOUND('',#585,.T.);
#76=FACE_BOUND('',#589,.T.);
#77=FACE_BOUND('',#593,.T.);
#78=FACE_BOUND('',#597,.T.);
#79=FACE_BOUND('',#599,.T.);
#80=FACE_BOUND('',#600,.T.);
#81=FACE_BOUND('',#601,.T.);
#82=FACE_BOUND('',#602,.T.);
#83=FACE_BOUND('',#603,.T.);
#84=FACE_BOUND('',#604,.T.);
#85=FACE_BOUND('',#608,.T.);
#86=FACE_BOUND('',#609,.T.);
#87=FACE_BOUND('',#610,.T.);
#88=FACE_BOUND('',#627,.T.);
#89=FACE_BOUND('',#682,.T.);
#90=FACE_BOUND('',#685,.T.);
#91=FACE_BOUND('',#688,.T.);
#92=FACE_BOUND('',#691,.T.);
#93=FACE_BOUND('',#697,.T.);
#94=FACE_BOUND('',#699,.T.);
#95=FACE_BOUND('',#701,.T.);
#96=FACE_BOUND('',#703,.T.);
#97=FACE_BOUND('',#705,.T.);
#98=FACE_BOUND('',#708,.T.);
#99=FACE_BOUND('',#714,.T.);
#100=FACE_BOUND('',#717,.T.);
#101=CIRCLE('',#3649,2.8);
#102=CIRCLE('',#3650,2.8);
#103=CIRCLE('',#3653,3.);
#104=CIRCLE('',#3654,3.);
#105=CIRCLE('',#3655,1.4);
#106=CIRCLE('',#3656,1.4);
#107=CIRCLE('',#3659,3.);
#108=CIRCLE('',#3662,3.);
#109=CIRCLE('',#3663,3.);
#110=CIRCLE('',#3664,3.);
#111=CIRCLE('',#3666,3.);
#112=CIRCLE('',#3672,1.4);
#113=CIRCLE('',#3677,1.4);
#114=CIRCLE('',#3678,1.4);
#115=CIRCLE('',#3682,1.40000000000001);
#116=CIRCLE('',#3683,1.40000000000001);
#117=CIRCLE('',#3685,3.);
#118=CIRCLE('',#3689,1.4);
#119=CIRCLE('',#3705,4.55);
#120=CIRCLE('',#3706,4.55);
#121=CIRCLE('',#3710,4.55000000000134);
#122=CIRCLE('',#3711,4.55000000000134);
#123=CIRCLE('',#3713,3.25);
#124=CIRCLE('',#3714,3.25000000000135);
#125=CIRCLE('',#3725,3.25000000000135);
#126=CIRCLE('',#3726,3.25);
#127=CIRCLE('',#3738,4.);
#128=CIRCLE('',#3739,4.);
#129=CIRCLE('',#3741,2.8);
#130=CIRCLE('',#3742,4.);
#131=CIRCLE('',#3743,4.);
#132=CIRCLE('',#3745,2.8);
#133=CIRCLE('',#3747,2.8);
#134=CIRCLE('',#3748,4.00000000000001);
#135=CIRCLE('',#3749,4.00000000000001);
#136=CIRCLE('',#3751,2.8);
#137=CIRCLE('',#3752,4.);
#138=CIRCLE('',#3753,4.);
#139=CIRCLE('',#3755,2.8);
#140=CIRCLE('',#3757,2.8);
#141=CIRCLE('',#3758,4.);
#142=CIRCLE('',#3759,4.);
#143=CIRCLE('',#3761,2.8);
#144=CIRCLE('',#3762,4.);
#145=CIRCLE('',#3763,4.);
#146=CIRCLE('',#3765,2.8);
#147=CIRCLE('',#3767,2.8);
#148=CIRCLE('',#3769,2.8);
#149=CIRCLE('',#3787,2.);
#150=CIRCLE('',#3789,2.);
#151=CIRCLE('',#3791,3.0857864376269);
#152=CIRCLE('',#3792,1.);
#153=CIRCLE('',#3793,3.79289321881345);
#154=CIRCLE('',#3794,3.79289321881345);
#155=CIRCLE('',#3796,5.);
#156=CIRCLE('',#3798,2.);
#157=CIRCLE('',#3800,3.0857864376269);
#158=CIRCLE('',#3801,1.);
#159=CIRCLE('',#3802,3.79289321881345);
#160=CIRCLE('',#3803,3.79289321881345);
#161=CIRCLE('',#3805,5.);
#162=CIRCLE('',#3807,2.);
#163=CIRCLE('',#3809,3.38196601125011);
#164=CIRCLE('',#3810,1.);
#165=CIRCLE('',#3811,4.27639320225002);
#166=CIRCLE('',#3812,4.27639320225002);
#167=CIRCLE('',#3814,5.);
#168=CIRCLE('',#3816,2.);
#169=CIRCLE('',#3818,3.38196601125011);
#170=CIRCLE('',#3819,1.);
#171=CIRCLE('',#3820,4.27639320225002);
#172=CIRCLE('',#3821,4.27639320225002);
#173=CIRCLE('',#3823,5.);
#174=CIRCLE('',#3825,2.);
#175=CIRCLE('',#3827,5.75);
#176=CIRCLE('',#3828,5.74999999999999);
#177=CIRCLE('',#3829,5.74999999999999);
#178=CIRCLE('',#3830,5.75);
#179=CIRCLE('',#3834,2.);
#180=CIRCLE('',#3835,2.);
#181=CIRCLE('',#3836,2.);
#182=CIRCLE('',#3837,2.);
#183=CIRCLE('',#3839,2.);
#184=CIRCLE('',#3842,2.);
#185=CIRCLE('',#3856,2.);
#186=CIRCLE('',#3857,2.);
#187=CIRCLE('',#3858,2.);
#188=CIRCLE('',#3859,2.);
#189=CIRCLE('',#3865,0.999999999999996);
#190=CIRCLE('',#3866,0.999999999999996);
#191=CIRCLE('',#3869,1.);
#192=CIRCLE('',#3870,1.);
#193=CIRCLE('',#3873,0.999999999999996);
#194=CIRCLE('',#3874,0.999999999999996);
#195=CIRCLE('',#3877,1.);
#196=CIRCLE('',#3878,1.);
#197=CIRCLE('',#3882,1.5);
#198=CIRCLE('',#3884,1.5);
#199=CIRCLE('',#3888,1.5);
#200=CIRCLE('',#3890,1.5);
#201=CIRCLE('',#3893,1.5);
#202=CIRCLE('',#3896,1.5);
#203=CIRCLE('',#3901,1.5);
#204=CIRCLE('',#3906,1.5);
#205=CIRCLE('',#3916,5.75);
#206=CIRCLE('',#3917,5.75);
#207=CIRCLE('',#3924,5.75);
#208=CIRCLE('',#3925,5.75);
#209=CIRCLE('',#3932,5.75);
#210=CIRCLE('',#3933,5.75);
#211=CIRCLE('',#3935,2.25);
#212=CIRCLE('',#3936,2.25);
#213=CIRCLE('',#3939,2.25);
#214=CIRCLE('',#3940,2.25);
#215=CIRCLE('',#3943,2.25);
#216=CIRCLE('',#3944,2.25);
#217=CIRCLE('',#3947,2.25);
#218=CIRCLE('',#3948,2.25);
#219=CIRCLE('',#3951,2.25588575104445);
#220=CIRCLE('',#3953,2.25588575104445);
#221=CIRCLE('',#3955,2.25588575104446);
#222=CIRCLE('',#3957,2.25588575104446);
#223=CYLINDRICAL_SURFACE('',#3648,2.8);
#224=CYLINDRICAL_SURFACE('',#3657,3.);
#225=CYLINDRICAL_SURFACE('',#3665,3.);
#226=CYLINDRICAL_SURFACE('',#3669,3.);
#227=CYLINDRICAL_SURFACE('',#3671,1.4);
#228=CYLINDRICAL_SURFACE('',#3676,1.4);
#229=CYLINDRICAL_SURFACE('',#3681,1.40000000000001);
#230=CYLINDRICAL_SURFACE('',#3684,3.);
#231=CYLINDRICAL_SURFACE('',#3688,1.4);
#232=CYLINDRICAL_SURFACE('',#3704,4.55);
#233=CYLINDRICAL_SURFACE('',#3709,4.55000000000134);
#234=CYLINDRICAL_SURFACE('',#3735,3.25);
#235=CYLINDRICAL_SURFACE('',#3744,2.8);
#236=CYLINDRICAL_SURFACE('',#3754,2.8);
#237=CYLINDRICAL_SURFACE('',#3764,2.8);
#238=CYLINDRICAL_SURFACE('',#3766,2.8);
#239=CYLINDRICAL_SURFACE('',#3768,2.8);
#240=CYLINDRICAL_SURFACE('',#3772,3.25000000000135);
#241=CYLINDRICAL_SURFACE('',#3831,2.);
#242=CYLINDRICAL_SURFACE('',#3832,2.);
#243=CYLINDRICAL_SURFACE('',#3838,2.);
#244=CYLINDRICAL_SURFACE('',#3841,2.);
#245=CYLINDRICAL_SURFACE('',#3864,0.999999999999996);
#246=CYLINDRICAL_SURFACE('',#3868,1.);
#247=CYLINDRICAL_SURFACE('',#3872,0.999999999999996);
#248=CYLINDRICAL_SURFACE('',#3876,1.);
#249=CYLINDRICAL_SURFACE('',#3892,1.5);
#250=CYLINDRICAL_SURFACE('',#3895,1.5);
#251=CYLINDRICAL_SURFACE('',#3908,1.5);
#252=CYLINDRICAL_SURFACE('',#3910,1.5);
#253=CYLINDRICAL_SURFACE('',#3915,5.75);
#254=CYLINDRICAL_SURFACE('',#3923,5.75);
#255=CYLINDRICAL_SURFACE('',#3931,5.75);
#256=CYLINDRICAL_SURFACE('',#3934,2.25);
#257=CYLINDRICAL_SURFACE('',#3938,2.25);
#258=CYLINDRICAL_SURFACE('',#3942,2.25);
#259=CYLINDRICAL_SURFACE('',#3946,2.25);
#260=FACE_OUTER_BOUND('',#465,.T.);
#261=FACE_OUTER_BOUND('',#466,.T.);
#262=FACE_OUTER_BOUND('',#467,.T.);
#263=FACE_OUTER_BOUND('',#468,.T.);
#264=FACE_OUTER_BOUND('',#469,.T.);
#265=FACE_OUTER_BOUND('',#470,.T.);
#266=FACE_OUTER_BOUND('',#471,.T.);
#267=FACE_OUTER_BOUND('',#472,.T.);
#268=FACE_OUTER_BOUND('',#473,.T.);
#269=FACE_OUTER_BOUND('',#476,.T.);
#270=FACE_OUTER_BOUND('',#477,.T.);
#271=FACE_OUTER_BOUND('',#478,.T.);
#272=FACE_OUTER_BOUND('',#481,.T.);
#273=FACE_OUTER_BOUND('',#482,.T.);
#274=FACE_OUTER_BOUND('',#483,.T.);
#275=FACE_OUTER_BOUND('',#484,.T.);
#276=FACE_OUTER_BOUND('',#485,.T.);
#277=FACE_OUTER_BOUND('',#486,.T.);
#278=FACE_OUTER_BOUND('',#487,.T.);
#279=FACE_OUTER_BOUND('',#488,.T.);
#280=FACE_OUTER_BOUND('',#489,.T.);
#281=FACE_OUTER_BOUND('',#491,.T.);
#282=FACE_OUTER_BOUND('',#492,.T.);
#283=FACE_OUTER_BOUND('',#493,.T.);
#284=FACE_OUTER_BOUND('',#494,.T.);
#285=FACE_OUTER_BOUND('',#496,.T.);
#286=FACE_OUTER_BOUND('',#497,.T.);
#287=FACE_OUTER_BOUND('',#498,.T.);
#288=FACE_OUTER_BOUND('',#499,.T.);
#289=FACE_OUTER_BOUND('',#500,.T.);
#290=FACE_OUTER_BOUND('',#501,.T.);
#291=FACE_OUTER_BOUND('',#502,.T.);
#292=FACE_OUTER_BOUND('',#503,.T.);
#293=FACE_OUTER_BOUND('',#504,.T.);
#294=FACE_OUTER_BOUND('',#506,.T.);
#295=FACE_OUTER_BOUND('',#507,.T.);
#296=FACE_OUTER_BOUND('',#508,.T.);
#297=FACE_OUTER_BOUND('',#510,.T.);
#298=FACE_OUTER_BOUND('',#511,.T.);
#299=FACE_OUTER_BOUND('',#512,.T.);
#300=FACE_OUTER_BOUND('',#513,.T.);
#301=FACE_OUTER_BOUND('',#514,.T.);
#302=FACE_OUTER_BOUND('',#515,.T.);
#303=FACE_OUTER_BOUND('',#516,.T.);
#304=FACE_OUTER_BOUND('',#517,.T.);
#305=FACE_OUTER_BOUND('',#518,.T.);
#306=FACE_OUTER_BOUND('',#520,.T.);
#307=FACE_OUTER_BOUND('',#521,.T.);
#308=FACE_OUTER_BOUND('',#522,.T.);
#309=FACE_OUTER_BOUND('',#523,.T.);
#310=FACE_OUTER_BOUND('',#524,.T.);
#311=FACE_OUTER_BOUND('',#525,.T.);
#312=FACE_OUTER_BOUND('',#526,.T.);
#313=FACE_OUTER_BOUND('',#527,.T.);
#314=FACE_OUTER_BOUND('',#528,.T.);
#315=FACE_OUTER_BOUND('',#529,.T.);
#316=FACE_OUTER_BOUND('',#531,.T.);
#317=FACE_OUTER_BOUND('',#535,.T.);
#318=FACE_OUTER_BOUND('',#536,.T.);
#319=FACE_OUTER_BOUND('',#537,.T.);
#320=FACE_OUTER_BOUND('',#538,.T.);
#321=FACE_OUTER_BOUND('',#539,.T.);
#322=FACE_OUTER_BOUND('',#540,.T.);
#323=FACE_OUTER_BOUND('',#541,.T.);
#324=FACE_OUTER_BOUND('',#542,.T.);
#325=FACE_OUTER_BOUND('',#543,.T.);
#326=FACE_OUTER_BOUND('',#544,.T.);
#327=FACE_OUTER_BOUND('',#545,.T.);
#328=FACE_OUTER_BOUND('',#546,.T.);
#329=FACE_OUTER_BOUND('',#547,.T.);
#330=FACE_OUTER_BOUND('',#548,.T.);
#331=FACE_OUTER_BOUND('',#549,.T.);
#332=FACE_OUTER_BOUND('',#550,.T.);
#333=FACE_OUTER_BOUND('',#551,.T.);
#334=FACE_OUTER_BOUND('',#552,.T.);
#335=FACE_OUTER_BOUND('',#553,.T.);
#336=FACE_OUTER_BOUND('',#554,.T.);
#337=FACE_OUTER_BOUND('',#555,.T.);
#338=FACE_OUTER_BOUND('',#556,.T.);
#339=FACE_OUTER_BOUND('',#557,.T.);
#340=FACE_OUTER_BOUND('',#558,.T.);
#341=FACE_OUTER_BOUND('',#559,.T.);
#342=FACE_OUTER_BOUND('',#560,.T.);
#343=FACE_OUTER_BOUND('',#561,.T.);
#344=FACE_OUTER_BOUND('',#568,.T.);
#345=FACE_OUTER_BOUND('',#572,.T.);
#346=FACE_OUTER_BOUND('',#573,.T.);
#347=FACE_OUTER_BOUND('',#574,.T.);
#348=FACE_OUTER_BOUND('',#575,.T.);
#349=FACE_OUTER_BOUND('',#576,.T.);
#350=FACE_OUTER_BOUND('',#577,.T.);
#351=FACE_OUTER_BOUND('',#578,.T.);
#352=FACE_OUTER_BOUND('',#579,.T.);
#353=FACE_OUTER_BOUND('',#580,.T.);
#354=FACE_OUTER_BOUND('',#581,.T.);
#355=FACE_OUTER_BOUND('',#582,.T.);
#356=FACE_OUTER_BOUND('',#583,.T.);
#357=FACE_OUTER_BOUND('',#584,.T.);
#358=FACE_OUTER_BOUND('',#586,.T.);
#359=FACE_OUTER_BOUND('',#587,.T.);
#360=FACE_OUTER_BOUND('',#588,.T.);
#361=FACE_OUTER_BOUND('',#590,.T.);
#362=FACE_OUTER_BOUND('',#591,.T.);
#363=FACE_OUTER_BOUND('',#592,.T.);
#364=FACE_OUTER_BOUND('',#594,.T.);
#365=FACE_OUTER_BOUND('',#595,.T.);
#366=FACE_OUTER_BOUND('',#596,.T.);
#367=FACE_OUTER_BOUND('',#598,.T.);
#368=FACE_OUTER_BOUND('',#605,.T.);
#369=FACE_OUTER_BOUND('',#606,.T.);
#370=FACE_OUTER_BOUND('',#607,.T.);
#371=FACE_OUTER_BOUND('',#611,.T.);
#372=FACE_OUTER_BOUND('',#612,.T.);
#373=FACE_OUTER_BOUND('',#613,.T.);
#374=FACE_OUTER_BOUND('',#614,.T.);
#375=FACE_OUTER_BOUND('',#615,.T.);
#376=FACE_OUTER_BOUND('',#616,.T.);
#377=FACE_OUTER_BOUND('',#617,.T.);
#378=FACE_OUTER_BOUND('',#618,.T.);
#379=FACE_OUTER_BOUND('',#619,.T.);
#380=FACE_OUTER_BOUND('',#620,.T.);
#381=FACE_OUTER_BOUND('',#621,.T.);
#382=FACE_OUTER_BOUND('',#622,.T.);
#383=FACE_OUTER_BOUND('',#623,.T.);
#384=FACE_OUTER_BOUND('',#624,.T.);
#385=FACE_OUTER_BOUND('',#625,.T.);
#386=FACE_OUTER_BOUND('',#626,.T.);
#387=FACE_OUTER_BOUND('',#628,.T.);
#388=FACE_OUTER_BOUND('',#629,.T.);
#389=FACE_OUTER_BOUND('',#630,.T.);
#390=FACE_OUTER_BOUND('',#631,.T.);
#391=FACE_OUTER_BOUND('',#632,.T.);
#392=FACE_OUTER_BOUND('',#633,.T.);
#393=FACE_OUTER_BOUND('',#634,.T.);
#394=FACE_OUTER_BOUND('',#635,.T.);
#395=FACE_OUTER_BOUND('',#636,.T.);
#396=FACE_OUTER_BOUND('',#637,.T.);
#397=FACE_OUTER_BOUND('',#638,.T.);
#398=FACE_OUTER_BOUND('',#639,.T.);
#399=FACE_OUTER_BOUND('',#640,.T.);
#400=FACE_OUTER_BOUND('',#641,.T.);
#401=FACE_OUTER_BOUND('',#642,.T.);
#402=FACE_OUTER_BOUND('',#643,.T.);
#403=FACE_OUTER_BOUND('',#644,.T.);
#404=FACE_OUTER_BOUND('',#645,.T.);
#405=FACE_OUTER_BOUND('',#646,.T.);
#406=FACE_OUTER_BOUND('',#647,.T.);
#407=FACE_OUTER_BOUND('',#648,.T.);
#408=FACE_OUTER_BOUND('',#649,.T.);
#409=FACE_OUTER_BOUND('',#650,.T.);
#410=FACE_OUTER_BOUND('',#651,.T.);
#411=FACE_OUTER_BOUND('',#652,.T.);
#412=FACE_OUTER_BOUND('',#653,.T.);
#413=FACE_OUTER_BOUND('',#654,.T.);
#414=FACE_OUTER_BOUND('',#655,.T.);
#415=FACE_OUTER_BOUND('',#656,.T.);
#416=FACE_OUTER_BOUND('',#657,.T.);
#417=FACE_OUTER_BOUND('',#658,.T.);
#418=FACE_OUTER_BOUND('',#659,.T.);
#419=FACE_OUTER_BOUND('',#660,.T.);
#420=FACE_OUTER_BOUND('',#661,.T.);
#421=FACE_OUTER_BOUND('',#662,.T.);
#422=FACE_OUTER_BOUND('',#663,.T.);
#423=FACE_OUTER_BOUND('',#664,.T.);
#424=FACE_OUTER_BOUND('',#665,.T.);
#425=FACE_OUTER_BOUND('',#666,.T.);
#426=FACE_OUTER_BOUND('',#667,.T.);
#427=FACE_OUTER_BOUND('',#668,.T.);
#428=FACE_OUTER_BOUND('',#669,.T.);
#429=FACE_OUTER_BOUND('',#670,.T.);
#430=FACE_OUTER_BOUND('',#671,.T.);
#431=FACE_OUTER_BOUND('',#672,.T.);
#432=FACE_OUTER_BOUND('',#673,.T.);
#433=FACE_OUTER_BOUND('',#674,.T.);
#434=FACE_OUTER_BOUND('',#675,.T.);
#435=FACE_OUTER_BOUND('',#676,.T.);
#436=FACE_OUTER_BOUND('',#677,.T.);
#437=FACE_OUTER_BOUND('',#678,.T.);
#438=FACE_OUTER_BOUND('',#679,.T.);
#439=FACE_OUTER_BOUND('',#680,.T.);
#440=FACE_OUTER_BOUND('',#681,.T.);
#441=FACE_OUTER_BOUND('',#683,.T.);
#442=FACE_OUTER_BOUND('',#684,.T.);
#443=FACE_OUTER_BOUND('',#686,.T.);
#444=FACE_OUTER_BOUND('',#687,.T.);
#445=FACE_OUTER_BOUND('',#689,.T.);
#446=FACE_OUTER_BOUND('',#690,.T.);
#447=FACE_OUTER_BOUND('',#692,.T.);
#448=FACE_OUTER_BOUND('',#693,.T.);
#449=FACE_OUTER_BOUND('',#694,.T.);
#450=FACE_OUTER_BOUND('',#695,.T.);
#451=FACE_OUTER_BOUND('',#696,.T.);
#452=FACE_OUTER_BOUND('',#698,.T.);
#453=FACE_OUTER_BOUND('',#700,.T.);
#454=FACE_OUTER_BOUND('',#702,.T.);
#455=FACE_OUTER_BOUND('',#704,.T.);
#456=FACE_OUTER_BOUND('',#706,.T.);
#457=FACE_OUTER_BOUND('',#707,.T.);
#458=FACE_OUTER_BOUND('',#709,.T.);
#459=FACE_OUTER_BOUND('',#710,.T.);
#460=FACE_OUTER_BOUND('',#711,.T.);
#461=FACE_OUTER_BOUND('',#712,.T.);
#462=FACE_OUTER_BOUND('',#713,.T.);
#463=FACE_OUTER_BOUND('',#715,.T.);
#464=FACE_OUTER_BOUND('',#716,.T.);
#465=EDGE_LOOP('',(#2289,#2290,#2291,#2292));
#466=EDGE_LOOP('',(#2293,#2294,#2295,#2296,#2297));
#467=EDGE_LOOP('',(#2298,#2299,#2300,#2301,#2302));
#468=EDGE_LOOP('',(#2303,#2304,#2305,#2306,#2307,#2308,#2309,#2310));
#469=EDGE_LOOP('',(#2311,#2312,#2313,#2314));
#470=EDGE_LOOP('',(#2315,#2316,#2317,#2318));
#471=EDGE_LOOP('',(#2319,#2320,#2321,#2322));
#472=EDGE_LOOP('',(#2323,#2324,#2325,#2326));
#473=EDGE_LOOP('',(#2327,#2328,#2329,#2330,#2331,#2332));
#474=EDGE_LOOP('',(#2333));
#475=EDGE_LOOP('',(#2334));
#476=EDGE_LOOP('',(#2335,#2336,#2337,#2338,#2339));
#477=EDGE_LOOP('',(#2340,#2341,#2342,#2343));
#478=EDGE_LOOP('',(#2344,#2345,#2346,#2347,#2348,#2349,#2350,#2351,#2352,
#2353));
#479=EDGE_LOOP('',(#2354,#2355,#2356,#2357,#2358,#2359,#2360,#2361,#2362,
#2363,#2364,#2365,#2366,#2367,#2368,#2369,#2370,#2371));
#480=EDGE_LOOP('',(#2372));
#481=EDGE_LOOP('',(#2373,#2374,#2375,#2376,#2377));
#482=EDGE_LOOP('',(#2378,#2379,#2380,#2381));
#483=EDGE_LOOP('',(#2382,#2383,#2384,#2385,#2386));
#484=EDGE_LOOP('',(#2387,#2388,#2389,#2390));
#485=EDGE_LOOP('',(#2391,#2392,#2393));
#486=EDGE_LOOP('',(#2394,#2395,#2396,#2397,#2398,#2399));
#487=EDGE_LOOP('',(#2400));
#488=EDGE_LOOP('',(#2401,#2402,#2403,#2404));
#489=EDGE_LOOP('',(#2405,#2406,#2407,#2408,#2409));
#490=EDGE_LOOP('',(#2410));
#491=EDGE_LOOP('',(#2411,#2412,#2413));
#492=EDGE_LOOP('',(#2414,#2415,#2416,#2417));
#493=EDGE_LOOP('',(#2418,#2419,#2420,#2421));
#494=EDGE_LOOP('',(#2422));
#495=EDGE_LOOP('',(#2423));
#496=EDGE_LOOP('',(#2424));
#497=EDGE_LOOP('',(#2425,#2426,#2427,#2428));
#498=EDGE_LOOP('',(#2429,#2430,#2431));
#499=EDGE_LOOP('',(#2432));
#500=EDGE_LOOP('',(#2433,#2434,#2435,#2436));
#501=EDGE_LOOP('',(#2437,#2438,#2439,#2440,#2441,#2442,#2443,#2444,#2445,
#2446,#2447,#2448,#2449,#2450));
#502=EDGE_LOOP('',(#2451,#2452,#2453,#2454));
#503=EDGE_LOOP('',(#2455,#2456,#2457,#2458));
#504=EDGE_LOOP('',(#2459,#2460,#2461,#2462,#2463,#2464,#2465,#2466));
#505=EDGE_LOOP('',(#2467,#2468,#2469,#2470));
#506=EDGE_LOOP('',(#2471,#2472,#2473,#2474,#2475,#2476));
#507=EDGE_LOOP('',(#2477,#2478,#2479,#2480));
#508=EDGE_LOOP('',(#2481,#2482,#2483,#2484,#2485,#2486,#2487,#2488,#2489));
#509=EDGE_LOOP('',(#2490,#2491,#2492,#2493));
#510=EDGE_LOOP('',(#2494,#2495,#2496,#2497));
#511=EDGE_LOOP('',(#2498,#2499,#2500,#2501));
#512=EDGE_LOOP('',(#2502,#2503,#2504,#2505));
#513=EDGE_LOOP('',(#2506,#2507,#2508,#2509));
#514=EDGE_LOOP('',(#2510,#2511,#2512,#2513));
#515=EDGE_LOOP('',(#2514,#2515,#2516,#2517));
#516=EDGE_LOOP('',(#2518,#2519,#2520,#2521));
#517=EDGE_LOOP('',(#2522,#2523,#2524,#2525));
#518=EDGE_LOOP('',(#2526,#2527,#2528,#2529,#2530,#2531));
#519=EDGE_LOOP('',(#2532,#2533,#2534,#2535));
#520=EDGE_LOOP('',(#2536));
#521=EDGE_LOOP('',(#2537,#2538,#2539,#2540));
#522=EDGE_LOOP('',(#2541,#2542,#2543,#2544));
#523=EDGE_LOOP('',(#2545,#2546,#2547,#2548));
#524=EDGE_LOOP('',(#2549,#2550,#2551,#2552));
#525=EDGE_LOOP('',(#2553,#2554,#2555,#2556));
#526=EDGE_LOOP('',(#2557,#2558,#2559,#2560));
#527=EDGE_LOOP('',(#2561,#2562,#2563,#2564));
#528=EDGE_LOOP('',(#2565,#2566,#2567,#2568));
#529=EDGE_LOOP('',(#2569,#2570,#2571,#2572,#2573,#2574,#2575,#2576));
#530=EDGE_LOOP('',(#2577,#2578,#2579,#2580));
#531=EDGE_LOOP('',(#2581,#2582,#2583,#2584));
#532=EDGE_LOOP('',(#2585,#2586,#2587,#2588,#2589,#2590,#2591,#2592));
#533=EDGE_LOOP('',(#2593,#2594,#2595,#2596));
#534=EDGE_LOOP('',(#2597,#2598,#2599,#2600));
#535=EDGE_LOOP('',(#2601,#2602,#2603,#2604,#2605,#2606,#2607,#2608));
#536=EDGE_LOOP('',(#2609,#2610,#2611,#2612));
#537=EDGE_LOOP('',(#2613,#2614,#2615,#2616,#2617,#2618,#2619,#2620,#2621,
#2622,#2623,#2624,#2625));
#538=EDGE_LOOP('',(#2626,#2627,#2628,#2629));
#539=EDGE_LOOP('',(#2630,#2631,#2632,#2633,#2634,#2635,#2636));
#540=EDGE_LOOP('',(#2637,#2638,#2639,#2640));
#541=EDGE_LOOP('',(#2641,#2642,#2643,#2644,#2645,#2646,#2647,#2648));
#542=EDGE_LOOP('',(#2649,#2650,#2651,#2652));
#543=EDGE_LOOP('',(#2653,#2654,#2655,#2656));
#544=EDGE_LOOP('',(#2657,#2658,#2659,#2660,#2661,#2662));
#545=EDGE_LOOP('',(#2663,#2664,#2665,#2666,#2667,#2668));
#546=EDGE_LOOP('',(#2669,#2670,#2671,#2672));
#547=EDGE_LOOP('',(#2673,#2674,#2675,#2676,#2677,#2678));
#548=EDGE_LOOP('',(#2679,#2680,#2681,#2682,#2683,#2684));
#549=EDGE_LOOP('',(#2685,#2686,#2687,#2688));
#550=EDGE_LOOP('',(#2689,#2690,#2691,#2692,#2693,#2694));
#551=EDGE_LOOP('',(#2695,#2696,#2697,#2698,#2699,#2700));
#552=EDGE_LOOP('',(#2701,#2702,#2703,#2704));
#553=EDGE_LOOP('',(#2705,#2706,#2707,#2708));
#554=EDGE_LOOP('',(#2709,#2710,#2711,#2712));
#555=EDGE_LOOP('',(#2713,#2714,#2715,#2716));
#556=EDGE_LOOP('',(#2717,#2718,#2719,#2720));
#557=EDGE_LOOP('',(#2721,#2722,#2723,#2724));
#558=EDGE_LOOP('',(#2725,#2726,#2727,#2728));
#559=EDGE_LOOP('',(#2729,#2730,#2731,#2732,#2733));
#560=EDGE_LOOP('',(#2734,#2735,#2736,#2737));
#561=EDGE_LOOP('',(#2738,#2739,#2740,#2741,#2742,#2743,#2744,#2745,#2746,
#2747,#2748,#2749,#2750));
#562=EDGE_LOOP('',(#2751));
#563=EDGE_LOOP('',(#2752));
#564=EDGE_LOOP('',(#2753));
#565=EDGE_LOOP('',(#2754));
#566=EDGE_LOOP('',(#2755));
#567=EDGE_LOOP('',(#2756));
#568=EDGE_LOOP('',(#2757,#2758,#2759,#2760,#2761,#2762));
#569=EDGE_LOOP('',(#2763,#2764,#2765,#2766));
#570=EDGE_LOOP('',(#2767,#2768,#2769,#2770));
#571=EDGE_LOOP('',(#2771,#2772,#2773,#2774));
#572=EDGE_LOOP('',(#2775,#2776,#2777,#2778));
#573=EDGE_LOOP('',(#2779,#2780,#2781,#2782));
#574=EDGE_LOOP('',(#2783,#2784,#2785,#2786));
#575=EDGE_LOOP('',(#2787,#2788,#2789,#2790));
#576=EDGE_LOOP('',(#2791,#2792,#2793,#2794));
#577=EDGE_LOOP('',(#2795,#2796,#2797,#2798));
#578=EDGE_LOOP('',(#2799,#2800,#2801,#2802,#2803,#2804,#2805,#2806));
#579=EDGE_LOOP('',(#2807,#2808,#2809,#2810));
#580=EDGE_LOOP('',(#2811));
#581=EDGE_LOOP('',(#2812));
#582=EDGE_LOOP('',(#2813,#2814,#2815,#2816,#2817));
#583=EDGE_LOOP('',(#2818,#2819,#2820,#2821,#2822));
#584=EDGE_LOOP('',(#2823));
#585=EDGE_LOOP('',(#2824));
#586=EDGE_LOOP('',(#2825,#2826,#2827,#2828,#2829));
#587=EDGE_LOOP('',(#2830,#2831,#2832,#2833,#2834));
#588=EDGE_LOOP('',(#2835));
#589=EDGE_LOOP('',(#2836));
#590=EDGE_LOOP('',(#2837,#2838,#2839,#2840,#2841));
#591=EDGE_LOOP('',(#2842,#2843,#2844,#2845,#2846));
#592=EDGE_LOOP('',(#2847));
#593=EDGE_LOOP('',(#2848));
#594=EDGE_LOOP('',(#2849,#2850,#2851,#2852,#2853));
#595=EDGE_LOOP('',(#2854,#2855,#2856,#2857,#2858));
#596=EDGE_LOOP('',(#2859));
#597=EDGE_LOOP('',(#2860));
#598=EDGE_LOOP('',(#2861,#2862,#2863,#2864));
#599=EDGE_LOOP('',(#2865));
#600=EDGE_LOOP('',(#2866));
#601=EDGE_LOOP('',(#2867));
#602=EDGE_LOOP('',(#2868));
#603=EDGE_LOOP('',(#2869));
#604=EDGE_LOOP('',(#2870));
#605=EDGE_LOOP('',(#2871,#2872,#2873,#2874));
#606=EDGE_LOOP('',(#2875,#2876,#2877,#2878));
#607=EDGE_LOOP('',(#2879,#2880,#2881,#2882));
#608=EDGE_LOOP('',(#2883));
#609=EDGE_LOOP('',(#2884,#2885,#2886,#2887,#2888,#2889,#2890,#2891));
#610=EDGE_LOOP('',(#2892));
#611=EDGE_LOOP('',(#2893,#2894,#2895,#2896));
#612=EDGE_LOOP('',(#2897));
#613=EDGE_LOOP('',(#2898,#2899,#2900,#2901));
#614=EDGE_LOOP('',(#2902));
#615=EDGE_LOOP('',(#2903,#2904,#2905,#2906));
#616=EDGE_LOOP('',(#2907,#2908,#2909,#2910));
#617=EDGE_LOOP('',(#2911,#2912,#2913,#2914));
#618=EDGE_LOOP('',(#2915,#2916,#2917,#2918));
#619=EDGE_LOOP('',(#2919,#2920,#2921,#2922));
#620=EDGE_LOOP('',(#2923,#2924,#2925,#2926));
#621=EDGE_LOOP('',(#2927,#2928,#2929,#2930));
#622=EDGE_LOOP('',(#2931,#2932,#2933,#2934));
#623=EDGE_LOOP('',(#2935,#2936,#2937,#2938));
#624=EDGE_LOOP('',(#2939,#2940,#2941,#2942));
#625=EDGE_LOOP('',(#2943,#2944,#2945,#2946));
#626=EDGE_LOOP('',(#2947,#2948,#2949,#2950));
#627=EDGE_LOOP('',(#2951,#2952,#2953,#2954,#2955,#2956,#2957,#2958));
#628=EDGE_LOOP('',(#2959,#2960,#2961,#2962,#2963,#2964,#2965,#2966));
#629=EDGE_LOOP('',(#2967,#2968,#2969,#2970));
#630=EDGE_LOOP('',(#2971,#2972,#2973,#2974));
#631=EDGE_LOOP('',(#2975,#2976,#2977,#2978));
#632=EDGE_LOOP('',(#2979,#2980,#2981,#2982));
#633=EDGE_LOOP('',(#2983));
#634=EDGE_LOOP('',(#2984,#2985,#2986,#2987));
#635=EDGE_LOOP('',(#2988));
#636=EDGE_LOOP('',(#2989,#2990,#2991,#2992));
#637=EDGE_LOOP('',(#2993));
#638=EDGE_LOOP('',(#2994,#2995,#2996,#2997));
#639=EDGE_LOOP('',(#2998));
#640=EDGE_LOOP('',(#2999,#3000,#3001,#3002));
#641=EDGE_LOOP('',(#3003,#3004,#3005,#3006));
#642=EDGE_LOOP('',(#3007,#3008,#3009,#3010));
#643=EDGE_LOOP('',(#3011,#3012,#3013,#3014));
#644=EDGE_LOOP('',(#3015,#3016,#3017,#3018));
#645=EDGE_LOOP('',(#3019,#3020,#3021,#3022));
#646=EDGE_LOOP('',(#3023,#3024,#3025,#3026));
#647=EDGE_LOOP('',(#3027,#3028,#3029,#3030));
#648=EDGE_LOOP('',(#3031,#3032,#3033,#3034));
#649=EDGE_LOOP('',(#3035,#3036,#3037,#3038));
#650=EDGE_LOOP('',(#3039,#3040,#3041,#3042));
#651=EDGE_LOOP('',(#3043,#3044,#3045,#3046));
#652=EDGE_LOOP('',(#3047,#3048,#3049,#3050));
#653=EDGE_LOOP('',(#3051,#3052,#3053,#3054));
#654=EDGE_LOOP('',(#3055,#3056,#3057,#3058));
#655=EDGE_LOOP('',(#3059,#3060,#3061,#3062));
#656=EDGE_LOOP('',(#3063,#3064,#3065,#3066));
#657=EDGE_LOOP('',(#3067,#3068,#3069,#3070));
#658=EDGE_LOOP('',(#3071,#3072,#3073,#3074));
#659=EDGE_LOOP('',(#3075,#3076,#3077,#3078));
#660=EDGE_LOOP('',(#3079,#3080,#3081,#3082));
#661=EDGE_LOOP('',(#3083,#3084,#3085,#3086));
#662=EDGE_LOOP('',(#3087,#3088,#3089,#3090));
#663=EDGE_LOOP('',(#3091,#3092,#3093,#3094));
#664=EDGE_LOOP('',(#3095,#3096,#3097,#3098));
#665=EDGE_LOOP('',(#3099,#3100,#3101,#3102));
#666=EDGE_LOOP('',(#3103,#3104,#3105,#3106));
#667=EDGE_LOOP('',(#3107,#3108,#3109,#3110));
#668=EDGE_LOOP('',(#3111,#3112,#3113,#3114));
#669=EDGE_LOOP('',(#3115,#3116,#3117,#3118));
#670=EDGE_LOOP('',(#3119,#3120,#3121,#3122));
#671=EDGE_LOOP('',(#3123,#3124,#3125,#3126));
#672=EDGE_LOOP('',(#3127,#3128,#3129,#3130));
#673=EDGE_LOOP('',(#3131,#3132,#3133,#3134));
#674=EDGE_LOOP('',(#3135,#3136,#3137,#3138));
#675=EDGE_LOOP('',(#3139,#3140,#3141,#3142));
#676=EDGE_LOOP('',(#3143,#3144,#3145,#3146));
#677=EDGE_LOOP('',(#3147,#3148,#3149,#3150));
#678=EDGE_LOOP('',(#3151,#3152,#3153,#3154));
#679=EDGE_LOOP('',(#3155,#3156,#3157,#3158));
#680=EDGE_LOOP('',(#3159,#3160,#3161,#3162));
#681=EDGE_LOOP('',(#3163));
#682=EDGE_LOOP('',(#3164));
#683=EDGE_LOOP('',(#3165,#3166,#3167,#3168));
#684=EDGE_LOOP('',(#3169));
#685=EDGE_LOOP('',(#3170));
#686=EDGE_LOOP('',(#3171,#3172,#3173,#3174));
#687=EDGE_LOOP('',(#3175));
#688=EDGE_LOOP('',(#3176));
#689=EDGE_LOOP('',(#3177,#3178,#3179,#3180));
#690=EDGE_LOOP('',(#3181));
#691=EDGE_LOOP('',(#3182));
#692=EDGE_LOOP('',(#3183,#3184,#3185,#3186));
#693=EDGE_LOOP('',(#3187,#3188,#3189,#3190));
#694=EDGE_LOOP('',(#3191,#3192,#3193,#3194));
#695=EDGE_LOOP('',(#3195,#3196,#3197,#3198));
#696=EDGE_LOOP('',(#3199));
#697=EDGE_LOOP('',(#3200));
#698=EDGE_LOOP('',(#3201));
#699=EDGE_LOOP('',(#3202));
#700=EDGE_LOOP('',(#3203));
#701=EDGE_LOOP('',(#3204));
#702=EDGE_LOOP('',(#3205));
#703=EDGE_LOOP('',(#3206));
#704=EDGE_LOOP('',(#3207,#3208,#3209,#3210));
#705=EDGE_LOOP('',(#3211,#3212,#3213,#3214,#3215,#3216,#3217,#3218,#3219,
#3220,#3221,#3222,#3223,#3224,#3225,#3226));
#706=EDGE_LOOP('',(#3227,#3228,#3229,#3230));
#707=EDGE_LOOP('',(#3231,#3232,#3233,#3234,#3235,#3236,#3237,#3238));
#708=EDGE_LOOP('',(#3239,#3240,#3241,#3242));
#709=EDGE_LOOP('',(#3243,#3244,#3245,#3246));
#710=EDGE_LOOP('',(#3247,#3248,#3249,#3250));
#711=EDGE_LOOP('',(#3251,#3252,#3253,#3254));
#712=EDGE_LOOP('',(#3255,#3256,#3257,#3258));
#713=EDGE_LOOP('',(#3259,#3260,#3261,#3262));
#714=EDGE_LOOP('',(#3263,#3264,#3265,#3266));
#715=EDGE_LOOP('',(#3267,#3268,#3269,#3270));
#716=EDGE_LOOP('',(#3271,#3272,#3273,#3274));
#717=EDGE_LOOP('',(#3275,#3276,#3277,#3278,#3279,#3280,#3281,#3282,#3283,
#3284,#3285,#3286,#3287,#3288,#3289,#3290));
#718=LINE('',#5017,#1091);
#719=LINE('',#5019,#1092);
#720=LINE('',#5021,#1093);
#721=LINE('',#5022,#1094);
#722=LINE('',#5025,#1095);
#723=LINE('',#5027,#1096);
#724=LINE('',#5029,#1097);
#725=LINE('',#5030,#1098);
#726=LINE('',#5033,#1099);
#727=LINE('',#5035,#1100);
#728=LINE('',#5037,#1101);
#729=LINE('',#5038,#1102);
#730=LINE('',#5041,#1103);
#731=LINE('',#5043,#1104);
#732=LINE('',#5045,#1105);
#733=LINE('',#5047,#1106);
#734=LINE('',#5048,#1107);
#735=LINE('',#5051,#1108);
#736=LINE('',#5052,#1109);
#737=LINE('',#5055,#1110);
#738=LINE('',#5056,#1111);
#739=LINE('',#5061,#1112);
#740=LINE('',#5066,#1113);
#741=LINE('',#5068,#1114);
#742=LINE('',#5070,#1115);
#743=LINE('',#5071,#1116);
#744=LINE('',#5074,#1117);
#745=LINE('',#5076,#1118);
#746=LINE('',#5080,#1119);
#747=LINE('',#5090,#1120);
#748=LINE('',#5095,#1121);
#749=LINE('',#5097,#1122);
#750=LINE('',#5099,#1123);
#751=LINE('',#5100,#1124);
#752=LINE('',#5104,#1125);
#753=LINE('',#5106,#1126);
#754=LINE('',#5108,#1127);
#755=LINE('',#5110,#1128);
#756=LINE('',#5112,#1129);
#757=LINE('',#5114,#1130);
#758=LINE('',#5116,#1131);
#759=LINE('',#5118,#1132);
#760=LINE('',#5120,#1133);
#761=LINE('',#5121,#1134);
#762=LINE('',#5123,#1135);
#763=LINE('',#5125,#1136);
#764=LINE('',#5127,#1137);
#765=LINE('',#5131,#1138);
#766=LINE('',#5133,#1139);
#767=LINE('',#5135,#1140);
#768=LINE('',#5136,#1141);
#769=LINE('',#5140,#1142);
#770=LINE('',#5142,#1143);
#771=LINE('',#5144,#1144);
#772=LINE('',#5146,#1145);
#773=LINE('',#5148,#1146);
#774=LINE('',#5149,#1147);
#775=LINE('',#5157,#1148);
#776=LINE('',#5159,#1149);
#777=LINE('',#5160,#1150);
#778=LINE('',#5163,#1151);
#779=LINE('',#5167,#1152);
#780=LINE('',#5170,#1153);
#781=LINE('',#5172,#1154);
#782=LINE('',#5178,#1155);
#783=LINE('',#5182,#1156);
#784=LINE('',#5184,#1157);
#785=LINE('',#5185,#1158);
#786=LINE('',#5187,#1159);
#787=LINE('',#5192,#1160);
#788=LINE('',#5197,#1161);
#789=LINE('',#5202,#1162);
#790=LINE('',#5208,#1163);
#791=LINE('',#5210,#1164);
#792=LINE('',#5211,#1165);
#793=LINE('',#5213,#1166);
#794=LINE('',#5215,#1167);
#795=LINE('',#5217,#1168);
#796=LINE('',#5219,#1169);
#797=LINE('',#5221,#1170);
#798=LINE('',#5223,#1171);
#799=LINE('',#5225,#1172);
#800=LINE('',#5227,#1173);
#801=LINE('',#5229,#1174);
#802=LINE('',#5231,#1175);
#803=LINE('',#5233,#1176);
#804=LINE('',#5234,#1177);
#805=LINE('',#5239,#1178);
#806=LINE('',#5241,#1179);
#807=LINE('',#5243,#1180);
#808=LINE('',#5244,#1181);
#809=LINE('',#5247,#1182);
#810=LINE('',#5249,#1183);
#811=LINE('',#5251,#1184);
#812=LINE('',#5253,#1185);
#813=LINE('',#5255,#1186);
#814=LINE('',#5257,#1187);
#815=LINE('',#5258,#1188);
#816=LINE('',#5261,#1189);
#817=LINE('',#5263,#1190);
#818=LINE('',#5265,#1191);
#819=LINE('',#5266,#1192);
#820=LINE('',#5268,#1193);
#821=LINE('',#5270,#1194);
#822=LINE('',#5271,#1195);
#823=LINE('',#5275,#1196);
#824=LINE('',#5276,#1197);
#825=LINE('',#5277,#1198);
#826=LINE('',#5280,#1199);
#827=LINE('',#5282,#1200);
#828=LINE('',#5284,#1201);
#829=LINE('',#5285,#1202);
#830=LINE('',#5286,#1203);
#831=LINE('',#5289,#1204);
#832=LINE('',#5291,#1205);
#833=LINE('',#5293,#1206);
#834=LINE('',#5294,#1207);
#835=LINE('',#5296,#1208);
#836=LINE('',#5298,#1209);
#837=LINE('',#5300,#1210);
#838=LINE('',#5304,#1211);
#839=LINE('',#5306,#1212);
#840=LINE('',#5308,#1213);
#841=LINE('',#5309,#1214);
#842=LINE('',#5315,#1215);
#843=LINE('',#5317,#1216);
#844=LINE('',#5318,#1217);
#845=LINE('',#5321,#1218);
#846=LINE('',#5323,#1219);
#847=LINE('',#5324,#1220);
#848=LINE('',#5333,#1221);
#849=LINE('',#5336,#1222);
#850=LINE('',#5340,#1223);
#851=LINE('',#5342,#1224);
#852=LINE('',#5343,#1225);
#853=LINE('',#5347,#1226);
#854=LINE('',#5349,#1227);
#855=LINE('',#5351,#1228);
#856=LINE('',#5352,#1229);
#857=LINE('',#5356,#1230);
#858=LINE('',#5357,#1231);
#859=LINE('',#5358,#1232);
#860=LINE('',#5361,#1233);
#861=LINE('',#5363,#1234);
#862=LINE('',#5364,#1235);
#863=LINE('',#5368,#1236);
#864=LINE('',#5369,#1237);
#865=LINE('',#5372,#1238);
#866=LINE('',#5373,#1239);
#867=LINE('',#5375,#1240);
#868=LINE('',#5377,#1241);
#869=LINE('',#5380,#1242);
#870=LINE('',#5384,#1243);
#871=LINE('',#5387,#1244);
#872=LINE('',#5388,#1245);
#873=LINE('',#5390,#1246);
#874=LINE('',#5392,#1247);
#875=LINE('',#5393,#1248);
#876=LINE('',#5395,#1249);
#877=LINE('',#5397,#1250);
#878=LINE('',#5398,#1251);
#879=LINE('',#5400,#1252);
#880=LINE('',#5402,#1253);
#881=LINE('',#5403,#1254);
#882=LINE('',#5405,#1255);
#883=LINE('',#5406,#1256);
#884=LINE('',#5408,#1257);
#885=LINE('',#5411,#1258);
#886=LINE('',#5413,#1259);
#887=LINE('',#5414,#1260);
#888=LINE('',#5418,#1261);
#889=LINE('',#5420,#1262);
#890=LINE('',#5422,#1263);
#891=LINE('',#5423,#1264);
#892=LINE('',#5425,#1265);
#893=LINE('',#5426,#1266);
#894=LINE('',#5428,#1267);
#895=LINE('',#5430,#1268);
#896=LINE('',#5431,#1269);
#897=LINE('',#5433,#1270);
#898=LINE('',#5436,#1271);
#899=LINE('',#5459,#1272);
#900=LINE('',#5465,#1273);
#901=LINE('',#5470,#1274);
#902=LINE('',#5493,#1275);
#903=LINE('',#5499,#1276);
#904=LINE('',#5504,#1277);
#905=LINE('',#5527,#1278);
#906=LINE('',#5533,#1279);
#907=LINE('',#5537,#1280);
#908=LINE('',#5541,#1281);
#909=LINE('',#5544,#1282);
#910=LINE('',#5545,#1283);
#911=LINE('',#5547,#1284);
#912=LINE('',#5550,#1285);
#913=LINE('',#5555,#1286);
#914=LINE('',#5557,#1287);
#915=LINE('',#5558,#1288);
#916=LINE('',#5560,#1289);
#917=LINE('',#5561,#1290);
#918=LINE('',#5564,#1291);
#919=LINE('',#5565,#1292);
#920=LINE('',#5569,#1293);
#921=LINE('',#5571,#1294);
#922=LINE('',#5574,#1295);
#923=LINE('',#5575,#1296);
#924=LINE('',#5577,#1297);
#925=LINE('',#5596,#1298);
#926=LINE('',#5611,#1299);
#927=LINE('',#5626,#1300);
#928=LINE('',#5641,#1301);
#929=LINE('',#5648,#1302);
#930=LINE('',#5650,#1303);
#931=LINE('',#5652,#1304);
#932=LINE('',#5653,#1305);
#933=LINE('',#5663,#1306);
#934=LINE('',#5665,#1307);
#935=LINE('',#5668,#1308);
#936=LINE('',#5670,#1309);
#937=LINE('',#5671,#1310);
#938=LINE('',#5674,#1311);
#939=LINE('',#5678,#1312);
#940=LINE('',#5682,#1313);
#941=LINE('',#5686,#1314);
#942=LINE('',#5691,#1315);
#943=LINE('',#5696,#1316);
#944=LINE('',#5701,#1317);
#945=LINE('',#5703,#1318);
#946=LINE('',#5705,#1319);
#947=LINE('',#5706,#1320);
#948=LINE('',#5709,#1321);
#949=LINE('',#5711,#1322);
#950=LINE('',#5712,#1323);
#951=LINE('',#5715,#1324);
#952=LINE('',#5717,#1325);
#953=LINE('',#5718,#1326);
#954=LINE('',#5721,#1327);
#955=LINE('',#5723,#1328);
#956=LINE('',#5724,#1329);
#957=LINE('',#5727,#1330);
#958=LINE('',#5729,#1331);
#959=LINE('',#5730,#1332);
#960=LINE('',#5733,#1333);
#961=LINE('',#5735,#1334);
#962=LINE('',#5736,#1335);
#963=LINE('',#5739,#1336);
#964=LINE('',#5741,#1337);
#965=LINE('',#5742,#1338);
#966=LINE('',#5744,#1339);
#967=LINE('',#5745,#1340);
#968=LINE('',#5748,#1341);
#969=LINE('',#5750,#1342);
#970=LINE('',#5751,#1343);
#971=LINE('',#5754,#1344);
#972=LINE('',#5755,#1345);
#973=LINE('',#5758,#1346);
#974=LINE('',#5759,#1347);
#975=LINE('',#5762,#1348);
#976=LINE('',#5763,#1349);
#977=LINE('',#5766,#1350);
#978=LINE('',#5770,#1351);
#979=LINE('',#5774,#1352);
#980=LINE('',#5778,#1353);
#981=LINE('',#5783,#1354);
#982=LINE('',#5785,#1355);
#983=LINE('',#5786,#1356);
#984=LINE('',#5788,#1357);
#985=LINE('',#5791,#1358);
#986=LINE('',#5792,#1359);
#987=LINE('',#5797,#1360);
#988=LINE('',#5804,#1361);
#989=LINE('',#5811,#1362);
#990=LINE('',#5818,#1363);
#991=LINE('',#5823,#1364);
#992=LINE('',#5825,#1365);
#993=LINE('',#5826,#1366);
#994=LINE('',#5829,#1367);
#995=LINE('',#5834,#1368);
#996=LINE('',#5837,#1369);
#997=LINE('',#5838,#1370);
#998=LINE('',#5841,#1371);
#999=LINE('',#5842,#1372);
#1000=LINE('',#5845,#1373);
#1001=LINE('',#5850,#1374);
#1002=LINE('',#5852,#1375);
#1003=LINE('',#5855,#1376);
#1004=LINE('',#5858,#1377);
#1005=LINE('',#5861,#1378);
#1006=LINE('',#5862,#1379);
#1007=LINE('',#5865,#1380);
#1008=LINE('',#5869,#1381);
#1009=LINE('',#5870,#1382);
#1010=LINE('',#5872,#1383);
#1011=LINE('',#5873,#1384);
#1012=LINE('',#5875,#1385);
#1013=LINE('',#5879,#1386);
#1014=LINE('',#5881,#1387);
#1015=LINE('',#5884,#1388);
#1016=LINE('',#5885,#1389);
#1017=LINE('',#5887,#1390);
#1018=LINE('',#5891,#1391);
#1019=LINE('',#5893,#1392);
#1020=LINE('',#5895,#1393);
#1021=LINE('',#5896,#1394);
#1022=LINE('',#5898,#1395);
#1023=LINE('',#5904,#1396);
#1024=LINE('',#5906,#1397);
#1025=LINE('',#5908,#1398);
#1026=LINE('',#5909,#1399);
#1027=LINE('',#5912,#1400);
#1028=LINE('',#5914,#1401);
#1029=LINE('',#5915,#1402);
#1030=LINE('',#5918,#1403);
#1031=LINE('',#5920,#1404);
#1032=LINE('',#5921,#1405);
#1033=LINE('',#5926,#1406);
#1034=LINE('',#5930,#1407);
#1035=LINE('',#5932,#1408);
#1036=LINE('',#5933,#1409);
#1037=LINE('',#5936,#1410);
#1038=LINE('',#5938,#1411);
#1039=LINE('',#5939,#1412);
#1040=LINE('',#5942,#1413);
#1041=LINE('',#5944,#1414);
#1042=LINE('',#5945,#1415);
#1043=LINE('',#5948,#1416);
#1044=LINE('',#5950,#1417);
#1045=LINE('',#5951,#1418);
#1046=LINE('',#5954,#1419);
#1047=LINE('',#5956,#1420);
#1048=LINE('',#5957,#1421);
#1049=LINE('',#5962,#1422);
#1050=LINE('',#5966,#1423);
#1051=LINE('',#5968,#1424);
#1052=LINE('',#5969,#1425);
#1053=LINE('',#5972,#1426);
#1054=LINE('',#5974,#1427);
#1055=LINE('',#5975,#1428);
#1056=LINE('',#5978,#1429);
#1057=LINE('',#5980,#1430);
#1058=LINE('',#5981,#1431);
#1059=LINE('',#5984,#1432);
#1060=LINE('',#5986,#1433);
#1061=LINE('',#5987,#1434);
#1062=LINE('',#5990,#1435);
#1063=LINE('',#5992,#1436);
#1064=LINE('',#5993,#1437);
#1065=LINE('',#6001,#1438);
#1066=LINE('',#6008,#1439);
#1067=LINE('',#6015,#1440);
#1068=LINE('',#6022,#1441);
#1069=LINE('',#6027,#1442);
#1070=LINE('',#6031,#1443);
#1071=LINE('',#6035,#1444);
#1072=LINE('',#6039,#1445);
#1073=LINE('',#6046,#1446);
#1074=LINE('',#6049,#1447);
#1075=LINE('',#6050,#1448);
#1076=LINE('',#6054,#1449);
#1077=LINE('',#6056,#1450);
#1078=LINE('',#6058,#1451);
#1079=LINE('',#6059,#1452);
#1080=LINE('',#6063,#1453);
#1081=LINE('',#6064,#1454);
#1082=LINE('',#6065,#1455);
#1083=LINE('',#6068,#1456);
#1084=LINE('',#6069,#1457);
#1085=LINE('',#6072,#1458);
#1086=LINE('',#6073,#1459);
#1087=LINE('',#6075,#1460);
#1088=LINE('',#6078,#1461);
#1089=LINE('',#6079,#1462);
#1090=LINE('',#6081,#1463);
#1091=VECTOR('',#3979,10.);
#1092=VECTOR('',#3980,10.);
#1093=VECTOR('',#3981,10.);
#1094=VECTOR('',#3982,10.);
#1095=VECTOR('',#3985,10.);
#1096=VECTOR('',#3986,10.);
#1097=VECTOR('',#3987,10.);
#1098=VECTOR('',#3988,10.);
#1099=VECTOR('',#3991,10.);
#1100=VECTOR('',#3992,10.);
#1101=VECTOR('',#3993,10.);
#1102=VECTOR('',#3994,10.);
#1103=VECTOR('',#3997,10.);
#1104=VECTOR('',#3998,10.);
#1105=VECTOR('',#3999,10.);
#1106=VECTOR('',#4000,10.);
#1107=VECTOR('',#4001,10.);
#1108=VECTOR('',#4004,10.);
#1109=VECTOR('',#4005,10.);
#1110=VECTOR('',#4008,10.);
#1111=VECTOR('',#4009,10.);
#1112=VECTOR('',#4014,2.5);
#1113=VECTOR('',#4019,10.);
#1114=VECTOR('',#4020,10.);
#1115=VECTOR('',#4021,10.);
#1116=VECTOR('',#4022,10.);
#1117=VECTOR('',#4025,10.);
#1118=VECTOR('',#4026,10.);
#1119=VECTOR('',#4029,10.);
#1120=VECTOR('',#4040,10.);
#1121=VECTOR('',#4045,10.);
#1122=VECTOR('',#4046,10.);
#1123=VECTOR('',#4047,10.);
#1124=VECTOR('',#4048,10.);
#1125=VECTOR('',#4051,10.);
#1126=VECTOR('',#4052,10.);
#1127=VECTOR('',#4053,10.);
#1128=VECTOR('',#4054,10.);
#1129=VECTOR('',#4055,10.);
#1130=VECTOR('',#4056,10.);
#1131=VECTOR('',#4057,10.);
#1132=VECTOR('',#4058,10.);
#1133=VECTOR('',#4059,10.);
#1134=VECTOR('',#4060,10.);
#1135=VECTOR('',#4061,10.);
#1136=VECTOR('',#4062,10.);
#1137=VECTOR('',#4063,10.);
#1138=VECTOR('',#4066,10.);
#1139=VECTOR('',#4067,10.);
#1140=VECTOR('',#4068,10.);
#1141=VECTOR('',#4069,10.);
#1142=VECTOR('',#4072,10.);
#1143=VECTOR('',#4073,10.);
#1144=VECTOR('',#4074,10.);
#1145=VECTOR('',#4075,10.);
#1146=VECTOR('',#4076,10.);
#1147=VECTOR('',#4077,10.);
#1148=VECTOR('',#4086,10.);
#1149=VECTOR('',#4089,10.);
#1150=VECTOR('',#4090,10.);
#1151=VECTOR('',#4093,10.);
#1152=VECTOR('',#4098,1.4);
#1153=VECTOR('',#4103,10.);
#1154=VECTOR('',#4106,10.);
#1155=VECTOR('',#4113,1.4);
#1156=VECTOR('',#4118,10.);
#1157=VECTOR('',#4119,10.);
#1158=VECTOR('',#4120,10.);
#1159=VECTOR('',#4123,10.);
#1160=VECTOR('',#4128,1.40000000000001);
#1161=VECTOR('',#4135,3.);
#1162=VECTOR('',#4142,1.4);
#1163=VECTOR('',#4151,10.);
#1164=VECTOR('',#4152,10.);
#1165=VECTOR('',#4153,10.);
#1166=VECTOR('',#4156,10.);
#1167=VECTOR('',#4157,10.);
#1168=VECTOR('',#4158,10.);
#1169=VECTOR('',#4159,10.);
#1170=VECTOR('',#4160,10.);
#1171=VECTOR('',#4161,10.);
#1172=VECTOR('',#4162,10.);
#1173=VECTOR('',#4163,10.);
#1174=VECTOR('',#4164,10.);
#1175=VECTOR('',#4165,10.);
#1176=VECTOR('',#4166,10.);
#1177=VECTOR('',#4167,10.);
#1178=VECTOR('',#4172,10.);
#1179=VECTOR('',#4173,10.);
#1180=VECTOR('',#4174,10.);
#1181=VECTOR('',#4175,10.);
#1182=VECTOR('',#4178,10.);
#1183=VECTOR('',#4179,10.);
#1184=VECTOR('',#4180,10.);
#1185=VECTOR('',#4181,10.);
#1186=VECTOR('',#4182,10.);
#1187=VECTOR('',#4183,10.);
#1188=VECTOR('',#4184,10.);
#1189=VECTOR('',#4185,10.);
#1190=VECTOR('',#4186,10.);
#1191=VECTOR('',#4187,10.);
#1192=VECTOR('',#4188,10.);
#1193=VECTOR('',#4191,10.);
#1194=VECTOR('',#4192,10.);
#1195=VECTOR('',#4193,10.);
#1196=VECTOR('',#4196,10.);
#1197=VECTOR('',#4197,10.);
#1198=VECTOR('',#4198,10.);
#1199=VECTOR('',#4201,10.);
#1200=VECTOR('',#4202,10.);
#1201=VECTOR('',#4203,10.);
#1202=VECTOR('',#4204,10.);
#1203=VECTOR('',#4205,10.);
#1204=VECTOR('',#4206,10.);
#1205=VECTOR('',#4207,10.);
#1206=VECTOR('',#4208,10.);
#1207=VECTOR('',#4209,10.);
#1208=VECTOR('',#4212,10.);
#1209=VECTOR('',#4215,10.);
#1210=VECTOR('',#4218,10.);
#1211=VECTOR('',#4221,10.);
#1212=VECTOR('',#4222,10.);
#1213=VECTOR('',#4223,10.);
#1214=VECTOR('',#4224,10.);
#1215=VECTOR('',#4231,10.);
#1216=VECTOR('',#4234,10.);
#1217=VECTOR('',#4235,10.);
#1218=VECTOR('',#4238,10.);
#1219=VECTOR('',#4239,10.);
#1220=VECTOR('',#4240,10.);
#1221=VECTOR('',#4251,10.);
#1222=VECTOR('',#4254,10.);
#1223=VECTOR('',#4259,10.);
#1224=VECTOR('',#4260,10.);
#1225=VECTOR('',#4261,10.);
#1226=VECTOR('',#4264,10.);
#1227=VECTOR('',#4265,10.);
#1228=VECTOR('',#4266,10.);
#1229=VECTOR('',#4267,10.);
#1230=VECTOR('',#4270,10.);
#1231=VECTOR('',#4271,10.);
#1232=VECTOR('',#4272,10.);
#1233=VECTOR('',#4275,10.);
#1234=VECTOR('',#4276,10.);
#1235=VECTOR('',#4277,10.);
#1236=VECTOR('',#4282,10.);
#1237=VECTOR('',#4283,10.);
#1238=VECTOR('',#4286,10.);
#1239=VECTOR('',#4287,10.);
#1240=VECTOR('',#4290,10.);
#1241=VECTOR('',#4293,10.);
#1242=VECTOR('',#4294,10.);
#1243=VECTOR('',#4297,10.);
#1244=VECTOR('',#4302,10.);
#1245=VECTOR('',#4303,10.);
#1246=VECTOR('',#4304,10.);
#1247=VECTOR('',#4305,10.);
#1248=VECTOR('',#4306,10.);
#1249=VECTOR('',#4307,10.);
#1250=VECTOR('',#4308,10.);
#1251=VECTOR('',#4309,10.);
#1252=VECTOR('',#4310,10.);
#1253=VECTOR('',#4311,10.);
#1254=VECTOR('',#4312,10.);
#1255=VECTOR('',#4315,10.);
#1256=VECTOR('',#4316,10.);
#1257=VECTOR('',#4319,10.);
#1258=VECTOR('',#4322,10.);
#1259=VECTOR('',#4323,10.);
#1260=VECTOR('',#4324,10.);
#1261=VECTOR('',#4329,10.);
#1262=VECTOR('',#4330,10.);
#1263=VECTOR('',#4331,10.);
#1264=VECTOR('',#4332,10.);
#1265=VECTOR('',#4335,10.);
#1266=VECTOR('',#4336,10.);
#1267=VECTOR('',#4339,10.);
#1268=VECTOR('',#4342,10.);
#1269=VECTOR('',#4343,10.);
#1270=VECTOR('',#4346,10.);
#1271=VECTOR('',#4349,3.25);
#1272=VECTOR('',#4358,3.25);
#1273=VECTOR('',#4367,2.5);
#1274=VECTOR('',#4372,3.25);
#1275=VECTOR('',#4381,3.25);
#1276=VECTOR('',#4390,2.5);
#1277=VECTOR('',#4395,3.25);
#1278=VECTOR('',#4404,3.25);
#1279=VECTOR('',#4413,2.5);
#1280=VECTOR('',#4418,2.5);
#1281=VECTOR('',#4423,2.5);
#1282=VECTOR('',#4426,10.);
#1283=VECTOR('',#4427,10.);
#1284=VECTOR('',#4430,10.);
#1285=VECTOR('',#4435,10.);
#1286=VECTOR('',#4442,10.);
#1287=VECTOR('',#4443,10.);
#1288=VECTOR('',#4444,10.);
#1289=VECTOR('',#4447,10.);
#1290=VECTOR('',#4448,10.);
#1291=VECTOR('',#4451,10.);
#1292=VECTOR('',#4452,10.);
#1293=VECTOR('',#4459,10.);
#1294=VECTOR('',#4462,10.);
#1295=VECTOR('',#4465,10.);
#1296=VECTOR('',#4466,10.);
#1297=VECTOR('',#4469,10.);
#1298=VECTOR('',#4494,4.25);
#1299=VECTOR('',#4513,4.25);
#1300=VECTOR('',#4532,4.5);
#1301=VECTOR('',#4551,4.5);
#1302=VECTOR('',#4558,10.);
#1303=VECTOR('',#4559,10.);
#1304=VECTOR('',#4560,10.);
#1305=VECTOR('',#4561,10.);
#1306=VECTOR('',#4572,2.);
#1307=VECTOR('',#4575,2.);
#1308=VECTOR('',#4578,10.);
#1309=VECTOR('',#4579,10.);
#1310=VECTOR('',#4580,10.);
#1311=VECTOR('',#4581,10.);
#1312=VECTOR('',#4584,10.);
#1313=VECTOR('',#4587,10.);
#1314=VECTOR('',#4590,10.);
#1315=VECTOR('',#4597,2.);
#1316=VECTOR('',#4604,2.);
#1317=VECTOR('',#4609,10.);
#1318=VECTOR('',#4610,10.);
#1319=VECTOR('',#4611,10.);
#1320=VECTOR('',#4612,10.);
#1321=VECTOR('',#4615,10.);
#1322=VECTOR('',#4616,10.);
#1323=VECTOR('',#4617,10.);
#1324=VECTOR('',#4620,10.);
#1325=VECTOR('',#4621,10.);
#1326=VECTOR('',#4622,10.);
#1327=VECTOR('',#4625,10.);
#1328=VECTOR('',#4626,10.);
#1329=VECTOR('',#4627,10.);
#1330=VECTOR('',#4630,10.);
#1331=VECTOR('',#4631,10.);
#1332=VECTOR('',#4632,10.);
#1333=VECTOR('',#4635,10.);
#1334=VECTOR('',#4636,10.);
#1335=VECTOR('',#4637,10.);
#1336=VECTOR('',#4640,10.);
#1337=VECTOR('',#4641,10.);
#1338=VECTOR('',#4642,10.);
#1339=VECTOR('',#4645,10.);
#1340=VECTOR('',#4646,10.);
#1341=VECTOR('',#4649,10.);
#1342=VECTOR('',#4650,10.);
#1343=VECTOR('',#4651,10.);
#1344=VECTOR('',#4654,10.);
#1345=VECTOR('',#4655,10.);
#1346=VECTOR('',#4658,10.);
#1347=VECTOR('',#4659,10.);
#1348=VECTOR('',#4662,10.);
#1349=VECTOR('',#4663,10.);
#1350=VECTOR('',#4664,10.);
#1351=VECTOR('',#4667,10.);
#1352=VECTOR('',#4670,10.);
#1353=VECTOR('',#4673,10.);
#1354=VECTOR('',#4680,10.);
#1355=VECTOR('',#4681,10.);
#1356=VECTOR('',#4682,10.);
#1357=VECTOR('',#4685,10.);
#1358=VECTOR('',#4688,10.);
#1359=VECTOR('',#4689,10.);
#1360=VECTOR('',#4694,0.999999999999996);
#1361=VECTOR('',#4703,1.);
#1362=VECTOR('',#4712,0.999999999999996);
#1363=VECTOR('',#4721,1.);
#1364=VECTOR('',#4728,10.);
#1365=VECTOR('',#4729,10.);
#1366=VECTOR('',#4730,10.);
#1367=VECTOR('',#4733,10.);
#1368=VECTOR('',#4740,10.);
#1369=VECTOR('',#4743,10.);
#1370=VECTOR('',#4744,10.);
#1371=VECTOR('',#4747,10.);
#1372=VECTOR('',#4748,10.);
#1373=VECTOR('',#4751,10.);
#1374=VECTOR('',#4758,10.);
#1375=VECTOR('',#4761,10.);
#1376=VECTOR('',#4764,10.);
#1377=VECTOR('',#4767,10.);
#1378=VECTOR('',#4770,10.);
#1379=VECTOR('',#4771,10.);
#1380=VECTOR('',#4774,10.);
#1381=VECTOR('',#4779,10.);
#1382=VECTOR('',#4780,10.);
#1383=VECTOR('',#4783,10.);
#1384=VECTOR('',#4784,10.);
#1385=VECTOR('',#4787,10.);
#1386=VECTOR('',#4792,10.);
#1387=VECTOR('',#4795,10.);
#1388=VECTOR('',#4798,10.);
#1389=VECTOR('',#4799,10.);
#1390=VECTOR('',#4802,10.);
#1391=VECTOR('',#4807,10.);
#1392=VECTOR('',#4810,10.);
#1393=VECTOR('',#4813,10.);
#1394=VECTOR('',#4814,10.);
#1395=VECTOR('',#4817,10.);
#1396=VECTOR('',#4824,10.);
#1397=VECTOR('',#4825,10.);
#1398=VECTOR('',#4826,10.);
#1399=VECTOR('',#4827,10.);
#1400=VECTOR('',#4830,10.);
#1401=VECTOR('',#4831,10.);
#1402=VECTOR('',#4832,10.);
#1403=VECTOR('',#4835,10.);
#1404=VECTOR('',#4836,10.);
#1405=VECTOR('',#4837,10.);
#1406=VECTOR('',#4842,10.);
#1407=VECTOR('',#4847,10.);
#1408=VECTOR('',#4848,10.);
#1409=VECTOR('',#4849,10.);
#1410=VECTOR('',#4852,10.);
#1411=VECTOR('',#4853,10.);
#1412=VECTOR('',#4854,10.);
#1413=VECTOR('',#4857,10.);
#1414=VECTOR('',#4858,10.);
#1415=VECTOR('',#4859,10.);
#1416=VECTOR('',#4862,10.);
#1417=VECTOR('',#4863,10.);
#1418=VECTOR('',#4864,10.);
#1419=VECTOR('',#4867,10.);
#1420=VECTOR('',#4868,10.);
#1421=VECTOR('',#4869,10.);
#1422=VECTOR('',#4874,10.);
#1423=VECTOR('',#4879,10.);
#1424=VECTOR('',#4880,10.);
#1425=VECTOR('',#4881,10.);
#1426=VECTOR('',#4884,10.);
#1427=VECTOR('',#4885,10.);
#1428=VECTOR('',#4886,10.);
#1429=VECTOR('',#4889,10.);
#1430=VECTOR('',#4890,10.);
#1431=VECTOR('',#4891,10.);
#1432=VECTOR('',#4894,10.);
#1433=VECTOR('',#4895,10.);
#1434=VECTOR('',#4896,10.);
#1435=VECTOR('',#4899,10.);
#1436=VECTOR('',#4900,10.);
#1437=VECTOR('',#4901,10.);
#1438=VECTOR('',#4912,2.25);
#1439=VECTOR('',#4921,2.25);
#1440=VECTOR('',#4930,2.25);
#1441=VECTOR('',#4939,2.25);
#1442=VECTOR('',#4946,3.99999999999999);
#1443=VECTOR('',#4951,3.99999999999999);
#1444=VECTOR('',#4956,4.);
#1445=VECTOR('',#4961,4.);
#1446=VECTOR('',#4974,10.);
#1447=VECTOR('',#4977,10.);
#1448=VECTOR('',#4978,10.);
#1449=VECTOR('',#4981,10.);
#1450=VECTOR('',#4982,10.);
#1451=VECTOR('',#4983,10.);
#1452=VECTOR('',#4984,10.);
#1453=VECTOR('',#4987,10.);
#1454=VECTOR('',#4988,10.);
#1455=VECTOR('',#4989,10.);
#1456=VECTOR('',#4992,10.);
#1457=VECTOR('',#4993,10.);
#1458=VECTOR('',#4996,10.);
#1459=VECTOR('',#4997,10.);
#1460=VECTOR('',#5000,10.);
#1461=VECTOR('',#5003,10.);
#1462=VECTOR('',#5004,10.);
#1463=VECTOR('',#5007,10.);
#1464=VERTEX_POINT('',#5015);
#1465=VERTEX_POINT('',#5016);
#1466=VERTEX_POINT('',#5018);
#1467=VERTEX_POINT('',#5020);
#1468=VERTEX_POINT('',#5024);
#1469=VERTEX_POINT('',#5026);
#1470=VERTEX_POINT('',#5028);
#1471=VERTEX_POINT('',#5032);
#1472=VERTEX_POINT('',#5034);
#1473=VERTEX_POINT('',#5036);
#1474=VERTEX_POINT('',#5040);
#1475=VERTEX_POINT('',#5042);
#1476=VERTEX_POINT('',#5044);
#1477=VERTEX_POINT('',#5046);
#1478=VERTEX_POINT('',#5050);
#1479=VERTEX_POINT('',#5054);
#1480=VERTEX_POINT('',#5058);
#1481=VERTEX_POINT('',#5060);
#1482=VERTEX_POINT('',#5064);
#1483=VERTEX_POINT('',#5065);
#1484=VERTEX_POINT('',#5067);
#1485=VERTEX_POINT('',#5069);
#1486=VERTEX_POINT('',#5073);
#1487=VERTEX_POINT('',#5075);
#1488=VERTEX_POINT('',#5077);
#1489=VERTEX_POINT('',#5079);
#1490=VERTEX_POINT('',#5082);
#1491=VERTEX_POINT('',#5084);
#1492=VERTEX_POINT('',#5087);
#1493=VERTEX_POINT('',#5089);
#1494=VERTEX_POINT('',#5093);
#1495=VERTEX_POINT('',#5094);
#1496=VERTEX_POINT('',#5096);
#1497=VERTEX_POINT('',#5098);
#1498=VERTEX_POINT('',#5102);
#1499=VERTEX_POINT('',#5103);
#1500=VERTEX_POINT('',#5105);
#1501=VERTEX_POINT('',#5107);
#1502=VERTEX_POINT('',#5109);
#1503=VERTEX_POINT('',#5111);
#1504=VERTEX_POINT('',#5113);
#1505=VERTEX_POINT('',#5115);
#1506=VERTEX_POINT('',#5117);
#1507=VERTEX_POINT('',#5119);
#1508=VERTEX_POINT('',#5122);
#1509=VERTEX_POINT('',#5124);
#1510=VERTEX_POINT('',#5126);
#1511=VERTEX_POINT('',#5128);
#1512=VERTEX_POINT('',#5130);
#1513=VERTEX_POINT('',#5132);
#1514=VERTEX_POINT('',#5134);
#1515=VERTEX_POINT('',#5137);
#1516=VERTEX_POINT('',#5139);
#1517=VERTEX_POINT('',#5141);
#1518=VERTEX_POINT('',#5143);
#1519=VERTEX_POINT('',#5145);
#1520=VERTEX_POINT('',#5147);
#1521=VERTEX_POINT('',#5150);
#1522=VERTEX_POINT('',#5153);
#1523=VERTEX_POINT('',#5155);
#1524=VERTEX_POINT('',#5162);
#1525=VERTEX_POINT('',#5166);
#1526=VERTEX_POINT('',#5175);
#1527=VERTEX_POINT('',#5177);
#1528=VERTEX_POINT('',#5181);
#1529=VERTEX_POINT('',#5183);
#1530=VERTEX_POINT('',#5189);
#1531=VERTEX_POINT('',#5191);
#1532=VERTEX_POINT('',#5195);
#1533=VERTEX_POINT('',#5201);
#1534=VERTEX_POINT('',#5207);
#1535=VERTEX_POINT('',#5209);
#1536=VERTEX_POINT('',#5214);
#1537=VERTEX_POINT('',#5216);
#1538=VERTEX_POINT('',#5218);
#1539=VERTEX_POINT('',#5220);
#1540=VERTEX_POINT('',#5222);
#1541=VERTEX_POINT('',#5224);
#1542=VERTEX_POINT('',#5226);
#1543=VERTEX_POINT('',#5228);
#1544=VERTEX_POINT('',#5230);
#1545=VERTEX_POINT('',#5232);
#1546=VERTEX_POINT('',#5237);
#1547=VERTEX_POINT('',#5238);
#1548=VERTEX_POINT('',#5240);
#1549=VERTEX_POINT('',#5242);
#1550=VERTEX_POINT('',#5246);
#1551=VERTEX_POINT('',#5248);
#1552=VERTEX_POINT('',#5250);
#1553=VERTEX_POINT('',#5252);
#1554=VERTEX_POINT('',#5254);
#1555=VERTEX_POINT('',#5256);
#1556=VERTEX_POINT('',#5259);
#1557=VERTEX_POINT('',#5260);
#1558=VERTEX_POINT('',#5262);
#1559=VERTEX_POINT('',#5264);
#1560=VERTEX_POINT('',#5269);
#1561=VERTEX_POINT('',#5273);
#1562=VERTEX_POINT('',#5274);
#1563=VERTEX_POINT('',#5279);
#1564=VERTEX_POINT('',#5281);
#1565=VERTEX_POINT('',#5283);
#1566=VERTEX_POINT('',#5287);
#1567=VERTEX_POINT('',#5288);
#1568=VERTEX_POINT('',#5290);
#1569=VERTEX_POINT('',#5292);
#1570=VERTEX_POINT('',#5302);
#1571=VERTEX_POINT('',#5303);
#1572=VERTEX_POINT('',#5305);
#1573=VERTEX_POINT('',#5307);
#1574=VERTEX_POINT('',#5311);
#1575=VERTEX_POINT('',#5313);
#1576=VERTEX_POINT('',#5320);
#1577=VERTEX_POINT('',#5322);
#1578=VERTEX_POINT('',#5329);
#1579=VERTEX_POINT('',#5330);
#1580=VERTEX_POINT('',#5332);
#1581=VERTEX_POINT('',#5334);
#1582=VERTEX_POINT('',#5339);
#1583=VERTEX_POINT('',#5341);
#1584=VERTEX_POINT('',#5345);
#1585=VERTEX_POINT('',#5346);
#1586=VERTEX_POINT('',#5348);
#1587=VERTEX_POINT('',#5350);
#1588=VERTEX_POINT('',#5354);
#1589=VERTEX_POINT('',#5355);
#1590=VERTEX_POINT('',#5360);
#1591=VERTEX_POINT('',#5362);
#1592=VERTEX_POINT('',#5367);
#1593=VERTEX_POINT('',#5371);
#1594=VERTEX_POINT('',#5378);
#1595=VERTEX_POINT('',#5379);
#1596=VERTEX_POINT('',#5381);
#1597=VERTEX_POINT('',#5383);
#1598=VERTEX_POINT('',#5389);
#1599=VERTEX_POINT('',#5391);
#1600=VERTEX_POINT('',#5394);
#1601=VERTEX_POINT('',#5396);
#1602=VERTEX_POINT('',#5399);
#1603=VERTEX_POINT('',#5401);
#1604=VERTEX_POINT('',#5410);
#1605=VERTEX_POINT('',#5412);
#1606=VERTEX_POINT('',#5417);
#1607=VERTEX_POINT('',#5419);
#1608=VERTEX_POINT('',#5421);
#1609=VERTEX_POINT('',#5435);
#1610=VERTEX_POINT('',#5437);
#1611=VERTEX_POINT('',#5439);
#1612=VERTEX_POINT('',#5456);
#1613=VERTEX_POINT('',#5458);
#1614=VERTEX_POINT('',#5463);
#1615=VERTEX_POINT('',#5467);
#1616=VERTEX_POINT('',#5469);
#1617=VERTEX_POINT('',#5471);
#1618=VERTEX_POINT('',#5473);
#1619=VERTEX_POINT('',#5490);
#1620=VERTEX_POINT('',#5492);
#1621=VERTEX_POINT('',#5497);
#1622=VERTEX_POINT('',#5501);
#1623=VERTEX_POINT('',#5503);
#1624=VERTEX_POINT('',#5505);
#1625=VERTEX_POINT('',#5507);
#1626=VERTEX_POINT('',#5524);
#1627=VERTEX_POINT('',#5526);
#1628=VERTEX_POINT('',#5531);
#1629=VERTEX_POINT('',#5535);
#1630=VERTEX_POINT('',#5539);
#1631=VERTEX_POINT('',#5543);
#1632=VERTEX_POINT('',#5554);
#1633=VERTEX_POINT('',#5556);
#1634=VERTEX_POINT('',#5563);
#1635=VERTEX_POINT('',#5573);
#1636=VERTEX_POINT('',#5580);
#1637=VERTEX_POINT('',#5583);
#1638=VERTEX_POINT('',#5586);
#1639=VERTEX_POINT('',#5588);
#1640=VERTEX_POINT('',#5590);
#1641=VERTEX_POINT('',#5594);
#1642=VERTEX_POINT('',#5598);
#1643=VERTEX_POINT('',#5601);
#1644=VERTEX_POINT('',#5603);
#1645=VERTEX_POINT('',#5605);
#1646=VERTEX_POINT('',#5609);
#1647=VERTEX_POINT('',#5613);
#1648=VERTEX_POINT('',#5616);
#1649=VERTEX_POINT('',#5618);
#1650=VERTEX_POINT('',#5620);
#1651=VERTEX_POINT('',#5624);
#1652=VERTEX_POINT('',#5628);
#1653=VERTEX_POINT('',#5631);
#1654=VERTEX_POINT('',#5633);
#1655=VERTEX_POINT('',#5635);
#1656=VERTEX_POINT('',#5639);
#1657=VERTEX_POINT('',#5643);
#1658=VERTEX_POINT('',#5646);
#1659=VERTEX_POINT('',#5647);
#1660=VERTEX_POINT('',#5649);
#1661=VERTEX_POINT('',#5651);
#1662=VERTEX_POINT('',#5654);
#1663=VERTEX_POINT('',#5656);
#1664=VERTEX_POINT('',#5658);
#1665=VERTEX_POINT('',#5660);
#1666=VERTEX_POINT('',#5667);
#1667=VERTEX_POINT('',#5669);
#1668=VERTEX_POINT('',#5672);
#1669=VERTEX_POINT('',#5673);
#1670=VERTEX_POINT('',#5675);
#1671=VERTEX_POINT('',#5677);
#1672=VERTEX_POINT('',#5679);
#1673=VERTEX_POINT('',#5681);
#1674=VERTEX_POINT('',#5683);
#1675=VERTEX_POINT('',#5685);
#1676=VERTEX_POINT('',#5689);
#1677=VERTEX_POINT('',#5694);
#1678=VERTEX_POINT('',#5699);
#1679=VERTEX_POINT('',#5700);
#1680=VERTEX_POINT('',#5702);
#1681=VERTEX_POINT('',#5704);
#1682=VERTEX_POINT('',#5708);
#1683=VERTEX_POINT('',#5710);
#1684=VERTEX_POINT('',#5714);
#1685=VERTEX_POINT('',#5716);
#1686=VERTEX_POINT('',#5720);
#1687=VERTEX_POINT('',#5722);
#1688=VERTEX_POINT('',#5726);
#1689=VERTEX_POINT('',#5728);
#1690=VERTEX_POINT('',#5732);
#1691=VERTEX_POINT('',#5734);
#1692=VERTEX_POINT('',#5738);
#1693=VERTEX_POINT('',#5740);
#1694=VERTEX_POINT('',#5747);
#1695=VERTEX_POINT('',#5749);
#1696=VERTEX_POINT('',#5753);
#1697=VERTEX_POINT('',#5757);
#1698=VERTEX_POINT('',#5761);
#1699=VERTEX_POINT('',#5764);
#1700=VERTEX_POINT('',#5765);
#1701=VERTEX_POINT('',#5767);
#1702=VERTEX_POINT('',#5769);
#1703=VERTEX_POINT('',#5771);
#1704=VERTEX_POINT('',#5773);
#1705=VERTEX_POINT('',#5775);
#1706=VERTEX_POINT('',#5777);
#1707=VERTEX_POINT('',#5782);
#1708=VERTEX_POINT('',#5784);
#1709=VERTEX_POINT('',#5790);
#1710=VERTEX_POINT('',#5794);
#1711=VERTEX_POINT('',#5796);
#1712=VERTEX_POINT('',#5801);
#1713=VERTEX_POINT('',#5803);
#1714=VERTEX_POINT('',#5808);
#1715=VERTEX_POINT('',#5810);
#1716=VERTEX_POINT('',#5815);
#1717=VERTEX_POINT('',#5817);
#1718=VERTEX_POINT('',#5822);
#1719=VERTEX_POINT('',#5824);
#1720=VERTEX_POINT('',#5828);
#1721=VERTEX_POINT('',#5832);
#1722=VERTEX_POINT('',#5836);
#1723=VERTEX_POINT('',#5840);
#1724=VERTEX_POINT('',#5844);
#1725=VERTEX_POINT('',#5848);
#1726=VERTEX_POINT('',#5854);
#1727=VERTEX_POINT('',#5856);
#1728=VERTEX_POINT('',#5860);
#1729=VERTEX_POINT('',#5864);
#1730=VERTEX_POINT('',#5868);
#1731=VERTEX_POINT('',#5877);
#1732=VERTEX_POINT('',#5883);
#1733=VERTEX_POINT('',#5889);
#1734=VERTEX_POINT('',#5902);
#1735=VERTEX_POINT('',#5903);
#1736=VERTEX_POINT('',#5905);
#1737=VERTEX_POINT('',#5907);
#1738=VERTEX_POINT('',#5911);
#1739=VERTEX_POINT('',#5913);
#1740=VERTEX_POINT('',#5917);
#1741=VERTEX_POINT('',#5919);
#1742=VERTEX_POINT('',#5923);
#1743=VERTEX_POINT('',#5925);
#1744=VERTEX_POINT('',#5929);
#1745=VERTEX_POINT('',#5931);
#1746=VERTEX_POINT('',#5935);
#1747=VERTEX_POINT('',#5937);
#1748=VERTEX_POINT('',#5941);
#1749=VERTEX_POINT('',#5943);
#1750=VERTEX_POINT('',#5947);
#1751=VERTEX_POINT('',#5949);
#1752=VERTEX_POINT('',#5953);
#1753=VERTEX_POINT('',#5955);
#1754=VERTEX_POINT('',#5959);
#1755=VERTEX_POINT('',#5961);
#1756=VERTEX_POINT('',#5965);
#1757=VERTEX_POINT('',#5967);
#1758=VERTEX_POINT('',#5971);
#1759=VERTEX_POINT('',#5973);
#1760=VERTEX_POINT('',#5977);
#1761=VERTEX_POINT('',#5979);
#1762=VERTEX_POINT('',#5983);
#1763=VERTEX_POINT('',#5985);
#1764=VERTEX_POINT('',#5989);
#1765=VERTEX_POINT('',#5991);
#1766=VERTEX_POINT('',#5998);
#1767=VERTEX_POINT('',#6000);
#1768=VERTEX_POINT('',#6005);
#1769=VERTEX_POINT('',#6007);
#1770=VERTEX_POINT('',#6012);
#1771=VERTEX_POINT('',#6014);
#1772=VERTEX_POINT('',#6019);
#1773=VERTEX_POINT('',#6021);
#1774=VERTEX_POINT('',#6026);
#1775=VERTEX_POINT('',#6030);
#1776=VERTEX_POINT('',#6034);
#1777=VERTEX_POINT('',#6038);
#1778=VERTEX_POINT('',#6048);
#1779=VERTEX_POINT('',#6052);
#1780=VERTEX_POINT('',#6053);
#1781=VERTEX_POINT('',#6055);
#1782=VERTEX_POINT('',#6057);
#1783=VERTEX_POINT('',#6061);
#1784=VERTEX_POINT('',#6062);
#1785=VERTEX_POINT('',#6067);
#1786=VERTEX_POINT('',#6071);
#1787=VERTEX_POINT('',#6077);
#1788=EDGE_CURVE('',#1464,#1465,#718,.T.);
#1789=EDGE_CURVE('',#1466,#1464,#719,.T.);
#1790=EDGE_CURVE('',#1466,#1467,#720,.T.);
#1791=EDGE_CURVE('',#1467,#1465,#721,.T.);
#1792=EDGE_CURVE('',#1465,#1468,#722,.T.);
#1793=EDGE_CURVE('',#1467,#1469,#723,.T.);
#1794=EDGE_CURVE('',#1470,#1469,#724,.T.);
#1795=EDGE_CURVE('',#1468,#1470,#725,.T.);
#1796=EDGE_CURVE('',#1471,#1464,#726,.T.);
#1797=EDGE_CURVE('',#1472,#1471,#727,.T.);
#1798=EDGE_CURVE('',#1473,#1472,#728,.T.);
#1799=EDGE_CURVE('',#1473,#1466,#729,.T.);
#1800=EDGE_CURVE('',#1468,#1474,#730,.F.);
#1801=EDGE_CURVE('',#1475,#1474,#731,.F.);
#1802=EDGE_CURVE('',#1475,#1476,#732,.F.);
#1803=EDGE_CURVE('',#1476,#1477,#733,.F.);
#1804=EDGE_CURVE('',#1477,#1471,#734,.F.);
#1805=EDGE_CURVE('',#1478,#1470,#735,.T.);
#1806=EDGE_CURVE('',#1474,#1478,#736,.F.);
#1807=EDGE_CURVE('',#1469,#1479,#737,.T.);
#1808=EDGE_CURVE('',#1479,#1478,#738,.T.);
#1809=EDGE_CURVE('',#1480,#1480,#101,.F.);
#1810=EDGE_CURVE('',#1480,#1481,#739,.T.);
#1811=EDGE_CURVE('',#1481,#1481,#102,.F.);
#1812=EDGE_CURVE('',#1482,#1483,#740,.T.);
#1813=EDGE_CURVE('',#1484,#1482,#741,.T.);
#1814=EDGE_CURVE('',#1484,#1485,#742,.T.);
#1815=EDGE_CURVE('',#1485,#1483,#743,.T.);
#1816=EDGE_CURVE('',#1486,#1485,#744,.T.);
#1817=EDGE_CURVE('',#1487,#1486,#745,.T.);
#1818=EDGE_CURVE('',#1487,#1488,#103,.T.);
#1819=EDGE_CURVE('',#1488,#1489,#746,.T.);
#1820=EDGE_CURVE('',#1489,#1483,#104,.T.);
#1821=EDGE_CURVE('',#1490,#1490,#105,.T.);
#1822=EDGE_CURVE('',#1491,#1491,#106,.T.);
#1823=EDGE_CURVE('',#1492,#1489,#50,.T.);
#1824=EDGE_CURVE('',#1493,#1492,#747,.T.);
#1825=EDGE_CURVE('',#1482,#1493,#107,.T.);
#1826=EDGE_CURVE('',#1494,#1495,#748,.T.);
#1827=EDGE_CURVE('',#1496,#1494,#749,.T.);
#1828=EDGE_CURVE('',#1496,#1497,#750,.T.);
#1829=EDGE_CURVE('',#1497,#1495,#751,.T.);
#1830=EDGE_CURVE('',#1498,#1499,#752,.T.);
#1831=EDGE_CURVE('',#1499,#1500,#753,.T.);
#1832=EDGE_CURVE('',#1500,#1501,#754,.T.);
#1833=EDGE_CURVE('',#1502,#1501,#755,.T.);
#1834=EDGE_CURVE('',#1503,#1502,#756,.T.);
#1835=EDGE_CURVE('',#1503,#1504,#757,.T.);
#1836=EDGE_CURVE('',#1505,#1504,#758,.T.);
#1837=EDGE_CURVE('',#1506,#1505,#759,.T.);
#1838=EDGE_CURVE('',#1507,#1506,#760,.T.);
#1839=EDGE_CURVE('',#1498,#1507,#761,.T.);
#1840=EDGE_CURVE('',#1493,#1508,#762,.T.);
#1841=EDGE_CURVE('',#1509,#1508,#763,.T.);
#1842=EDGE_CURVE('',#1509,#1510,#764,.T.);
#1843=EDGE_CURVE('',#1510,#1511,#108,.T.);
#1844=EDGE_CURVE('',#1511,#1512,#765,.T.);
#1845=EDGE_CURVE('',#1512,#1513,#766,.T.);
#1846=EDGE_CURVE('',#1513,#1514,#767,.T.);
#1847=EDGE_CURVE('',#1514,#1496,#768,.T.);
#1848=EDGE_CURVE('',#1494,#1515,#109,.T.);
#1849=EDGE_CURVE('',#1515,#1516,#769,.T.);
#1850=EDGE_CURVE('',#1517,#1516,#770,.T.);
#1851=EDGE_CURVE('',#1517,#1518,#771,.T.);
#1852=EDGE_CURVE('',#1519,#1518,#772,.T.);
#1853=EDGE_CURVE('',#1520,#1519,#773,.F.);
#1854=EDGE_CURVE('',#1520,#1484,#774,.T.);
#1855=EDGE_CURVE('',#1521,#1521,#110,.T.);
#1856=EDGE_CURVE('',#1522,#1495,#111,.T.);
#1857=EDGE_CURVE('',#1523,#1522,#51,.T.);
#1858=EDGE_CURVE('',#1515,#1523,#775,.T.);
#1859=EDGE_CURVE('',#1487,#1511,#776,.T.);
#1860=EDGE_CURVE('',#1486,#1512,#777,.T.);
#1861=EDGE_CURVE('',#1524,#1510,#778,.T.);
#1862=EDGE_CURVE('',#1488,#1524,#52,.T.);
#1863=EDGE_CURVE('',#1490,#1525,#779,.T.);
#1864=EDGE_CURVE('',#1525,#1525,#112,.T.);
#1865=EDGE_CURVE('',#1508,#1492,#780,.T.);
#1866=EDGE_CURVE('',#1524,#1509,#781,.T.);
#1867=EDGE_CURVE('',#1526,#1526,#113,.T.);
#1868=EDGE_CURVE('',#1526,#1527,#782,.T.);
#1869=EDGE_CURVE('',#1527,#1527,#114,.T.);
#1870=EDGE_CURVE('',#1497,#1528,#783,.T.);
#1871=EDGE_CURVE('',#1528,#1529,#784,.T.);
#1872=EDGE_CURVE('',#1529,#1522,#785,.T.);
#1873=EDGE_CURVE('',#1516,#1523,#786,.T.);
#1874=EDGE_CURVE('',#1530,#1530,#115,.T.);
#1875=EDGE_CURVE('',#1530,#1531,#787,.T.);
#1876=EDGE_CURVE('',#1531,#1531,#116,.T.);
#1877=EDGE_CURVE('',#1532,#1532,#117,.T.);
#1878=EDGE_CURVE('',#1532,#1521,#788,.T.);
#1879=EDGE_CURVE('',#1491,#1533,#789,.T.);
#1880=EDGE_CURVE('',#1533,#1533,#118,.T.);
#1881=EDGE_CURVE('',#1472,#1534,#790,.T.);
#1882=EDGE_CURVE('',#1535,#1534,#791,.T.);
#1883=EDGE_CURVE('',#1535,#1473,#792,.T.);
#1884=EDGE_CURVE('',#1477,#1534,#793,.T.);
#1885=EDGE_CURVE('',#1476,#1536,#794,.T.);
#1886=EDGE_CURVE('',#1537,#1536,#795,.T.);
#1887=EDGE_CURVE('',#1538,#1537,#796,.F.);
#1888=EDGE_CURVE('',#1539,#1538,#797,.T.);
#1889=EDGE_CURVE('',#1539,#1540,#798,.T.);
#1890=EDGE_CURVE('',#1541,#1540,#799,.T.);
#1891=EDGE_CURVE('',#1542,#1541,#800,.T.);
#1892=EDGE_CURVE('',#1543,#1542,#801,.T.);
#1893=EDGE_CURVE('',#1543,#1544,#802,.T.);
#1894=EDGE_CURVE('',#1545,#1544,#803,.T.);
#1895=EDGE_CURVE('',#1545,#1535,#804,.T.);
#1896=EDGE_CURVE('',#1546,#1547,#805,.T.);
#1897=EDGE_CURVE('',#1547,#1548,#806,.T.);
#1898=EDGE_CURVE('',#1548,#1549,#807,.T.);
#1899=EDGE_CURVE('',#1549,#1546,#808,.T.);
#1900=EDGE_CURVE('',#1550,#1548,#809,.T.);
#1901=EDGE_CURVE('',#1551,#1550,#810,.T.);
#1902=EDGE_CURVE('',#1552,#1551,#811,.T.);
#1903=EDGE_CURVE('',#1553,#1552,#812,.T.);
#1904=EDGE_CURVE('',#1554,#1553,#813,.T.);
#1905=EDGE_CURVE('',#1555,#1554,#814,.T.);
#1906=EDGE_CURVE('',#1549,#1555,#815,.T.);
#1907=EDGE_CURVE('',#1556,#1557,#816,.T.);
#1908=EDGE_CURVE('',#1558,#1556,#817,.T.);
#1909=EDGE_CURVE('',#1559,#1558,#818,.T.);
#1910=EDGE_CURVE('',#1557,#1559,#819,.T.);
#1911=EDGE_CURVE('',#1547,#1537,#820,.T.);
#1912=EDGE_CURVE('',#1536,#1560,#821,.T.);
#1913=EDGE_CURVE('',#1550,#1560,#822,.T.);
#1914=EDGE_CURVE('',#1561,#1562,#823,.T.);
#1915=EDGE_CURVE('',#1562,#1555,#824,.T.);
#1916=EDGE_CURVE('',#1554,#1561,#825,.T.);
#1917=EDGE_CURVE('',#1563,#1561,#826,.F.);
#1918=EDGE_CURVE('',#1564,#1563,#827,.T.);
#1919=EDGE_CURVE('',#1565,#1564,#828,.F.);
#1920=EDGE_CURVE('',#1560,#1565,#829,.T.);
#1921=EDGE_CURVE('',#1562,#1475,#830,.F.);
#1922=EDGE_CURVE('',#1566,#1567,#831,.T.);
#1923=EDGE_CURVE('',#1568,#1567,#832,.T.);
#1924=EDGE_CURVE('',#1568,#1569,#833,.T.);
#1925=EDGE_CURVE('',#1569,#1566,#834,.F.);
#1926=EDGE_CURVE('',#1563,#1553,#835,.T.);
#1927=EDGE_CURVE('',#1552,#1564,#836,.T.);
#1928=EDGE_CURVE('',#1565,#1551,#837,.T.);
#1929=EDGE_CURVE('',#1570,#1571,#838,.T.);
#1930=EDGE_CURVE('',#1570,#1572,#839,.T.);
#1931=EDGE_CURVE('',#1573,#1572,#840,.T.);
#1932=EDGE_CURVE('',#1571,#1573,#841,.T.);
#1933=EDGE_CURVE('',#1571,#1574,#119,.T.);
#1934=EDGE_CURVE('',#1575,#1573,#120,.T.);
#1935=EDGE_CURVE('',#1574,#1575,#842,.T.);
#1936=EDGE_CURVE('',#1574,#1498,#843,.T.);
#1937=EDGE_CURVE('',#1499,#1575,#844,.T.);
#1938=EDGE_CURVE('',#1501,#1576,#845,.T.);
#1939=EDGE_CURVE('',#1577,#1500,#846,.T.);
#1940=EDGE_CURVE('',#1576,#1577,#847,.T.);
#1941=EDGE_CURVE('',#1576,#1570,#121,.T.);
#1942=EDGE_CURVE('',#1572,#1577,#122,.T.);
#1943=EDGE_CURVE('',#1578,#1579,#123,.T.);
#1944=EDGE_CURVE('',#1579,#1580,#848,.T.);
#1945=EDGE_CURVE('',#1580,#1581,#124,.T.);
#1946=EDGE_CURVE('',#1581,#1578,#849,.T.);
#1947=EDGE_CURVE('',#1504,#1582,#850,.T.);
#1948=EDGE_CURVE('',#1582,#1583,#851,.T.);
#1949=EDGE_CURVE('',#1583,#1505,#852,.T.);
#1950=EDGE_CURVE('',#1584,#1585,#853,.T.);
#1951=EDGE_CURVE('',#1585,#1586,#854,.T.);
#1952=EDGE_CURVE('',#1586,#1587,#855,.T.);
#1953=EDGE_CURVE('',#1587,#1584,#856,.T.);
#1954=EDGE_CURVE('',#1588,#1589,#857,.T.);
#1955=EDGE_CURVE('',#1588,#1557,#858,.T.);
#1956=EDGE_CURVE('',#1589,#1559,#859,.T.);
#1957=EDGE_CURVE('',#1506,#1590,#860,.T.);
#1958=EDGE_CURVE('',#1590,#1591,#861,.T.);
#1959=EDGE_CURVE('',#1591,#1507,#862,.T.);
#1960=EDGE_CURVE('',#1592,#1558,#863,.T.);
#1961=EDGE_CURVE('',#1589,#1592,#864,.T.);
#1962=EDGE_CURVE('',#1592,#1593,#865,.T.);
#1963=EDGE_CURVE('',#1593,#1556,#866,.T.);
#1964=EDGE_CURVE('',#1593,#1588,#867,.T.);
#1965=EDGE_CURVE('',#1479,#1546,#868,.T.);
#1966=EDGE_CURVE('',#1594,#1595,#869,.F.);
#1967=EDGE_CURVE('',#1595,#1596,#125,.F.);
#1968=EDGE_CURVE('',#1596,#1597,#870,.F.);
#1969=EDGE_CURVE('',#1597,#1594,#126,.F.);
#1970=EDGE_CURVE('',#1591,#1585,#871,.T.);
#1971=EDGE_CURVE('',#1590,#1583,#872,.T.);
#1972=EDGE_CURVE('',#1598,#1582,#873,.F.);
#1973=EDGE_CURVE('',#1598,#1599,#874,.T.);
#1974=EDGE_CURVE('',#1599,#1586,#875,.T.);
#1975=EDGE_CURVE('',#1539,#1600,#876,.T.);
#1976=EDGE_CURVE('',#1600,#1601,#877,.T.);
#1977=EDGE_CURVE('',#1601,#1540,#878,.T.);
#1978=EDGE_CURVE('',#1543,#1602,#879,.T.);
#1979=EDGE_CURVE('',#1602,#1603,#880,.T.);
#1980=EDGE_CURVE('',#1603,#1544,#881,.T.);
#1981=EDGE_CURVE('',#1568,#1520,#882,.T.);
#1982=EDGE_CURVE('',#1513,#1567,#883,.T.);
#1983=EDGE_CURVE('',#1566,#1514,#884,.F.);
#1984=EDGE_CURVE('',#1604,#1584,#885,.T.);
#1985=EDGE_CURVE('',#1605,#1604,#886,.T.);
#1986=EDGE_CURVE('',#1502,#1605,#887,.T.);
#1987=EDGE_CURVE('',#1503,#1606,#888,.F.);
#1988=EDGE_CURVE('',#1607,#1606,#889,.F.);
#1989=EDGE_CURVE('',#1608,#1607,#890,.T.);
#1990=EDGE_CURVE('',#1608,#1598,#891,.T.);
#1991=EDGE_CURVE('',#1518,#1528,#892,.T.);
#1992=EDGE_CURVE('',#1529,#1517,#893,.T.);
#1993=EDGE_CURVE('',#1519,#1569,#894,.F.);
#1994=EDGE_CURVE('',#1594,#1578,#895,.T.);
#1995=EDGE_CURVE('',#1597,#1579,#896,.T.);
#1996=EDGE_CURVE('',#1581,#1595,#897,.T.);
#1997=EDGE_CURVE('',#1481,#1609,#898,.T.);
#1998=EDGE_CURVE('',#1609,#1610,#127,.T.);
#1999=EDGE_CURVE('',#1610,#1611,#25,.T.);
#2000=EDGE_CURVE('',#1611,#1609,#128,.T.);
#2001=EDGE_CURVE('',#1612,#1612,#129,.F.);
#2002=EDGE_CURVE('',#1612,#1613,#899,.T.);
#2003=EDGE_CURVE('',#1613,#1611,#130,.T.);
#2004=EDGE_CURVE('',#1610,#1613,#131,.T.);
#2005=EDGE_CURVE('',#1614,#1614,#132,.F.);
#2006=EDGE_CURVE('',#1614,#1612,#900,.T.);
#2007=EDGE_CURVE('',#1615,#1615,#133,.F.);
#2008=EDGE_CURVE('',#1615,#1616,#901,.T.);
#2009=EDGE_CURVE('',#1616,#1617,#134,.T.);
#2010=EDGE_CURVE('',#1617,#1618,#26,.T.);
#2011=EDGE_CURVE('',#1618,#1616,#135,.T.);
#2012=EDGE_CURVE('',#1619,#1619,#136,.F.);
#2013=EDGE_CURVE('',#1619,#1620,#902,.T.);
#2014=EDGE_CURVE('',#1620,#1618,#137,.T.);
#2015=EDGE_CURVE('',#1617,#1620,#138,.T.);
#2016=EDGE_CURVE('',#1621,#1621,#139,.F.);
#2017=EDGE_CURVE('',#1621,#1615,#903,.T.);
#2018=EDGE_CURVE('',#1622,#1622,#140,.F.);
#2019=EDGE_CURVE('',#1622,#1623,#904,.T.);
#2020=EDGE_CURVE('',#1623,#1624,#141,.T.);
#2021=EDGE_CURVE('',#1624,#1625,#27,.T.);
#2022=EDGE_CURVE('',#1625,#1623,#142,.T.);
#2023=EDGE_CURVE('',#1626,#1626,#143,.F.);
#2024=EDGE_CURVE('',#1626,#1627,#905,.T.);
#2025=EDGE_CURVE('',#1627,#1625,#144,.T.);
#2026=EDGE_CURVE('',#1624,#1627,#145,.T.);
#2027=EDGE_CURVE('',#1628,#1628,#146,.F.);
#2028=EDGE_CURVE('',#1628,#1622,#906,.T.);
#2029=EDGE_CURVE('',#1629,#1629,#147,.F.);
#2030=EDGE_CURVE('',#1629,#1619,#907,.T.);
#2031=EDGE_CURVE('',#1630,#1630,#148,.F.);
#2032=EDGE_CURVE('',#1630,#1626,#908,.T.);
#2033=EDGE_CURVE('',#1599,#1631,#909,.T.);
#2034=EDGE_CURVE('',#1631,#1587,#910,.T.);
#2035=EDGE_CURVE('',#1596,#1580,#911,.T.);
#2036=EDGE_CURVE('',#1605,#1606,#912,.F.);
#2037=EDGE_CURVE('',#1545,#1632,#913,.T.);
#2038=EDGE_CURVE('',#1633,#1632,#914,.F.);
#2039=EDGE_CURVE('',#1633,#1538,#915,.T.);
#2040=EDGE_CURVE('',#1608,#1631,#916,.F.);
#2041=EDGE_CURVE('',#1607,#1604,#917,.F.);
#2042=EDGE_CURVE('',#1634,#1542,#918,.T.);
#2043=EDGE_CURVE('',#1602,#1634,#919,.F.);
#2044=EDGE_CURVE('',#1633,#1600,#920,.T.);
#2045=EDGE_CURVE('',#1632,#1603,#921,.T.);
#2046=EDGE_CURVE('',#1635,#1601,#922,.F.);
#2047=EDGE_CURVE('',#1635,#1541,#923,.T.);
#2048=EDGE_CURVE('',#1635,#1634,#924,.T.);
#2049=EDGE_CURVE('',#1636,#1636,#149,.T.);
#2050=EDGE_CURVE('',#1637,#1637,#150,.T.);
#2051=EDGE_CURVE('',#1638,#1638,#151,.T.);
#2052=EDGE_CURVE('',#1638,#1639,#152,.T.);
#2053=EDGE_CURVE('',#1639,#1640,#153,.T.);
#2054=EDGE_CURVE('',#1640,#1639,#154,.T.);
#2055=EDGE_CURVE('',#1641,#1641,#155,.T.);
#2056=EDGE_CURVE('',#1641,#1640,#925,.T.);
#2057=EDGE_CURVE('',#1642,#1642,#156,.T.);
#2058=EDGE_CURVE('',#1643,#1643,#157,.T.);
#2059=EDGE_CURVE('',#1643,#1644,#158,.T.);
#2060=EDGE_CURVE('',#1644,#1645,#159,.T.);
#2061=EDGE_CURVE('',#1645,#1644,#160,.T.);
#2062=EDGE_CURVE('',#1646,#1646,#161,.T.);
#2063=EDGE_CURVE('',#1646,#1645,#926,.T.);
#2064=EDGE_CURVE('',#1647,#1647,#162,.T.);
#2065=EDGE_CURVE('',#1648,#1648,#163,.T.);
#2066=EDGE_CURVE('',#1648,#1649,#164,.T.);
#2067=EDGE_CURVE('',#1649,#1650,#165,.T.);
#2068=EDGE_CURVE('',#1650,#1649,#166,.T.);
#2069=EDGE_CURVE('',#1651,#1651,#167,.T.);
#2070=EDGE_CURVE('',#1651,#1650,#927,.T.);
#2071=EDGE_CURVE('',#1652,#1652,#168,.T.);
#2072=EDGE_CURVE('',#1653,#1653,#169,.T.);
#2073=EDGE_CURVE('',#1653,#1654,#170,.T.);
#2074=EDGE_CURVE('',#1654,#1655,#171,.T.);
#2075=EDGE_CURVE('',#1655,#1654,#172,.T.);
#2076=EDGE_CURVE('',#1656,#1656,#173,.T.);
#2077=EDGE_CURVE('',#1656,#1655,#928,.T.);
#2078=EDGE_CURVE('',#1657,#1657,#174,.T.);
#2079=EDGE_CURVE('',#1658,#1659,#929,.T.);
#2080=EDGE_CURVE('',#1660,#1658,#930,.T.);
#2081=EDGE_CURVE('',#1661,#1660,#931,.T.);
#2082=EDGE_CURVE('',#1659,#1661,#932,.T.);
#2083=EDGE_CURVE('',#1662,#1662,#175,.T.);
#2084=EDGE_CURVE('',#1663,#1663,#176,.T.);
#2085=EDGE_CURVE('',#1664,#1664,#177,.T.);
#2086=EDGE_CURVE('',#1665,#1665,#178,.T.);
#2087=EDGE_CURVE('',#1652,#1637,#933,.T.);
#2088=EDGE_CURVE('',#1657,#1636,#934,.T.);
#2089=EDGE_CURVE('',#1661,#1666,#935,.T.);
#2090=EDGE_CURVE('',#1667,#1666,#936,.T.);
#2091=EDGE_CURVE('',#1659,#1667,#937,.T.);
#2092=EDGE_CURVE('',#1668,#1669,#938,.T.);
#2093=EDGE_CURVE('',#1670,#1668,#179,.T.);
#2094=EDGE_CURVE('',#1671,#1670,#939,.T.);
#2095=EDGE_CURVE('',#1672,#1671,#180,.T.);
#2096=EDGE_CURVE('',#1673,#1672,#940,.T.);
#2097=EDGE_CURVE('',#1674,#1673,#181,.T.);
#2098=EDGE_CURVE('',#1675,#1674,#941,.T.);
#2099=EDGE_CURVE('',#1669,#1675,#182,.T.);
#2100=EDGE_CURVE('',#1676,#1676,#183,.T.);
#2101=EDGE_CURVE('',#1676,#1642,#942,.T.);
#2102=EDGE_CURVE('',#1677,#1677,#184,.T.);
#2103=EDGE_CURVE('',#1677,#1647,#943,.T.);
#2104=EDGE_CURVE('',#1678,#1679,#944,.T.);
#2105=EDGE_CURVE('',#1679,#1680,#945,.T.);
#2106=EDGE_CURVE('',#1680,#1681,#946,.T.);
#2107=EDGE_CURVE('',#1678,#1681,#947,.T.);
#2108=EDGE_CURVE('',#1679,#1682,#948,.T.);
#2109=EDGE_CURVE('',#1682,#1683,#949,.T.);
#2110=EDGE_CURVE('',#1683,#1680,#950,.T.);
#2111=EDGE_CURVE('',#1682,#1684,#951,.T.);
#2112=EDGE_CURVE('',#1684,#1685,#952,.T.);
#2113=EDGE_CURVE('',#1685,#1683,#953,.T.);
#2114=EDGE_CURVE('',#1686,#1685,#954,.T.);
#2115=EDGE_CURVE('',#1684,#1687,#955,.T.);
#2116=EDGE_CURVE('',#1687,#1686,#956,.T.);
#2117=EDGE_CURVE('',#1688,#1686,#957,.T.);
#2118=EDGE_CURVE('',#1687,#1689,#958,.T.);
#2119=EDGE_CURVE('',#1689,#1688,#959,.T.);
#2120=EDGE_CURVE('',#1690,#1688,#960,.T.);
#2121=EDGE_CURVE('',#1689,#1691,#961,.T.);
#2122=EDGE_CURVE('',#1691,#1690,#962,.T.);
#2123=EDGE_CURVE('',#1692,#1690,#963,.T.);
#2124=EDGE_CURVE('',#1691,#1693,#964,.T.);
#2125=EDGE_CURVE('',#1693,#1692,#965,.T.);
#2126=EDGE_CURVE('',#1681,#1692,#966,.T.);
#2127=EDGE_CURVE('',#1693,#1678,#967,.T.);
#2128=EDGE_CURVE('',#1690,#1694,#968,.T.);
#2129=EDGE_CURVE('',#1694,#1695,#969,.T.);
#2130=EDGE_CURVE('',#1695,#1688,#970,.T.);
#2131=EDGE_CURVE('',#1696,#1692,#971,.T.);
#2132=EDGE_CURVE('',#1694,#1696,#972,.T.);
#2133=EDGE_CURVE('',#1681,#1697,#973,.T.);
#2134=EDGE_CURVE('',#1697,#1696,#974,.T.);
#2135=EDGE_CURVE('',#1698,#1680,#975,.T.);
#2136=EDGE_CURVE('',#1697,#1698,#976,.T.);
#2137=EDGE_CURVE('',#1699,#1700,#977,.T.);
#2138=EDGE_CURVE('',#1701,#1699,#185,.T.);
#2139=EDGE_CURVE('',#1702,#1701,#978,.T.);
#2140=EDGE_CURVE('',#1703,#1702,#186,.T.);
#2141=EDGE_CURVE('',#1704,#1703,#979,.T.);
#2142=EDGE_CURVE('',#1705,#1704,#187,.T.);
#2143=EDGE_CURVE('',#1706,#1705,#980,.T.);
#2144=EDGE_CURVE('',#1700,#1706,#188,.T.);
#2145=EDGE_CURVE('',#1686,#1707,#981,.T.);
#2146=EDGE_CURVE('',#1707,#1708,#982,.T.);
#2147=EDGE_CURVE('',#1708,#1685,#983,.T.);
#2148=EDGE_CURVE('',#1707,#1695,#984,.T.);
#2149=EDGE_CURVE('',#1683,#1709,#985,.T.);
#2150=EDGE_CURVE('',#1709,#1698,#986,.T.);
#2151=EDGE_CURVE('',#1710,#1710,#189,.T.);
#2152=EDGE_CURVE('',#1710,#1711,#987,.T.);
#2153=EDGE_CURVE('',#1711,#1711,#190,.T.);
#2154=EDGE_CURVE('',#1712,#1712,#191,.T.);
#2155=EDGE_CURVE('',#1712,#1713,#988,.T.);
#2156=EDGE_CURVE('',#1713,#1713,#192,.T.);
#2157=EDGE_CURVE('',#1714,#1714,#193,.T.);
#2158=EDGE_CURVE('',#1714,#1715,#989,.T.);
#2159=EDGE_CURVE('',#1715,#1715,#194,.T.);
#2160=EDGE_CURVE('',#1716,#1716,#195,.T.);
#2161=EDGE_CURVE('',#1716,#1717,#990,.T.);
#2162=EDGE_CURVE('',#1717,#1717,#196,.T.);
#2163=EDGE_CURVE('',#1718,#1668,#991,.T.);
#2164=EDGE_CURVE('',#1669,#1719,#992,.T.);
#2165=EDGE_CURVE('',#1719,#1718,#993,.T.);
#2166=EDGE_CURVE('',#1675,#1720,#994,.T.);
#2167=EDGE_CURVE('',#1720,#1719,#197,.T.);
#2168=EDGE_CURVE('',#1718,#1721,#198,.T.);
#2169=EDGE_CURVE('',#1721,#1670,#995,.T.);
#2170=EDGE_CURVE('',#1674,#1722,#996,.T.);
#2171=EDGE_CURVE('',#1722,#1720,#997,.T.);
#2172=EDGE_CURVE('',#1723,#1671,#998,.T.);
#2173=EDGE_CURVE('',#1721,#1723,#999,.T.);
#2174=EDGE_CURVE('',#1673,#1724,#1000,.T.);
#2175=EDGE_CURVE('',#1724,#1722,#199,.T.);
#2176=EDGE_CURVE('',#1723,#1725,#200,.T.);
#2177=EDGE_CURVE('',#1725,#1672,#1001,.T.);
#2178=EDGE_CURVE('',#1725,#1724,#1002,.T.);
#2179=EDGE_CURVE('',#1723,#1726,#1003,.T.);
#2180=EDGE_CURVE('',#1727,#1726,#201,.T.);
#2181=EDGE_CURVE('',#1727,#1725,#1004,.T.);
#2182=EDGE_CURVE('',#1728,#1721,#1005,.T.);
#2183=EDGE_CURVE('',#1726,#1728,#1006,.T.);
#2184=EDGE_CURVE('',#1718,#1729,#1007,.T.);
#2185=EDGE_CURVE('',#1728,#1729,#202,.T.);
#2186=EDGE_CURVE('',#1730,#1719,#1008,.T.);
#2187=EDGE_CURVE('',#1729,#1730,#1009,.T.);
#2188=EDGE_CURVE('',#1730,#1699,#1010,.T.);
#2189=EDGE_CURVE('',#1700,#1729,#1011,.T.);
#2190=EDGE_CURVE('',#1706,#1728,#1012,.T.);
#2191=EDGE_CURVE('',#1730,#1731,#203,.T.);
#2192=EDGE_CURVE('',#1731,#1701,#1013,.T.);
#2193=EDGE_CURVE('',#1705,#1726,#1014,.T.);
#2194=EDGE_CURVE('',#1732,#1702,#1015,.T.);
#2195=EDGE_CURVE('',#1731,#1732,#1016,.T.);
#2196=EDGE_CURVE('',#1704,#1727,#1017,.T.);
#2197=EDGE_CURVE('',#1732,#1733,#204,.T.);
#2198=EDGE_CURVE('',#1733,#1703,#1018,.T.);
#2199=EDGE_CURVE('',#1733,#1727,#1019,.T.);
#2200=EDGE_CURVE('',#1724,#1733,#1020,.T.);
#2201=EDGE_CURVE('',#1732,#1722,#1021,.T.);
#2202=EDGE_CURVE('',#1720,#1731,#1022,.T.);
#2203=EDGE_CURVE('',#1734,#1735,#1023,.T.);
#2204=EDGE_CURVE('',#1734,#1736,#1024,.T.);
#2205=EDGE_CURVE('',#1737,#1736,#1025,.T.);
#2206=EDGE_CURVE('',#1735,#1737,#1026,.T.);
#2207=EDGE_CURVE('',#1738,#1734,#1027,.T.);
#2208=EDGE_CURVE('',#1738,#1739,#1028,.T.);
#2209=EDGE_CURVE('',#1736,#1739,#1029,.T.);
#2210=EDGE_CURVE('',#1740,#1738,#1030,.T.);
#2211=EDGE_CURVE('',#1740,#1741,#1031,.T.);
#2212=EDGE_CURVE('',#1739,#1741,#1032,.T.);
#2213=EDGE_CURVE('',#1742,#1740,#205,.T.);
#2214=EDGE_CURVE('',#1742,#1743,#1033,.T.);
#2215=EDGE_CURVE('',#1741,#1743,#206,.T.);
#2216=EDGE_CURVE('',#1744,#1742,#1034,.T.);
#2217=EDGE_CURVE('',#1744,#1745,#1035,.T.);
#2218=EDGE_CURVE('',#1743,#1745,#1036,.T.);
#2219=EDGE_CURVE('',#1746,#1744,#1037,.T.);
#2220=EDGE_CURVE('',#1746,#1747,#1038,.T.);
#2221=EDGE_CURVE('',#1745,#1747,#1039,.T.);
#2222=EDGE_CURVE('',#1748,#1746,#1040,.T.);
#2223=EDGE_CURVE('',#1748,#1749,#1041,.T.);
#2224=EDGE_CURVE('',#1747,#1749,#1042,.T.);
#2225=EDGE_CURVE('',#1750,#1748,#1043,.T.);
#2226=EDGE_CURVE('',#1750,#1751,#1044,.T.);
#2227=EDGE_CURVE('',#1749,#1751,#1045,.T.);
#2228=EDGE_CURVE('',#1752,#1750,#1046,.T.);
#2229=EDGE_CURVE('',#1752,#1753,#1047,.T.);
#2230=EDGE_CURVE('',#1751,#1753,#1048,.T.);
#2231=EDGE_CURVE('',#1754,#1752,#207,.T.);
#2232=EDGE_CURVE('',#1754,#1755,#1049,.T.);
#2233=EDGE_CURVE('',#1753,#1755,#208,.T.);
#2234=EDGE_CURVE('',#1756,#1754,#1050,.T.);
#2235=EDGE_CURVE('',#1756,#1757,#1051,.T.);
#2236=EDGE_CURVE('',#1755,#1757,#1052,.T.);
#2237=EDGE_CURVE('',#1758,#1756,#1053,.T.);
#2238=EDGE_CURVE('',#1758,#1759,#1054,.T.);
#2239=EDGE_CURVE('',#1757,#1759,#1055,.T.);
#2240=EDGE_CURVE('',#1760,#1758,#1056,.T.);
#2241=EDGE_CURVE('',#1760,#1761,#1057,.T.);
#2242=EDGE_CURVE('',#1759,#1761,#1058,.T.);
#2243=EDGE_CURVE('',#1762,#1760,#1059,.T.);
#2244=EDGE_CURVE('',#1762,#1763,#1060,.T.);
#2245=EDGE_CURVE('',#1761,#1763,#1061,.T.);
#2246=EDGE_CURVE('',#1764,#1762,#1062,.T.);
#2247=EDGE_CURVE('',#1764,#1765,#1063,.T.);
#2248=EDGE_CURVE('',#1763,#1765,#1064,.T.);
#2249=EDGE_CURVE('',#1735,#1764,#209,.T.);
#2250=EDGE_CURVE('',#1765,#1737,#210,.T.);
#2251=EDGE_CURVE('',#1766,#1766,#211,.T.);
#2252=EDGE_CURVE('',#1766,#1767,#1065,.T.);
#2253=EDGE_CURVE('',#1767,#1767,#212,.T.);
#2254=EDGE_CURVE('',#1768,#1768,#213,.T.);
#2255=EDGE_CURVE('',#1768,#1769,#1066,.T.);
#2256=EDGE_CURVE('',#1769,#1769,#214,.T.);
#2257=EDGE_CURVE('',#1770,#1770,#215,.T.);
#2258=EDGE_CURVE('',#1770,#1771,#1067,.T.);
#2259=EDGE_CURVE('',#1771,#1771,#216,.T.);
#2260=EDGE_CURVE('',#1772,#1772,#217,.T.);
#2261=EDGE_CURVE('',#1772,#1773,#1068,.T.);
#2262=EDGE_CURVE('',#1773,#1773,#218,.T.);
#2263=EDGE_CURVE('',#1663,#1774,#1069,.T.);
#2264=EDGE_CURVE('',#1774,#1774,#219,.T.);
#2265=EDGE_CURVE('',#1664,#1775,#1070,.T.);
#2266=EDGE_CURVE('',#1775,#1775,#220,.T.);
#2267=EDGE_CURVE('',#1662,#1776,#1071,.T.);
#2268=EDGE_CURVE('',#1776,#1776,#221,.T.);
#2269=EDGE_CURVE('',#1665,#1777,#1072,.T.);
#2270=EDGE_CURVE('',#1777,#1777,#222,.T.);
#2271=EDGE_CURVE('',#1709,#1708,#1073,.T.);
#2272=EDGE_CURVE('',#1660,#1778,#1074,.T.);
#2273=EDGE_CURVE('',#1666,#1778,#1075,.T.);
#2274=EDGE_CURVE('',#1779,#1780,#1076,.T.);
#2275=EDGE_CURVE('',#1780,#1781,#1077,.T.);
#2276=EDGE_CURVE('',#1781,#1782,#1078,.T.);
#2277=EDGE_CURVE('',#1782,#1779,#1079,.T.);
#2278=EDGE_CURVE('',#1783,#1784,#1080,.T.);
#2279=EDGE_CURVE('',#1784,#1780,#1081,.T.);
#2280=EDGE_CURVE('',#1783,#1779,#1082,.T.);
#2281=EDGE_CURVE('',#1784,#1785,#1083,.T.);
#2282=EDGE_CURVE('',#1785,#1781,#1084,.T.);
#2283=EDGE_CURVE('',#1786,#1783,#1085,.T.);
#2284=EDGE_CURVE('',#1786,#1782,#1086,.T.);
#2285=EDGE_CURVE('',#1785,#1786,#1087,.T.);
#2286=EDGE_CURVE('',#1787,#1667,#1088,.T.);
#2287=EDGE_CURVE('',#1778,#1787,#1089,.T.);
#2288=EDGE_CURVE('',#1658,#1787,#1090,.T.);
#2289=ORIENTED_EDGE('',*,*,#1788,.F.);
#2290=ORIENTED_EDGE('',*,*,#1789,.F.);
#2291=ORIENTED_EDGE('',*,*,#1790,.T.);
#2292=ORIENTED_EDGE('',*,*,#1791,.T.);
#2293=ORIENTED_EDGE('',*,*,#1792,.F.);
#2294=ORIENTED_EDGE('',*,*,#1791,.F.);
#2295=ORIENTED_EDGE('',*,*,#1793,.T.);
#2296=ORIENTED_EDGE('',*,*,#1794,.F.);
#2297=ORIENTED_EDGE('',*,*,#1795,.F.);
#2298=ORIENTED_EDGE('',*,*,#1796,.F.);
#2299=ORIENTED_EDGE('',*,*,#1797,.F.);
#2300=ORIENTED_EDGE('',*,*,#1798,.F.);
#2301=ORIENTED_EDGE('',*,*,#1799,.T.);
#2302=ORIENTED_EDGE('',*,*,#1789,.T.);
#2303=ORIENTED_EDGE('',*,*,#1796,.T.);
#2304=ORIENTED_EDGE('',*,*,#1788,.T.);
#2305=ORIENTED_EDGE('',*,*,#1792,.T.);
#2306=ORIENTED_EDGE('',*,*,#1800,.T.);
#2307=ORIENTED_EDGE('',*,*,#1801,.F.);
#2308=ORIENTED_EDGE('',*,*,#1802,.T.);
#2309=ORIENTED_EDGE('',*,*,#1803,.T.);
#2310=ORIENTED_EDGE('',*,*,#1804,.T.);
#2311=ORIENTED_EDGE('',*,*,#1795,.T.);
#2312=ORIENTED_EDGE('',*,*,#1805,.F.);
#2313=ORIENTED_EDGE('',*,*,#1806,.F.);
#2314=ORIENTED_EDGE('',*,*,#1800,.F.);
#2315=ORIENTED_EDGE('',*,*,#1794,.T.);
#2316=ORIENTED_EDGE('',*,*,#1807,.T.);
#2317=ORIENTED_EDGE('',*,*,#1808,.T.);
#2318=ORIENTED_EDGE('',*,*,#1805,.T.);
#2319=ORIENTED_EDGE('',*,*,#1809,.F.);
#2320=ORIENTED_EDGE('',*,*,#1810,.T.);
#2321=ORIENTED_EDGE('',*,*,#1811,.F.);
#2322=ORIENTED_EDGE('',*,*,#1810,.F.);
#2323=ORIENTED_EDGE('',*,*,#1812,.F.);
#2324=ORIENTED_EDGE('',*,*,#1813,.F.);
#2325=ORIENTED_EDGE('',*,*,#1814,.T.);
#2326=ORIENTED_EDGE('',*,*,#1815,.T.);
#2327=ORIENTED_EDGE('',*,*,#1816,.F.);
#2328=ORIENTED_EDGE('',*,*,#1817,.F.);
#2329=ORIENTED_EDGE('',*,*,#1818,.T.);
#2330=ORIENTED_EDGE('',*,*,#1819,.T.);
#2331=ORIENTED_EDGE('',*,*,#1820,.T.);
#2332=ORIENTED_EDGE('',*,*,#1815,.F.);
#2333=ORIENTED_EDGE('',*,*,#1821,.T.);
#2334=ORIENTED_EDGE('',*,*,#1822,.T.);
#2335=ORIENTED_EDGE('',*,*,#1812,.T.);
#2336=ORIENTED_EDGE('',*,*,#1820,.F.);
#2337=ORIENTED_EDGE('',*,*,#1823,.F.);
#2338=ORIENTED_EDGE('',*,*,#1824,.F.);
#2339=ORIENTED_EDGE('',*,*,#1825,.F.);
#2340=ORIENTED_EDGE('',*,*,#1826,.F.);
#2341=ORIENTED_EDGE('',*,*,#1827,.F.);
#2342=ORIENTED_EDGE('',*,*,#1828,.T.);
#2343=ORIENTED_EDGE('',*,*,#1829,.T.);
#2344=ORIENTED_EDGE('',*,*,#1830,.T.);
#2345=ORIENTED_EDGE('',*,*,#1831,.T.);
#2346=ORIENTED_EDGE('',*,*,#1832,.T.);
#2347=ORIENTED_EDGE('',*,*,#1833,.F.);
#2348=ORIENTED_EDGE('',*,*,#1834,.F.);
#2349=ORIENTED_EDGE('',*,*,#1835,.T.);
#2350=ORIENTED_EDGE('',*,*,#1836,.F.);
#2351=ORIENTED_EDGE('',*,*,#1837,.F.);
#2352=ORIENTED_EDGE('',*,*,#1838,.F.);
#2353=ORIENTED_EDGE('',*,*,#1839,.F.);
#2354=ORIENTED_EDGE('',*,*,#1813,.T.);
#2355=ORIENTED_EDGE('',*,*,#1825,.T.);
#2356=ORIENTED_EDGE('',*,*,#1840,.T.);
#2357=ORIENTED_EDGE('',*,*,#1841,.F.);
#2358=ORIENTED_EDGE('',*,*,#1842,.T.);
#2359=ORIENTED_EDGE('',*,*,#1843,.T.);
#2360=ORIENTED_EDGE('',*,*,#1844,.T.);
#2361=ORIENTED_EDGE('',*,*,#1845,.T.);
#2362=ORIENTED_EDGE('',*,*,#1846,.T.);
#2363=ORIENTED_EDGE('',*,*,#1847,.T.);
#2364=ORIENTED_EDGE('',*,*,#1827,.T.);
#2365=ORIENTED_EDGE('',*,*,#1848,.T.);
#2366=ORIENTED_EDGE('',*,*,#1849,.T.);
#2367=ORIENTED_EDGE('',*,*,#1850,.F.);
#2368=ORIENTED_EDGE('',*,*,#1851,.T.);
#2369=ORIENTED_EDGE('',*,*,#1852,.F.);
#2370=ORIENTED_EDGE('',*,*,#1853,.F.);
#2371=ORIENTED_EDGE('',*,*,#1854,.T.);
#2372=ORIENTED_EDGE('',*,*,#1855,.T.);
#2373=ORIENTED_EDGE('',*,*,#1826,.T.);
#2374=ORIENTED_EDGE('',*,*,#1856,.F.);
#2375=ORIENTED_EDGE('',*,*,#1857,.F.);
#2376=ORIENTED_EDGE('',*,*,#1858,.F.);
#2377=ORIENTED_EDGE('',*,*,#1848,.F.);
#2378=ORIENTED_EDGE('',*,*,#1859,.F.);
#2379=ORIENTED_EDGE('',*,*,#1817,.T.);
#2380=ORIENTED_EDGE('',*,*,#1860,.T.);
#2381=ORIENTED_EDGE('',*,*,#1844,.F.);
#2382=ORIENTED_EDGE('',*,*,#1859,.T.);
#2383=ORIENTED_EDGE('',*,*,#1843,.F.);
#2384=ORIENTED_EDGE('',*,*,#1861,.F.);
#2385=ORIENTED_EDGE('',*,*,#1862,.F.);
#2386=ORIENTED_EDGE('',*,*,#1818,.F.);
#2387=ORIENTED_EDGE('',*,*,#1821,.F.);
#2388=ORIENTED_EDGE('',*,*,#1863,.T.);
#2389=ORIENTED_EDGE('',*,*,#1864,.F.);
#2390=ORIENTED_EDGE('',*,*,#1863,.F.);
#2391=ORIENTED_EDGE('',*,*,#1824,.T.);
#2392=ORIENTED_EDGE('',*,*,#1865,.F.);
#2393=ORIENTED_EDGE('',*,*,#1840,.F.);
#2394=ORIENTED_EDGE('',*,*,#1823,.T.);
#2395=ORIENTED_EDGE('',*,*,#1819,.F.);
#2396=ORIENTED_EDGE('',*,*,#1862,.T.);
#2397=ORIENTED_EDGE('',*,*,#1866,.T.);
#2398=ORIENTED_EDGE('',*,*,#1841,.T.);
#2399=ORIENTED_EDGE('',*,*,#1865,.T.);
#2400=ORIENTED_EDGE('',*,*,#1864,.T.);
#2401=ORIENTED_EDGE('',*,*,#1867,.F.);
#2402=ORIENTED_EDGE('',*,*,#1868,.T.);
#2403=ORIENTED_EDGE('',*,*,#1869,.F.);
#2404=ORIENTED_EDGE('',*,*,#1868,.F.);
#2405=ORIENTED_EDGE('',*,*,#1870,.T.);
#2406=ORIENTED_EDGE('',*,*,#1871,.T.);
#2407=ORIENTED_EDGE('',*,*,#1872,.T.);
#2408=ORIENTED_EDGE('',*,*,#1856,.T.);
#2409=ORIENTED_EDGE('',*,*,#1829,.F.);
#2410=ORIENTED_EDGE('',*,*,#1867,.T.);
#2411=ORIENTED_EDGE('',*,*,#1858,.T.);
#2412=ORIENTED_EDGE('',*,*,#1873,.F.);
#2413=ORIENTED_EDGE('',*,*,#1849,.F.);
#2414=ORIENTED_EDGE('',*,*,#1874,.F.);
#2415=ORIENTED_EDGE('',*,*,#1875,.T.);
#2416=ORIENTED_EDGE('',*,*,#1876,.F.);
#2417=ORIENTED_EDGE('',*,*,#1875,.F.);
#2418=ORIENTED_EDGE('',*,*,#1877,.F.);
#2419=ORIENTED_EDGE('',*,*,#1878,.T.);
#2420=ORIENTED_EDGE('',*,*,#1855,.F.);
#2421=ORIENTED_EDGE('',*,*,#1878,.F.);
#2422=ORIENTED_EDGE('',*,*,#1877,.T.);
#2423=ORIENTED_EDGE('',*,*,#1874,.T.);
#2424=ORIENTED_EDGE('',*,*,#1869,.T.);
#2425=ORIENTED_EDGE('',*,*,#1822,.F.);
#2426=ORIENTED_EDGE('',*,*,#1879,.T.);
#2427=ORIENTED_EDGE('',*,*,#1880,.F.);
#2428=ORIENTED_EDGE('',*,*,#1879,.F.);
#2429=ORIENTED_EDGE('',*,*,#1861,.T.);
#2430=ORIENTED_EDGE('',*,*,#1842,.F.);
#2431=ORIENTED_EDGE('',*,*,#1866,.F.);
#2432=ORIENTED_EDGE('',*,*,#1880,.T.);
#2433=ORIENTED_EDGE('',*,*,#1798,.T.);
#2434=ORIENTED_EDGE('',*,*,#1881,.T.);
#2435=ORIENTED_EDGE('',*,*,#1882,.F.);
#2436=ORIENTED_EDGE('',*,*,#1883,.T.);
#2437=ORIENTED_EDGE('',*,*,#1882,.T.);
#2438=ORIENTED_EDGE('',*,*,#1884,.F.);
#2439=ORIENTED_EDGE('',*,*,#1803,.F.);
#2440=ORIENTED_EDGE('',*,*,#1885,.T.);
#2441=ORIENTED_EDGE('',*,*,#1886,.F.);
#2442=ORIENTED_EDGE('',*,*,#1887,.F.);
#2443=ORIENTED_EDGE('',*,*,#1888,.F.);
#2444=ORIENTED_EDGE('',*,*,#1889,.T.);
#2445=ORIENTED_EDGE('',*,*,#1890,.F.);
#2446=ORIENTED_EDGE('',*,*,#1891,.F.);
#2447=ORIENTED_EDGE('',*,*,#1892,.F.);
#2448=ORIENTED_EDGE('',*,*,#1893,.T.);
#2449=ORIENTED_EDGE('',*,*,#1894,.F.);
#2450=ORIENTED_EDGE('',*,*,#1895,.T.);
#2451=ORIENTED_EDGE('',*,*,#1797,.T.);
#2452=ORIENTED_EDGE('',*,*,#1804,.F.);
#2453=ORIENTED_EDGE('',*,*,#1884,.T.);
#2454=ORIENTED_EDGE('',*,*,#1881,.F.);
#2455=ORIENTED_EDGE('',*,*,#1896,.T.);
#2456=ORIENTED_EDGE('',*,*,#1897,.T.);
#2457=ORIENTED_EDGE('',*,*,#1898,.T.);
#2458=ORIENTED_EDGE('',*,*,#1899,.T.);
#2459=ORIENTED_EDGE('',*,*,#1898,.F.);
#2460=ORIENTED_EDGE('',*,*,#1900,.F.);
#2461=ORIENTED_EDGE('',*,*,#1901,.F.);
#2462=ORIENTED_EDGE('',*,*,#1902,.F.);
#2463=ORIENTED_EDGE('',*,*,#1903,.F.);
#2464=ORIENTED_EDGE('',*,*,#1904,.F.);
#2465=ORIENTED_EDGE('',*,*,#1905,.F.);
#2466=ORIENTED_EDGE('',*,*,#1906,.F.);
#2467=ORIENTED_EDGE('',*,*,#1907,.F.);
#2468=ORIENTED_EDGE('',*,*,#1908,.F.);
#2469=ORIENTED_EDGE('',*,*,#1909,.F.);
#2470=ORIENTED_EDGE('',*,*,#1910,.F.);
#2471=ORIENTED_EDGE('',*,*,#1897,.F.);
#2472=ORIENTED_EDGE('',*,*,#1911,.T.);
#2473=ORIENTED_EDGE('',*,*,#1886,.T.);
#2474=ORIENTED_EDGE('',*,*,#1912,.T.);
#2475=ORIENTED_EDGE('',*,*,#1913,.F.);
#2476=ORIENTED_EDGE('',*,*,#1900,.T.);
#2477=ORIENTED_EDGE('',*,*,#1914,.T.);
#2478=ORIENTED_EDGE('',*,*,#1915,.T.);
#2479=ORIENTED_EDGE('',*,*,#1905,.T.);
#2480=ORIENTED_EDGE('',*,*,#1916,.T.);
#2481=ORIENTED_EDGE('',*,*,#1914,.F.);
#2482=ORIENTED_EDGE('',*,*,#1917,.F.);
#2483=ORIENTED_EDGE('',*,*,#1918,.F.);
#2484=ORIENTED_EDGE('',*,*,#1919,.F.);
#2485=ORIENTED_EDGE('',*,*,#1920,.F.);
#2486=ORIENTED_EDGE('',*,*,#1912,.F.);
#2487=ORIENTED_EDGE('',*,*,#1885,.F.);
#2488=ORIENTED_EDGE('',*,*,#1802,.F.);
#2489=ORIENTED_EDGE('',*,*,#1921,.F.);
#2490=ORIENTED_EDGE('',*,*,#1922,.T.);
#2491=ORIENTED_EDGE('',*,*,#1923,.F.);
#2492=ORIENTED_EDGE('',*,*,#1924,.T.);
#2493=ORIENTED_EDGE('',*,*,#1925,.T.);
#2494=ORIENTED_EDGE('',*,*,#1916,.F.);
#2495=ORIENTED_EDGE('',*,*,#1904,.T.);
#2496=ORIENTED_EDGE('',*,*,#1926,.F.);
#2497=ORIENTED_EDGE('',*,*,#1917,.T.);
#2498=ORIENTED_EDGE('',*,*,#1903,.T.);
#2499=ORIENTED_EDGE('',*,*,#1927,.T.);
#2500=ORIENTED_EDGE('',*,*,#1918,.T.);
#2501=ORIENTED_EDGE('',*,*,#1926,.T.);
#2502=ORIENTED_EDGE('',*,*,#1901,.T.);
#2503=ORIENTED_EDGE('',*,*,#1913,.T.);
#2504=ORIENTED_EDGE('',*,*,#1920,.T.);
#2505=ORIENTED_EDGE('',*,*,#1928,.T.);
#2506=ORIENTED_EDGE('',*,*,#1929,.F.);
#2507=ORIENTED_EDGE('',*,*,#1930,.T.);
#2508=ORIENTED_EDGE('',*,*,#1931,.F.);
#2509=ORIENTED_EDGE('',*,*,#1932,.F.);
#2510=ORIENTED_EDGE('',*,*,#1933,.F.);
#2511=ORIENTED_EDGE('',*,*,#1932,.T.);
#2512=ORIENTED_EDGE('',*,*,#1934,.F.);
#2513=ORIENTED_EDGE('',*,*,#1935,.F.);
#2514=ORIENTED_EDGE('',*,*,#1936,.F.);
#2515=ORIENTED_EDGE('',*,*,#1935,.T.);
#2516=ORIENTED_EDGE('',*,*,#1937,.F.);
#2517=ORIENTED_EDGE('',*,*,#1830,.F.);
#2518=ORIENTED_EDGE('',*,*,#1938,.F.);
#2519=ORIENTED_EDGE('',*,*,#1832,.F.);
#2520=ORIENTED_EDGE('',*,*,#1939,.F.);
#2521=ORIENTED_EDGE('',*,*,#1940,.F.);
#2522=ORIENTED_EDGE('',*,*,#1941,.F.);
#2523=ORIENTED_EDGE('',*,*,#1940,.T.);
#2524=ORIENTED_EDGE('',*,*,#1942,.F.);
#2525=ORIENTED_EDGE('',*,*,#1930,.F.);
#2526=ORIENTED_EDGE('',*,*,#1942,.T.);
#2527=ORIENTED_EDGE('',*,*,#1939,.T.);
#2528=ORIENTED_EDGE('',*,*,#1831,.F.);
#2529=ORIENTED_EDGE('',*,*,#1937,.T.);
#2530=ORIENTED_EDGE('',*,*,#1934,.T.);
#2531=ORIENTED_EDGE('',*,*,#1931,.T.);
#2532=ORIENTED_EDGE('',*,*,#1943,.T.);
#2533=ORIENTED_EDGE('',*,*,#1944,.T.);
#2534=ORIENTED_EDGE('',*,*,#1945,.T.);
#2535=ORIENTED_EDGE('',*,*,#1946,.T.);
#2536=ORIENTED_EDGE('',*,*,#1876,.T.);
#2537=ORIENTED_EDGE('',*,*,#1947,.T.);
#2538=ORIENTED_EDGE('',*,*,#1948,.T.);
#2539=ORIENTED_EDGE('',*,*,#1949,.T.);
#2540=ORIENTED_EDGE('',*,*,#1836,.T.);
#2541=ORIENTED_EDGE('',*,*,#1950,.T.);
#2542=ORIENTED_EDGE('',*,*,#1951,.T.);
#2543=ORIENTED_EDGE('',*,*,#1952,.T.);
#2544=ORIENTED_EDGE('',*,*,#1953,.T.);
#2545=ORIENTED_EDGE('',*,*,#1954,.F.);
#2546=ORIENTED_EDGE('',*,*,#1955,.T.);
#2547=ORIENTED_EDGE('',*,*,#1910,.T.);
#2548=ORIENTED_EDGE('',*,*,#1956,.F.);
#2549=ORIENTED_EDGE('',*,*,#1957,.T.);
#2550=ORIENTED_EDGE('',*,*,#1958,.T.);
#2551=ORIENTED_EDGE('',*,*,#1959,.T.);
#2552=ORIENTED_EDGE('',*,*,#1838,.T.);
#2553=ORIENTED_EDGE('',*,*,#1927,.F.);
#2554=ORIENTED_EDGE('',*,*,#1902,.T.);
#2555=ORIENTED_EDGE('',*,*,#1928,.F.);
#2556=ORIENTED_EDGE('',*,*,#1919,.T.);
#2557=ORIENTED_EDGE('',*,*,#1909,.T.);
#2558=ORIENTED_EDGE('',*,*,#1960,.F.);
#2559=ORIENTED_EDGE('',*,*,#1961,.F.);
#2560=ORIENTED_EDGE('',*,*,#1956,.T.);
#2561=ORIENTED_EDGE('',*,*,#1962,.F.);
#2562=ORIENTED_EDGE('',*,*,#1960,.T.);
#2563=ORIENTED_EDGE('',*,*,#1908,.T.);
#2564=ORIENTED_EDGE('',*,*,#1963,.F.);
#2565=ORIENTED_EDGE('',*,*,#1964,.F.);
#2566=ORIENTED_EDGE('',*,*,#1963,.T.);
#2567=ORIENTED_EDGE('',*,*,#1907,.T.);
#2568=ORIENTED_EDGE('',*,*,#1955,.F.);
#2569=ORIENTED_EDGE('',*,*,#1899,.F.);
#2570=ORIENTED_EDGE('',*,*,#1906,.T.);
#2571=ORIENTED_EDGE('',*,*,#1915,.F.);
#2572=ORIENTED_EDGE('',*,*,#1921,.T.);
#2573=ORIENTED_EDGE('',*,*,#1801,.T.);
#2574=ORIENTED_EDGE('',*,*,#1806,.T.);
#2575=ORIENTED_EDGE('',*,*,#1808,.F.);
#2576=ORIENTED_EDGE('',*,*,#1965,.T.);
#2577=ORIENTED_EDGE('',*,*,#1966,.T.);
#2578=ORIENTED_EDGE('',*,*,#1967,.T.);
#2579=ORIENTED_EDGE('',*,*,#1968,.T.);
#2580=ORIENTED_EDGE('',*,*,#1969,.T.);
#2581=ORIENTED_EDGE('',*,*,#1964,.T.);
#2582=ORIENTED_EDGE('',*,*,#1954,.T.);
#2583=ORIENTED_EDGE('',*,*,#1961,.T.);
#2584=ORIENTED_EDGE('',*,*,#1962,.T.);
#2585=ORIENTED_EDGE('',*,*,#1970,.F.);
#2586=ORIENTED_EDGE('',*,*,#1958,.F.);
#2587=ORIENTED_EDGE('',*,*,#1971,.T.);
#2588=ORIENTED_EDGE('',*,*,#1948,.F.);
#2589=ORIENTED_EDGE('',*,*,#1972,.F.);
#2590=ORIENTED_EDGE('',*,*,#1973,.T.);
#2591=ORIENTED_EDGE('',*,*,#1974,.T.);
#2592=ORIENTED_EDGE('',*,*,#1951,.F.);
#2593=ORIENTED_EDGE('',*,*,#1889,.F.);
#2594=ORIENTED_EDGE('',*,*,#1975,.T.);
#2595=ORIENTED_EDGE('',*,*,#1976,.T.);
#2596=ORIENTED_EDGE('',*,*,#1977,.T.);
#2597=ORIENTED_EDGE('',*,*,#1978,.T.);
#2598=ORIENTED_EDGE('',*,*,#1979,.T.);
#2599=ORIENTED_EDGE('',*,*,#1980,.T.);
#2600=ORIENTED_EDGE('',*,*,#1893,.F.);
#2601=ORIENTED_EDGE('',*,*,#1981,.F.);
#2602=ORIENTED_EDGE('',*,*,#1923,.T.);
#2603=ORIENTED_EDGE('',*,*,#1982,.F.);
#2604=ORIENTED_EDGE('',*,*,#1845,.F.);
#2605=ORIENTED_EDGE('',*,*,#1860,.F.);
#2606=ORIENTED_EDGE('',*,*,#1816,.T.);
#2607=ORIENTED_EDGE('',*,*,#1814,.F.);
#2608=ORIENTED_EDGE('',*,*,#1854,.F.);
#2609=ORIENTED_EDGE('',*,*,#1982,.T.);
#2610=ORIENTED_EDGE('',*,*,#1922,.F.);
#2611=ORIENTED_EDGE('',*,*,#1983,.T.);
#2612=ORIENTED_EDGE('',*,*,#1846,.F.);
#2613=ORIENTED_EDGE('',*,*,#1936,.T.);
#2614=ORIENTED_EDGE('',*,*,#1839,.T.);
#2615=ORIENTED_EDGE('',*,*,#1959,.F.);
#2616=ORIENTED_EDGE('',*,*,#1970,.T.);
#2617=ORIENTED_EDGE('',*,*,#1950,.F.);
#2618=ORIENTED_EDGE('',*,*,#1984,.F.);
#2619=ORIENTED_EDGE('',*,*,#1985,.F.);
#2620=ORIENTED_EDGE('',*,*,#1986,.F.);
#2621=ORIENTED_EDGE('',*,*,#1833,.T.);
#2622=ORIENTED_EDGE('',*,*,#1938,.T.);
#2623=ORIENTED_EDGE('',*,*,#1941,.T.);
#2624=ORIENTED_EDGE('',*,*,#1929,.T.);
#2625=ORIENTED_EDGE('',*,*,#1933,.T.);
#2626=ORIENTED_EDGE('',*,*,#1971,.F.);
#2627=ORIENTED_EDGE('',*,*,#1957,.F.);
#2628=ORIENTED_EDGE('',*,*,#1837,.T.);
#2629=ORIENTED_EDGE('',*,*,#1949,.F.);
#2630=ORIENTED_EDGE('',*,*,#1835,.F.);
#2631=ORIENTED_EDGE('',*,*,#1987,.T.);
#2632=ORIENTED_EDGE('',*,*,#1988,.F.);
#2633=ORIENTED_EDGE('',*,*,#1989,.F.);
#2634=ORIENTED_EDGE('',*,*,#1990,.T.);
#2635=ORIENTED_EDGE('',*,*,#1972,.T.);
#2636=ORIENTED_EDGE('',*,*,#1947,.F.);
#2637=ORIENTED_EDGE('',*,*,#1991,.F.);
#2638=ORIENTED_EDGE('',*,*,#1851,.F.);
#2639=ORIENTED_EDGE('',*,*,#1992,.F.);
#2640=ORIENTED_EDGE('',*,*,#1871,.F.);
#2641=ORIENTED_EDGE('',*,*,#1983,.F.);
#2642=ORIENTED_EDGE('',*,*,#1925,.F.);
#2643=ORIENTED_EDGE('',*,*,#1993,.F.);
#2644=ORIENTED_EDGE('',*,*,#1852,.T.);
#2645=ORIENTED_EDGE('',*,*,#1991,.T.);
#2646=ORIENTED_EDGE('',*,*,#1870,.F.);
#2647=ORIENTED_EDGE('',*,*,#1828,.F.);
#2648=ORIENTED_EDGE('',*,*,#1847,.F.);
#2649=ORIENTED_EDGE('',*,*,#1994,.F.);
#2650=ORIENTED_EDGE('',*,*,#1969,.F.);
#2651=ORIENTED_EDGE('',*,*,#1995,.T.);
#2652=ORIENTED_EDGE('',*,*,#1943,.F.);
#2653=ORIENTED_EDGE('',*,*,#1996,.T.);
#2654=ORIENTED_EDGE('',*,*,#1966,.F.);
#2655=ORIENTED_EDGE('',*,*,#1994,.T.);
#2656=ORIENTED_EDGE('',*,*,#1946,.F.);
#2657=ORIENTED_EDGE('',*,*,#1811,.T.);
#2658=ORIENTED_EDGE('',*,*,#1997,.T.);
#2659=ORIENTED_EDGE('',*,*,#1998,.T.);
#2660=ORIENTED_EDGE('',*,*,#1999,.T.);
#2661=ORIENTED_EDGE('',*,*,#2000,.T.);
#2662=ORIENTED_EDGE('',*,*,#1997,.F.);
#2663=ORIENTED_EDGE('',*,*,#2001,.T.);
#2664=ORIENTED_EDGE('',*,*,#2002,.T.);
#2665=ORIENTED_EDGE('',*,*,#2003,.T.);
#2666=ORIENTED_EDGE('',*,*,#1999,.F.);
#2667=ORIENTED_EDGE('',*,*,#2004,.T.);
#2668=ORIENTED_EDGE('',*,*,#2002,.F.);
#2669=ORIENTED_EDGE('',*,*,#2005,.F.);
#2670=ORIENTED_EDGE('',*,*,#2006,.T.);
#2671=ORIENTED_EDGE('',*,*,#2001,.F.);
#2672=ORIENTED_EDGE('',*,*,#2006,.F.);
#2673=ORIENTED_EDGE('',*,*,#2007,.T.);
#2674=ORIENTED_EDGE('',*,*,#2008,.T.);
#2675=ORIENTED_EDGE('',*,*,#2009,.T.);
#2676=ORIENTED_EDGE('',*,*,#2010,.T.);
#2677=ORIENTED_EDGE('',*,*,#2011,.T.);
#2678=ORIENTED_EDGE('',*,*,#2008,.F.);
#2679=ORIENTED_EDGE('',*,*,#2012,.T.);
#2680=ORIENTED_EDGE('',*,*,#2013,.T.);
#2681=ORIENTED_EDGE('',*,*,#2014,.T.);
#2682=ORIENTED_EDGE('',*,*,#2010,.F.);
#2683=ORIENTED_EDGE('',*,*,#2015,.T.);
#2684=ORIENTED_EDGE('',*,*,#2013,.F.);
#2685=ORIENTED_EDGE('',*,*,#2016,.F.);
#2686=ORIENTED_EDGE('',*,*,#2017,.T.);
#2687=ORIENTED_EDGE('',*,*,#2007,.F.);
#2688=ORIENTED_EDGE('',*,*,#2017,.F.);
#2689=ORIENTED_EDGE('',*,*,#2018,.T.);
#2690=ORIENTED_EDGE('',*,*,#2019,.T.);
#2691=ORIENTED_EDGE('',*,*,#2020,.T.);
#2692=ORIENTED_EDGE('',*,*,#2021,.T.);
#2693=ORIENTED_EDGE('',*,*,#2022,.T.);
#2694=ORIENTED_EDGE('',*,*,#2019,.F.);
#2695=ORIENTED_EDGE('',*,*,#2023,.T.);
#2696=ORIENTED_EDGE('',*,*,#2024,.T.);
#2697=ORIENTED_EDGE('',*,*,#2025,.T.);
#2698=ORIENTED_EDGE('',*,*,#2021,.F.);
#2699=ORIENTED_EDGE('',*,*,#2026,.T.);
#2700=ORIENTED_EDGE('',*,*,#2024,.F.);
#2701=ORIENTED_EDGE('',*,*,#2027,.F.);
#2702=ORIENTED_EDGE('',*,*,#2028,.T.);
#2703=ORIENTED_EDGE('',*,*,#2018,.F.);
#2704=ORIENTED_EDGE('',*,*,#2028,.F.);
#2705=ORIENTED_EDGE('',*,*,#2029,.F.);
#2706=ORIENTED_EDGE('',*,*,#2030,.T.);
#2707=ORIENTED_EDGE('',*,*,#2012,.F.);
#2708=ORIENTED_EDGE('',*,*,#2030,.F.);
#2709=ORIENTED_EDGE('',*,*,#2031,.F.);
#2710=ORIENTED_EDGE('',*,*,#2032,.T.);
#2711=ORIENTED_EDGE('',*,*,#2023,.F.);
#2712=ORIENTED_EDGE('',*,*,#2032,.F.);
#2713=ORIENTED_EDGE('',*,*,#1974,.F.);
#2714=ORIENTED_EDGE('',*,*,#2033,.T.);
#2715=ORIENTED_EDGE('',*,*,#2034,.T.);
#2716=ORIENTED_EDGE('',*,*,#1952,.F.);
#2717=ORIENTED_EDGE('',*,*,#1995,.F.);
#2718=ORIENTED_EDGE('',*,*,#1968,.F.);
#2719=ORIENTED_EDGE('',*,*,#2035,.T.);
#2720=ORIENTED_EDGE('',*,*,#1944,.F.);
#2721=ORIENTED_EDGE('',*,*,#2035,.F.);
#2722=ORIENTED_EDGE('',*,*,#1967,.F.);
#2723=ORIENTED_EDGE('',*,*,#1996,.F.);
#2724=ORIENTED_EDGE('',*,*,#1945,.F.);
#2725=ORIENTED_EDGE('',*,*,#1987,.F.);
#2726=ORIENTED_EDGE('',*,*,#1834,.T.);
#2727=ORIENTED_EDGE('',*,*,#1986,.T.);
#2728=ORIENTED_EDGE('',*,*,#2036,.T.);
#2729=ORIENTED_EDGE('',*,*,#1857,.T.);
#2730=ORIENTED_EDGE('',*,*,#1872,.F.);
#2731=ORIENTED_EDGE('',*,*,#1992,.T.);
#2732=ORIENTED_EDGE('',*,*,#1850,.T.);
#2733=ORIENTED_EDGE('',*,*,#1873,.T.);
#2734=ORIENTED_EDGE('',*,*,#1981,.T.);
#2735=ORIENTED_EDGE('',*,*,#1853,.T.);
#2736=ORIENTED_EDGE('',*,*,#1993,.T.);
#2737=ORIENTED_EDGE('',*,*,#1924,.F.);
#2738=ORIENTED_EDGE('',*,*,#1883,.F.);
#2739=ORIENTED_EDGE('',*,*,#1895,.F.);
#2740=ORIENTED_EDGE('',*,*,#2037,.T.);
#2741=ORIENTED_EDGE('',*,*,#2038,.F.);
#2742=ORIENTED_EDGE('',*,*,#2039,.T.);
#2743=ORIENTED_EDGE('',*,*,#1887,.T.);
#2744=ORIENTED_EDGE('',*,*,#1911,.F.);
#2745=ORIENTED_EDGE('',*,*,#1896,.F.);
#2746=ORIENTED_EDGE('',*,*,#1965,.F.);
#2747=ORIENTED_EDGE('',*,*,#1807,.F.);
#2748=ORIENTED_EDGE('',*,*,#1793,.F.);
#2749=ORIENTED_EDGE('',*,*,#1790,.F.);
#2750=ORIENTED_EDGE('',*,*,#1799,.F.);
#2751=ORIENTED_EDGE('',*,*,#1809,.T.);
#2752=ORIENTED_EDGE('',*,*,#2005,.T.);
#2753=ORIENTED_EDGE('',*,*,#2027,.T.);
#2754=ORIENTED_EDGE('',*,*,#2016,.T.);
#2755=ORIENTED_EDGE('',*,*,#2031,.T.);
#2756=ORIENTED_EDGE('',*,*,#2029,.T.);
#2757=ORIENTED_EDGE('',*,*,#2034,.F.);
#2758=ORIENTED_EDGE('',*,*,#2040,.F.);
#2759=ORIENTED_EDGE('',*,*,#1989,.T.);
#2760=ORIENTED_EDGE('',*,*,#2041,.T.);
#2761=ORIENTED_EDGE('',*,*,#1984,.T.);
#2762=ORIENTED_EDGE('',*,*,#1953,.F.);
#2763=ORIENTED_EDGE('',*,*,#2000,.F.);
#2764=ORIENTED_EDGE('',*,*,#2003,.F.);
#2765=ORIENTED_EDGE('',*,*,#2004,.F.);
#2766=ORIENTED_EDGE('',*,*,#1998,.F.);
#2767=ORIENTED_EDGE('',*,*,#2011,.F.);
#2768=ORIENTED_EDGE('',*,*,#2014,.F.);
#2769=ORIENTED_EDGE('',*,*,#2015,.F.);
#2770=ORIENTED_EDGE('',*,*,#2009,.F.);
#2771=ORIENTED_EDGE('',*,*,#2022,.F.);
#2772=ORIENTED_EDGE('',*,*,#2025,.F.);
#2773=ORIENTED_EDGE('',*,*,#2026,.F.);
#2774=ORIENTED_EDGE('',*,*,#2020,.F.);
#2775=ORIENTED_EDGE('',*,*,#1892,.T.);
#2776=ORIENTED_EDGE('',*,*,#2042,.F.);
#2777=ORIENTED_EDGE('',*,*,#2043,.F.);
#2778=ORIENTED_EDGE('',*,*,#1978,.F.);
#2779=ORIENTED_EDGE('',*,*,#2036,.F.);
#2780=ORIENTED_EDGE('',*,*,#1985,.T.);
#2781=ORIENTED_EDGE('',*,*,#2041,.F.);
#2782=ORIENTED_EDGE('',*,*,#1988,.T.);
#2783=ORIENTED_EDGE('',*,*,#2040,.T.);
#2784=ORIENTED_EDGE('',*,*,#2033,.F.);
#2785=ORIENTED_EDGE('',*,*,#1973,.F.);
#2786=ORIENTED_EDGE('',*,*,#1990,.F.);
#2787=ORIENTED_EDGE('',*,*,#1888,.T.);
#2788=ORIENTED_EDGE('',*,*,#2039,.F.);
#2789=ORIENTED_EDGE('',*,*,#2044,.T.);
#2790=ORIENTED_EDGE('',*,*,#1975,.F.);
#2791=ORIENTED_EDGE('',*,*,#1894,.T.);
#2792=ORIENTED_EDGE('',*,*,#1980,.F.);
#2793=ORIENTED_EDGE('',*,*,#2045,.F.);
#2794=ORIENTED_EDGE('',*,*,#2037,.F.);
#2795=ORIENTED_EDGE('',*,*,#1890,.T.);
#2796=ORIENTED_EDGE('',*,*,#1977,.F.);
#2797=ORIENTED_EDGE('',*,*,#2046,.F.);
#2798=ORIENTED_EDGE('',*,*,#2047,.T.);
#2799=ORIENTED_EDGE('',*,*,#2038,.T.);
#2800=ORIENTED_EDGE('',*,*,#2045,.T.);
#2801=ORIENTED_EDGE('',*,*,#1979,.F.);
#2802=ORIENTED_EDGE('',*,*,#2043,.T.);
#2803=ORIENTED_EDGE('',*,*,#2048,.F.);
#2804=ORIENTED_EDGE('',*,*,#2046,.T.);
#2805=ORIENTED_EDGE('',*,*,#1976,.F.);
#2806=ORIENTED_EDGE('',*,*,#2044,.F.);
#2807=ORIENTED_EDGE('',*,*,#1891,.T.);
#2808=ORIENTED_EDGE('',*,*,#2047,.F.);
#2809=ORIENTED_EDGE('',*,*,#2048,.T.);
#2810=ORIENTED_EDGE('',*,*,#2042,.T.);
#2811=ORIENTED_EDGE('',*,*,#2049,.F.);
#2812=ORIENTED_EDGE('',*,*,#2050,.F.);
#2813=ORIENTED_EDGE('',*,*,#2051,.T.);
#2814=ORIENTED_EDGE('',*,*,#2052,.T.);
#2815=ORIENTED_EDGE('',*,*,#2053,.T.);
#2816=ORIENTED_EDGE('',*,*,#2054,.T.);
#2817=ORIENTED_EDGE('',*,*,#2052,.F.);
#2818=ORIENTED_EDGE('',*,*,#2055,.T.);
#2819=ORIENTED_EDGE('',*,*,#2056,.T.);
#2820=ORIENTED_EDGE('',*,*,#2053,.F.);
#2821=ORIENTED_EDGE('',*,*,#2054,.F.);
#2822=ORIENTED_EDGE('',*,*,#2056,.F.);
#2823=ORIENTED_EDGE('',*,*,#2051,.F.);
#2824=ORIENTED_EDGE('',*,*,#2057,.T.);
#2825=ORIENTED_EDGE('',*,*,#2058,.T.);
#2826=ORIENTED_EDGE('',*,*,#2059,.T.);
#2827=ORIENTED_EDGE('',*,*,#2060,.T.);
#2828=ORIENTED_EDGE('',*,*,#2061,.T.);
#2829=ORIENTED_EDGE('',*,*,#2059,.F.);
#2830=ORIENTED_EDGE('',*,*,#2062,.T.);
#2831=ORIENTED_EDGE('',*,*,#2063,.T.);
#2832=ORIENTED_EDGE('',*,*,#2060,.F.);
#2833=ORIENTED_EDGE('',*,*,#2061,.F.);
#2834=ORIENTED_EDGE('',*,*,#2063,.F.);
#2835=ORIENTED_EDGE('',*,*,#2058,.F.);
#2836=ORIENTED_EDGE('',*,*,#2064,.T.);
#2837=ORIENTED_EDGE('',*,*,#2065,.T.);
#2838=ORIENTED_EDGE('',*,*,#2066,.T.);
#2839=ORIENTED_EDGE('',*,*,#2067,.T.);
#2840=ORIENTED_EDGE('',*,*,#2068,.T.);
#2841=ORIENTED_EDGE('',*,*,#2066,.F.);
#2842=ORIENTED_EDGE('',*,*,#2069,.T.);
#2843=ORIENTED_EDGE('',*,*,#2070,.T.);
#2844=ORIENTED_EDGE('',*,*,#2067,.F.);
#2845=ORIENTED_EDGE('',*,*,#2068,.F.);
#2846=ORIENTED_EDGE('',*,*,#2070,.F.);
#2847=ORIENTED_EDGE('',*,*,#2065,.F.);
#2848=ORIENTED_EDGE('',*,*,#2071,.T.);
#2849=ORIENTED_EDGE('',*,*,#2072,.T.);
#2850=ORIENTED_EDGE('',*,*,#2073,.T.);
#2851=ORIENTED_EDGE('',*,*,#2074,.T.);
#2852=ORIENTED_EDGE('',*,*,#2075,.T.);
#2853=ORIENTED_EDGE('',*,*,#2073,.F.);
#2854=ORIENTED_EDGE('',*,*,#2076,.T.);
#2855=ORIENTED_EDGE('',*,*,#2077,.T.);
#2856=ORIENTED_EDGE('',*,*,#2074,.F.);
#2857=ORIENTED_EDGE('',*,*,#2075,.F.);
#2858=ORIENTED_EDGE('',*,*,#2077,.F.);
#2859=ORIENTED_EDGE('',*,*,#2072,.F.);
#2860=ORIENTED_EDGE('',*,*,#2078,.T.);
#2861=ORIENTED_EDGE('',*,*,#2079,.F.);
#2862=ORIENTED_EDGE('',*,*,#2080,.F.);
#2863=ORIENTED_EDGE('',*,*,#2081,.F.);
#2864=ORIENTED_EDGE('',*,*,#2082,.F.);
#2865=ORIENTED_EDGE('',*,*,#2069,.F.);
#2866=ORIENTED_EDGE('',*,*,#2083,.F.);
#2867=ORIENTED_EDGE('',*,*,#2084,.F.);
#2868=ORIENTED_EDGE('',*,*,#2085,.F.);
#2869=ORIENTED_EDGE('',*,*,#2086,.F.);
#2870=ORIENTED_EDGE('',*,*,#2076,.F.);
#2871=ORIENTED_EDGE('',*,*,#2071,.F.);
#2872=ORIENTED_EDGE('',*,*,#2087,.T.);
#2873=ORIENTED_EDGE('',*,*,#2050,.T.);
#2874=ORIENTED_EDGE('',*,*,#2087,.F.);
#2875=ORIENTED_EDGE('',*,*,#2078,.F.);
#2876=ORIENTED_EDGE('',*,*,#2088,.T.);
#2877=ORIENTED_EDGE('',*,*,#2049,.T.);
#2878=ORIENTED_EDGE('',*,*,#2088,.F.);
#2879=ORIENTED_EDGE('',*,*,#2089,.T.);
#2880=ORIENTED_EDGE('',*,*,#2090,.F.);
#2881=ORIENTED_EDGE('',*,*,#2091,.F.);
#2882=ORIENTED_EDGE('',*,*,#2082,.T.);
#2883=ORIENTED_EDGE('',*,*,#2062,.F.);
#2884=ORIENTED_EDGE('',*,*,#2092,.F.);
#2885=ORIENTED_EDGE('',*,*,#2093,.F.);
#2886=ORIENTED_EDGE('',*,*,#2094,.F.);
#2887=ORIENTED_EDGE('',*,*,#2095,.F.);
#2888=ORIENTED_EDGE('',*,*,#2096,.F.);
#2889=ORIENTED_EDGE('',*,*,#2097,.F.);
#2890=ORIENTED_EDGE('',*,*,#2098,.F.);
#2891=ORIENTED_EDGE('',*,*,#2099,.F.);
#2892=ORIENTED_EDGE('',*,*,#2055,.F.);
#2893=ORIENTED_EDGE('',*,*,#2100,.T.);
#2894=ORIENTED_EDGE('',*,*,#2101,.T.);
#2895=ORIENTED_EDGE('',*,*,#2057,.F.);
#2896=ORIENTED_EDGE('',*,*,#2101,.F.);
#2897=ORIENTED_EDGE('',*,*,#2100,.F.);
#2898=ORIENTED_EDGE('',*,*,#2102,.T.);
#2899=ORIENTED_EDGE('',*,*,#2103,.T.);
#2900=ORIENTED_EDGE('',*,*,#2064,.F.);
#2901=ORIENTED_EDGE('',*,*,#2103,.F.);
#2902=ORIENTED_EDGE('',*,*,#2102,.F.);
#2903=ORIENTED_EDGE('',*,*,#2104,.T.);
#2904=ORIENTED_EDGE('',*,*,#2105,.T.);
#2905=ORIENTED_EDGE('',*,*,#2106,.T.);
#2906=ORIENTED_EDGE('',*,*,#2107,.F.);
#2907=ORIENTED_EDGE('',*,*,#2108,.T.);
#2908=ORIENTED_EDGE('',*,*,#2109,.T.);
#2909=ORIENTED_EDGE('',*,*,#2110,.T.);
#2910=ORIENTED_EDGE('',*,*,#2105,.F.);
#2911=ORIENTED_EDGE('',*,*,#2111,.T.);
#2912=ORIENTED_EDGE('',*,*,#2112,.T.);
#2913=ORIENTED_EDGE('',*,*,#2113,.T.);
#2914=ORIENTED_EDGE('',*,*,#2109,.F.);
#2915=ORIENTED_EDGE('',*,*,#2114,.T.);
#2916=ORIENTED_EDGE('',*,*,#2112,.F.);
#2917=ORIENTED_EDGE('',*,*,#2115,.T.);
#2918=ORIENTED_EDGE('',*,*,#2116,.T.);
#2919=ORIENTED_EDGE('',*,*,#2117,.T.);
#2920=ORIENTED_EDGE('',*,*,#2116,.F.);
#2921=ORIENTED_EDGE('',*,*,#2118,.T.);
#2922=ORIENTED_EDGE('',*,*,#2119,.T.);
#2923=ORIENTED_EDGE('',*,*,#2120,.T.);
#2924=ORIENTED_EDGE('',*,*,#2119,.F.);
#2925=ORIENTED_EDGE('',*,*,#2121,.T.);
#2926=ORIENTED_EDGE('',*,*,#2122,.T.);
#2927=ORIENTED_EDGE('',*,*,#2123,.T.);
#2928=ORIENTED_EDGE('',*,*,#2122,.F.);
#2929=ORIENTED_EDGE('',*,*,#2124,.T.);
#2930=ORIENTED_EDGE('',*,*,#2125,.T.);
#2931=ORIENTED_EDGE('',*,*,#2126,.T.);
#2932=ORIENTED_EDGE('',*,*,#2125,.F.);
#2933=ORIENTED_EDGE('',*,*,#2127,.T.);
#2934=ORIENTED_EDGE('',*,*,#2107,.T.);
#2935=ORIENTED_EDGE('',*,*,#2120,.F.);
#2936=ORIENTED_EDGE('',*,*,#2128,.T.);
#2937=ORIENTED_EDGE('',*,*,#2129,.T.);
#2938=ORIENTED_EDGE('',*,*,#2130,.T.);
#2939=ORIENTED_EDGE('',*,*,#2123,.F.);
#2940=ORIENTED_EDGE('',*,*,#2131,.F.);
#2941=ORIENTED_EDGE('',*,*,#2132,.F.);
#2942=ORIENTED_EDGE('',*,*,#2128,.F.);
#2943=ORIENTED_EDGE('',*,*,#2126,.F.);
#2944=ORIENTED_EDGE('',*,*,#2133,.T.);
#2945=ORIENTED_EDGE('',*,*,#2134,.T.);
#2946=ORIENTED_EDGE('',*,*,#2131,.T.);
#2947=ORIENTED_EDGE('',*,*,#2106,.F.);
#2948=ORIENTED_EDGE('',*,*,#2135,.F.);
#2949=ORIENTED_EDGE('',*,*,#2136,.F.);
#2950=ORIENTED_EDGE('',*,*,#2133,.F.);
#2951=ORIENTED_EDGE('',*,*,#2137,.F.);
#2952=ORIENTED_EDGE('',*,*,#2138,.F.);
#2953=ORIENTED_EDGE('',*,*,#2139,.F.);
#2954=ORIENTED_EDGE('',*,*,#2140,.F.);
#2955=ORIENTED_EDGE('',*,*,#2141,.F.);
#2956=ORIENTED_EDGE('',*,*,#2142,.F.);
#2957=ORIENTED_EDGE('',*,*,#2143,.F.);
#2958=ORIENTED_EDGE('',*,*,#2144,.F.);
#2959=ORIENTED_EDGE('',*,*,#2104,.F.);
#2960=ORIENTED_EDGE('',*,*,#2127,.F.);
#2961=ORIENTED_EDGE('',*,*,#2124,.F.);
#2962=ORIENTED_EDGE('',*,*,#2121,.F.);
#2963=ORIENTED_EDGE('',*,*,#2118,.F.);
#2964=ORIENTED_EDGE('',*,*,#2115,.F.);
#2965=ORIENTED_EDGE('',*,*,#2111,.F.);
#2966=ORIENTED_EDGE('',*,*,#2108,.F.);
#2967=ORIENTED_EDGE('',*,*,#2114,.F.);
#2968=ORIENTED_EDGE('',*,*,#2145,.T.);
#2969=ORIENTED_EDGE('',*,*,#2146,.T.);
#2970=ORIENTED_EDGE('',*,*,#2147,.T.);
#2971=ORIENTED_EDGE('',*,*,#2117,.F.);
#2972=ORIENTED_EDGE('',*,*,#2130,.F.);
#2973=ORIENTED_EDGE('',*,*,#2148,.F.);
#2974=ORIENTED_EDGE('',*,*,#2145,.F.);
#2975=ORIENTED_EDGE('',*,*,#2110,.F.);
#2976=ORIENTED_EDGE('',*,*,#2149,.T.);
#2977=ORIENTED_EDGE('',*,*,#2150,.T.);
#2978=ORIENTED_EDGE('',*,*,#2135,.T.);
#2979=ORIENTED_EDGE('',*,*,#2151,.F.);
#2980=ORIENTED_EDGE('',*,*,#2152,.T.);
#2981=ORIENTED_EDGE('',*,*,#2153,.F.);
#2982=ORIENTED_EDGE('',*,*,#2152,.F.);
#2983=ORIENTED_EDGE('',*,*,#2151,.T.);
#2984=ORIENTED_EDGE('',*,*,#2154,.F.);
#2985=ORIENTED_EDGE('',*,*,#2155,.T.);
#2986=ORIENTED_EDGE('',*,*,#2156,.F.);
#2987=ORIENTED_EDGE('',*,*,#2155,.F.);
#2988=ORIENTED_EDGE('',*,*,#2154,.T.);
#2989=ORIENTED_EDGE('',*,*,#2157,.F.);
#2990=ORIENTED_EDGE('',*,*,#2158,.T.);
#2991=ORIENTED_EDGE('',*,*,#2159,.F.);
#2992=ORIENTED_EDGE('',*,*,#2158,.F.);
#2993=ORIENTED_EDGE('',*,*,#2157,.T.);
#2994=ORIENTED_EDGE('',*,*,#2160,.F.);
#2995=ORIENTED_EDGE('',*,*,#2161,.T.);
#2996=ORIENTED_EDGE('',*,*,#2162,.F.);
#2997=ORIENTED_EDGE('',*,*,#2161,.F.);
#2998=ORIENTED_EDGE('',*,*,#2160,.T.);
#2999=ORIENTED_EDGE('',*,*,#2163,.T.);
#3000=ORIENTED_EDGE('',*,*,#2092,.T.);
#3001=ORIENTED_EDGE('',*,*,#2164,.T.);
#3002=ORIENTED_EDGE('',*,*,#2165,.T.);
#3003=ORIENTED_EDGE('',*,*,#2166,.T.);
#3004=ORIENTED_EDGE('',*,*,#2167,.T.);
#3005=ORIENTED_EDGE('',*,*,#2164,.F.);
#3006=ORIENTED_EDGE('',*,*,#2099,.T.);
#3007=ORIENTED_EDGE('',*,*,#2163,.F.);
#3008=ORIENTED_EDGE('',*,*,#2168,.T.);
#3009=ORIENTED_EDGE('',*,*,#2169,.T.);
#3010=ORIENTED_EDGE('',*,*,#2093,.T.);
#3011=ORIENTED_EDGE('',*,*,#2166,.F.);
#3012=ORIENTED_EDGE('',*,*,#2098,.T.);
#3013=ORIENTED_EDGE('',*,*,#2170,.T.);
#3014=ORIENTED_EDGE('',*,*,#2171,.T.);
#3015=ORIENTED_EDGE('',*,*,#2172,.T.);
#3016=ORIENTED_EDGE('',*,*,#2094,.T.);
#3017=ORIENTED_EDGE('',*,*,#2169,.F.);
#3018=ORIENTED_EDGE('',*,*,#2173,.T.);
#3019=ORIENTED_EDGE('',*,*,#2174,.T.);
#3020=ORIENTED_EDGE('',*,*,#2175,.T.);
#3021=ORIENTED_EDGE('',*,*,#2170,.F.);
#3022=ORIENTED_EDGE('',*,*,#2097,.T.);
#3023=ORIENTED_EDGE('',*,*,#2172,.F.);
#3024=ORIENTED_EDGE('',*,*,#2176,.T.);
#3025=ORIENTED_EDGE('',*,*,#2177,.T.);
#3026=ORIENTED_EDGE('',*,*,#2095,.T.);
#3027=ORIENTED_EDGE('',*,*,#2174,.F.);
#3028=ORIENTED_EDGE('',*,*,#2096,.T.);
#3029=ORIENTED_EDGE('',*,*,#2177,.F.);
#3030=ORIENTED_EDGE('',*,*,#2178,.T.);
#3031=ORIENTED_EDGE('',*,*,#2176,.F.);
#3032=ORIENTED_EDGE('',*,*,#2179,.T.);
#3033=ORIENTED_EDGE('',*,*,#2180,.F.);
#3034=ORIENTED_EDGE('',*,*,#2181,.T.);
#3035=ORIENTED_EDGE('',*,*,#2173,.F.);
#3036=ORIENTED_EDGE('',*,*,#2182,.F.);
#3037=ORIENTED_EDGE('',*,*,#2183,.F.);
#3038=ORIENTED_EDGE('',*,*,#2179,.F.);
#3039=ORIENTED_EDGE('',*,*,#2168,.F.);
#3040=ORIENTED_EDGE('',*,*,#2184,.T.);
#3041=ORIENTED_EDGE('',*,*,#2185,.F.);
#3042=ORIENTED_EDGE('',*,*,#2182,.T.);
#3043=ORIENTED_EDGE('',*,*,#2165,.F.);
#3044=ORIENTED_EDGE('',*,*,#2186,.F.);
#3045=ORIENTED_EDGE('',*,*,#2187,.F.);
#3046=ORIENTED_EDGE('',*,*,#2184,.F.);
#3047=ORIENTED_EDGE('',*,*,#2188,.T.);
#3048=ORIENTED_EDGE('',*,*,#2137,.T.);
#3049=ORIENTED_EDGE('',*,*,#2189,.T.);
#3050=ORIENTED_EDGE('',*,*,#2187,.T.);
#3051=ORIENTED_EDGE('',*,*,#2190,.T.);
#3052=ORIENTED_EDGE('',*,*,#2185,.T.);
#3053=ORIENTED_EDGE('',*,*,#2189,.F.);
#3054=ORIENTED_EDGE('',*,*,#2144,.T.);
#3055=ORIENTED_EDGE('',*,*,#2188,.F.);
#3056=ORIENTED_EDGE('',*,*,#2191,.T.);
#3057=ORIENTED_EDGE('',*,*,#2192,.T.);
#3058=ORIENTED_EDGE('',*,*,#2138,.T.);
#3059=ORIENTED_EDGE('',*,*,#2190,.F.);
#3060=ORIENTED_EDGE('',*,*,#2143,.T.);
#3061=ORIENTED_EDGE('',*,*,#2193,.T.);
#3062=ORIENTED_EDGE('',*,*,#2183,.T.);
#3063=ORIENTED_EDGE('',*,*,#2194,.T.);
#3064=ORIENTED_EDGE('',*,*,#2139,.T.);
#3065=ORIENTED_EDGE('',*,*,#2192,.F.);
#3066=ORIENTED_EDGE('',*,*,#2195,.T.);
#3067=ORIENTED_EDGE('',*,*,#2196,.T.);
#3068=ORIENTED_EDGE('',*,*,#2180,.T.);
#3069=ORIENTED_EDGE('',*,*,#2193,.F.);
#3070=ORIENTED_EDGE('',*,*,#2142,.T.);
#3071=ORIENTED_EDGE('',*,*,#2194,.F.);
#3072=ORIENTED_EDGE('',*,*,#2197,.T.);
#3073=ORIENTED_EDGE('',*,*,#2198,.T.);
#3074=ORIENTED_EDGE('',*,*,#2140,.T.);
#3075=ORIENTED_EDGE('',*,*,#2196,.F.);
#3076=ORIENTED_EDGE('',*,*,#2141,.T.);
#3077=ORIENTED_EDGE('',*,*,#2198,.F.);
#3078=ORIENTED_EDGE('',*,*,#2199,.T.);
#3079=ORIENTED_EDGE('',*,*,#2175,.F.);
#3080=ORIENTED_EDGE('',*,*,#2200,.T.);
#3081=ORIENTED_EDGE('',*,*,#2197,.F.);
#3082=ORIENTED_EDGE('',*,*,#2201,.T.);
#3083=ORIENTED_EDGE('',*,*,#2171,.F.);
#3084=ORIENTED_EDGE('',*,*,#2201,.F.);
#3085=ORIENTED_EDGE('',*,*,#2195,.F.);
#3086=ORIENTED_EDGE('',*,*,#2202,.F.);
#3087=ORIENTED_EDGE('',*,*,#2167,.F.);
#3088=ORIENTED_EDGE('',*,*,#2202,.T.);
#3089=ORIENTED_EDGE('',*,*,#2191,.F.);
#3090=ORIENTED_EDGE('',*,*,#2186,.T.);
#3091=ORIENTED_EDGE('',*,*,#2178,.F.);
#3092=ORIENTED_EDGE('',*,*,#2181,.F.);
#3093=ORIENTED_EDGE('',*,*,#2199,.F.);
#3094=ORIENTED_EDGE('',*,*,#2200,.F.);
#3095=ORIENTED_EDGE('',*,*,#2203,.F.);
#3096=ORIENTED_EDGE('',*,*,#2204,.T.);
#3097=ORIENTED_EDGE('',*,*,#2205,.F.);
#3098=ORIENTED_EDGE('',*,*,#2206,.F.);
#3099=ORIENTED_EDGE('',*,*,#2207,.F.);
#3100=ORIENTED_EDGE('',*,*,#2208,.T.);
#3101=ORIENTED_EDGE('',*,*,#2209,.F.);
#3102=ORIENTED_EDGE('',*,*,#2204,.F.);
#3103=ORIENTED_EDGE('',*,*,#2210,.F.);
#3104=ORIENTED_EDGE('',*,*,#2211,.T.);
#3105=ORIENTED_EDGE('',*,*,#2212,.F.);
#3106=ORIENTED_EDGE('',*,*,#2208,.F.);
#3107=ORIENTED_EDGE('',*,*,#2213,.F.);
#3108=ORIENTED_EDGE('',*,*,#2214,.T.);
#3109=ORIENTED_EDGE('',*,*,#2215,.F.);
#3110=ORIENTED_EDGE('',*,*,#2211,.F.);
#3111=ORIENTED_EDGE('',*,*,#2216,.F.);
#3112=ORIENTED_EDGE('',*,*,#2217,.T.);
#3113=ORIENTED_EDGE('',*,*,#2218,.F.);
#3114=ORIENTED_EDGE('',*,*,#2214,.F.);
#3115=ORIENTED_EDGE('',*,*,#2219,.F.);
#3116=ORIENTED_EDGE('',*,*,#2220,.T.);
#3117=ORIENTED_EDGE('',*,*,#2221,.F.);
#3118=ORIENTED_EDGE('',*,*,#2217,.F.);
#3119=ORIENTED_EDGE('',*,*,#2222,.F.);
#3120=ORIENTED_EDGE('',*,*,#2223,.T.);
#3121=ORIENTED_EDGE('',*,*,#2224,.F.);
#3122=ORIENTED_EDGE('',*,*,#2220,.F.);
#3123=ORIENTED_EDGE('',*,*,#2225,.F.);
#3124=ORIENTED_EDGE('',*,*,#2226,.T.);
#3125=ORIENTED_EDGE('',*,*,#2227,.F.);
#3126=ORIENTED_EDGE('',*,*,#2223,.F.);
#3127=ORIENTED_EDGE('',*,*,#2228,.F.);
#3128=ORIENTED_EDGE('',*,*,#2229,.T.);
#3129=ORIENTED_EDGE('',*,*,#2230,.F.);
#3130=ORIENTED_EDGE('',*,*,#2226,.F.);
#3131=ORIENTED_EDGE('',*,*,#2231,.F.);
#3132=ORIENTED_EDGE('',*,*,#2232,.T.);
#3133=ORIENTED_EDGE('',*,*,#2233,.F.);
#3134=ORIENTED_EDGE('',*,*,#2229,.F.);
#3135=ORIENTED_EDGE('',*,*,#2234,.F.);
#3136=ORIENTED_EDGE('',*,*,#2235,.T.);
#3137=ORIENTED_EDGE('',*,*,#2236,.F.);
#3138=ORIENTED_EDGE('',*,*,#2232,.F.);
#3139=ORIENTED_EDGE('',*,*,#2237,.F.);
#3140=ORIENTED_EDGE('',*,*,#2238,.T.);
#3141=ORIENTED_EDGE('',*,*,#2239,.F.);
#3142=ORIENTED_EDGE('',*,*,#2235,.F.);
#3143=ORIENTED_EDGE('',*,*,#2240,.F.);
#3144=ORIENTED_EDGE('',*,*,#2241,.T.);
#3145=ORIENTED_EDGE('',*,*,#2242,.F.);
#3146=ORIENTED_EDGE('',*,*,#2238,.F.);
#3147=ORIENTED_EDGE('',*,*,#2243,.F.);
#3148=ORIENTED_EDGE('',*,*,#2244,.T.);
#3149=ORIENTED_EDGE('',*,*,#2245,.F.);
#3150=ORIENTED_EDGE('',*,*,#2241,.F.);
#3151=ORIENTED_EDGE('',*,*,#2246,.F.);
#3152=ORIENTED_EDGE('',*,*,#2247,.T.);
#3153=ORIENTED_EDGE('',*,*,#2248,.F.);
#3154=ORIENTED_EDGE('',*,*,#2244,.F.);
#3155=ORIENTED_EDGE('',*,*,#2249,.F.);
#3156=ORIENTED_EDGE('',*,*,#2206,.T.);
#3157=ORIENTED_EDGE('',*,*,#2250,.F.);
#3158=ORIENTED_EDGE('',*,*,#2247,.F.);
#3159=ORIENTED_EDGE('',*,*,#2251,.F.);
#3160=ORIENTED_EDGE('',*,*,#2252,.T.);
#3161=ORIENTED_EDGE('',*,*,#2253,.F.);
#3162=ORIENTED_EDGE('',*,*,#2252,.F.);
#3163=ORIENTED_EDGE('',*,*,#2251,.T.);
#3164=ORIENTED_EDGE('',*,*,#2162,.T.);
#3165=ORIENTED_EDGE('',*,*,#2254,.F.);
#3166=ORIENTED_EDGE('',*,*,#2255,.T.);
#3167=ORIENTED_EDGE('',*,*,#2256,.F.);
#3168=ORIENTED_EDGE('',*,*,#2255,.F.);
#3169=ORIENTED_EDGE('',*,*,#2254,.T.);
#3170=ORIENTED_EDGE('',*,*,#2153,.T.);
#3171=ORIENTED_EDGE('',*,*,#2257,.F.);
#3172=ORIENTED_EDGE('',*,*,#2258,.T.);
#3173=ORIENTED_EDGE('',*,*,#2259,.F.);
#3174=ORIENTED_EDGE('',*,*,#2258,.F.);
#3175=ORIENTED_EDGE('',*,*,#2257,.T.);
#3176=ORIENTED_EDGE('',*,*,#2159,.T.);
#3177=ORIENTED_EDGE('',*,*,#2260,.F.);
#3178=ORIENTED_EDGE('',*,*,#2261,.T.);
#3179=ORIENTED_EDGE('',*,*,#2262,.F.);
#3180=ORIENTED_EDGE('',*,*,#2261,.F.);
#3181=ORIENTED_EDGE('',*,*,#2260,.T.);
#3182=ORIENTED_EDGE('',*,*,#2156,.T.);
#3183=ORIENTED_EDGE('',*,*,#2084,.T.);
#3184=ORIENTED_EDGE('',*,*,#2263,.T.);
#3185=ORIENTED_EDGE('',*,*,#2264,.F.);
#3186=ORIENTED_EDGE('',*,*,#2263,.F.);
#3187=ORIENTED_EDGE('',*,*,#2085,.T.);
#3188=ORIENTED_EDGE('',*,*,#2265,.T.);
#3189=ORIENTED_EDGE('',*,*,#2266,.F.);
#3190=ORIENTED_EDGE('',*,*,#2265,.F.);
#3191=ORIENTED_EDGE('',*,*,#2083,.T.);
#3192=ORIENTED_EDGE('',*,*,#2267,.T.);
#3193=ORIENTED_EDGE('',*,*,#2268,.F.);
#3194=ORIENTED_EDGE('',*,*,#2267,.F.);
#3195=ORIENTED_EDGE('',*,*,#2086,.T.);
#3196=ORIENTED_EDGE('',*,*,#2269,.T.);
#3197=ORIENTED_EDGE('',*,*,#2270,.F.);
#3198=ORIENTED_EDGE('',*,*,#2269,.F.);
#3199=ORIENTED_EDGE('',*,*,#2270,.T.);
#3200=ORIENTED_EDGE('',*,*,#2253,.T.);
#3201=ORIENTED_EDGE('',*,*,#2268,.T.);
#3202=ORIENTED_EDGE('',*,*,#2262,.T.);
#3203=ORIENTED_EDGE('',*,*,#2266,.T.);
#3204=ORIENTED_EDGE('',*,*,#2259,.T.);
#3205=ORIENTED_EDGE('',*,*,#2264,.T.);
#3206=ORIENTED_EDGE('',*,*,#2256,.T.);
#3207=ORIENTED_EDGE('',*,*,#2113,.F.);
#3208=ORIENTED_EDGE('',*,*,#2147,.F.);
#3209=ORIENTED_EDGE('',*,*,#2271,.F.);
#3210=ORIENTED_EDGE('',*,*,#2149,.F.);
#3211=ORIENTED_EDGE('',*,*,#2203,.T.);
#3212=ORIENTED_EDGE('',*,*,#2249,.T.);
#3213=ORIENTED_EDGE('',*,*,#2246,.T.);
#3214=ORIENTED_EDGE('',*,*,#2243,.T.);
#3215=ORIENTED_EDGE('',*,*,#2240,.T.);
#3216=ORIENTED_EDGE('',*,*,#2237,.T.);
#3217=ORIENTED_EDGE('',*,*,#2234,.T.);
#3218=ORIENTED_EDGE('',*,*,#2231,.T.);
#3219=ORIENTED_EDGE('',*,*,#2228,.T.);
#3220=ORIENTED_EDGE('',*,*,#2225,.T.);
#3221=ORIENTED_EDGE('',*,*,#2222,.T.);
#3222=ORIENTED_EDGE('',*,*,#2219,.T.);
#3223=ORIENTED_EDGE('',*,*,#2216,.T.);
#3224=ORIENTED_EDGE('',*,*,#2213,.T.);
#3225=ORIENTED_EDGE('',*,*,#2210,.T.);
#3226=ORIENTED_EDGE('',*,*,#2207,.T.);
#3227=ORIENTED_EDGE('',*,*,#2272,.T.);
#3228=ORIENTED_EDGE('',*,*,#2273,.F.);
#3229=ORIENTED_EDGE('',*,*,#2089,.F.);
#3230=ORIENTED_EDGE('',*,*,#2081,.T.);
#3231=ORIENTED_EDGE('',*,*,#2146,.F.);
#3232=ORIENTED_EDGE('',*,*,#2148,.T.);
#3233=ORIENTED_EDGE('',*,*,#2129,.F.);
#3234=ORIENTED_EDGE('',*,*,#2132,.T.);
#3235=ORIENTED_EDGE('',*,*,#2134,.F.);
#3236=ORIENTED_EDGE('',*,*,#2136,.T.);
#3237=ORIENTED_EDGE('',*,*,#2150,.F.);
#3238=ORIENTED_EDGE('',*,*,#2271,.T.);
#3239=ORIENTED_EDGE('',*,*,#2274,.T.);
#3240=ORIENTED_EDGE('',*,*,#2275,.T.);
#3241=ORIENTED_EDGE('',*,*,#2276,.T.);
#3242=ORIENTED_EDGE('',*,*,#2277,.T.);
#3243=ORIENTED_EDGE('',*,*,#2278,.T.);
#3244=ORIENTED_EDGE('',*,*,#2279,.T.);
#3245=ORIENTED_EDGE('',*,*,#2274,.F.);
#3246=ORIENTED_EDGE('',*,*,#2280,.F.);
#3247=ORIENTED_EDGE('',*,*,#2281,.T.);
#3248=ORIENTED_EDGE('',*,*,#2282,.T.);
#3249=ORIENTED_EDGE('',*,*,#2275,.F.);
#3250=ORIENTED_EDGE('',*,*,#2279,.F.);
#3251=ORIENTED_EDGE('',*,*,#2283,.T.);
#3252=ORIENTED_EDGE('',*,*,#2280,.T.);
#3253=ORIENTED_EDGE('',*,*,#2277,.F.);
#3254=ORIENTED_EDGE('',*,*,#2284,.F.);
#3255=ORIENTED_EDGE('',*,*,#2285,.T.);
#3256=ORIENTED_EDGE('',*,*,#2284,.T.);
#3257=ORIENTED_EDGE('',*,*,#2276,.F.);
#3258=ORIENTED_EDGE('',*,*,#2282,.F.);
#3259=ORIENTED_EDGE('',*,*,#2278,.F.);
#3260=ORIENTED_EDGE('',*,*,#2283,.F.);
#3261=ORIENTED_EDGE('',*,*,#2285,.F.);
#3262=ORIENTED_EDGE('',*,*,#2281,.F.);
#3263=ORIENTED_EDGE('',*,*,#2286,.T.);
#3264=ORIENTED_EDGE('',*,*,#2090,.T.);
#3265=ORIENTED_EDGE('',*,*,#2273,.T.);
#3266=ORIENTED_EDGE('',*,*,#2287,.T.);
#3267=ORIENTED_EDGE('',*,*,#2288,.T.);
#3268=ORIENTED_EDGE('',*,*,#2287,.F.);
#3269=ORIENTED_EDGE('',*,*,#2272,.F.);
#3270=ORIENTED_EDGE('',*,*,#2080,.T.);
#3271=ORIENTED_EDGE('',*,*,#2091,.T.);
#3272=ORIENTED_EDGE('',*,*,#2286,.F.);
#3273=ORIENTED_EDGE('',*,*,#2288,.F.);
#3274=ORIENTED_EDGE('',*,*,#2079,.T.);
#3275=ORIENTED_EDGE('',*,*,#2205,.T.);
#3276=ORIENTED_EDGE('',*,*,#2209,.T.);
#3277=ORIENTED_EDGE('',*,*,#2212,.T.);
#3278=ORIENTED_EDGE('',*,*,#2215,.T.);
#3279=ORIENTED_EDGE('',*,*,#2218,.T.);
#3280=ORIENTED_EDGE('',*,*,#2221,.T.);
#3281=ORIENTED_EDGE('',*,*,#2224,.T.);
#3282=ORIENTED_EDGE('',*,*,#2227,.T.);
#3283=ORIENTED_EDGE('',*,*,#2230,.T.);
#3284=ORIENTED_EDGE('',*,*,#2233,.T.);
#3285=ORIENTED_EDGE('',*,*,#2236,.T.);
#3286=ORIENTED_EDGE('',*,*,#2239,.T.);
#3287=ORIENTED_EDGE('',*,*,#2242,.T.);
#3288=ORIENTED_EDGE('',*,*,#2245,.T.);
#3289=ORIENTED_EDGE('',*,*,#2248,.T.);
#3290=ORIENTED_EDGE('',*,*,#2250,.T.);
#3291=PLANE('',#3642);
#3292=PLANE('',#3643);
#3293=PLANE('',#3644);
#3294=PLANE('',#3645);
#3295=PLANE('',#3646);
#3296=PLANE('',#3647);
#3297=PLANE('',#3651);
#3298=PLANE('',#3652);
#3299=PLANE('',#3660);
#3300=PLANE('',#3661);
#3301=PLANE('',#3668);
#3302=PLANE('',#3673);
#3303=PLANE('',#3674);
#3304=PLANE('',#3675);
#3305=PLANE('',#3679);
#3306=PLANE('',#3680);
#3307=PLANE('',#3686);
#3308=PLANE('',#3687);
#3309=PLANE('',#3690);
#3310=PLANE('',#3691);
#3311=PLANE('',#3692);
#3312=PLANE('',#3693);
#3313=PLANE('',#3694);
#3314=PLANE('',#3695);
#3315=PLANE('',#3696);
#3316=PLANE('',#3697);
#3317=PLANE('',#3698);
#3318=PLANE('',#3699);
#3319=PLANE('',#3700);
#3320=PLANE('',#3701);
#3321=PLANE('',#3702);
#3322=PLANE('',#3703);
#3323=PLANE('',#3707);
#3324=PLANE('',#3708);
#3325=PLANE('',#3712);
#3326=PLANE('',#3715);
#3327=PLANE('',#3716);
#3328=PLANE('',#3717);
#3329=PLANE('',#3718);
#3330=PLANE('',#3719);
#3331=PLANE('',#3720);
#3332=PLANE('',#3721);
#3333=PLANE('',#3722);
#3334=PLANE('',#3723);
#3335=PLANE('',#3724);
#3336=PLANE('',#3727);
#3337=PLANE('',#3728);
#3338=PLANE('',#3729);
#3339=PLANE('',#3730);
#3340=PLANE('',#3731);
#3341=PLANE('',#3732);
#3342=PLANE('',#3733);
#3343=PLANE('',#3734);
#3344=PLANE('',#3736);
#3345=PLANE('',#3770);
#3346=PLANE('',#3771);
#3347=PLANE('',#3773);
#3348=PLANE('',#3774);
#3349=PLANE('',#3775);
#3350=PLANE('',#3776);
#3351=PLANE('',#3777);
#3352=PLANE('',#3778);
#3353=PLANE('',#3779);
#3354=PLANE('',#3780);
#3355=PLANE('',#3781);
#3356=PLANE('',#3782);
#3357=PLANE('',#3783);
#3358=PLANE('',#3784);
#3359=PLANE('',#3785);
#3360=PLANE('',#3786);
#3361=PLANE('',#3788);
#3362=PLANE('',#3797);
#3363=PLANE('',#3806);
#3364=PLANE('',#3815);
#3365=PLANE('',#3824);
#3366=PLANE('',#3826);
#3367=PLANE('',#3833);
#3368=PLANE('',#3840);
#3369=PLANE('',#3843);
#3370=PLANE('',#3844);
#3371=PLANE('',#3845);
#3372=PLANE('',#3846);
#3373=PLANE('',#3847);
#3374=PLANE('',#3848);
#3375=PLANE('',#3849);
#3376=PLANE('',#3850);
#3377=PLANE('',#3851);
#3378=PLANE('',#3852);
#3379=PLANE('',#3853);
#3380=PLANE('',#3854);
#3381=PLANE('',#3855);
#3382=PLANE('',#3860);
#3383=PLANE('',#3861);
#3384=PLANE('',#3862);
#3385=PLANE('',#3863);
#3386=PLANE('',#3867);
#3387=PLANE('',#3871);
#3388=PLANE('',#3875);
#3389=PLANE('',#3879);
#3390=PLANE('',#3880);
#3391=PLANE('',#3885);
#3392=PLANE('',#3886);
#3393=PLANE('',#3891);
#3394=PLANE('',#3894);
#3395=PLANE('',#3897);
#3396=PLANE('',#3898);
#3397=PLANE('',#3902);
#3398=PLANE('',#3903);
#3399=PLANE('',#3907);
#3400=PLANE('',#3909);
#3401=PLANE('',#3911);
#3402=PLANE('',#3912);
#3403=PLANE('',#3913);
#3404=PLANE('',#3914);
#3405=PLANE('',#3918);
#3406=PLANE('',#3919);
#3407=PLANE('',#3920);
#3408=PLANE('',#3921);
#3409=PLANE('',#3922);
#3410=PLANE('',#3926);
#3411=PLANE('',#3927);
#3412=PLANE('',#3928);
#3413=PLANE('',#3929);
#3414=PLANE('',#3930);
#3415=PLANE('',#3937);
#3416=PLANE('',#3941);
#3417=PLANE('',#3945);
#3418=PLANE('',#3949);
#3419=PLANE('',#3958);
#3420=PLANE('',#3959);
#3421=PLANE('',#3960);
#3422=PLANE('',#3961);
#3423=PLANE('',#3962);
#3424=PLANE('',#3963);
#3425=PLANE('',#3964);
#3426=PLANE('',#3965);
#3427=PLANE('',#3966);
#3428=PLANE('',#3967);
#3429=PLANE('',#3968);
#3430=PLANE('',#3969);
#3431=PLANE('',#3970);
#3432=PLANE('',#3971);
#3433=ADVANCED_FACE('',(#260),#3291,.F.);
#3434=ADVANCED_FACE('',(#261),#3292,.F.);
#3435=ADVANCED_FACE('',(#262),#3293,.F.);
#3436=ADVANCED_FACE('',(#263),#3294,.T.);
#3437=ADVANCED_FACE('',(#264),#3295,.F.);
#3438=ADVANCED_FACE('',(#265),#3296,.T.);
#3439=ADVANCED_FACE('',(#266),#223,.F.);
#3440=ADVANCED_FACE('',(#267),#3297,.T.);
#3441=ADVANCED_FACE('',(#268,#53,#54),#3298,.T.);
#3442=ADVANCED_FACE('',(#269),#224,.T.);
#3443=ADVANCED_FACE('',(#270),#3299,.T.);
#3444=ADVANCED_FACE('',(#271,#55,#56),#3300,.F.);
#3445=ADVANCED_FACE('',(#272),#225,.T.);
#3446=ADVANCED_FACE('',(#273),#3301,.T.);
#3447=ADVANCED_FACE('',(#274),#226,.T.);
#3448=ADVANCED_FACE('',(#275),#227,.F.);
#3449=ADVANCED_FACE('',(#276),#3302,.F.);
#3450=ADVANCED_FACE('',(#277),#3303,.T.);
#3451=ADVANCED_FACE('',(#278),#3304,.F.);
#3452=ADVANCED_FACE('',(#279),#228,.F.);
#3453=ADVANCED_FACE('',(#280,#57),#3305,.T.);
#3454=ADVANCED_FACE('',(#281),#3306,.F.);
#3455=ADVANCED_FACE('',(#282),#229,.F.);
#3456=ADVANCED_FACE('',(#283),#230,.T.);
#3457=ADVANCED_FACE('',(#284,#58),#3307,.T.);
#3458=ADVANCED_FACE('',(#285),#3308,.F.);
#3459=ADVANCED_FACE('',(#286),#231,.F.);
#3460=ADVANCED_FACE('',(#287),#3309,.F.);
#3461=ADVANCED_FACE('',(#288),#3310,.F.);
#3462=ADVANCED_FACE('',(#289),#3311,.T.);
#3463=ADVANCED_FACE('',(#290),#3312,.T.);
#3464=ADVANCED_FACE('',(#291),#3313,.F.);
#3465=ADVANCED_FACE('',(#292),#3314,.T.);
#3466=ADVANCED_FACE('',(#293,#59),#3315,.F.);
#3467=ADVANCED_FACE('',(#294),#3316,.T.);
#3468=ADVANCED_FACE('',(#295),#3317,.T.);
#3469=ADVANCED_FACE('',(#296,#60),#3318,.F.);
#3470=ADVANCED_FACE('',(#297),#3319,.T.);
#3471=ADVANCED_FACE('',(#298),#3320,.T.);
#3472=ADVANCED_FACE('',(#299),#3321,.T.);
#3473=ADVANCED_FACE('',(#300),#3322,.T.);
#3474=ADVANCED_FACE('',(#301),#232,.T.);
#3475=ADVANCED_FACE('',(#302),#3323,.T.);
#3476=ADVANCED_FACE('',(#303),#3324,.T.);
#3477=ADVANCED_FACE('',(#304),#233,.T.);
#3478=ADVANCED_FACE('',(#305,#61),#3325,.T.);
#3479=ADVANCED_FACE('',(#306),#3326,.F.);
#3480=ADVANCED_FACE('',(#307),#3327,.F.);
#3481=ADVANCED_FACE('',(#308),#3328,.F.);
#3482=ADVANCED_FACE('',(#309),#3329,.F.);
#3483=ADVANCED_FACE('',(#310),#3330,.F.);
#3484=ADVANCED_FACE('',(#311),#3331,.T.);
#3485=ADVANCED_FACE('',(#312),#3332,.F.);
#3486=ADVANCED_FACE('',(#313),#3333,.F.);
#3487=ADVANCED_FACE('',(#314),#3334,.F.);
#3488=ADVANCED_FACE('',(#315,#62),#3335,.T.);
#3489=ADVANCED_FACE('',(#316,#63,#64,#65),#3336,.F.);
#3490=ADVANCED_FACE('',(#317),#3337,.T.);
#3491=ADVANCED_FACE('',(#318),#3338,.T.);
#3492=ADVANCED_FACE('',(#319),#3339,.F.);
#3493=ADVANCED_FACE('',(#320),#3340,.F.);
#3494=ADVANCED_FACE('',(#321),#3341,.T.);
#3495=ADVANCED_FACE('',(#322),#3342,.F.);
#3496=ADVANCED_FACE('',(#323),#3343,.F.);
#3497=ADVANCED_FACE('',(#324),#234,.F.);
#3498=ADVANCED_FACE('',(#325),#3344,.F.);
#3499=ADVANCED_FACE('',(#326),#28,.F.);
#3500=ADVANCED_FACE('',(#327),#29,.F.);
#3501=ADVANCED_FACE('',(#328),#235,.F.);
#3502=ADVANCED_FACE('',(#329),#30,.F.);
#3503=ADVANCED_FACE('',(#330),#31,.F.);
#3504=ADVANCED_FACE('',(#331),#236,.F.);
#3505=ADVANCED_FACE('',(#332),#32,.F.);
#3506=ADVANCED_FACE('',(#333),#33,.F.);
#3507=ADVANCED_FACE('',(#334),#237,.F.);
#3508=ADVANCED_FACE('',(#335),#238,.F.);
#3509=ADVANCED_FACE('',(#336),#239,.F.);
#3510=ADVANCED_FACE('',(#337),#3345,.T.);
#3511=ADVANCED_FACE('',(#338),#3346,.F.);
#3512=ADVANCED_FACE('',(#339),#240,.F.);
#3513=ADVANCED_FACE('',(#340),#3347,.T.);
#3514=ADVANCED_FACE('',(#341),#3348,.T.);
#3515=ADVANCED_FACE('',(#342),#3349,.T.);
#3516=ADVANCED_FACE('',(#343,#66,#67,#68,#69,#70,#71),#3350,.T.);
#3517=ADVANCED_FACE('',(#344,#72,#73,#74),#3351,.F.);
#3518=ADVANCED_FACE('',(#345),#3352,.T.);
#3519=ADVANCED_FACE('',(#346),#3353,.T.);
#3520=ADVANCED_FACE('',(#347),#3354,.T.);
#3521=ADVANCED_FACE('',(#348),#3355,.T.);
#3522=ADVANCED_FACE('',(#349),#3356,.T.);
#3523=ADVANCED_FACE('',(#350),#3357,.T.);
#3524=ADVANCED_FACE('',(#351),#3358,.T.);
#3525=ADVANCED_FACE('',(#352),#3359,.F.);
#3526=ADVANCED_FACE('',(#353),#3360,.T.);
#3527=ADVANCED_FACE('',(#354),#3361,.T.);
#3528=ADVANCED_FACE('',(#355),#17,.T.);
#3529=ADVANCED_FACE('',(#356),#34,.T.);
#3530=ADVANCED_FACE('',(#357,#75),#3362,.F.);
#3531=ADVANCED_FACE('',(#358),#18,.T.);
#3532=ADVANCED_FACE('',(#359),#35,.T.);
#3533=ADVANCED_FACE('',(#360,#76),#3363,.F.);
#3534=ADVANCED_FACE('',(#361),#19,.T.);
#3535=ADVANCED_FACE('',(#362),#36,.T.);
#3536=ADVANCED_FACE('',(#363,#77),#3364,.F.);
#3537=ADVANCED_FACE('',(#364),#20,.T.);
#3538=ADVANCED_FACE('',(#365),#37,.T.);
#3539=ADVANCED_FACE('',(#366,#78),#3365,.F.);
#3540=ADVANCED_FACE('',(#367,#79,#80,#81,#82,#83,#84),#3366,.T.);
#3541=ADVANCED_FACE('',(#368),#241,.F.);
#3542=ADVANCED_FACE('',(#369),#242,.F.);
#3543=ADVANCED_FACE('',(#370,#85,#86,#87),#3367,.T.);
#3544=ADVANCED_FACE('',(#371),#243,.F.);
#3545=ADVANCED_FACE('',(#372),#3368,.F.);
#3546=ADVANCED_FACE('',(#373),#244,.F.);
#3547=ADVANCED_FACE('',(#374),#3369,.F.);
#3548=ADVANCED_FACE('',(#375),#3370,.T.);
#3549=ADVANCED_FACE('',(#376),#3371,.T.);
#3550=ADVANCED_FACE('',(#377),#3372,.T.);
#3551=ADVANCED_FACE('',(#378),#3373,.T.);
#3552=ADVANCED_FACE('',(#379),#3374,.T.);
#3553=ADVANCED_FACE('',(#380),#3375,.T.);
#3554=ADVANCED_FACE('',(#381),#3376,.T.);
#3555=ADVANCED_FACE('',(#382),#3377,.T.);
#3556=ADVANCED_FACE('',(#383),#3378,.T.);
#3557=ADVANCED_FACE('',(#384),#3379,.T.);
#3558=ADVANCED_FACE('',(#385),#3380,.T.);
#3559=ADVANCED_FACE('',(#386,#88),#3381,.T.);
#3560=ADVANCED_FACE('',(#387),#3382,.T.);
#3561=ADVANCED_FACE('',(#388),#3383,.T.);
#3562=ADVANCED_FACE('',(#389),#3384,.T.);
#3563=ADVANCED_FACE('',(#390),#3385,.T.);
#3564=ADVANCED_FACE('',(#391),#245,.T.);
#3565=ADVANCED_FACE('',(#392),#3386,.T.);
#3566=ADVANCED_FACE('',(#393),#246,.T.);
#3567=ADVANCED_FACE('',(#394),#3387,.T.);
#3568=ADVANCED_FACE('',(#395),#247,.T.);
#3569=ADVANCED_FACE('',(#396),#3388,.T.);
#3570=ADVANCED_FACE('',(#397),#248,.T.);
#3571=ADVANCED_FACE('',(#398),#3389,.T.);
#3572=ADVANCED_FACE('',(#399),#3390,.T.);
#3573=ADVANCED_FACE('',(#400),#38,.F.);
#3574=ADVANCED_FACE('',(#401),#39,.F.);
#3575=ADVANCED_FACE('',(#402),#3391,.T.);
#3576=ADVANCED_FACE('',(#403),#3392,.T.);
#3577=ADVANCED_FACE('',(#404),#40,.F.);
#3578=ADVANCED_FACE('',(#405),#41,.F.);
#3579=ADVANCED_FACE('',(#406),#3393,.T.);
#3580=ADVANCED_FACE('',(#407),#249,.F.);
#3581=ADVANCED_FACE('',(#408),#3394,.F.);
#3582=ADVANCED_FACE('',(#409),#250,.F.);
#3583=ADVANCED_FACE('',(#410),#3395,.F.);
#3584=ADVANCED_FACE('',(#411),#3396,.T.);
#3585=ADVANCED_FACE('',(#412),#42,.F.);
#3586=ADVANCED_FACE('',(#413),#43,.F.);
#3587=ADVANCED_FACE('',(#414),#3397,.T.);
#3588=ADVANCED_FACE('',(#415),#3398,.T.);
#3589=ADVANCED_FACE('',(#416),#44,.F.);
#3590=ADVANCED_FACE('',(#417),#45,.F.);
#3591=ADVANCED_FACE('',(#418),#3399,.T.);
#3592=ADVANCED_FACE('',(#419),#251,.F.);
#3593=ADVANCED_FACE('',(#420),#3400,.F.);
#3594=ADVANCED_FACE('',(#421),#252,.F.);
#3595=ADVANCED_FACE('',(#422),#3401,.F.);
#3596=ADVANCED_FACE('',(#423),#3402,.F.);
#3597=ADVANCED_FACE('',(#424),#3403,.F.);
#3598=ADVANCED_FACE('',(#425),#3404,.F.);
#3599=ADVANCED_FACE('',(#426),#253,.F.);
#3600=ADVANCED_FACE('',(#427),#3405,.F.);
#3601=ADVANCED_FACE('',(#428),#3406,.F.);
#3602=ADVANCED_FACE('',(#429),#3407,.F.);
#3603=ADVANCED_FACE('',(#430),#3408,.F.);
#3604=ADVANCED_FACE('',(#431),#3409,.F.);
#3605=ADVANCED_FACE('',(#432),#254,.F.);
#3606=ADVANCED_FACE('',(#433),#3410,.F.);
#3607=ADVANCED_FACE('',(#434),#3411,.F.);
#3608=ADVANCED_FACE('',(#435),#3412,.F.);
#3609=ADVANCED_FACE('',(#436),#3413,.F.);
#3610=ADVANCED_FACE('',(#437),#3414,.F.);
#3611=ADVANCED_FACE('',(#438),#255,.F.);
#3612=ADVANCED_FACE('',(#439),#256,.T.);
#3613=ADVANCED_FACE('',(#440,#89),#3415,.T.);
#3614=ADVANCED_FACE('',(#441),#257,.T.);
#3615=ADVANCED_FACE('',(#442,#90),#3416,.T.);
#3616=ADVANCED_FACE('',(#443),#258,.T.);
#3617=ADVANCED_FACE('',(#444,#91),#3417,.T.);
#3618=ADVANCED_FACE('',(#445),#259,.T.);
#3619=ADVANCED_FACE('',(#446,#92),#3418,.T.);
#3620=ADVANCED_FACE('',(#447),#46,.T.);
#3621=ADVANCED_FACE('',(#448),#47,.T.);
#3622=ADVANCED_FACE('',(#449),#48,.T.);
#3623=ADVANCED_FACE('',(#450),#49,.T.);
#3624=ADVANCED_FACE('',(#451,#93),#3419,.T.);
#3625=ADVANCED_FACE('',(#452,#94),#3420,.T.);
#3626=ADVANCED_FACE('',(#453,#95),#3421,.T.);
#3627=ADVANCED_FACE('',(#454,#96),#3422,.T.);
#3628=ADVANCED_FACE('',(#455,#97),#3423,.T.);
#3629=ADVANCED_FACE('',(#456),#3424,.T.);
#3630=ADVANCED_FACE('',(#457,#98),#3425,.T.);
#3631=ADVANCED_FACE('',(#458),#3426,.T.);
#3632=ADVANCED_FACE('',(#459),#3427,.T.);
#3633=ADVANCED_FACE('',(#460),#3428,.T.);
#3634=ADVANCED_FACE('',(#461),#3429,.T.);
#3635=ADVANCED_FACE('',(#462,#99),#3430,.T.);
#3636=ADVANCED_FACE('',(#463),#3431,.T.);
#3637=ADVANCED_FACE('',(#464,#100),#3432,.T.);
#3638=CLOSED_SHELL('',(#3433,#3434,#3435,#3436,#3437,#3438,#3439,#3440,
#3441,#3442,#3443,#3444,#3445,#3446,#3447,#3448,#3449,#3450,#3451,#3452,
#3453,#3454,#3455,#3456,#3457,#3458,#3459,#3460,#3461,#3462,#3463,#3464,
#3465,#3466,#3467,#3468,#3469,#3470,#3471,#3472,#3473,#3474,#3475,#3476,
#3477,#3478,#3479,#3480,#3481,#3482,#3483,#3484,#3485,#3486,#3487,#3488,
#3489,#3490,#3491,#3492,#3493,#3494,#3495,#3496,#3497,#3498,#3499,#3500,
#3501,#3502,#3503,#3504,#3505,#3506,#3507,#3508,#3509,#3510,#3511,#3512,
#3513,#3514,#3515,#3516,#3517,#3518,#3519,#3520,#3521,#3522,#3523,#3524,
#3525));
#3639=CLOSED_SHELL('',(#3526,#3527,#3528,#3529,#3530,#3531,#3532,#3533,
#3534,#3535,#3536,#3537,#3538,#3539,#3540,#3541,#3542,#3543,#3544,#3545,
#3546,#3547,#3548,#3549,#3550,#3551,#3552,#3553,#3554,#3555,#3556,#3557,
#3558,#3559,#3560,#3561,#3562,#3563,#3564,#3565,#3566,#3567,#3568,#3569,
#3570,#3571,#3572,#3573,#3574,#3575,#3576,#3577,#3578,#3579,#3580,#3581,
#3582,#3583,#3584,#3585,#3586,#3587,#3588,#3589,#3590,#3591,#3592,#3593,
#3594,#3595,#3596,#3597,#3598,#3599,#3600,#3601,#3602,#3603,#3604,#3605,
#3606,#3607,#3608,#3609,#3610,#3611,#3612,#3613,#3614,#3615,#3616,#3617,
#3618,#3619,#3620,#3621,#3622,#3623,#3624,#3625,#3626,#3627,#3628,#3629,
#3630,#3631,#3632,#3633,#3634,#3635,#3636,#3637));
#3640=AXIS2_PLACEMENT_3D('',#5012,#3973,#3974);
#3641=AXIS2_PLACEMENT_3D('',#5013,#3975,#3976);
#3642=AXIS2_PLACEMENT_3D('',#5014,#3977,#3978);
#3643=AXIS2_PLACEMENT_3D('',#5023,#3983,#3984);
#3644=AXIS2_PLACEMENT_3D('',#5031,#3989,#3990);
#3645=AXIS2_PLACEMENT_3D('',#5039,#3995,#3996);
#3646=AXIS2_PLACEMENT_3D('',#5049,#4002,#4003);
#3647=AXIS2_PLACEMENT_3D('',#5053,#4006,#4007);
#3648=AXIS2_PLACEMENT_3D('',#5057,#4010,#4011);
#3649=AXIS2_PLACEMENT_3D('',#5059,#4012,#4013);
#3650=AXIS2_PLACEMENT_3D('',#5062,#4015,#4016);
#3651=AXIS2_PLACEMENT_3D('',#5063,#4017,#4018);
#3652=AXIS2_PLACEMENT_3D('',#5072,#4023,#4024);
#3653=AXIS2_PLACEMENT_3D('',#5078,#4027,#4028);
#3654=AXIS2_PLACEMENT_3D('',#5081,#4030,#4031);
#3655=AXIS2_PLACEMENT_3D('',#5083,#4032,#4033);
#3656=AXIS2_PLACEMENT_3D('',#5085,#4034,#4035);
#3657=AXIS2_PLACEMENT_3D('',#5086,#4036,#4037);
#3658=AXIS2_PLACEMENT_3D('',#5088,#4038,#4039);
#3659=AXIS2_PLACEMENT_3D('',#5091,#4041,#4042);
#3660=AXIS2_PLACEMENT_3D('',#5092,#4043,#4044);
#3661=AXIS2_PLACEMENT_3D('',#5101,#4049,#4050);
#3662=AXIS2_PLACEMENT_3D('',#5129,#4064,#4065);
#3663=AXIS2_PLACEMENT_3D('',#5138,#4070,#4071);
#3664=AXIS2_PLACEMENT_3D('',#5151,#4078,#4079);
#3665=AXIS2_PLACEMENT_3D('',#5152,#4080,#4081);
#3666=AXIS2_PLACEMENT_3D('',#5154,#4082,#4083);
#3667=AXIS2_PLACEMENT_3D('',#5156,#4084,#4085);
#3668=AXIS2_PLACEMENT_3D('',#5158,#4087,#4088);
#3669=AXIS2_PLACEMENT_3D('',#5161,#4091,#4092);
#3670=AXIS2_PLACEMENT_3D('',#5164,#4094,#4095);
#3671=AXIS2_PLACEMENT_3D('',#5165,#4096,#4097);
#3672=AXIS2_PLACEMENT_3D('',#5168,#4099,#4100);
#3673=AXIS2_PLACEMENT_3D('',#5169,#4101,#4102);
#3674=AXIS2_PLACEMENT_3D('',#5171,#4104,#4105);
#3675=AXIS2_PLACEMENT_3D('',#5173,#4107,#4108);
#3676=AXIS2_PLACEMENT_3D('',#5174,#4109,#4110);
#3677=AXIS2_PLACEMENT_3D('',#5176,#4111,#4112);
#3678=AXIS2_PLACEMENT_3D('',#5179,#4114,#4115);
#3679=AXIS2_PLACEMENT_3D('',#5180,#4116,#4117);
#3680=AXIS2_PLACEMENT_3D('',#5186,#4121,#4122);
#3681=AXIS2_PLACEMENT_3D('',#5188,#4124,#4125);
#3682=AXIS2_PLACEMENT_3D('',#5190,#4126,#4127);
#3683=AXIS2_PLACEMENT_3D('',#5193,#4129,#4130);
#3684=AXIS2_PLACEMENT_3D('',#5194,#4131,#4132);
#3685=AXIS2_PLACEMENT_3D('',#5196,#4133,#4134);
#3686=AXIS2_PLACEMENT_3D('',#5198,#4136,#4137);
#3687=AXIS2_PLACEMENT_3D('',#5199,#4138,#4139);
#3688=AXIS2_PLACEMENT_3D('',#5200,#4140,#4141);
#3689=AXIS2_PLACEMENT_3D('',#5203,#4143,#4144);
#3690=AXIS2_PLACEMENT_3D('',#5204,#4145,#4146);
#3691=AXIS2_PLACEMENT_3D('',#5205,#4147,#4148);
#3692=AXIS2_PLACEMENT_3D('',#5206,#4149,#4150);
#3693=AXIS2_PLACEMENT_3D('',#5212,#4154,#4155);
#3694=AXIS2_PLACEMENT_3D('',#5235,#4168,#4169);
#3695=AXIS2_PLACEMENT_3D('',#5236,#4170,#4171);
#3696=AXIS2_PLACEMENT_3D('',#5245,#4176,#4177);
#3697=AXIS2_PLACEMENT_3D('',#5267,#4189,#4190);
#3698=AXIS2_PLACEMENT_3D('',#5272,#4194,#4195);
#3699=AXIS2_PLACEMENT_3D('',#5278,#4199,#4200);
#3700=AXIS2_PLACEMENT_3D('',#5295,#4210,#4211);
#3701=AXIS2_PLACEMENT_3D('',#5297,#4213,#4214);
#3702=AXIS2_PLACEMENT_3D('',#5299,#4216,#4217);
#3703=AXIS2_PLACEMENT_3D('',#5301,#4219,#4220);
#3704=AXIS2_PLACEMENT_3D('',#5310,#4225,#4226);
#3705=AXIS2_PLACEMENT_3D('',#5312,#4227,#4228);
#3706=AXIS2_PLACEMENT_3D('',#5314,#4229,#4230);
#3707=AXIS2_PLACEMENT_3D('',#5316,#4232,#4233);
#3708=AXIS2_PLACEMENT_3D('',#5319,#4236,#4237);
#3709=AXIS2_PLACEMENT_3D('',#5325,#4241,#4242);
#3710=AXIS2_PLACEMENT_3D('',#5326,#4243,#4244);
#3711=AXIS2_PLACEMENT_3D('',#5327,#4245,#4246);
#3712=AXIS2_PLACEMENT_3D('',#5328,#4247,#4248);
#3713=AXIS2_PLACEMENT_3D('',#5331,#4249,#4250);
#3714=AXIS2_PLACEMENT_3D('',#5335,#4252,#4253);
#3715=AXIS2_PLACEMENT_3D('',#5337,#4255,#4256);
#3716=AXIS2_PLACEMENT_3D('',#5338,#4257,#4258);
#3717=AXIS2_PLACEMENT_3D('',#5344,#4262,#4263);
#3718=AXIS2_PLACEMENT_3D('',#5353,#4268,#4269);
#3719=AXIS2_PLACEMENT_3D('',#5359,#4273,#4274);
#3720=AXIS2_PLACEMENT_3D('',#5365,#4278,#4279);
#3721=AXIS2_PLACEMENT_3D('',#5366,#4280,#4281);
#3722=AXIS2_PLACEMENT_3D('',#5370,#4284,#4285);
#3723=AXIS2_PLACEMENT_3D('',#5374,#4288,#4289);
#3724=AXIS2_PLACEMENT_3D('',#5376,#4291,#4292);
#3725=AXIS2_PLACEMENT_3D('',#5382,#4295,#4296);
#3726=AXIS2_PLACEMENT_3D('',#5385,#4298,#4299);
#3727=AXIS2_PLACEMENT_3D('',#5386,#4300,#4301);
#3728=AXIS2_PLACEMENT_3D('',#5404,#4313,#4314);
#3729=AXIS2_PLACEMENT_3D('',#5407,#4317,#4318);
#3730=AXIS2_PLACEMENT_3D('',#5409,#4320,#4321);
#3731=AXIS2_PLACEMENT_3D('',#5415,#4325,#4326);
#3732=AXIS2_PLACEMENT_3D('',#5416,#4327,#4328);
#3733=AXIS2_PLACEMENT_3D('',#5424,#4333,#4334);
#3734=AXIS2_PLACEMENT_3D('',#5427,#4337,#4338);
#3735=AXIS2_PLACEMENT_3D('',#5429,#4340,#4341);
#3736=AXIS2_PLACEMENT_3D('',#5432,#4344,#4345);
#3737=AXIS2_PLACEMENT_3D('',#5434,#4347,#4348);
#3738=AXIS2_PLACEMENT_3D('',#5438,#4350,#4351);
#3739=AXIS2_PLACEMENT_3D('',#5454,#4352,#4353);
#3740=AXIS2_PLACEMENT_3D('',#5455,#4354,#4355);
#3741=AXIS2_PLACEMENT_3D('',#5457,#4356,#4357);
#3742=AXIS2_PLACEMENT_3D('',#5460,#4359,#4360);
#3743=AXIS2_PLACEMENT_3D('',#5461,#4361,#4362);
#3744=AXIS2_PLACEMENT_3D('',#5462,#4363,#4364);
#3745=AXIS2_PLACEMENT_3D('',#5464,#4365,#4366);
#3746=AXIS2_PLACEMENT_3D('',#5466,#4368,#4369);
#3747=AXIS2_PLACEMENT_3D('',#5468,#4370,#4371);
#3748=AXIS2_PLACEMENT_3D('',#5472,#4373,#4374);
#3749=AXIS2_PLACEMENT_3D('',#5488,#4375,#4376);
#3750=AXIS2_PLACEMENT_3D('',#5489,#4377,#4378);
#3751=AXIS2_PLACEMENT_3D('',#5491,#4379,#4380);
#3752=AXIS2_PLACEMENT_3D('',#5494,#4382,#4383);
#3753=AXIS2_PLACEMENT_3D('',#5495,#4384,#4385);
#3754=AXIS2_PLACEMENT_3D('',#5496,#4386,#4387);
#3755=AXIS2_PLACEMENT_3D('',#5498,#4388,#4389);
#3756=AXIS2_PLACEMENT_3D('',#5500,#4391,#4392);
#3757=AXIS2_PLACEMENT_3D('',#5502,#4393,#4394);
#3758=AXIS2_PLACEMENT_3D('',#5506,#4396,#4397);
#3759=AXIS2_PLACEMENT_3D('',#5522,#4398,#4399);
#3760=AXIS2_PLACEMENT_3D('',#5523,#4400,#4401);
#3761=AXIS2_PLACEMENT_3D('',#5525,#4402,#4403);
#3762=AXIS2_PLACEMENT_3D('',#5528,#4405,#4406);
#3763=AXIS2_PLACEMENT_3D('',#5529,#4407,#4408);
#3764=AXIS2_PLACEMENT_3D('',#5530,#4409,#4410);
#3765=AXIS2_PLACEMENT_3D('',#5532,#4411,#4412);
#3766=AXIS2_PLACEMENT_3D('',#5534,#4414,#4415);
#3767=AXIS2_PLACEMENT_3D('',#5536,#4416,#4417);
#3768=AXIS2_PLACEMENT_3D('',#5538,#4419,#4420);
#3769=AXIS2_PLACEMENT_3D('',#5540,#4421,#4422);
#3770=AXIS2_PLACEMENT_3D('',#5542,#4424,#4425);
#3771=AXIS2_PLACEMENT_3D('',#5546,#4428,#4429);
#3772=AXIS2_PLACEMENT_3D('',#5548,#4431,#4432);
#3773=AXIS2_PLACEMENT_3D('',#5549,#4433,#4434);
#3774=AXIS2_PLACEMENT_3D('',#5551,#4436,#4437);
#3775=AXIS2_PLACEMENT_3D('',#5552,#4438,#4439);
#3776=AXIS2_PLACEMENT_3D('',#5553,#4440,#4441);
#3777=AXIS2_PLACEMENT_3D('',#5559,#4445,#4446);
#3778=AXIS2_PLACEMENT_3D('',#5562,#4449,#4450);
#3779=AXIS2_PLACEMENT_3D('',#5566,#4453,#4454);
#3780=AXIS2_PLACEMENT_3D('',#5567,#4455,#4456);
#3781=AXIS2_PLACEMENT_3D('',#5568,#4457,#4458);
#3782=AXIS2_PLACEMENT_3D('',#5570,#4460,#4461);
#3783=AXIS2_PLACEMENT_3D('',#5572,#4463,#4464);
#3784=AXIS2_PLACEMENT_3D('',#5576,#4467,#4468);
#3785=AXIS2_PLACEMENT_3D('',#5578,#4470,#4471);
#3786=AXIS2_PLACEMENT_3D('',#5579,#4472,#4473);
#3787=AXIS2_PLACEMENT_3D('',#5581,#4474,#4475);
#3788=AXIS2_PLACEMENT_3D('',#5582,#4476,#4477);
#3789=AXIS2_PLACEMENT_3D('',#5584,#4478,#4479);
#3790=AXIS2_PLACEMENT_3D('',#5585,#4480,#4481);
#3791=AXIS2_PLACEMENT_3D('',#5587,#4482,#4483);
#3792=AXIS2_PLACEMENT_3D('',#5589,#4484,#4485);
#3793=AXIS2_PLACEMENT_3D('',#5591,#4486,#4487);
#3794=AXIS2_PLACEMENT_3D('',#5592,#4488,#4489);
#3795=AXIS2_PLACEMENT_3D('',#5593,#4490,#4491);
#3796=AXIS2_PLACEMENT_3D('',#5595,#4492,#4493);
#3797=AXIS2_PLACEMENT_3D('',#5597,#4495,#4496);
#3798=AXIS2_PLACEMENT_3D('',#5599,#4497,#4498);
#3799=AXIS2_PLACEMENT_3D('',#5600,#4499,#4500);
#3800=AXIS2_PLACEMENT_3D('',#5602,#4501,#4502);
#3801=AXIS2_PLACEMENT_3D('',#5604,#4503,#4504);
#3802=AXIS2_PLACEMENT_3D('',#5606,#4505,#4506);
#3803=AXIS2_PLACEMENT_3D('',#5607,#4507,#4508);
#3804=AXIS2_PLACEMENT_3D('',#5608,#4509,#4510);
#3805=AXIS2_PLACEMENT_3D('',#5610,#4511,#4512);
#3806=AXIS2_PLACEMENT_3D('',#5612,#4514,#4515);
#3807=AXIS2_PLACEMENT_3D('',#5614,#4516,#4517);
#3808=AXIS2_PLACEMENT_3D('',#5615,#4518,#4519);
#3809=AXIS2_PLACEMENT_3D('',#5617,#4520,#4521);
#3810=AXIS2_PLACEMENT_3D('',#5619,#4522,#4523);
#3811=AXIS2_PLACEMENT_3D('',#5621,#4524,#4525);
#3812=AXIS2_PLACEMENT_3D('',#5622,#4526,#4527);
#3813=AXIS2_PLACEMENT_3D('',#5623,#4528,#4529);
#3814=AXIS2_PLACEMENT_3D('',#5625,#4530,#4531);
#3815=AXIS2_PLACEMENT_3D('',#5627,#4533,#4534);
#3816=AXIS2_PLACEMENT_3D('',#5629,#4535,#4536);
#3817=AXIS2_PLACEMENT_3D('',#5630,#4537,#4538);
#3818=AXIS2_PLACEMENT_3D('',#5632,#4539,#4540);
#3819=AXIS2_PLACEMENT_3D('',#5634,#4541,#4542);
#3820=AXIS2_PLACEMENT_3D('',#5636,#4543,#4544);
#3821=AXIS2_PLACEMENT_3D('',#5637,#4545,#4546);
#3822=AXIS2_PLACEMENT_3D('',#5638,#4547,#4548);
#3823=AXIS2_PLACEMENT_3D('',#5640,#4549,#4550);
#3824=AXIS2_PLACEMENT_3D('',#5642,#4552,#4553);
#3825=AXIS2_PLACEMENT_3D('',#5644,#4554,#4555);
#3826=AXIS2_PLACEMENT_3D('',#5645,#4556,#4557);
#3827=AXIS2_PLACEMENT_3D('',#5655,#4562,#4563);
#3828=AXIS2_PLACEMENT_3D('',#5657,#4564,#4565);
#3829=AXIS2_PLACEMENT_3D('',#5659,#4566,#4567);
#3830=AXIS2_PLACEMENT_3D('',#5661,#4568,#4569);
#3831=AXIS2_PLACEMENT_3D('',#5662,#4570,#4571);
#3832=AXIS2_PLACEMENT_3D('',#5664,#4573,#4574);
#3833=AXIS2_PLACEMENT_3D('',#5666,#4576,#4577);
#3834=AXIS2_PLACEMENT_3D('',#5676,#4582,#4583);
#3835=AXIS2_PLACEMENT_3D('',#5680,#4585,#4586);
#3836=AXIS2_PLACEMENT_3D('',#5684,#4588,#4589);
#3837=AXIS2_PLACEMENT_3D('',#5687,#4591,#4592);
#3838=AXIS2_PLACEMENT_3D('',#5688,#4593,#4594);
#3839=AXIS2_PLACEMENT_3D('',#5690,#4595,#4596);
#3840=AXIS2_PLACEMENT_3D('',#5692,#4598,#4599);
#3841=AXIS2_PLACEMENT_3D('',#5693,#4600,#4601);
#3842=AXIS2_PLACEMENT_3D('',#5695,#4602,#4603);
#3843=AXIS2_PLACEMENT_3D('',#5697,#4605,#4606);
#3844=AXIS2_PLACEMENT_3D('',#5698,#4607,#4608);
#3845=AXIS2_PLACEMENT_3D('',#5707,#4613,#4614);
#3846=AXIS2_PLACEMENT_3D('',#5713,#4618,#4619);
#3847=AXIS2_PLACEMENT_3D('',#5719,#4623,#4624);
#3848=AXIS2_PLACEMENT_3D('',#5725,#4628,#4629);
#3849=AXIS2_PLACEMENT_3D('',#5731,#4633,#4634);
#3850=AXIS2_PLACEMENT_3D('',#5737,#4638,#4639);
#3851=AXIS2_PLACEMENT_3D('',#5743,#4643,#4644);
#3852=AXIS2_PLACEMENT_3D('',#5746,#4647,#4648);
#3853=AXIS2_PLACEMENT_3D('',#5752,#4652,#4653);
#3854=AXIS2_PLACEMENT_3D('',#5756,#4656,#4657);
#3855=AXIS2_PLACEMENT_3D('',#5760,#4660,#4661);
#3856=AXIS2_PLACEMENT_3D('',#5768,#4665,#4666);
#3857=AXIS2_PLACEMENT_3D('',#5772,#4668,#4669);
#3858=AXIS2_PLACEMENT_3D('',#5776,#4671,#4672);
#3859=AXIS2_PLACEMENT_3D('',#5779,#4674,#4675);
#3860=AXIS2_PLACEMENT_3D('',#5780,#4676,#4677);
#3861=AXIS2_PLACEMENT_3D('',#5781,#4678,#4679);
#3862=AXIS2_PLACEMENT_3D('',#5787,#4683,#4684);
#3863=AXIS2_PLACEMENT_3D('',#5789,#4686,#4687);
#3864=AXIS2_PLACEMENT_3D('',#5793,#4690,#4691);
#3865=AXIS2_PLACEMENT_3D('',#5795,#4692,#4693);
#3866=AXIS2_PLACEMENT_3D('',#5798,#4695,#4696);
#3867=AXIS2_PLACEMENT_3D('',#5799,#4697,#4698);
#3868=AXIS2_PLACEMENT_3D('',#5800,#4699,#4700);
#3869=AXIS2_PLACEMENT_3D('',#5802,#4701,#4702);
#3870=AXIS2_PLACEMENT_3D('',#5805,#4704,#4705);
#3871=AXIS2_PLACEMENT_3D('',#5806,#4706,#4707);
#3872=AXIS2_PLACEMENT_3D('',#5807,#4708,#4709);
#3873=AXIS2_PLACEMENT_3D('',#5809,#4710,#4711);
#3874=AXIS2_PLACEMENT_3D('',#5812,#4713,#4714);
#3875=AXIS2_PLACEMENT_3D('',#5813,#4715,#4716);
#3876=AXIS2_PLACEMENT_3D('',#5814,#4717,#4718);
#3877=AXIS2_PLACEMENT_3D('',#5816,#4719,#4720);
#3878=AXIS2_PLACEMENT_3D('',#5819,#4722,#4723);
#3879=AXIS2_PLACEMENT_3D('',#5820,#4724,#4725);
#3880=AXIS2_PLACEMENT_3D('',#5821,#4726,#4727);
#3881=AXIS2_PLACEMENT_3D('',#5827,#4731,#4732);
#3882=AXIS2_PLACEMENT_3D('',#5830,#4734,#4735);
#3883=AXIS2_PLACEMENT_3D('',#5831,#4736,#4737);
#3884=AXIS2_PLACEMENT_3D('',#5833,#4738,#4739);
#3885=AXIS2_PLACEMENT_3D('',#5835,#4741,#4742);
#3886=AXIS2_PLACEMENT_3D('',#5839,#4745,#4746);
#3887=AXIS2_PLACEMENT_3D('',#5843,#4749,#4750);
#3888=AXIS2_PLACEMENT_3D('',#5846,#4752,#4753);
#3889=AXIS2_PLACEMENT_3D('',#5847,#4754,#4755);
#3890=AXIS2_PLACEMENT_3D('',#5849,#4756,#4757);
#3891=AXIS2_PLACEMENT_3D('',#5851,#4759,#4760);
#3892=AXIS2_PLACEMENT_3D('',#5853,#4762,#4763);
#3893=AXIS2_PLACEMENT_3D('',#5857,#4765,#4766);
#3894=AXIS2_PLACEMENT_3D('',#5859,#4768,#4769);
#3895=AXIS2_PLACEMENT_3D('',#5863,#4772,#4773);
#3896=AXIS2_PLACEMENT_3D('',#5866,#4775,#4776);
#3897=AXIS2_PLACEMENT_3D('',#5867,#4777,#4778);
#3898=AXIS2_PLACEMENT_3D('',#5871,#4781,#4782);
#3899=AXIS2_PLACEMENT_3D('',#5874,#4785,#4786);
#3900=AXIS2_PLACEMENT_3D('',#5876,#4788,#4789);
#3901=AXIS2_PLACEMENT_3D('',#5878,#4790,#4791);
#3902=AXIS2_PLACEMENT_3D('',#5880,#4793,#4794);
#3903=AXIS2_PLACEMENT_3D('',#5882,#4796,#4797);
#3904=AXIS2_PLACEMENT_3D('',#5886,#4800,#4801);
#3905=AXIS2_PLACEMENT_3D('',#5888,#4803,#4804);
#3906=AXIS2_PLACEMENT_3D('',#5890,#4805,#4806);
#3907=AXIS2_PLACEMENT_3D('',#5892,#4808,#4809);
#3908=AXIS2_PLACEMENT_3D('',#5894,#4811,#4812);
#3909=AXIS2_PLACEMENT_3D('',#5897,#4815,#4816);
#3910=AXIS2_PLACEMENT_3D('',#5899,#4818,#4819);
#3911=AXIS2_PLACEMENT_3D('',#5900,#4820,#4821);
#3912=AXIS2_PLACEMENT_3D('',#5901,#4822,#4823);
#3913=AXIS2_PLACEMENT_3D('',#5910,#4828,#4829);
#3914=AXIS2_PLACEMENT_3D('',#5916,#4833,#4834);
#3915=AXIS2_PLACEMENT_3D('',#5922,#4838,#4839);
#3916=AXIS2_PLACEMENT_3D('',#5924,#4840,#4841);
#3917=AXIS2_PLACEMENT_3D('',#5927,#4843,#4844);
#3918=AXIS2_PLACEMENT_3D('',#5928,#4845,#4846);
#3919=AXIS2_PLACEMENT_3D('',#5934,#4850,#4851);
#3920=AXIS2_PLACEMENT_3D('',#5940,#4855,#4856);
#3921=AXIS2_PLACEMENT_3D('',#5946,#4860,#4861);
#3922=AXIS2_PLACEMENT_3D('',#5952,#4865,#4866);
#3923=AXIS2_PLACEMENT_3D('',#5958,#4870,#4871);
#3924=AXIS2_PLACEMENT_3D('',#5960,#4872,#4873);
#3925=AXIS2_PLACEMENT_3D('',#5963,#4875,#4876);
#3926=AXIS2_PLACEMENT_3D('',#5964,#4877,#4878);
#3927=AXIS2_PLACEMENT_3D('',#5970,#4882,#4883);
#3928=AXIS2_PLACEMENT_3D('',#5976,#4887,#4888);
#3929=AXIS2_PLACEMENT_3D('',#5982,#4892,#4893);
#3930=AXIS2_PLACEMENT_3D('',#5988,#4897,#4898);
#3931=AXIS2_PLACEMENT_3D('',#5994,#4902,#4903);
#3932=AXIS2_PLACEMENT_3D('',#5995,#4904,#4905);
#3933=AXIS2_PLACEMENT_3D('',#5996,#4906,#4907);
#3934=AXIS2_PLACEMENT_3D('',#5997,#4908,#4909);
#3935=AXIS2_PLACEMENT_3D('',#5999,#4910,#4911);
#3936=AXIS2_PLACEMENT_3D('',#6002,#4913,#4914);
#3937=AXIS2_PLACEMENT_3D('',#6003,#4915,#4916);
#3938=AXIS2_PLACEMENT_3D('',#6004,#4917,#4918);
#3939=AXIS2_PLACEMENT_3D('',#6006,#4919,#4920);
#3940=AXIS2_PLACEMENT_3D('',#6009,#4922,#4923);
#3941=AXIS2_PLACEMENT_3D('',#6010,#4924,#4925);
#3942=AXIS2_PLACEMENT_3D('',#6011,#4926,#4927);
#3943=AXIS2_PLACEMENT_3D('',#6013,#4928,#4929);
#3944=AXIS2_PLACEMENT_3D('',#6016,#4931,#4932);
#3945=AXIS2_PLACEMENT_3D('',#6017,#4933,#4934);
#3946=AXIS2_PLACEMENT_3D('',#6018,#4935,#4936);
#3947=AXIS2_PLACEMENT_3D('',#6020,#4937,#4938);
#3948=AXIS2_PLACEMENT_3D('',#6023,#4940,#4941);
#3949=AXIS2_PLACEMENT_3D('',#6024,#4942,#4943);
#3950=AXIS2_PLACEMENT_3D('',#6025,#4944,#4945);
#3951=AXIS2_PLACEMENT_3D('',#6028,#4947,#4948);
#3952=AXIS2_PLACEMENT_3D('',#6029,#4949,#4950);
#3953=AXIS2_PLACEMENT_3D('',#6032,#4952,#4953);
#3954=AXIS2_PLACEMENT_3D('',#6033,#4954,#4955);
#3955=AXIS2_PLACEMENT_3D('',#6036,#4957,#4958);
#3956=AXIS2_PLACEMENT_3D('',#6037,#4959,#4960);
#3957=AXIS2_PLACEMENT_3D('',#6040,#4962,#4963);
#3958=AXIS2_PLACEMENT_3D('',#6041,#4964,#4965);
#3959=AXIS2_PLACEMENT_3D('',#6042,#4966,#4967);
#3960=AXIS2_PLACEMENT_3D('',#6043,#4968,#4969);
#3961=AXIS2_PLACEMENT_3D('',#6044,#4970,#4971);
#3962=AXIS2_PLACEMENT_3D('',#6045,#4972,#4973);
#3963=AXIS2_PLACEMENT_3D('',#6047,#4975,#4976);
#3964=AXIS2_PLACEMENT_3D('',#6051,#4979,#4980);
#3965=AXIS2_PLACEMENT_3D('',#6060,#4985,#4986);
#3966=AXIS2_PLACEMENT_3D('',#6066,#4990,#4991);
#3967=AXIS2_PLACEMENT_3D('',#6070,#4994,#4995);
#3968=AXIS2_PLACEMENT_3D('',#6074,#4998,#4999);
#3969=AXIS2_PLACEMENT_3D('',#6076,#5001,#5002);
#3970=AXIS2_PLACEMENT_3D('',#6080,#5005,#5006);
#3971=AXIS2_PLACEMENT_3D('',#6082,#5008,#5009);
#3972=AXIS2_PLACEMENT_3D('',#6083,#5010,#5011);
#3973=DIRECTION('axis',(0.,0.,1.));
#3974=DIRECTION('refdir',(1.,0.,0.));
#3975=DIRECTION('axis',(0.,0.,1.));
#3976=DIRECTION('refdir',(1.,0.,0.));
#3977=DIRECTION('center_axis',(-1.,0.,0.));
#3978=DIRECTION('ref_axis',(0.,0.,1.));
#3979=DIRECTION('',(0.,0.,-1.));
#3980=DIRECTION('',(0.,1.,0.));
#3981=DIRECTION('',(0.,0.,-1.));
#3982=DIRECTION('',(0.,1.,0.));
#3983=DIRECTION('center_axis',(0.,0.,-1.));
#3984=DIRECTION('ref_axis',(-1.,0.,0.));
#3985=DIRECTION('',(0.707106781186548,-0.707106781186548,0.));
#3986=DIRECTION('',(1.,0.,0.));
#3987=DIRECTION('',(0.707106781186548,-0.707106781186548,0.));
#3988=DIRECTION('',(0.,-1.,0.));
#3989=DIRECTION('center_axis',(0.,0.,1.));
#3990=DIRECTION('ref_axis',(1.,0.,0.));
#3991=DIRECTION('',(-0.707106781186548,0.707106781186548,0.));
#3992=DIRECTION('',(0.,1.,0.));
#3993=DIRECTION('',(-0.707106781186548,0.707106781186548,0.));
#3994=DIRECTION('',(-1.,0.,0.));
#3995=DIRECTION('center_axis',(0.707106781186548,0.707106781186548,0.));
#3996=DIRECTION('ref_axis',(0.,0.,-1.));
#3997=DIRECTION('',(0.,0.,1.));
#3998=DIRECTION('',(-0.707106781186548,0.707106781186548,0.));
#3999=DIRECTION('',(0.,0.,-1.));
#4000=DIRECTION('',(-0.680156598528734,0.680156598528734,0.273448355189138));
#4001=DIRECTION('',(0.,0.,1.));
#4002=DIRECTION('center_axis',(-1.,0.,0.));
#4003=DIRECTION('ref_axis',(0.,1.,0.));
#4004=DIRECTION('',(0.,0.,1.));
#4005=DIRECTION('',(0.,1.,0.));
#4006=DIRECTION('center_axis',(0.707106781186548,0.707106781186548,0.));
#4007=DIRECTION('ref_axis',(0.,0.,-1.));
#4008=DIRECTION('',(0.,0.,-1.));
#4009=DIRECTION('',(-0.707106781186547,0.707106781186547,0.));
#4010=DIRECTION('center_axis',(0.,1.,0.));
#4011=DIRECTION('ref_axis',(1.,0.,0.));
#4012=DIRECTION('center_axis',(0.,1.,0.));
#4013=DIRECTION('ref_axis',(1.,0.,0.));
#4014=DIRECTION('',(0.,-1.,0.));
#4015=DIRECTION('center_axis',(0.,-1.,0.));
#4016=DIRECTION('ref_axis',(1.,0.,0.));
#4017=DIRECTION('center_axis',(1.,0.,0.));
#4018=DIRECTION('ref_axis',(0.,0.,-1.));
#4019=DIRECTION('',(0.,-1.,0.));
#4020=DIRECTION('',(0.,0.,-1.));
#4021=DIRECTION('',(0.,-1.,0.));
#4022=DIRECTION('',(0.,0.,-1.));
#4023=DIRECTION('center_axis',(0.,-1.,0.));
#4024=DIRECTION('ref_axis',(0.,0.,-1.));
#4025=DIRECTION('',(1.,0.,0.));
#4026=DIRECTION('',(0.,0.,1.));
#4027=DIRECTION('center_axis',(0.,-1.,0.));
#4028=DIRECTION('ref_axis',(1.,0.,0.));
#4029=DIRECTION('',(1.,0.,0.));
#4030=DIRECTION('center_axis',(0.,-1.,0.));
#4031=DIRECTION('ref_axis',(1.,0.,0.));
#4032=DIRECTION('center_axis',(0.,1.,0.));
#4033=DIRECTION('ref_axis',(1.,0.,0.));
#4034=DIRECTION('center_axis',(0.,1.,0.));
#4035=DIRECTION('ref_axis',(1.,0.,0.));
#4036=DIRECTION('center_axis',(0.,-1.,0.));
#4037=DIRECTION('ref_axis',(0.652064301417996,0.,-0.758163667565428));
#4038=DIRECTION('center_axis',(0.,0.707106781186548,0.707106781186547));
#4039=DIRECTION('ref_axis',(0.,-0.707106781186547,0.707106781186548));
#4040=DIRECTION('',(0.,-1.,0.));
#4041=DIRECTION('center_axis',(0.,1.,0.));
#4042=DIRECTION('ref_axis',(1.,0.,0.));
#4043=DIRECTION('center_axis',(-1.,0.,0.));
#4044=DIRECTION('ref_axis',(0.,0.,1.));
#4045=DIRECTION('',(0.,-1.,0.));
#4046=DIRECTION('',(0.,0.,1.));
#4047=DIRECTION('',(0.,-1.,0.));
#4048=DIRECTION('',(0.,0.,1.));
#4049=DIRECTION('center_axis',(0.,1.,0.));
#4050=DIRECTION('ref_axis',(-1.,0.,0.));
#4051=DIRECTION('',(0.,0.,1.));
#4052=DIRECTION('',(1.,0.,0.));
#4053=DIRECTION('',(0.,0.,-1.));
#4054=DIRECTION('',(-1.,0.,0.));
#4055=DIRECTION('',(0.,0.,-1.));
#4056=DIRECTION('',(1.,0.,0.));
#4057=DIRECTION('',(0.,0.,-1.));
#4058=DIRECTION('',(1.,0.,0.));
#4059=DIRECTION('',(0.,0.,1.));
#4060=DIRECTION('',(-1.,0.,0.));
#4061=DIRECTION('',(0.,0.,-1.));
#4062=DIRECTION('',(1.,0.,0.));
#4063=DIRECTION('',(0.,0.,1.));
#4064=DIRECTION('center_axis',(0.,1.,0.));
#4065=DIRECTION('ref_axis',(1.,0.,0.));
#4066=DIRECTION('',(0.,0.,1.));
#4067=DIRECTION('',(1.,0.,0.));
#4068=DIRECTION('',(0.,0.,1.));
#4069=DIRECTION('',(-1.,0.,0.));
#4070=DIRECTION('center_axis',(0.,1.,0.));
#4071=DIRECTION('ref_axis',(1.,0.,0.));
#4072=DIRECTION('',(0.,0.,1.));
#4073=DIRECTION('',(-1.,0.,0.));
#4074=DIRECTION('',(0.,0.,-1.));
#4075=DIRECTION('',(-1.,0.,0.));
#4076=DIRECTION('',(0.,0.,-1.));
#4077=DIRECTION('',(1.,0.,0.));
#4078=DIRECTION('center_axis',(0.,1.,0.));
#4079=DIRECTION('ref_axis',(1.,0.,0.));
#4080=DIRECTION('center_axis',(0.,-1.,0.));
#4081=DIRECTION('ref_axis',(-0.626195309859013,0.,0.779666232378044));
#4082=DIRECTION('center_axis',(0.,-1.,0.));
#4083=DIRECTION('ref_axis',(1.,0.,0.));
#4084=DIRECTION('center_axis',(0.,0.707106781186548,-0.707106781186548));
#4085=DIRECTION('ref_axis',(0.,0.707106781186547,0.707106781186547));
#4086=DIRECTION('',(0.,-1.,0.));
#4087=DIRECTION('center_axis',(-1.,0.,0.));
#4088=DIRECTION('ref_axis',(0.,0.,1.));
#4089=DIRECTION('',(0.,1.,0.));
#4090=DIRECTION('',(0.,1.,0.));
#4091=DIRECTION('center_axis',(0.,-1.,0.));
#4092=DIRECTION('ref_axis',(-0.652064301417998,0.,-0.758163667565427));
#4093=DIRECTION('',(0.,1.,0.));
#4094=DIRECTION('center_axis',(0.,0.707106781186548,0.707106781186547));
#4095=DIRECTION('ref_axis',(0.,-0.707106781186547,0.707106781186548));
#4096=DIRECTION('center_axis',(0.,-1.,0.));
#4097=DIRECTION('ref_axis',(1.,0.,0.));
#4098=DIRECTION('',(0.,1.,0.));
#4099=DIRECTION('center_axis',(0.,-1.,0.));
#4100=DIRECTION('ref_axis',(1.,0.,0.));
#4101=DIRECTION('center_axis',(-1.,0.,0.));
#4102=DIRECTION('ref_axis',(0.,0.,1.));
#4103=DIRECTION('',(0.,-0.707106781186547,0.707106781186548));
#4104=DIRECTION('center_axis',(0.,-0.707106781186548,-0.707106781186547));
#4105=DIRECTION('ref_axis',(-1.,0.,0.));
#4106=DIRECTION('',(0.,0.707106781186547,-0.707106781186548));
#4107=DIRECTION('center_axis',(0.,1.,0.));
#4108=DIRECTION('ref_axis',(-1.,0.,0.));
#4109=DIRECTION('center_axis',(0.,-1.,0.));
#4110=DIRECTION('ref_axis',(1.,0.,0.));
#4111=DIRECTION('center_axis',(0.,1.,0.));
#4112=DIRECTION('ref_axis',(1.,0.,0.));
#4113=DIRECTION('',(0.,1.,0.));
#4114=DIRECTION('center_axis',(0.,-1.,0.));
#4115=DIRECTION('ref_axis',(1.,0.,0.));
#4116=DIRECTION('center_axis',(0.,-1.,0.));
#4117=DIRECTION('ref_axis',(0.,0.,1.));
#4118=DIRECTION('',(1.,0.,0.));
#4119=DIRECTION('',(0.,0.,1.));
#4120=DIRECTION('',(-1.,0.,0.));
#4121=DIRECTION('center_axis',(1.,0.,0.));
#4122=DIRECTION('ref_axis',(0.,0.,-1.));
#4123=DIRECTION('',(0.,-0.707106781186548,-0.707106781186548));
#4124=DIRECTION('center_axis',(0.,-1.,0.));
#4125=DIRECTION('ref_axis',(1.,0.,0.));
#4126=DIRECTION('center_axis',(0.,1.,0.));
#4127=DIRECTION('ref_axis',(1.,0.,0.));
#4128=DIRECTION('',(0.,1.,0.));
#4129=DIRECTION('center_axis',(0.,-1.,0.));
#4130=DIRECTION('ref_axis',(1.,0.,0.));
#4131=DIRECTION('center_axis',(0.,-1.,0.));
#4132=DIRECTION('ref_axis',(1.,0.,0.));
#4133=DIRECTION('center_axis',(0.,-1.,0.));
#4134=DIRECTION('ref_axis',(1.,0.,0.));
#4135=DIRECTION('',(0.,1.,0.));
#4136=DIRECTION('center_axis',(0.,-1.,0.));
#4137=DIRECTION('ref_axis',(1.,0.,0.));
#4138=DIRECTION('center_axis',(0.,1.,0.));
#4139=DIRECTION('ref_axis',(-1.,0.,0.));
#4140=DIRECTION('center_axis',(0.,-1.,0.));
#4141=DIRECTION('ref_axis',(1.,0.,0.));
#4142=DIRECTION('',(0.,1.,0.));
#4143=DIRECTION('center_axis',(0.,-1.,0.));
#4144=DIRECTION('ref_axis',(1.,0.,0.));
#4145=DIRECTION('center_axis',(1.,0.,0.));
#4146=DIRECTION('ref_axis',(0.,0.,-1.));
#4147=DIRECTION('center_axis',(0.,1.,0.));
#4148=DIRECTION('ref_axis',(-1.,0.,0.));
#4149=DIRECTION('center_axis',(0.707106781186548,0.707106781186548,0.));
#4150=DIRECTION('ref_axis',(0.,0.,-1.));
#4151=DIRECTION('',(0.,0.,1.));
#4152=DIRECTION('',(-0.680156598528734,0.680156598528734,0.273448355189138));
#4153=DIRECTION('',(0.,0.,-1.));
#4154=DIRECTION('center_axis',(5.40797742794535E-16,0.37301967274122,-0.927823433498008));
#4155=DIRECTION('ref_axis',(-2.16861250243422E-16,0.927823433498008,0.37301967274122));
#4156=DIRECTION('',(0.,-0.927823433498008,-0.37301967274122));
#4157=DIRECTION('',(1.,0.,0.));
#4158=DIRECTION('',(0.,0.927823433498008,0.37301967274122));
#4159=DIRECTION('',(-1.,0.,-5.82867087928207E-16));
#4160=DIRECTION('',(0.36949829031518,0.862162677402087,0.346621596483865));
#4161=DIRECTION('',(-1.,0.,-5.82867087928207E-16));
#4162=DIRECTION('',(0.,-0.927823433498008,-0.37301967274122));
#4163=DIRECTION('',(1.,0.,5.82867087928207E-16));
#4164=DIRECTION('',(0.,0.927823433498008,0.37301967274122));
#4165=DIRECTION('',(-1.,0.,-5.82867087928207E-16));
#4166=DIRECTION('',(0.369498290315181,-0.862162677402087,-0.346621596483865));
#4167=DIRECTION('',(-1.,0.,-5.82867087928207E-16));
#4168=DIRECTION('center_axis',(-1.,0.,0.));
#4169=DIRECTION('ref_axis',(0.,1.,0.));
#4170=DIRECTION('center_axis',(0.707106781186548,0.,-0.707106781186548));
#4171=DIRECTION('ref_axis',(-0.707106781186548,0.,-0.707106781186548));
#4172=DIRECTION('',(0.707106781186548,0.,0.707106781186548));
#4173=DIRECTION('',(0.,-1.,0.));
#4174=DIRECTION('',(-0.707106781186548,0.,-0.707106781186548));
#4175=DIRECTION('',(0.,1.,0.));
#4176=DIRECTION('center_axis',(0.,1.,0.));
#4177=DIRECTION('ref_axis',(0.,0.,1.));
#4178=DIRECTION('',(0.,0.,-1.));
#4179=DIRECTION('',(0.707106781186548,0.,-0.707106781186548));
#4180=DIRECTION('',(1.,0.,0.));
#4181=DIRECTION('',(0.707106781186549,0.,0.707106781186546));
#4182=DIRECTION('',(0.,0.,1.));
#4183=DIRECTION('',(-0.707106781186549,0.,0.707106781186546));
#4184=DIRECTION('',(-1.,0.,0.));
#4185=DIRECTION('',(1.,0.,7.2072514054573E-17));
#4186=DIRECTION('',(0.,0.,-1.));
#4187=DIRECTION('',(-1.,0.,-7.2072514054573E-17));
#4188=DIRECTION('',(0.,0.,1.));
#4189=DIRECTION('center_axis',(1.,0.,0.));
#4190=DIRECTION('ref_axis',(0.,0.,-1.));
#4191=DIRECTION('',(0.,0.,1.));
#4192=DIRECTION('',(0.,0.,1.));
#4193=DIRECTION('',(0.,1.,0.));
#4194=DIRECTION('center_axis',(-0.707106781186546,0.,-0.707106781186549));
#4195=DIRECTION('ref_axis',(-0.707106781186549,0.,0.707106781186546));
#4196=DIRECTION('',(0.707106781186549,0.,-0.707106781186546));
#4197=DIRECTION('',(0.,-1.,0.));
#4198=DIRECTION('',(0.,1.,0.));
#4199=DIRECTION('center_axis',(0.,-1.,0.));
#4200=DIRECTION('ref_axis',(-1.,0.,0.));
#4201=DIRECTION('',(0.,0.,1.));
#4202=DIRECTION('',(-0.707106781186549,0.,-0.707106781186546));
#4203=DIRECTION('',(1.,0.,0.));
#4204=DIRECTION('',(-0.707106781186548,0.,0.707106781186548));
#4205=DIRECTION('',(-1.,0.,0.));
#4206=DIRECTION('',(0.,0.,-1.));
#4207=DIRECTION('',(-1.,0.,0.));
#4208=DIRECTION('',(0.,0.,1.));
#4209=DIRECTION('',(1.,0.,0.));
#4210=DIRECTION('center_axis',(-1.,0.,0.));
#4211=DIRECTION('ref_axis',(0.,1.,0.));
#4212=DIRECTION('',(0.,-1.,0.));
#4213=DIRECTION('center_axis',(-0.707106781186546,0.,0.707106781186549));
#4214=DIRECTION('ref_axis',(0.707106781186549,0.,0.707106781186546));
#4215=DIRECTION('',(0.,1.,0.));
#4216=DIRECTION('center_axis',(0.707106781186548,0.,0.707106781186548));
#4217=DIRECTION('ref_axis',(0.707106781186548,0.,-0.707106781186548));
#4218=DIRECTION('',(0.,-1.,0.));
#4219=DIRECTION('center_axis',(-3.84454373099092E-13,-1.,0.));
#4220=DIRECTION('ref_axis',(1.,-3.84454373099092E-13,0.));
#4221=DIRECTION('',(-1.,3.84454373099092E-13,0.));
#4222=DIRECTION('',(0.,0.,1.));
#4223=DIRECTION('',(1.,-3.84454373099092E-13,0.));
#4224=DIRECTION('',(0.,0.,1.));
#4225=DIRECTION('center_axis',(0.,0.,1.));
#4226=DIRECTION('ref_axis',(0.,1.,0.));
#4227=DIRECTION('center_axis',(0.,0.,-1.));
#4228=DIRECTION('ref_axis',(0.,1.,0.));
#4229=DIRECTION('center_axis',(0.,0.,1.));
#4230=DIRECTION('ref_axis',(0.,1.,0.));
#4231=DIRECTION('',(0.,0.,1.));
#4232=DIRECTION('center_axis',(-1.,0.,0.));
#4233=DIRECTION('ref_axis',(0.,-1.,0.));
#4234=DIRECTION('',(0.,1.,0.));
#4235=DIRECTION('',(0.,-1.,0.));
#4236=DIRECTION('center_axis',(1.,0.,0.));
#4237=DIRECTION('ref_axis',(0.,1.,0.));
#4238=DIRECTION('',(0.,-1.,0.));
#4239=DIRECTION('',(0.,1.,0.));
#4240=DIRECTION('',(0.,0.,1.));
#4241=DIRECTION('center_axis',(0.,0.,1.));
#4242=DIRECTION('ref_axis',(-1.09314267039983E-13,-1.,0.));
#4243=DIRECTION('center_axis',(0.,0.,-1.));
#4244=DIRECTION('ref_axis',(-1.09314267039983E-13,-1.,0.));
#4245=DIRECTION('center_axis',(0.,0.,1.));
#4246=DIRECTION('ref_axis',(-1.09314267039983E-13,-1.,0.));
#4247=DIRECTION('center_axis',(0.,0.,1.));
#4248=DIRECTION('ref_axis',(1.,0.,0.));
#4249=DIRECTION('center_axis',(0.,0.,-1.));
#4250=DIRECTION('ref_axis',(0.,1.,0.));
#4251=DIRECTION('',(1.,0.,0.));
#4252=DIRECTION('center_axis',(0.,0.,-1.));
#4253=DIRECTION('ref_axis',(0.,-1.,0.));
#4254=DIRECTION('',(-1.,3.84454373099065E-13,0.));
#4255=DIRECTION('center_axis',(0.,1.,0.));
#4256=DIRECTION('ref_axis',(-1.,0.,0.));
#4257=DIRECTION('center_axis',(1.,0.,0.));
#4258=DIRECTION('ref_axis',(0.,0.,-1.));
#4259=DIRECTION('',(0.,-0.927823433498008,-0.37301967274122));
#4260=DIRECTION('',(0.,0.,1.));
#4261=DIRECTION('',(0.,1.,0.));
#4262=DIRECTION('center_axis',(1.,0.,0.));
#4263=DIRECTION('ref_axis',(0.,0.,-1.));
#4264=DIRECTION('',(0.,-1.,0.));
#4265=DIRECTION('',(0.,0.,1.));
#4266=DIRECTION('',(0.,0.707106781186548,-0.707106781186547));
#4267=DIRECTION('',(0.,0.,-1.));
#4268=DIRECTION('center_axis',(-1.,0.,0.));
#4269=DIRECTION('ref_axis',(0.,0.,1.));
#4270=DIRECTION('',(0.,0.,1.));
#4271=DIRECTION('',(0.,1.,0.));
#4272=DIRECTION('',(0.,1.,0.));
#4273=DIRECTION('center_axis',(-1.,0.,0.));
#4274=DIRECTION('ref_axis',(0.,0.,1.));
#4275=DIRECTION('',(0.,-1.,0.));
#4276=DIRECTION('',(0.,0.,-1.));
#4277=DIRECTION('',(0.,1.,0.));
#4278=DIRECTION('center_axis',(0.,0.,1.));
#4279=DIRECTION('ref_axis',(0.,-1.,0.));
#4280=DIRECTION('center_axis',(7.2072514054573E-17,0.,-1.));
#4281=DIRECTION('ref_axis',(-1.,0.,-7.2072514054573E-17));
#4282=DIRECTION('',(0.,1.,0.));
#4283=DIRECTION('',(-1.,0.,-7.2072514054573E-17));
#4284=DIRECTION('center_axis',(1.,0.,0.));
#4285=DIRECTION('ref_axis',(0.,0.,-1.));
#4286=DIRECTION('',(0.,0.,-1.));
#4287=DIRECTION('',(0.,1.,0.));
#4288=DIRECTION('center_axis',(-7.2072514054573E-17,0.,1.));
#4289=DIRECTION('ref_axis',(1.,0.,7.2072514054573E-17));
#4290=DIRECTION('',(1.,0.,7.2072514054573E-17));
#4291=DIRECTION('center_axis',(0.,0.,-1.));
#4292=DIRECTION('ref_axis',(-1.,0.,0.));
#4293=DIRECTION('',(1.,0.,0.));
#4294=DIRECTION('',(-1.,3.18475404778433E-13,0.));
#4295=DIRECTION('center_axis',(0.,0.,-1.));
#4296=DIRECTION('ref_axis',(0.,1.,0.));
#4297=DIRECTION('',(1.,0.,0.));
#4298=DIRECTION('center_axis',(0.,0.,-1.));
#4299=DIRECTION('ref_axis',(0.,-1.,0.));
#4300=DIRECTION('center_axis',(0.,1.,0.));
#4301=DIRECTION('ref_axis',(-1.,0.,0.));
#4302=DIRECTION('',(1.,0.,0.));
#4303=DIRECTION('',(1.,0.,0.));
#4304=DIRECTION('',(-1.,0.,-5.82867087928207E-16));
#4305=DIRECTION('',(1.28002386111318E-16,0.,-1.));
#4306=DIRECTION('',(1.,0.,0.));
#4307=DIRECTION('',(0.,0.,-1.));
#4308=DIRECTION('',(-1.,0.,0.));
#4309=DIRECTION('',(0.,0.,1.));
#4310=DIRECTION('',(0.,0.,-1.));
#4311=DIRECTION('',(-1.,0.,0.));
#4312=DIRECTION('',(0.,0.,1.));
#4313=DIRECTION('center_axis',(0.,0.,1.));
#4314=DIRECTION('ref_axis',(1.,0.,0.));
#4315=DIRECTION('',(0.,-1.,0.));
#4316=DIRECTION('',(0.,1.,0.));
#4317=DIRECTION('center_axis',(1.,0.,0.));
#4318=DIRECTION('ref_axis',(0.,0.,-1.));
#4319=DIRECTION('',(0.,1.,0.));
#4320=DIRECTION('center_axis',(0.,0.,-1.));
#4321=DIRECTION('ref_axis',(-1.,0.,0.));
#4322=DIRECTION('',(1.,0.,0.));
#4323=DIRECTION('',(0.,-1.,0.));
#4324=DIRECTION('',(0.707106781186548,-0.707106781186548,0.));
#4325=DIRECTION('center_axis',(0.,0.,1.));
#4326=DIRECTION('ref_axis',(0.,-1.,0.));
#4327=DIRECTION('center_axis',(-5.40797742794535E-16,-0.37301967274122,
0.927823433498008));
#4328=DIRECTION('ref_axis',(2.16861250243422E-16,-0.927823433498008,-0.37301967274122));
#4329=DIRECTION('',(-0.680156598528734,0.680156598528734,0.273448355189138));
#4330=DIRECTION('',(0.,-0.927823433498008,-0.37301967274122));
#4331=DIRECTION('',(-1.,0.,-5.82867087928207E-16));
#4332=DIRECTION('',(4.7747408177339E-17,-0.927823433498008,-0.37301967274122));
#4333=DIRECTION('center_axis',(-1.,0.,0.));
#4334=DIRECTION('ref_axis',(0.,0.,1.));
#4335=DIRECTION('',(0.,-1.,0.));
#4336=DIRECTION('',(0.,0.707106781186548,0.707106781186548));
#4337=DIRECTION('center_axis',(0.,0.,1.));
#4338=DIRECTION('ref_axis',(1.,0.,0.));
#4339=DIRECTION('',(0.,-1.,0.));
#4340=DIRECTION('center_axis',(0.,0.,1.));
#4341=DIRECTION('ref_axis',(0.,-1.,0.));
#4342=DIRECTION('',(0.,0.,1.));
#4343=DIRECTION('',(0.,0.,1.));
#4344=DIRECTION('center_axis',(-3.18475404778433E-13,-1.,0.));
#4345=DIRECTION('ref_axis',(1.,-3.18475404778433E-13,0.));
#4346=DIRECTION('',(0.,0.,-1.));
#4347=DIRECTION('center_axis',(0.,-1.,0.));
#4348=DIRECTION('ref_axis',(1.,0.,0.));
#4349=DIRECTION('',(-0.707106781186547,-0.707106781186548,8.65956056235493E-17));
#4350=DIRECTION('center_axis',(0.,-1.,0.));
#4351=DIRECTION('ref_axis',(1.,0.,0.));
#4352=DIRECTION('center_axis',(0.,-1.,0.));
#4353=DIRECTION('ref_axis',(1.,0.,0.));
#4354=DIRECTION('center_axis',(0.,-1.,0.));
#4355=DIRECTION('ref_axis',(1.,0.,0.));
#4356=DIRECTION('center_axis',(0.,-1.,0.));
#4357=DIRECTION('ref_axis',(1.,0.,0.));
#4358=DIRECTION('',(-0.707106781186547,-0.707106781186548,8.65956056235493E-17));
#4359=DIRECTION('center_axis',(0.,-1.,0.));
#4360=DIRECTION('ref_axis',(1.,0.,0.));
#4361=DIRECTION('center_axis',(0.,-1.,0.));
#4362=DIRECTION('ref_axis',(1.,0.,0.));
#4363=DIRECTION('center_axis',(0.,1.,0.));
#4364=DIRECTION('ref_axis',(1.,0.,0.));
#4365=DIRECTION('center_axis',(0.,1.,0.));
#4366=DIRECTION('ref_axis',(1.,0.,0.));
#4367=DIRECTION('',(0.,-1.,0.));
#4368=DIRECTION('center_axis',(0.,-1.,0.));
#4369=DIRECTION('ref_axis',(1.,0.,0.));
#4370=DIRECTION('center_axis',(0.,-1.,0.));
#4371=DIRECTION('ref_axis',(1.,0.,0.));
#4372=DIRECTION('',(-0.707106781186548,-0.707106781186547,8.65956056235494E-17));
#4373=DIRECTION('center_axis',(0.,-1.,0.));
#4374=DIRECTION('ref_axis',(1.,0.,0.));
#4375=DIRECTION('center_axis',(0.,-1.,0.));
#4376=DIRECTION('ref_axis',(1.,0.,0.));
#4377=DIRECTION('center_axis',(0.,-1.,0.));
#4378=DIRECTION('ref_axis',(1.,0.,0.));
#4379=DIRECTION('center_axis',(0.,-1.,0.));
#4380=DIRECTION('ref_axis',(1.,0.,0.));
#4381=DIRECTION('',(-0.707106781186548,-0.707106781186547,8.65956056235494E-17));
#4382=DIRECTION('center_axis',(0.,-1.,0.));
#4383=DIRECTION('ref_axis',(1.,0.,0.));
#4384=DIRECTION('center_axis',(0.,-1.,0.));
#4385=DIRECTION('ref_axis',(1.,0.,0.));
#4386=DIRECTION('center_axis',(0.,1.,0.));
#4387=DIRECTION('ref_axis',(1.,0.,0.));
#4388=DIRECTION('center_axis',(0.,1.,0.));
#4389=DIRECTION('ref_axis',(1.,0.,0.));
#4390=DIRECTION('',(0.,-1.,0.));
#4391=DIRECTION('center_axis',(0.,-1.,0.));
#4392=DIRECTION('ref_axis',(1.,0.,0.));
#4393=DIRECTION('center_axis',(0.,-1.,0.));
#4394=DIRECTION('ref_axis',(1.,0.,0.));
#4395=DIRECTION('',(-0.707106781186547,-0.707106781186548,8.65956056235493E-17));
#4396=DIRECTION('center_axis',(0.,-1.,0.));
#4397=DIRECTION('ref_axis',(1.,0.,0.));
#4398=DIRECTION('center_axis',(0.,-1.,0.));
#4399=DIRECTION('ref_axis',(1.,0.,0.));
#4400=DIRECTION('center_axis',(0.,-1.,0.));
#4401=DIRECTION('ref_axis',(1.,0.,0.));
#4402=DIRECTION('center_axis',(0.,-1.,0.));
#4403=DIRECTION('ref_axis',(1.,0.,0.));
#4404=DIRECTION('',(-0.707106781186548,-0.707106781186548,8.65956056235493E-17));
#4405=DIRECTION('center_axis',(0.,-1.,0.));
#4406=DIRECTION('ref_axis',(1.,0.,0.));
#4407=DIRECTION('center_axis',(0.,-1.,0.));
#4408=DIRECTION('ref_axis',(1.,0.,0.));
#4409=DIRECTION('center_axis',(0.,1.,0.));
#4410=DIRECTION('ref_axis',(1.,0.,0.));
#4411=DIRECTION('center_axis',(0.,1.,0.));
#4412=DIRECTION('ref_axis',(1.,0.,0.));
#4413=DIRECTION('',(0.,-1.,0.));
#4414=DIRECTION('center_axis',(0.,1.,0.));
#4415=DIRECTION('ref_axis',(1.,0.,0.));
#4416=DIRECTION('center_axis',(0.,1.,0.));
#4417=DIRECTION('ref_axis',(1.,0.,0.));
#4418=DIRECTION('',(0.,-1.,0.));
#4419=DIRECTION('center_axis',(0.,1.,0.));
#4420=DIRECTION('ref_axis',(1.,0.,0.));
#4421=DIRECTION('center_axis',(0.,1.,0.));
#4422=DIRECTION('ref_axis',(1.,0.,0.));
#4423=DIRECTION('',(0.,-1.,0.));
#4424=DIRECTION('center_axis',(7.85046229341888E-17,-0.707106781186547,
-0.707106781186548));
#4425=DIRECTION('ref_axis',(-1.,0.,-1.11022302462516E-16));
#4426=DIRECTION('',(9.05113552273714E-17,0.707106781186548,-0.707106781186547));
#4427=DIRECTION('',(1.,0.,0.));
#4428=DIRECTION('center_axis',(0.,1.,0.));
#4429=DIRECTION('ref_axis',(-1.,0.,0.));
#4430=DIRECTION('',(0.,0.,1.));
#4431=DIRECTION('center_axis',(0.,0.,1.));
#4432=DIRECTION('ref_axis',(0.,1.,0.));
#4433=DIRECTION('center_axis',(-0.707106781186548,-0.707106781186548,0.));
#4434=DIRECTION('ref_axis',(0.,0.,1.));
#4435=DIRECTION('',(0.,0.,-1.));
#4436=DIRECTION('center_axis',(0.,-0.707106781186548,0.707106781186548));
#4437=DIRECTION('ref_axis',(1.,0.,0.));
#4438=DIRECTION('center_axis',(-1.,0.,0.));
#4439=DIRECTION('ref_axis',(0.,0.,1.));
#4440=DIRECTION('center_axis',(0.,1.,0.));
#4441=DIRECTION('ref_axis',(1.,0.,0.));
#4442=DIRECTION('',(0.,0.,-1.));
#4443=DIRECTION('',(1.,0.,0.));
#4444=DIRECTION('',(0.,0.,1.));
#4445=DIRECTION('center_axis',(0.,1.,0.));
#4446=DIRECTION('ref_axis',(1.,0.,0.));
#4447=DIRECTION('',(-1.28002386111318E-16,0.,1.));
#4448=DIRECTION('',(0.,0.,1.));
#4449=DIRECTION('center_axis',(-1.,0.,0.));
#4450=DIRECTION('ref_axis',(0.,0.,1.));
#4451=DIRECTION('',(0.,0.,1.));
#4452=DIRECTION('',(0.,-0.759256602365297,0.650791373455969));
#4453=DIRECTION('center_axis',(-1.,0.,0.));
#4454=DIRECTION('ref_axis',(0.,0.,1.));
#4455=DIRECTION('center_axis',(-1.,0.,-1.28002386111318E-16));
#4456=DIRECTION('ref_axis',(1.28002386111318E-16,0.,-1.));
#4457=DIRECTION('center_axis',(-0.919145030018058,0.393919298579168,0.));
#4458=DIRECTION('ref_axis',(0.,0.,1.));
#4459=DIRECTION('',(-0.309426373877638,-0.721994872381155,0.618852747755276));
#4460=DIRECTION('center_axis',(0.919145030018058,0.393919298579168,0.));
#4461=DIRECTION('ref_axis',(0.,0.,-1.));
#4462=DIRECTION('',(0.309426373877638,-0.721994872381155,0.618852747755276));
#4463=DIRECTION('center_axis',(1.,0.,0.));
#4464=DIRECTION('ref_axis',(0.,0.,-1.));
#4465=DIRECTION('',(0.,0.759256602365297,-0.650791373455969));
#4466=DIRECTION('',(0.,0.,1.));
#4467=DIRECTION('center_axis',(0.,0.650791373455969,0.759256602365297));
#4468=DIRECTION('ref_axis',(1.,0.,0.));
#4469=DIRECTION('',(-1.,0.,0.));
#4470=DIRECTION('center_axis',(0.,-1.,0.));
#4471=DIRECTION('ref_axis',(1.,0.,0.));
#4472=DIRECTION('center_axis',(0.,1.,0.));
#4473=DIRECTION('ref_axis',(0.,0.,1.));
#4474=DIRECTION('center_axis',(0.,-1.,0.));
#4475=DIRECTION('ref_axis',(1.,0.,0.));
#4476=DIRECTION('center_axis',(0.,1.,0.));
#4477=DIRECTION('ref_axis',(0.,0.,1.));
#4478=DIRECTION('center_axis',(0.,-1.,0.));
#4479=DIRECTION('ref_axis',(1.,0.,0.));
#4480=DIRECTION('center_axis',(0.,0.,-1.));
#4481=DIRECTION('ref_axis',(-1.,0.,0.));
#4482=DIRECTION('center_axis',(0.,0.,1.));
#4483=DIRECTION('ref_axis',(1.,0.,0.));
#4484=DIRECTION('center_axis',(0.,-1.,0.));
#4485=DIRECTION('ref_axis',(1.,0.,0.));
#4486=DIRECTION('center_axis',(0.,0.,-1.));
#4487=DIRECTION('ref_axis',(1.,0.,0.));
#4488=DIRECTION('center_axis',(0.,0.,-1.));
#4489=DIRECTION('ref_axis',(1.,0.,0.));
#4490=DIRECTION('center_axis',(0.,0.,1.));
#4491=DIRECTION('ref_axis',(1.,0.,0.));
#4492=DIRECTION('center_axis',(0.,0.,-1.));
#4493=DIRECTION('ref_axis',(1.,0.,0.));
#4494=DIRECTION('',(0.707106781186547,8.65956056235492E-17,-0.707106781186548));
#4495=DIRECTION('center_axis',(0.,0.,1.));
#4496=DIRECTION('ref_axis',(1.,0.,0.));
#4497=DIRECTION('center_axis',(0.,0.,1.));
#4498=DIRECTION('ref_axis',(1.,0.,0.));
#4499=DIRECTION('center_axis',(0.,0.,-1.));
#4500=DIRECTION('ref_axis',(-1.,0.,0.));
#4501=DIRECTION('center_axis',(0.,0.,1.));
#4502=DIRECTION('ref_axis',(1.,0.,0.));
#4503=DIRECTION('center_axis',(0.,-1.,0.));
#4504=DIRECTION('ref_axis',(1.,0.,0.));
#4505=DIRECTION('center_axis',(0.,0.,-1.));
#4506=DIRECTION('ref_axis',(1.,0.,0.));
#4507=DIRECTION('center_axis',(0.,0.,-1.));
#4508=DIRECTION('ref_axis',(1.,0.,0.));
#4509=DIRECTION('center_axis',(0.,0.,1.));
#4510=DIRECTION('ref_axis',(1.,0.,0.));
#4511=DIRECTION('center_axis',(0.,0.,-1.));
#4512=DIRECTION('ref_axis',(1.,0.,0.));
#4513=DIRECTION('',(0.707106781186547,8.65956056235492E-17,-0.707106781186549));
#4514=DIRECTION('center_axis',(0.,0.,1.));
#4515=DIRECTION('ref_axis',(1.,0.,0.));
#4516=DIRECTION('center_axis',(0.,0.,1.));
#4517=DIRECTION('ref_axis',(1.,0.,0.));
#4518=DIRECTION('center_axis',(0.,1.,0.));
#4519=DIRECTION('ref_axis',(0.,0.,1.));
#4520=DIRECTION('center_axis',(0.,-1.,0.));
#4521=DIRECTION('ref_axis',(1.,0.,0.));
#4522=DIRECTION('center_axis',(-1.,0.,0.));
#4523=DIRECTION('ref_axis',(0.,0.,-1.));
#4524=DIRECTION('center_axis',(0.,1.,0.));
#4525=DIRECTION('ref_axis',(1.,0.,0.));
#4526=DIRECTION('center_axis',(0.,1.,0.));
#4527=DIRECTION('ref_axis',(1.,0.,0.));
#4528=DIRECTION('center_axis',(0.,-1.,0.));
#4529=DIRECTION('ref_axis',(1.,0.,0.));
#4530=DIRECTION('center_axis',(0.,1.,0.));
#4531=DIRECTION('ref_axis',(1.,0.,0.));
#4532=DIRECTION('',(0.447213595499958,0.894427190999916,5.47678698264203E-17));
#4533=DIRECTION('center_axis',(0.,-1.,0.));
#4534=DIRECTION('ref_axis',(1.,0.,0.));
#4535=DIRECTION('center_axis',(0.,-1.,0.));
#4536=DIRECTION('ref_axis',(1.,0.,0.));
#4537=DIRECTION('center_axis',(0.,1.,0.));
#4538=DIRECTION('ref_axis',(0.,0.,1.));
#4539=DIRECTION('center_axis',(0.,-1.,0.));
#4540=DIRECTION('ref_axis',(1.,0.,0.));
#4541=DIRECTION('center_axis',(-1.,0.,0.));
#4542=DIRECTION('ref_axis',(0.,0.,-1.));
#4543=DIRECTION('center_axis',(0.,1.,0.));
#4544=DIRECTION('ref_axis',(1.,0.,0.));
#4545=DIRECTION('center_axis',(0.,1.,0.));
#4546=DIRECTION('ref_axis',(1.,0.,0.));
#4547=DIRECTION('center_axis',(0.,-1.,0.));
#4548=DIRECTION('ref_axis',(1.,0.,0.));
#4549=DIRECTION('center_axis',(0.,1.,0.));
#4550=DIRECTION('ref_axis',(1.,0.,0.));
#4551=DIRECTION('',(0.447213595499958,0.894427190999916,5.47678698264203E-17));
#4552=DIRECTION('center_axis',(0.,-1.,0.));
#4553=DIRECTION('ref_axis',(1.,0.,0.));
#4554=DIRECTION('center_axis',(0.,-1.,0.));
#4555=DIRECTION('ref_axis',(1.,0.,0.));
#4556=DIRECTION('center_axis',(0.,1.,0.));
#4557=DIRECTION('ref_axis',(0.,0.,1.));
#4558=DIRECTION('',(1.02090022245731E-16,0.,1.));
#4559=DIRECTION('',(1.,0.,1.64477485129653E-16));
#4560=DIRECTION('',(0.,0.,-1.));
#4561=DIRECTION('',(-1.,0.,0.));
#4562=DIRECTION('center_axis',(0.,1.,0.));
#4563=DIRECTION('ref_axis',(-1.,0.,0.));
#4564=DIRECTION('center_axis',(0.,1.,0.));
#4565=DIRECTION('ref_axis',(-1.,0.,0.));
#4566=DIRECTION('center_axis',(0.,1.,0.));
#4567=DIRECTION('ref_axis',(-1.,0.,0.));
#4568=DIRECTION('center_axis',(0.,1.,0.));
#4569=DIRECTION('ref_axis',(-1.,0.,0.));
#4570=DIRECTION('center_axis',(0.,1.,0.));
#4571=DIRECTION('ref_axis',(1.,0.,0.));
#4572=DIRECTION('',(0.,-1.,0.));
#4573=DIRECTION('center_axis',(0.,1.,0.));
#4574=DIRECTION('ref_axis',(1.,0.,0.));
#4575=DIRECTION('',(0.,-1.,0.));
#4576=DIRECTION('center_axis',(0.,0.,-1.));
#4577=DIRECTION('ref_axis',(-1.,0.,0.));
#4578=DIRECTION('',(0.,1.,0.));
#4579=DIRECTION('',(-1.,0.,0.));
#4580=DIRECTION('',(0.,1.,0.));
#4581=DIRECTION('',(-1.,0.,0.));
#4582=DIRECTION('center_axis',(0.,0.,-1.));
#4583=DIRECTION('ref_axis',(0.707106781186546,-0.707106781186549,0.));
#4584=DIRECTION('',(0.,-1.,0.));
#4585=DIRECTION('center_axis',(0.,0.,-1.));
#4586=DIRECTION('ref_axis',(0.707106781186548,0.707106781186547,0.));
#4587=DIRECTION('',(1.,0.,0.));
#4588=DIRECTION('center_axis',(0.,0.,-1.));
#4589=DIRECTION('ref_axis',(-0.707106781186548,0.707106781186547,0.));
#4590=DIRECTION('',(0.,1.,0.));
#4591=DIRECTION('center_axis',(0.,0.,-1.));
#4592=DIRECTION('ref_axis',(-0.707106781186548,-0.707106781186547,0.));
#4593=DIRECTION('center_axis',(0.,0.,-1.));
#4594=DIRECTION('ref_axis',(1.,0.,0.));
#4595=DIRECTION('center_axis',(0.,0.,1.));
#4596=DIRECTION('ref_axis',(1.,0.,0.));
#4597=DIRECTION('',(0.,0.,-1.));
#4598=DIRECTION('center_axis',(0.,0.,1.));
#4599=DIRECTION('ref_axis',(1.,0.,0.));
#4600=DIRECTION('center_axis',(0.,0.,-1.));
#4601=DIRECTION('ref_axis',(1.,0.,0.));
#4602=DIRECTION('center_axis',(0.,0.,1.));
#4603=DIRECTION('ref_axis',(1.,0.,0.));
#4604=DIRECTION('',(0.,0.,-1.));
#4605=DIRECTION('center_axis',(0.,0.,1.));
#4606=DIRECTION('ref_axis',(1.,0.,0.));
#4607=DIRECTION('center_axis',(0.,-0.707106781186547,0.707106781186548));
#4608=DIRECTION('ref_axis',(1.,0.,0.));
#4609=DIRECTION('',(1.,0.,0.));
#4610=DIRECTION('',(0.281084637714821,0.678598344545847,0.678598344545847));
#4611=DIRECTION('',(-1.,0.,0.));
#4612=DIRECTION('',(-0.281084637714821,0.678598344545847,0.678598344545847));
#4613=DIRECTION('center_axis',(0.499999999999999,-0.707106781186548,0.499999999999999));
#4614=DIRECTION('ref_axis',(0.707106781186547,0.,-0.707106781186547));
#4615=DIRECTION('',(0.707106781186548,0.,-0.707106781186548));
#4616=DIRECTION('',(0.678598344545847,0.678598344545847,0.281084637714821));
#4617=DIRECTION('',(-0.707106781186547,0.,0.707106781186547));
#4618=DIRECTION('center_axis',(0.707106781186548,-0.707106781186547,0.));
#4619=DIRECTION('ref_axis',(0.,0.,-1.));
#4620=DIRECTION('',(0.,0.,-1.));
#4621=DIRECTION('',(0.678598344545846,0.678598344545847,-0.281084637714824));
#4622=DIRECTION('',(0.,0.,1.));
#4623=DIRECTION('center_axis',(0.499999999999999,-0.707106781186548,-0.5));
#4624=DIRECTION('ref_axis',(-0.707106781186548,0.,-0.707106781186547));
#4625=DIRECTION('',(0.707106781186548,0.,0.707106781186547));
#4626=DIRECTION('',(-0.707106781186548,0.,-0.707106781186547));
#4627=DIRECTION('',(0.281084637714823,0.678598344545847,-0.678598344545846));
#4628=DIRECTION('center_axis',(0.,-0.707106781186547,-0.707106781186548));
#4629=DIRECTION('ref_axis',(-1.,0.,0.));
#4630=DIRECTION('',(1.,0.,0.));
#4631=DIRECTION('',(-1.,0.,0.));
#4632=DIRECTION('',(-0.281084637714823,0.678598344545847,-0.678598344545846));
#4633=DIRECTION('center_axis',(-0.499999999999999,-0.707106781186548,-0.5));
#4634=DIRECTION('ref_axis',(-0.707106781186548,0.,0.707106781186547));
#4635=DIRECTION('',(0.707106781186548,0.,-0.707106781186547));
#4636=DIRECTION('',(-0.707106781186548,0.,0.707106781186547));
#4637=DIRECTION('',(-0.678598344545848,0.678598344545846,-0.281084637714821));
#4638=DIRECTION('center_axis',(-0.707106781186547,-0.707106781186548,0.));
#4639=DIRECTION('ref_axis',(0.,0.,1.));
#4640=DIRECTION('',(0.,0.,-1.));
#4641=DIRECTION('',(0.,0.,1.));
#4642=DIRECTION('',(-0.678598344545848,0.678598344545846,0.28108463771482));
#4643=DIRECTION('center_axis',(-0.499999999999999,-0.707106781186548,0.499999999999999));
#4644=DIRECTION('ref_axis',(0.707106781186547,0.,0.707106781186547));
#4645=DIRECTION('',(-0.707106781186547,0.,-0.707106781186547));
#4646=DIRECTION('',(0.707106781186548,0.,0.707106781186548));
#4647=DIRECTION('center_axis',(-0.707106781186547,0.,-0.707106781186548));
#4648=DIRECTION('ref_axis',(-0.707106781186548,0.,0.707106781186547));
#4649=DIRECTION('',(0.,1.,0.));
#4650=DIRECTION('',(0.707106781186548,0.,-0.707106781186547));
#4651=DIRECTION('',(0.,-1.,0.));
#4652=DIRECTION('center_axis',(-1.,0.,0.));
#4653=DIRECTION('ref_axis',(0.,0.,1.));
#4654=DIRECTION('',(0.,-1.,0.));
#4655=DIRECTION('',(0.,0.,1.));
#4656=DIRECTION('center_axis',(-0.707106781186548,0.,0.707106781186548));
#4657=DIRECTION('ref_axis',(0.707106781186548,0.,0.707106781186548));
#4658=DIRECTION('',(0.,1.,0.));
#4659=DIRECTION('',(-0.707106781186547,0.,-0.707106781186547));
#4660=DIRECTION('center_axis',(0.,0.,1.));
#4661=DIRECTION('ref_axis',(1.,0.,0.));
#4662=DIRECTION('',(0.,-1.,0.));
#4663=DIRECTION('',(1.,0.,0.));
#4664=DIRECTION('',(1.,0.,0.));
#4665=DIRECTION('center_axis',(0.,0.,1.));
#4666=DIRECTION('ref_axis',(-0.707106781186548,-0.707106781186547,0.));
#4667=DIRECTION('',(0.,-1.,0.));
#4668=DIRECTION('center_axis',(0.,0.,1.));
#4669=DIRECTION('ref_axis',(-0.707106781186548,0.707106781186547,0.));
#4670=DIRECTION('',(-1.,0.,0.));
#4671=DIRECTION('center_axis',(0.,0.,1.));
#4672=DIRECTION('ref_axis',(0.707106781186548,0.707106781186547,0.));
#4673=DIRECTION('',(0.,1.,0.));
#4674=DIRECTION('center_axis',(0.,0.,1.));
#4675=DIRECTION('ref_axis',(0.707106781186546,-0.707106781186549,0.));
#4676=DIRECTION('center_axis',(0.,-1.,0.));
#4677=DIRECTION('ref_axis',(-1.,0.,0.));
#4678=DIRECTION('center_axis',(0.707106781186547,0.,-0.707106781186548));
#4679=DIRECTION('ref_axis',(-0.707106781186548,0.,-0.707106781186547));
#4680=DIRECTION('',(0.,1.,0.));
#4681=DIRECTION('',(0.707106781186548,0.,0.707106781186547));
#4682=DIRECTION('',(0.,-1.,0.));
#4683=DIRECTION('center_axis',(0.,0.,-1.));
#4684=DIRECTION('ref_axis',(-1.,0.,0.));
#4685=DIRECTION('',(-1.,0.,0.));
#4686=DIRECTION('center_axis',(0.707106781186548,0.,0.707106781186548));
#4687=DIRECTION('ref_axis',(0.707106781186548,0.,-0.707106781186548));
#4688=DIRECTION('',(0.,1.,0.));
#4689=DIRECTION('',(-0.707106781186547,0.,0.707106781186547));
#4690=DIRECTION('center_axis',(0.,1.,0.));
#4691=DIRECTION('ref_axis',(-1.,0.,0.));
#4692=DIRECTION('center_axis',(0.,1.,0.));
#4693=DIRECTION('ref_axis',(-1.,0.,0.));
#4694=DIRECTION('',(0.,-1.,0.));
#4695=DIRECTION('center_axis',(0.,-1.,0.));
#4696=DIRECTION('ref_axis',(-1.,0.,0.));
#4697=DIRECTION('center_axis',(0.,1.,0.));
#4698=DIRECTION('ref_axis',(-1.,0.,0.));
#4699=DIRECTION('center_axis',(0.,1.,0.));
#4700=DIRECTION('ref_axis',(-1.,0.,0.));
#4701=DIRECTION('center_axis',(0.,1.,0.));
#4702=DIRECTION('ref_axis',(-1.,0.,0.));
#4703=DIRECTION('',(0.,-1.,0.));
#4704=DIRECTION('center_axis',(0.,-1.,0.));
#4705=DIRECTION('ref_axis',(-1.,0.,0.));
#4706=DIRECTION('center_axis',(0.,1.,0.));
#4707=DIRECTION('ref_axis',(-1.,0.,0.));
#4708=DIRECTION('center_axis',(0.,1.,0.));
#4709=DIRECTION('ref_axis',(-1.,0.,0.));
#4710=DIRECTION('center_axis',(0.,1.,0.));
#4711=DIRECTION('ref_axis',(-1.,0.,0.));
#4712=DIRECTION('',(0.,-1.,0.));
#4713=DIRECTION('center_axis',(0.,-1.,0.));
#4714=DIRECTION('ref_axis',(-1.,0.,0.));
#4715=DIRECTION('center_axis',(0.,1.,0.));
#4716=DIRECTION('ref_axis',(-1.,0.,0.));
#4717=DIRECTION('center_axis',(0.,1.,0.));
#4718=DIRECTION('ref_axis',(-1.,0.,0.));
#4719=DIRECTION('center_axis',(0.,1.,0.));
#4720=DIRECTION('ref_axis',(-1.,0.,0.));
#4721=DIRECTION('',(0.,-1.,0.));
#4722=DIRECTION('center_axis',(0.,-1.,0.));
#4723=DIRECTION('ref_axis',(-1.,0.,0.));
#4724=DIRECTION('center_axis',(0.,1.,0.));
#4725=DIRECTION('ref_axis',(-1.,0.,0.));
#4726=DIRECTION('center_axis',(0.,0.70710678118654,-0.707106781186555));
#4727=DIRECTION('ref_axis',(-1.,0.,0.));
#4728=DIRECTION('',(6.28036983473517E-15,-0.707106781186555,-0.70710678118654));
#4729=DIRECTION('',(0.,0.707106781186555,0.70710678118654));
#4730=DIRECTION('',(1.,0.,0.));
#4731=DIRECTION('center_axis',(0.,0.,-1.));
#4732=DIRECTION('ref_axis',(-0.707106781186548,-0.707106781186547,0.));
#4733=DIRECTION('',(0.707106781186548,7.8504622934189E-16,0.707106781186548));
#4734=DIRECTION('center_axis',(0.,0.,1.));
#4735=DIRECTION('ref_axis',(-0.707106781186548,-0.707106781186547,0.));
#4736=DIRECTION('center_axis',(0.,0.,-1.));
#4737=DIRECTION('ref_axis',(0.707106781186546,-0.707106781186549,0.));
#4738=DIRECTION('center_axis',(0.,0.,1.));
#4739=DIRECTION('ref_axis',(0.707106781186546,-0.707106781186549,0.));
#4740=DIRECTION('',(0.707106781186548,-7.8504622934189E-16,-0.707106781186548));
#4741=DIRECTION('center_axis',(0.707106781186548,0.,-0.707106781186548));
#4742=DIRECTION('ref_axis',(-0.707106781186548,0.,-0.707106781186548));
#4743=DIRECTION('',(0.707106781186548,1.57009245868381E-15,0.707106781186548));
#4744=DIRECTION('',(0.,-1.,0.));
#4745=DIRECTION('center_axis',(-0.707106781186544,0.,-0.707106781186551));
#4746=DIRECTION('ref_axis',(-0.707106781186551,0.,0.707106781186544));
#4747=DIRECTION('',(0.707106781186551,-1.5700924586838E-15,-0.707106781186544));
#4748=DIRECTION('',(0.,1.,0.));
#4749=DIRECTION('center_axis',(0.,0.,-1.));
#4750=DIRECTION('ref_axis',(-0.707106781186548,0.707106781186547,0.));
#4751=DIRECTION('',(0.,-0.707106781186542,0.707106781186553));
#4752=DIRECTION('center_axis',(0.,0.,1.));
#4753=DIRECTION('ref_axis',(-0.707106781186548,0.707106781186547,0.));
#4754=DIRECTION('center_axis',(0.,0.,-1.));
#4755=DIRECTION('ref_axis',(0.707106781186548,0.707106781186547,0.));
#4756=DIRECTION('center_axis',(0.,0.,1.));
#4757=DIRECTION('ref_axis',(0.707106781186548,0.707106781186547,0.));
#4758=DIRECTION('',(0.,0.707106781186549,-0.707106781186546));
#4759=DIRECTION('center_axis',(0.,-0.70710678118654,-0.707106781186555));
#4760=DIRECTION('ref_axis',(-1.,0.,0.));
#4761=DIRECTION('',(-1.,0.,0.));
#4762=DIRECTION('center_axis',(0.,0.,-1.));
#4763=DIRECTION('ref_axis',(0.707106781186548,0.707106781186547,0.));
#4764=DIRECTION('',(0.,0.,1.));
#4765=DIRECTION('center_axis',(0.,0.,-1.));
#4766=DIRECTION('ref_axis',(0.707106781186548,0.707106781186547,0.));
#4767=DIRECTION('',(0.,0.,-1.));
#4768=DIRECTION('center_axis',(1.,0.,0.));
#4769=DIRECTION('ref_axis',(0.,-1.,0.));
#4770=DIRECTION('',(0.,0.,-1.));
#4771=DIRECTION('',(0.,-1.,0.));
#4772=DIRECTION('center_axis',(0.,0.,-1.));
#4773=DIRECTION('ref_axis',(0.707106781186546,-0.707106781186549,0.));
#4774=DIRECTION('',(0.,0.,1.));
#4775=DIRECTION('center_axis',(0.,0.,-1.));
#4776=DIRECTION('ref_axis',(0.707106781186546,-0.707106781186549,0.));
#4777=DIRECTION('center_axis',(0.,-1.,0.));
#4778=DIRECTION('ref_axis',(-1.,0.,0.));
#4779=DIRECTION('',(0.,0.,-1.));
#4780=DIRECTION('',(-1.,0.,0.));
#4781=DIRECTION('center_axis',(0.,0.707106781186552,0.707106781186543));
#4782=DIRECTION('ref_axis',(1.,0.,0.));
#4783=DIRECTION('',(0.,-0.707106781186543,0.707106781186552));
#4784=DIRECTION('',(0.,0.707106781186543,-0.707106781186552));
#4785=DIRECTION('center_axis',(0.,0.,1.));
#4786=DIRECTION('ref_axis',(0.707106781186546,-0.707106781186549,0.));
#4787=DIRECTION('',(-0.707106781186548,0.,-0.707106781186548));
#4788=DIRECTION('center_axis',(0.,0.,1.));
#4789=DIRECTION('ref_axis',(-0.707106781186548,-0.707106781186547,0.));
#4790=DIRECTION('center_axis',(0.,0.,-1.));
#4791=DIRECTION('ref_axis',(-0.707106781186548,-0.707106781186547,0.));
#4792=DIRECTION('',(-0.707106781186548,-7.8504622934189E-16,0.707106781186548));
#4793=DIRECTION('center_axis',(-0.707106781186554,0.,0.707106781186541));
#4794=DIRECTION('ref_axis',(0.707106781186541,0.,0.707106781186554));
#4795=DIRECTION('',(-0.707106781186541,1.57009245868377E-15,-0.707106781186554));
#4796=DIRECTION('center_axis',(0.707106781186554,0.,0.707106781186541));
#4797=DIRECTION('ref_axis',(0.707106781186541,0.,-0.707106781186554));
#4798=DIRECTION('',(-0.707106781186541,-1.57009245868377E-15,0.707106781186554));
#4799=DIRECTION('',(0.,1.,0.));
#4800=DIRECTION('center_axis',(0.,0.,1.));
#4801=DIRECTION('ref_axis',(0.707106781186548,0.707106781186547,0.));
#4802=DIRECTION('',(0.,-0.707106781186542,-0.707106781186553));
#4803=DIRECTION('center_axis',(0.,0.,1.));
#4804=DIRECTION('ref_axis',(-0.707106781186548,0.707106781186547,0.));
#4805=DIRECTION('center_axis',(0.,0.,-1.));
#4806=DIRECTION('ref_axis',(-0.707106781186548,0.707106781186547,0.));
#4807=DIRECTION('',(0.,0.707106781186548,0.707106781186547));
#4808=DIRECTION('center_axis',(0.,-0.707106781186552,0.707106781186543));
#4809=DIRECTION('ref_axis',(1.,0.,0.));
#4810=DIRECTION('',(1.,0.,0.));
#4811=DIRECTION('center_axis',(0.,0.,-1.));
#4812=DIRECTION('ref_axis',(-0.707106781186548,0.707106781186547,0.));
#4813=DIRECTION('',(0.,0.,1.));
#4814=DIRECTION('',(0.,0.,-1.));
#4815=DIRECTION('center_axis',(-1.,0.,0.));
#4816=DIRECTION('ref_axis',(0.,1.,0.));
#4817=DIRECTION('',(0.,0.,1.));
#4818=DIRECTION('center_axis',(0.,0.,-1.));
#4819=DIRECTION('ref_axis',(-0.707106781186548,-0.707106781186547,0.));
#4820=DIRECTION('center_axis',(0.,1.,0.));
#4821=DIRECTION('ref_axis',(1.,0.,0.));
#4822=DIRECTION('center_axis',(0.,0.,-1.));
#4823=DIRECTION('ref_axis',(0.,-1.,0.));
#4824=DIRECTION('',(0.,-1.,0.));
#4825=DIRECTION('',(-1.,0.,0.));
#4826=DIRECTION('',(0.,1.,0.));
#4827=DIRECTION('',(-1.,0.,0.));
#4828=DIRECTION('center_axis',(0.,1.,0.));
#4829=DIRECTION('ref_axis',(0.,0.,-1.));
#4830=DIRECTION('',(0.,0.,-1.));
#4831=DIRECTION('',(-1.,0.,0.));
#4832=DIRECTION('',(1.02090022245731E-16,0.,1.));
#4833=DIRECTION('center_axis',(0.,0.,1.));
#4834=DIRECTION('ref_axis',(0.,1.,0.));
#4835=DIRECTION('',(0.,1.,0.));
#4836=DIRECTION('',(-1.,0.,0.));
#4837=DIRECTION('',(0.,-1.,0.));
#4838=DIRECTION('center_axis',(-1.,0.,0.));
#4839=DIRECTION('ref_axis',(0.,0.,-1.));
#4840=DIRECTION('center_axis',(-1.,0.,0.));
#4841=DIRECTION('ref_axis',(0.,0.,-1.));
#4842=DIRECTION('',(-1.,0.,0.));
#4843=DIRECTION('center_axis',(1.,0.,-1.02090022245731E-16));
#4844=DIRECTION('ref_axis',(0.,0.,-1.));
#4845=DIRECTION('center_axis',(0.,0.,1.));
#4846=DIRECTION('ref_axis',(0.,1.,0.));
#4847=DIRECTION('',(0.,1.,0.));
#4848=DIRECTION('',(-1.,0.,0.));
#4849=DIRECTION('',(0.,-1.,0.));
#4850=DIRECTION('center_axis',(0.,1.,0.));
#4851=DIRECTION('ref_axis',(0.,0.,-1.));
#4852=DIRECTION('',(0.,0.,-1.));
#4853=DIRECTION('',(-1.,0.,0.));
#4854=DIRECTION('',(1.02090022245731E-16,0.,1.));
#4855=DIRECTION('center_axis',(0.,0.,1.));
#4856=DIRECTION('ref_axis',(0.,1.,0.));
#4857=DIRECTION('',(0.,1.,0.));
#4858=DIRECTION('',(-1.,0.,0.));
#4859=DIRECTION('',(0.,-1.,0.));
#4860=DIRECTION('center_axis',(0.,-1.,-8.88178419700125E-17));
#4861=DIRECTION('ref_axis',(0.,-8.88178419700125E-17,1.));
#4862=DIRECTION('',(0.,-8.88178419700125E-17,1.));
#4863=DIRECTION('',(-1.,0.,0.));
#4864=DIRECTION('',(-1.02090022245731E-16,8.88178419700125E-17,-1.));
#4865=DIRECTION('center_axis',(0.,0.,1.));
#4866=DIRECTION('ref_axis',(0.,1.,0.));
#4867=DIRECTION('',(0.,1.,0.));
#4868=DIRECTION('',(-1.,0.,0.));
#4869=DIRECTION('',(0.,-1.,0.));
#4870=DIRECTION('center_axis',(-1.,0.,0.));
#4871=DIRECTION('ref_axis',(0.,0.,-1.));
#4872=DIRECTION('center_axis',(-1.,0.,0.));
#4873=DIRECTION('ref_axis',(0.,0.,-1.));
#4874=DIRECTION('',(-1.,0.,0.));
#4875=DIRECTION('center_axis',(1.,0.,-1.02090022245731E-16));
#4876=DIRECTION('ref_axis',(0.,0.,-1.));
#4877=DIRECTION('center_axis',(0.,0.,-1.));
#4878=DIRECTION('ref_axis',(0.,-1.,0.));
#4879=DIRECTION('',(0.,-1.,0.));
#4880=DIRECTION('',(-1.,0.,0.));
#4881=DIRECTION('',(0.,1.,0.));
#4882=DIRECTION('center_axis',(0.,-1.,-8.88178419700125E-17));
#4883=DIRECTION('ref_axis',(0.,-8.88178419700125E-17,1.));
#4884=DIRECTION('',(0.,-8.88178419700125E-17,1.));
#4885=DIRECTION('',(-1.,0.,0.));
#4886=DIRECTION('',(-1.02090022245731E-16,8.88178419700125E-17,-1.));
#4887=DIRECTION('center_axis',(0.,0.,-1.));
#4888=DIRECTION('ref_axis',(0.,-1.,0.));
#4889=DIRECTION('',(0.,-1.,0.));
#4890=DIRECTION('',(-1.,0.,0.));
#4891=DIRECTION('',(0.,1.,0.));
#4892=DIRECTION('center_axis',(0.,1.,0.));
#4893=DIRECTION('ref_axis',(0.,0.,-1.));
#4894=DIRECTION('',(0.,0.,-1.));
#4895=DIRECTION('',(-1.,0.,0.));
#4896=DIRECTION('',(1.02090022245731E-16,0.,1.));
#4897=DIRECTION('center_axis',(0.,0.,-1.));
#4898=DIRECTION('ref_axis',(0.,-1.,0.));
#4899=DIRECTION('',(0.,-1.,0.));
#4900=DIRECTION('',(-1.,0.,0.));
#4901=DIRECTION('',(0.,1.,0.));
#4902=DIRECTION('center_axis',(-1.,0.,0.));
#4903=DIRECTION('ref_axis',(0.,0.,-1.));
#4904=DIRECTION('center_axis',(-1.,0.,0.));
#4905=DIRECTION('ref_axis',(0.,0.,-1.));
#4906=DIRECTION('center_axis',(1.,0.,-1.02090022245731E-16));
#4907=DIRECTION('ref_axis',(0.,0.,-1.));
#4908=DIRECTION('center_axis',(0.,1.,0.));
#4909=DIRECTION('ref_axis',(-1.,0.,0.));
#4910=DIRECTION('center_axis',(0.,1.,0.));
#4911=DIRECTION('ref_axis',(-1.,0.,0.));
#4912=DIRECTION('',(0.,-1.,0.));
#4913=DIRECTION('center_axis',(0.,-1.,0.));
#4914=DIRECTION('ref_axis',(-1.,0.,0.));
#4915=DIRECTION('center_axis',(0.,1.,0.));
#4916=DIRECTION('ref_axis',(-1.,0.,0.));
#4917=DIRECTION('center_axis',(0.,1.,0.));
#4918=DIRECTION('ref_axis',(-1.,0.,0.));
#4919=DIRECTION('center_axis',(0.,1.,0.));
#4920=DIRECTION('ref_axis',(-1.,0.,0.));
#4921=DIRECTION('',(0.,-1.,0.));
#4922=DIRECTION('center_axis',(0.,-1.,0.));
#4923=DIRECTION('ref_axis',(-1.,0.,0.));
#4924=DIRECTION('center_axis',(0.,1.,0.));
#4925=DIRECTION('ref_axis',(-1.,0.,0.));
#4926=DIRECTION('center_axis',(0.,1.,0.));
#4927=DIRECTION('ref_axis',(-1.,0.,0.));
#4928=DIRECTION('center_axis',(0.,1.,0.));
#4929=DIRECTION('ref_axis',(-1.,0.,0.));
#4930=DIRECTION('',(0.,-1.,0.));
#4931=DIRECTION('center_axis',(0.,-1.,0.));
#4932=DIRECTION('ref_axis',(-1.,0.,0.));
#4933=DIRECTION('center_axis',(0.,1.,0.));
#4934=DIRECTION('ref_axis',(-1.,0.,0.));
#4935=DIRECTION('center_axis',(0.,1.,0.));
#4936=DIRECTION('ref_axis',(-1.,0.,0.));
#4937=DIRECTION('center_axis',(0.,1.,0.));
#4938=DIRECTION('ref_axis',(-1.,0.,0.));
#4939=DIRECTION('',(0.,-1.,0.));
#4940=DIRECTION('center_axis',(0.,-1.,0.));
#4941=DIRECTION('ref_axis',(-1.,0.,0.));
#4942=DIRECTION('center_axis',(0.,1.,0.));
#4943=DIRECTION('ref_axis',(-1.,0.,0.));
#4944=DIRECTION('center_axis',(0.,-1.,0.));
#4945=DIRECTION('ref_axis',(-1.,0.,0.));
#4946=DIRECTION('',(-0.342020143325669,0.939692620785908,-4.18853873767699E-17));
#4947=DIRECTION('center_axis',(0.,1.,0.));
#4948=DIRECTION('ref_axis',(-1.,0.,0.));
#4949=DIRECTION('center_axis',(0.,-1.,0.));
#4950=DIRECTION('ref_axis',(-1.,0.,0.));
#4951=DIRECTION('',(-0.342020143325669,0.939692620785908,-4.18853873767699E-17));
#4952=DIRECTION('center_axis',(0.,1.,0.));
#4953=DIRECTION('ref_axis',(-1.,0.,0.));
#4954=DIRECTION('center_axis',(0.,-1.,0.));
#4955=DIRECTION('ref_axis',(-1.,0.,0.));
#4956=DIRECTION('',(-0.342020143325669,0.939692620785908,-4.18853873767699E-17));
#4957=DIRECTION('center_axis',(0.,1.,0.));
#4958=DIRECTION('ref_axis',(-1.,0.,0.));
#4959=DIRECTION('center_axis',(0.,-1.,0.));
#4960=DIRECTION('ref_axis',(-1.,0.,0.));
#4961=DIRECTION('',(-0.342020143325669,0.939692620785908,-4.18853873767699E-17));
#4962=DIRECTION('center_axis',(0.,1.,0.));
#4963=DIRECTION('ref_axis',(-1.,0.,0.));
#4964=DIRECTION('center_axis',(0.,1.,0.));
#4965=DIRECTION('ref_axis',(0.,0.,1.));
#4966=DIRECTION('center_axis',(0.,1.,0.));
#4967=DIRECTION('ref_axis',(0.,0.,1.));
#4968=DIRECTION('center_axis',(0.,1.,0.));
#4969=DIRECTION('ref_axis',(0.,0.,1.));
#4970=DIRECTION('center_axis',(0.,1.,0.));
#4971=DIRECTION('ref_axis',(0.,0.,1.));
#4972=DIRECTION('center_axis',(1.,0.,0.));
#4973=DIRECTION('ref_axis',(0.,0.,-1.));
#4974=DIRECTION('',(0.,0.,-1.));
#4975=DIRECTION('center_axis',(1.,0.,0.));
#4976=DIRECTION('ref_axis',(0.,0.,-1.));
#4977=DIRECTION('',(0.,1.,0.));
#4978=DIRECTION('',(0.,0.,-1.));
#4979=DIRECTION('center_axis',(0.,1.,0.));
#4980=DIRECTION('ref_axis',(0.,0.,1.));
#4981=DIRECTION('',(0.,0.,1.));
#4982=DIRECTION('',(-1.,0.,0.));
#4983=DIRECTION('',(0.,0.,-1.));
#4984=DIRECTION('',(1.,0.,0.));
#4985=DIRECTION('center_axis',(-1.,0.,0.));
#4986=DIRECTION('ref_axis',(0.,0.,1.));
#4987=DIRECTION('',(0.,0.,1.));
#4988=DIRECTION('',(0.,1.,0.));
#4989=DIRECTION('',(0.,1.,0.));
#4990=DIRECTION('center_axis',(0.,0.,-1.));
#4991=DIRECTION('ref_axis',(-1.,0.,0.));
#4992=DIRECTION('',(-1.,0.,0.));
#4993=DIRECTION('',(0.,1.,0.));
#4994=DIRECTION('center_axis',(0.,0.,1.));
#4995=DIRECTION('ref_axis',(1.,0.,0.));
#4996=DIRECTION('',(1.,0.,0.));
#4997=DIRECTION('',(0.,1.,0.));
#4998=DIRECTION('center_axis',(1.,0.,0.));
#4999=DIRECTION('ref_axis',(0.,0.,-1.));
#5000=DIRECTION('',(0.,0.,-1.));
#5001=DIRECTION('center_axis',(0.,1.,0.));
#5002=DIRECTION('ref_axis',(0.,0.,1.));
#5003=DIRECTION('',(1.02090022245731E-16,0.,1.));
#5004=DIRECTION('',(1.,0.,1.64477485129653E-16));
#5005=DIRECTION('center_axis',(-1.64477485129653E-16,0.,1.));
#5006=DIRECTION('ref_axis',(1.,0.,1.64477485129653E-16));
#5007=DIRECTION('',(0.,1.,0.));
#5008=DIRECTION('center_axis',(-1.,0.,1.02090022245731E-16));
#5009=DIRECTION('ref_axis',(1.02090022245731E-16,0.,1.));
#5010=DIRECTION('',(3.9562804960308E-16,-1.23670495516763E-18,-1.));
#5011=DIRECTION('',(-1.,-4.97719139511984E-34,-4.0245584642662E-16));
#5012=CARTESIAN_POINT('',(0.,0.,0.));
#5013=CARTESIAN_POINT('',(0.,0.,0.));
#5014=CARTESIAN_POINT('Origin',(-35.0000005215406,10.,-35.0000005215406));
#5015=CARTESIAN_POINT('',(-35.0000005215406,17.7339239846253,-21.0000003129244));
#5016=CARTESIAN_POINT('',(-35.0000005215406,17.7339239846253,-35.0000005215406));
#5017=CARTESIAN_POINT('',(-35.0000005215406,17.7339239846253,-15.666266410763));
#5018=CARTESIAN_POINT('',(-35.0000005215406,10.,-21.0000003129244));
#5019=CARTESIAN_POINT('',(-35.0000005215406,10.,-21.0000003129244));
#5020=CARTESIAN_POINT('',(-35.0000005215406,10.,-35.0000005215406));
#5021=CARTESIAN_POINT('',(-35.0000005215406,10.,-21.0000003129244));
#5022=CARTESIAN_POINT('',(-35.0000005215406,10.,-35.0000005215406));
#5023=CARTESIAN_POINT('Origin',(-1.00000001490116,10.,-35.0000005215406));
#5024=CARTESIAN_POINT('',(-34.8163290686095,17.5502525316942,-35.0000005215406));
#5025=CARTESIAN_POINT('',(-26.5871205393353,9.32104400242,-35.0000005215406));
#5026=CARTESIAN_POINT('',(-33.3163290686095,10.,-35.0000005215406));
#5027=CARTESIAN_POINT('',(-35.0000005215406,10.,-35.0000005215406));
#5028=CARTESIAN_POINT('',(-34.8163290686095,11.5,-35.0000005215406));
#5029=CARTESIAN_POINT('',(-25.6122468051824,2.29591773657292,-35.0000005215406));
#5030=CARTESIAN_POINT('',(-34.8163290686095,13.5,-35.0000005215406));
#5031=CARTESIAN_POINT('Origin',(-35.0000005215406,10.,-21.0000003129244));
#5032=CARTESIAN_POINT('',(-34.8163290686095,17.5502525316942,-21.0000003129244));
#5033=CARTESIAN_POINT('',(-35.0871206659952,17.8210441290799,-21.0000003129244));
#5034=CARTESIAN_POINT('',(-34.8163290686095,11.5,-21.0000003129244));
#5035=CARTESIAN_POINT('',(-34.8163290686095,13.5,-21.0000003129244));
#5036=CARTESIAN_POINT('',(-33.3163290686095,10.,-21.0000003129244));
#5037=CARTESIAN_POINT('',(-34.1122469318423,10.7959178632328,-21.0000003129244));
#5038=CARTESIAN_POINT('',(-1.00000001490116,10.,-21.0000003129244));
#5039=CARTESIAN_POINT('Origin',(-39.0412028027624,21.7751262658471,3.66746770001463));
#5040=CARTESIAN_POINT('',(-34.8163290686095,17.5502525316942,-42.8325322999854));
#5041=CARTESIAN_POINT('',(-34.8163290686095,17.5502525316942,3.66746770001463));
#5042=CARTESIAN_POINT('',(-43.2660765369153,26.,-42.8325322999854));
#5043=CARTESIAN_POINT('',(-31.5119957456694,14.245919208754,-42.8325322999854));
#5044=CARTESIAN_POINT('',(-43.2660765369153,26.,6.00000008940702));
#5045=CARTESIAN_POINT('',(-43.2660765369153,26.,3.66746770001463));
#5046=CARTESIAN_POINT('',(-34.8163290686095,17.5502525316942,2.60288602483731));
#5047=CARTESIAN_POINT('',(-34.035025839008,16.7689493020927,2.28877294631887));
#5048=CARTESIAN_POINT('',(-34.8163290686095,17.5502525316942,3.66746770001463));
#5049=CARTESIAN_POINT('Origin',(-34.8163290686095,17.,3.66746770001463));
#5050=CARTESIAN_POINT('',(-34.8163290686095,11.5,-42.8325322999854));
#5051=CARTESIAN_POINT('',(-34.8163290686095,11.5,-7.65907660627941));
#5052=CARTESIAN_POINT('',(-34.8163290686095,13.75,-42.8325322999854));
#5053=CARTESIAN_POINT('Origin',(-34.0663290686095,10.75,-7.65907660627941));
#5054=CARTESIAN_POINT('',(-33.3163290686095,10.,-42.8325322999854));
#5055=CARTESIAN_POINT('',(-33.3163290686095,10.,-7.65907660627941));
#5056=CARTESIAN_POINT('',(-30.5371220115165,7.22079294290695,-42.8325322999854));
#5057=CARTESIAN_POINT('Origin',(-30.7000000745058,10.,-30.700000372529));
#5058=CARTESIAN_POINT('',(-33.5000000745058,10.,-30.700000372529));
#5059=CARTESIAN_POINT('Origin',(-30.7000000745058,10.,-30.700000372529));
#5060=CARTESIAN_POINT('',(-33.5000000745058,9.2,-30.700000372529));
#5061=CARTESIAN_POINT('',(-33.5000000745058,10.,-30.700000372529));
#5062=CARTESIAN_POINT('Origin',(-30.7000000745058,9.2,-30.700000372529));
#5063=CARTESIAN_POINT('Origin',(39.9173273881349,22.5,14.000000089407));
#5064=CARTESIAN_POINT('',(39.9173273881349,24.,15.6962477427227));
#5065=CARTESIAN_POINT('',(39.9173273881349,21.,15.6962477427227));
#5066=CARTESIAN_POINT('',(39.9173273881349,24.,15.6962477427227));
#5067=CARTESIAN_POINT('',(39.9173273881349,24.,15.700000089407));
#5068=CARTESIAN_POINT('',(39.9173273881349,24.,19.000000089407));
#5069=CARTESIAN_POINT('',(39.9173273881349,21.,15.700000089407));
#5070=CARTESIAN_POINT('',(39.9173273881349,23.25,15.700000089407));
#5071=CARTESIAN_POINT('',(39.9173273881349,21.,14.000000089407));
#5072=CARTESIAN_POINT('Origin',(2.41732738813489,21.,14.000000089407));
#5073=CARTESIAN_POINT('',(-35.0826726118651,21.,15.700000089407));
#5074=CARTESIAN_POINT('',(-15.5826726118651,21.,15.700000089407));
#5075=CARTESIAN_POINT('',(-35.0826726118651,21.,15.6962477427227));
#5076=CARTESIAN_POINT('',(-35.0826726118651,21.,14.000000089407));
#5077=CARTESIAN_POINT('',(-31.9477103005452,21.,13.000000089407));
#5078=CARTESIAN_POINT('Origin',(-34.9326726118651,21.,12.700000089407));
#5079=CARTESIAN_POINT('',(36.782365076815,21.,13.000000089407));
#5080=CARTESIAN_POINT('',(2.41732738813489,21.,13.000000089407));
#5081=CARTESIAN_POINT('Origin',(39.7673273881349,21.,12.700000089407));
#5082=CARTESIAN_POINT('',(38.3673273881349,21.,12.700000089407));
#5083=CARTESIAN_POINT('Origin',(39.7673273881349,21.,12.700000089407));
#5084=CARTESIAN_POINT('',(-36.3326726118651,21.,12.700000089407));
#5085=CARTESIAN_POINT('Origin',(-34.9326726118651,21.,12.700000089407));
#5086=CARTESIAN_POINT('Origin',(39.7673273881349,24.,12.700000089407));
#5087=CARTESIAN_POINT('',(37.9173273881349,23.6616731357239,10.338326953683));
#5088=CARTESIAN_POINT('Origin',(39.7673273881349,21.3,12.700000089407));
#5089=CARTESIAN_POINT('',(37.9173273881349,24.,10.3383269536831));
#5090=CARTESIAN_POINT('',(37.9173273881349,24.,10.338326953683));
#5091=CARTESIAN_POINT('Origin',(39.7673273881349,24.,12.700000089407));
#5092=CARTESIAN_POINT('Origin',(-35.0826726118651,22.5,42.000000089407));
#5093=CARTESIAN_POINT('',(-35.0826726118651,24.,40.5037524360912));
#5094=CARTESIAN_POINT('',(-35.0826726118651,21.,40.5037524360912));
#5095=CARTESIAN_POINT('',(-35.0826726118651,24.,40.5037524360912));
#5096=CARTESIAN_POINT('',(-35.0826726118651,24.,40.500000089407));
#5097=CARTESIAN_POINT('',(-35.0826726118651,24.,33.000000089407));
#5098=CARTESIAN_POINT('',(-35.0826726118651,21.,40.500000089407));
#5099=CARTESIAN_POINT('',(-35.0826726118651,23.25,40.500000089407));
#5100=CARTESIAN_POINT('',(-35.0826726118651,21.,42.000000089407));
#5101=CARTESIAN_POINT('Origin',(2.41732738813489,24.,24.000000089407));
#5102=CARTESIAN_POINT('',(-52.5850571765779,24.000000238133,-39.3325322999854));
#5103=CARTESIAN_POINT('',(-52.5850571765779,24.000000238133,-36.3325322999854));
#5104=CARTESIAN_POINT('',(-52.5850571765779,24.,-7.6662661052892));
#5105=CARTESIAN_POINT('',(-45.5850571765833,24.000000238133,-36.3325322999854));
#5106=CARTESIAN_POINT('',(-23.3338648942225,24.,-36.3325322999854));
#5107=CARTESIAN_POINT('',(-45.5850571765833,24.000000238133,-39.3325322999854));
#5108=CARTESIAN_POINT('',(-45.5850571765833,24.,-7.6662661052892));
#5109=CARTESIAN_POINT('',(-44.4497476918233,24.,-39.3325322999854));
#5110=CARTESIAN_POINT('',(-72.8163290686095,24.,-39.3325322999854));
#5111=CARTESIAN_POINT('',(-44.4497476918232,24.,6.53889572617159));
#5112=CARTESIAN_POINT('',(-44.4497476918233,24.,13.8337338947108));
#5113=CARTESIAN_POINT('',(55.1836709313905,24.,6.53889572617159));
#5114=CARTESIAN_POINT('',(47.4176709313905,24.,6.53889572617159));
#5115=CARTESIAN_POINT('',(55.1836709313905,24.0000003278255,47.667000089407));
#5116=CARTESIAN_POINT('',(55.1836709313905,24.,25.9171169920589));
#5117=CARTESIAN_POINT('',(-79.8163290686095,24.0000003278255,47.667000089407));
#5118=CARTESIAN_POINT('',(47.4176709313905,24.0000003278255,47.667000089407));
#5119=CARTESIAN_POINT('',(-79.8163290686095,24.,-39.3325322999854));
#5120=CARTESIAN_POINT('',(-79.8163290686095,24.,-17.5825322999854));
#5121=CARTESIAN_POINT('',(-72.8163290686095,24.,-39.3325322999854));
#5122=CARTESIAN_POINT('',(37.9173273881349,24.,10.000000089407));
#5123=CARTESIAN_POINT('',(37.9173273881349,24.,19.000000089407));
#5124=CARTESIAN_POINT('',(-33.0826726118651,24.,10.000000089407));
#5125=CARTESIAN_POINT('',(2.41732738813489,24.,10.000000089407));
#5126=CARTESIAN_POINT('',(-33.0826726118651,24.,10.3383269536831));
#5127=CARTESIAN_POINT('',(-33.0826726118651,24.,19.000000089407));
#5128=CARTESIAN_POINT('',(-35.0826726118651,24.,15.6962477427227));
#5129=CARTESIAN_POINT('Origin',(-34.9326726118651,24.,12.700000089407));
#5130=CARTESIAN_POINT('',(-35.0826726118651,24.,15.700000089407));
#5131=CARTESIAN_POINT('',(-35.0826726118651,24.,19.000000089407));
#5132=CARTESIAN_POINT('',(-33.0826726118651,24.,15.700000089407));
#5133=CARTESIAN_POINT('',(-15.3326726118651,24.,15.700000089407));
#5134=CARTESIAN_POINT('',(-33.0826726118651,24.,40.500000089407));
#5135=CARTESIAN_POINT('',(-33.0826726118651,24.,30.500000089407));
#5136=CARTESIAN_POINT('',(-15.3326726118651,24.,40.500000089407));
#5137=CARTESIAN_POINT('',(-33.0826726118651,24.,45.8616732251309));
#5138=CARTESIAN_POINT('Origin',(-34.9326726118651,24.,43.500000089407));
#5139=CARTESIAN_POINT('',(-33.0826726118651,24.,46.000000089407));
#5140=CARTESIAN_POINT('',(-33.0826726118651,24.,33.000000089407));
#5141=CARTESIAN_POINT('',(-6.58267261186511,24.,46.000000089407));
#5142=CARTESIAN_POINT('',(2.41732738813489,24.,46.000000089407));
#5143=CARTESIAN_POINT('',(-6.58267261186511,24.,40.500000089407));
#5144=CARTESIAN_POINT('',(-6.58267261186511,24.,33.000000089407));
#5145=CARTESIAN_POINT('',(37.9173273881349,24.,40.500000089407));
#5146=CARTESIAN_POINT('',(38.4173273881349,24.,40.500000089407));
#5147=CARTESIAN_POINT('',(37.9173273881349,24.,15.700000089407));
#5148=CARTESIAN_POINT('',(37.9173273881349,24.,17.500000089407));
#5149=CARTESIAN_POINT('',(20.1673273881349,24.,15.700000089407));
#5150=CARTESIAN_POINT('',(36.7673273881349,24.,43.500000089407));
#5151=CARTESIAN_POINT('Origin',(39.7673273881349,24.,43.500000089407));
#5152=CARTESIAN_POINT('Origin',(-34.9326726118651,24.,43.500000089407));
#5153=CARTESIAN_POINT('',(-31.9746327203153,21.,43.000000089407));
#5154=CARTESIAN_POINT('Origin',(-34.9326726118651,21.,43.500000089407));
#5155=CARTESIAN_POINT('',(-33.0826726118651,23.8616731357239,45.8616732251309));
#5156=CARTESIAN_POINT('Origin',(-34.9326726118651,21.5,43.500000089407));
#5157=CARTESIAN_POINT('',(-33.0826726118651,24.,45.8616732251309));
#5158=CARTESIAN_POINT('Origin',(-35.0826726118651,22.5,14.000000089407));
#5159=CARTESIAN_POINT('',(-35.0826726118651,24.,15.6962477427227));
#5160=CARTESIAN_POINT('',(-35.0826726118651,23.25,15.700000089407));
#5161=CARTESIAN_POINT('Origin',(-34.9326726118651,24.,12.700000089407));
#5162=CARTESIAN_POINT('',(-33.0826726118651,23.6616731357239,10.3383269536831));
#5163=CARTESIAN_POINT('',(-33.0826726118651,24.,10.3383269536831));
#5164=CARTESIAN_POINT('Origin',(-34.9326726118651,21.3,12.700000089407));
#5165=CARTESIAN_POINT('Origin',(39.7673273881349,24.,12.700000089407));
#5166=CARTESIAN_POINT('',(38.3673273881349,24.,12.700000089407));
#5167=CARTESIAN_POINT('',(38.3673273881349,24.,12.700000089407));
#5168=CARTESIAN_POINT('Origin',(39.7673273881349,24.,12.700000089407));
#5169=CARTESIAN_POINT('Origin',(37.9173273881349,22.5,14.000000089407));
#5170=CARTESIAN_POINT('',(37.9173273881349,21.875,12.125000089407));
#5171=CARTESIAN_POINT('Origin',(2.41732738813489,22.5,11.500000089407));
#5172=CARTESIAN_POINT('',(-33.0826726118651,21.875,12.125000089407));
#5173=CARTESIAN_POINT('Origin',(2.41732738813489,24.,24.000000089407));
#5174=CARTESIAN_POINT('Origin',(-34.9326726118651,24.,43.500000089407));
#5175=CARTESIAN_POINT('',(-36.3326726118651,21.,43.500000089407));
#5176=CARTESIAN_POINT('Origin',(-34.9326726118651,21.,43.500000089407));
#5177=CARTESIAN_POINT('',(-36.3326726118651,24.,43.500000089407));
#5178=CARTESIAN_POINT('',(-36.3326726118651,24.,43.500000089407));
#5179=CARTESIAN_POINT('Origin',(-34.9326726118651,24.,43.500000089407));
#5180=CARTESIAN_POINT('Origin',(2.41732738813489,21.,42.000000089407));
#5181=CARTESIAN_POINT('',(-6.58267261186511,21.,40.500000089407));
#5182=CARTESIAN_POINT('',(20.4173273881349,21.,40.500000089407));
#5183=CARTESIAN_POINT('',(-6.58267261186511,21.,43.000000089407));
#5184=CARTESIAN_POINT('',(-6.58267261186511,21.,42.000000089407));
#5185=CARTESIAN_POINT('',(2.41732738813489,21.,43.000000089407));
#5186=CARTESIAN_POINT('Origin',(-33.0826726118651,22.5,42.000000089407));
#5187=CARTESIAN_POINT('',(-33.0826726118651,21.875,43.875000089407));
#5188=CARTESIAN_POINT('Origin',(39.7673273881349,24.,43.500000089407));
#5189=CARTESIAN_POINT('',(38.3673273881349,21.,43.500000089407));
#5190=CARTESIAN_POINT('Origin',(39.7673273881349,21.,43.500000089407));
#5191=CARTESIAN_POINT('',(38.3673273881349,24.,43.500000089407));
#5192=CARTESIAN_POINT('',(38.3673273881349,24.,43.500000089407));
#5193=CARTESIAN_POINT('Origin',(39.7673273881349,24.,43.500000089407));
#5194=CARTESIAN_POINT('Origin',(39.7673273881349,24.,43.500000089407));
#5195=CARTESIAN_POINT('',(36.7673273881349,21.,43.500000089407));
#5196=CARTESIAN_POINT('Origin',(39.7673273881349,21.,43.500000089407));
#5197=CARTESIAN_POINT('',(36.7673273881349,24.,43.500000089407));
#5198=CARTESIAN_POINT('Origin',(39.7673273881349,21.,43.500000089407));
#5199=CARTESIAN_POINT('Origin',(2.41732738813489,24.,24.000000089407));
#5200=CARTESIAN_POINT('Origin',(-34.9326726118651,24.,12.700000089407));
#5201=CARTESIAN_POINT('',(-36.3326726118651,24.,12.700000089407));
#5202=CARTESIAN_POINT('',(-36.3326726118651,24.,12.700000089407));
#5203=CARTESIAN_POINT('Origin',(-34.9326726118651,24.,12.700000089407));
#5204=CARTESIAN_POINT('Origin',(-33.0826726118651,22.5,14.000000089407));
#5205=CARTESIAN_POINT('Origin',(2.41732738813489,24.,24.000000089407));
#5206=CARTESIAN_POINT('Origin',(-34.0663290686095,10.75,-7.65907660627941));
#5207=CARTESIAN_POINT('',(-34.8163290686095,11.5,0.170458541446806));
#5208=CARTESIAN_POINT('',(-34.8163290686095,11.5,-7.65907660627941));
#5209=CARTESIAN_POINT('',(-33.3163290686095,10.,-0.43259748075597));
#5210=CARTESIAN_POINT('',(-32.532149937008,9.21582086839852,-0.747866779287978));
#5211=CARTESIAN_POINT('',(-33.3163290686095,10.,-7.65907660627941));
#5212=CARTESIAN_POINT('Origin',(-34.8163290686095,7.,-1.63870952516152));
#5213=CARTESIAN_POINT('',(-34.8163290686095,12.2225060192593,0.460932945441527));
#5214=CARTESIAN_POINT('',(58.6836709313905,26.,6.00000008940701));
#5215=CARTESIAN_POINT('',(47.4176709313905,26.,6.00000008940702));
#5216=CARTESIAN_POINT('',(58.6836709313905,10.,-0.432597480755925));
#5217=CARTESIAN_POINT('',(58.6836709313905,10.,-0.432597480755923));
#5218=CARTESIAN_POINT('',(1.67924231893935,10.,-0.432597480755949));
#5219=CARTESIAN_POINT('',(-24.8163290686095,10.,-0.432597480755965));
#5220=CARTESIAN_POINT('',(-0.463614823917791,5.,-2.44278422143187));
#5221=CARTESIAN_POINT('',(-2.72438762471798,-0.275136535200445,-4.56358612509488));
#5222=CARTESIAN_POINT('',(-13.4636148239178,5.,-2.44278422143187));
#5223=CARTESIAN_POINT('',(-16.1399719462636,5.,-2.44278422143188));
#5224=CARTESIAN_POINT('',(-13.4636148239178,7.,-1.63870952516151));
#5225=CARTESIAN_POINT('',(-13.4636148239178,8.15366194489328,-1.17489433619214));
#5226=CARTESIAN_POINT('',(-15.7936432882395,7.,-1.63870952516151));
#5227=CARTESIAN_POINT('',(-25.3049861784245,7.,-1.63870952516151));
#5228=CARTESIAN_POINT('',(-15.7936432882395,5.,-2.44278422143188));
#5229=CARTESIAN_POINT('',(-15.7936432882395,5.90403538698038,-2.07932823182992));
#5230=CARTESIAN_POINT('',(-28.7936432882395,5.,-2.44278422143188));
#5231=CARTESIAN_POINT('',(-16.1399719462636,5.,-2.44278422143188));
#5232=CARTESIAN_POINT('',(-30.9365004310966,10.,-0.432597480755968));
#5233=CARTESIAN_POINT('',(-29.7053239945247,7.12725498133217,-1.58754826992974));
#5234=CARTESIAN_POINT('',(-24.8163290686095,10.,-0.432597480755965));
#5235=CARTESIAN_POINT('Origin',(-34.8163290686095,17.,3.66746770001463));
#5236=CARTESIAN_POINT('Origin',(57.1836709313905,10.5,-41.3325322999854));
#5237=CARTESIAN_POINT('',(55.6836709313905,10.,-42.8325322999854));
#5238=CARTESIAN_POINT('',(58.6836709313905,10.,-39.8325322999854));
#5239=CARTESIAN_POINT('',(44.7703987782435,10.,-53.7458044531324));
#5240=CARTESIAN_POINT('',(58.6836709313905,8.5,-39.8325322999854));
#5241=CARTESIAN_POINT('',(58.6836709313905,10.5,-39.8325322999854));
#5242=CARTESIAN_POINT('',(55.6836709313905,8.5,-42.8325322999854));
#5243=CARTESIAN_POINT('',(49.3378624800645,8.5,-49.1783407513113));
#5244=CARTESIAN_POINT('',(55.6836709313905,10.5,-42.8325322999854));
#5245=CARTESIAN_POINT('Origin',(-19.6993290686095,8.5,4.16723389471079));
#5246=CARTESIAN_POINT('',(58.6836709313905,8.5,48.167000089407));
#5247=CARTESIAN_POINT('',(58.6836709313905,8.5,4.16723389471079));
#5248=CARTESIAN_POINT('',(55.6836709313905,8.5,51.167000089407));
#5249=CARTESIAN_POINT('',(49.3378624800645,8.5,57.5128085407329));
#5250=CARTESIAN_POINT('',(-80.3163290686095,8.5,51.167000089407));
#5251=CARTESIAN_POINT('',(-12.9493290686095,8.5,51.167000089407));
#5252=CARTESIAN_POINT('',(-83.3163290686095,8.5,48.167000089407));
#5253=CARTESIAN_POINT('',(-77.6620206172835,8.5,53.821308540733));
#5254=CARTESIAN_POINT('',(-83.3163290686095,8.5,-39.8325322999854));
#5255=CARTESIAN_POINT('',(-83.3163290686095,8.5,3.91735079736271));
#5256=CARTESIAN_POINT('',(-80.3163290686095,8.5,-42.8325322999854));
#5257=CARTESIAN_POINT('',(-77.6620206172835,8.5,-45.4868407513114));
#5258=CARTESIAN_POINT('',(-12.9494149544234,8.5,-42.8325322999854));
#5259=CARTESIAN_POINT('',(-81.3163290686095,8.5,-40.8325322999854));
#5260=CARTESIAN_POINT('',(56.6836709313905,8.5,-40.8325322999854));
#5261=CARTESIAN_POINT('',(-66.5503290686095,8.5,-40.8325322999854));
#5262=CARTESIAN_POINT('',(-81.3163290686095,8.5,49.1670000894069));
#5263=CARTESIAN_POINT('',(-81.3163290686095,8.5,49.1670000894069));
#5264=CARTESIAN_POINT('',(56.6836709313905,8.5,49.167000089407));
#5265=CARTESIAN_POINT('',(56.6836709313905,8.5,49.167000089407));
#5266=CARTESIAN_POINT('',(56.6836709313905,8.5,-40.8325322999854));
#5267=CARTESIAN_POINT('Origin',(58.6836709313905,10.5,4.1672338947108));
#5268=CARTESIAN_POINT('',(58.6836709313905,10.,-41.3325322999854));
#5269=CARTESIAN_POINT('',(58.6836709313905,26.,48.167000089407));
#5270=CARTESIAN_POINT('',(58.6836709313905,26.,6.00000008940702));
#5271=CARTESIAN_POINT('',(58.6836709313905,10.18275,48.167000089407));
#5272=CARTESIAN_POINT('Origin',(-81.8163290686095,13.75,-41.3325322999854));
#5273=CARTESIAN_POINT('',(-83.3163290686095,26.,-39.8325322999854));
#5274=CARTESIAN_POINT('',(-80.3163290686095,26.,-42.8325322999854));
#5275=CARTESIAN_POINT('',(-88.0663290686095,26.,-35.0825322999854));
#5276=CARTESIAN_POINT('',(-80.3163290686095,13.75,-42.8325322999854));
#5277=CARTESIAN_POINT('',(-83.3163290686095,13.75,-39.8325322999854));
#5278=CARTESIAN_POINT('Origin',(-61.8163290686095,26.,3.66746770001463));
#5279=CARTESIAN_POINT('',(-83.3163290686095,26.,48.167000089407));
#5280=CARTESIAN_POINT('',(-83.3163290686095,26.,3.66746770001463));
#5281=CARTESIAN_POINT('',(-80.3163290686095,26.,51.167000089407));
#5282=CARTESIAN_POINT('',(-88.3162121659576,26.,43.1671169920589));
#5283=CARTESIAN_POINT('',(55.6836709313905,26.,51.167000089407));
#5284=CARTESIAN_POINT('',(-26.2418290686095,26.,51.167000089407));
#5285=CARTESIAN_POINT('',(38.9335540287386,26.,67.9171169920589));
#5286=CARTESIAN_POINT('',(-41.0079149544234,26.,-42.8325322999854));
#5287=CARTESIAN_POINT('',(-33.0826726118651,26.,40.500000089407));
#5288=CARTESIAN_POINT('',(-33.0826726118651,26.,15.700000089407));
#5289=CARTESIAN_POINT('',(-33.0826726118651,26.,20.3337338947108));
#5290=CARTESIAN_POINT('',(37.9173273881349,26.,15.700000089407));
#5291=CARTESIAN_POINT('',(-44.1995008402373,26.,15.700000089407));
#5292=CARTESIAN_POINT('',(37.9173273881349,26.,40.500000089407));
#5293=CARTESIAN_POINT('',(37.9173273881349,26.,7.33373389471079));
#5294=CARTESIAN_POINT('',(-8.1995008402373,26.,40.500000089407));
#5295=CARTESIAN_POINT('Origin',(-83.3163290686095,17.,3.66746770001463));
#5296=CARTESIAN_POINT('',(-83.3163290686095,13.43275,48.167000089407));
#5297=CARTESIAN_POINT('Origin',(-81.8163290686095,13.43275,49.667000089407));
#5298=CARTESIAN_POINT('',(-80.3163290686095,13.43275,51.167000089407));
#5299=CARTESIAN_POINT('Origin',(57.1836709313905,10.18275,49.667000089407));
#5300=CARTESIAN_POINT('',(55.6836709313905,10.18275,51.167000089407));
#5301=CARTESIAN_POINT('Origin',(-52.5850571765779,12.725742559758,-39.3325322999854));
#5302=CARTESIAN_POINT('',(-45.5850571765838,12.7257425597553,-39.3325322999854));
#5303=CARTESIAN_POINT('',(-52.5850571765779,12.725742559758,-39.3325322999854));
#5304=CARTESIAN_POINT('',(-32.8922790084072,12.7257425597504,-39.3325322999854));
#5305=CARTESIAN_POINT('',(-45.5850571765838,12.7257425597553,-36.3325322999854));
#5306=CARTESIAN_POINT('',(-45.5850571765838,12.7257425597553,-39.3325322999854));
#5307=CARTESIAN_POINT('',(-52.5850571765779,12.725742559758,-36.3325322999854));
#5308=CARTESIAN_POINT('',(-45.5850571765838,12.7257425597553,-36.3325322999854));
#5309=CARTESIAN_POINT('',(-52.5850571765779,12.725742559758,-39.3325322999854));
#5310=CARTESIAN_POINT('Origin',(-52.5850571765779,17.275742559758,-39.3325322999854));
#5311=CARTESIAN_POINT('',(-52.5850571765779,21.825742559758,-39.3325322999854));
#5312=CARTESIAN_POINT('Origin',(-52.5850571765779,17.275742559758,-39.3325322999854));
#5313=CARTESIAN_POINT('',(-52.5850571765779,21.825742559758,-36.3325322999854));
#5314=CARTESIAN_POINT('Origin',(-52.5850571765779,17.275742559758,-36.3325322999854));
#5315=CARTESIAN_POINT('',(-52.5850571765779,21.825742559758,-39.3325322999854));
#5316=CARTESIAN_POINT('Origin',(-52.5850571765779,24.000000238133,-39.3325322999854));
#5317=CARTESIAN_POINT('',(-52.5850571765779,17.2500001190665,-39.3325322999854));
#5318=CARTESIAN_POINT('',(-52.5850571765779,21.825742559758,-36.3325322999854));
#5319=CARTESIAN_POINT('Origin',(-45.5850571765833,21.825742559758,-39.3325322999854));
#5320=CARTESIAN_POINT('',(-45.5850571765833,21.825742559758,-39.3325322999854));
#5321=CARTESIAN_POINT('',(-45.5850571765833,16.162871279879,-39.3325322999854));
#5322=CARTESIAN_POINT('',(-45.5850571765833,21.825742559758,-36.3325322999854));
#5323=CARTESIAN_POINT('',(-45.5850571765833,24.000000238133,-36.3325322999854));
#5324=CARTESIAN_POINT('',(-45.5850571765833,21.825742559758,-39.3325322999854));
#5325=CARTESIAN_POINT('Origin',(-45.5850571765833,17.2757425597567,-39.3325322999854));
#5326=CARTESIAN_POINT('Origin',(-45.5850571765833,17.2757425597567,-39.3325322999854));
#5327=CARTESIAN_POINT('Origin',(-45.5850571765833,17.2757425597567,-36.3325322999854));
#5328=CARTESIAN_POINT('Origin',(-49.0850571765799,18.3628713989442,-36.3325322999854));
#5329=CARTESIAN_POINT('',(-52.5850571765779,14.025742559758,-36.3325322999854));
#5330=CARTESIAN_POINT('',(-52.5850571765779,20.525742559758,-36.3325322999854));
#5331=CARTESIAN_POINT('Origin',(-52.5850571765779,17.275742559758,-36.3325322999854));
#5332=CARTESIAN_POINT('',(-45.5850571765833,20.525742559758,-36.3325322999854));
#5333=CARTESIAN_POINT('',(-52.5850571765779,20.525742559758,-36.3325322999854));
#5334=CARTESIAN_POINT('',(-45.5850571765833,14.0257425597553,-36.3325322999854));
#5335=CARTESIAN_POINT('Origin',(-45.5850571765833,17.2757425597567,-36.3325322999854));
#5336=CARTESIAN_POINT('',(-45.5850571765833,14.0257425597553,-36.3325322999854));
#5337=CARTESIAN_POINT('Origin',(2.41732738813489,24.,24.000000089407));
#5338=CARTESIAN_POINT('Origin',(55.1836709313905,10.5,4.1672338947108));
#5339=CARTESIAN_POINT('',(55.1836709313905,5.,-1.0998138883969));
#5340=CARTESIAN_POINT('',(55.1836709313905,17.778808011436,4.03774419684945));
#5341=CARTESIAN_POINT('',(55.1836709313905,5.,47.667000089407));
#5342=CARTESIAN_POINT('',(55.1836709313905,5.,0.86661995762788));
#5343=CARTESIAN_POINT('',(55.1836709313905,7.75,47.667000089407));
#5344=CARTESIAN_POINT('Origin',(55.1836709313905,10.5,4.1672338947108));
#5345=CARTESIAN_POINT('',(55.1836709313905,8.,-39.3325322999854));
#5346=CARTESIAN_POINT('',(55.1836709313905,5.,-39.3325322999854));
#5347=CARTESIAN_POINT('',(55.1836709313905,9.25,-39.3325322999854));
#5348=CARTESIAN_POINT('',(55.1836709313905,5.,-16.8325322999854));
#5349=CARTESIAN_POINT('',(55.1836709313905,5.,0.86661995762788));
#5350=CARTESIAN_POINT('',(55.1836709313905,8.,-19.8325322999854));
#5351=CARTESIAN_POINT('',(55.1836709313905,1.12505845132596,-12.9575907513113));
#5352=CARTESIAN_POINT('',(55.1836709313905,8.,-7.83264920263729));
#5353=CARTESIAN_POINT('Origin',(56.6836709313905,5.,-40.8325322999854));
#5354=CARTESIAN_POINT('',(56.6836709313905,5.,-40.8325322999854));
#5355=CARTESIAN_POINT('',(56.6836709313905,5.,49.167000089407));
#5356=CARTESIAN_POINT('',(56.6836709313905,5.,-21.6332631397202));
#5357=CARTESIAN_POINT('',(56.6836709313905,5.,-40.8325322999854));
#5358=CARTESIAN_POINT('',(56.6836709313905,5.,49.167000089407));
#5359=CARTESIAN_POINT('Origin',(-79.8163290686095,9.5,4.16746770001463));
#5360=CARTESIAN_POINT('',(-79.8163290686095,5.,47.667000089407));
#5361=CARTESIAN_POINT('',(-79.8163290686095,16.7500001639128,47.667000089407));
#5362=CARTESIAN_POINT('',(-79.8163290686095,5.,-39.3325322999854));
#5363=CARTESIAN_POINT('',(-79.8163290686095,5.,0.866736860279799));
#5364=CARTESIAN_POINT('',(-79.8163290686095,7.25,-39.3325322999854));
#5365=CARTESIAN_POINT('Origin',(-20.1993290686095,9.8655,51.167000089407));
#5366=CARTESIAN_POINT('Origin',(41.9176709313905,5.,49.167000089407));
#5367=CARTESIAN_POINT('',(-81.3163290686095,5.,49.1670000894069));
#5368=CARTESIAN_POINT('',(-81.3163290686095,5.,49.1670000894069));
#5369=CARTESIAN_POINT('',(25.7270280537363,5.,49.167000089407));
#5370=CARTESIAN_POINT('Origin',(-81.3163290686095,5.,49.1670000894069));
#5371=CARTESIAN_POINT('',(-81.3163290686095,5.,-40.8325322999854));
#5372=CARTESIAN_POINT('',(-81.3163290686095,5.,23.366503054976));
#5373=CARTESIAN_POINT('',(-81.3163290686095,5.,-40.8325322999854));
#5374=CARTESIAN_POINT('Origin',(-81.3163290686095,5.,-40.8325322999854));
#5375=CARTESIAN_POINT('',(-42.8899719462636,5.,-40.8325322999854));
#5376=CARTESIAN_POINT('Origin',(-20.1995008402373,10.5,-42.8325322999854));
#5377=CARTESIAN_POINT('',(-6.24191495442339,10.,-42.8325322999854));
#5378=CARTESIAN_POINT('',(-52.5850571765779,14.025742559758,-42.8325322999854));
#5379=CARTESIAN_POINT('',(-45.5850571765833,14.0257425597553,-42.8325322999854));
#5380=CARTESIAN_POINT('',(-32.8922790084071,14.0257425597517,-42.8325322999854));
#5381=CARTESIAN_POINT('',(-45.5850571765833,20.525742559758,-42.8325322999854));
#5382=CARTESIAN_POINT('Origin',(-45.5850571765833,17.2757425597567,-42.8325322999854));
#5383=CARTESIAN_POINT('',(-52.5850571765779,20.525742559758,-42.8325322999854));
#5384=CARTESIAN_POINT('',(-29.3922790084103,20.525742559758,-42.8325322999854));
#5385=CARTESIAN_POINT('Origin',(-52.5850571765779,17.275742559758,-42.8325322999854));
#5386=CARTESIAN_POINT('Origin',(2.53638517608221,5.,-2.43399397945504));
#5387=CARTESIAN_POINT('',(-13.1994149544234,5.,-39.3325322999854));
#5388=CARTESIAN_POINT('',(47.4176709313905,5.,47.667000089407));
#5389=CARTESIAN_POINT('',(-34.8163290686095,5.,-1.09981388839695));
#5390=CARTESIAN_POINT('',(-16.1399719462636,5.,-1.09981388839694));
#5391=CARTESIAN_POINT('',(-34.8163290686095,5.,-16.8325322999854));
#5392=CARTESIAN_POINT('',(-34.8163290686095,5.,-36.3325322999854));
#5393=CARTESIAN_POINT('',(47.4176709313905,5.,-16.8325322999854));
#5394=CARTESIAN_POINT('',(-0.463614823917791,5.,-15.433993979455));
#5395=CARTESIAN_POINT('',(-0.46361482391779,5.,-6.95980744601424));
#5396=CARTESIAN_POINT('',(-13.4636148239178,5.,-15.433993979455));
#5397=CARTESIAN_POINT('',(-13.4636148239178,5.,-15.433993979455));
#5398=CARTESIAN_POINT('',(-13.4636148239178,5.,-2.43399397945503));
#5399=CARTESIAN_POINT('',(-15.7936432882395,5.,-15.433993979455));
#5400=CARTESIAN_POINT('',(-15.7936432882395,5.,-6.95980744601424));
#5401=CARTESIAN_POINT('',(-28.7936432882395,5.,-15.433993979455));
#5402=CARTESIAN_POINT('',(-28.7936432882395,5.,-15.433993979455));
#5403=CARTESIAN_POINT('',(-28.7936432882395,5.,-2.43399397945503));
#5404=CARTESIAN_POINT('Origin',(-33.5826726118651,24.,15.700000089407));
#5405=CARTESIAN_POINT('',(37.9173273881349,24.,15.700000089407));
#5406=CARTESIAN_POINT('',(-33.0826726118651,24.,15.700000089407));
#5407=CARTESIAN_POINT('Origin',(-33.0826726118651,24.,37.000000089407));
#5408=CARTESIAN_POINT('',(-33.0826726118651,24.,40.500000089407));
#5409=CARTESIAN_POINT('Origin',(-13.1995008402373,10.5,-39.3325322999854));
#5410=CARTESIAN_POINT('',(-37.000000551343,8.,-39.3325322999854));
#5411=CARTESIAN_POINT('',(-14.0079149544234,8.,-39.3325322999854));
#5412=CARTESIAN_POINT('',(-37.000000551343,16.5502528595197,-39.3325322999854));
#5413=CARTESIAN_POINT('',(-37.000000551343,13.0000001639128,-39.3325322999854));
#5414=CARTESIAN_POINT('',(-31.3997492757631,10.9500015839398,-39.3325322999854));
#5415=CARTESIAN_POINT('Origin',(-13.1993290686095,9.8655,47.667000089407));
#5416=CARTESIAN_POINT('Origin',(-34.8163290686095,23.8134901636294,6.46391180615597));
#5417=CARTESIAN_POINT('',(-37.000000551343,16.5502528595197,3.54381914153517));
#5418=CARTESIAN_POINT('',(-40.1811613660413,19.731413674218,4.82276459946805));
#5419=CARTESIAN_POINT('',(-37.000000551343,8.,0.106298156008601));
#5420=CARTESIAN_POINT('',(-37.000000551343,19.9664244858681,4.91724772296692));
#5421=CARTESIAN_POINT('',(-34.8163290686095,8.,0.106298156008602));
#5422=CARTESIAN_POINT('',(-24.8163290686095,8.,0.106298156008605));
#5423=CARTESIAN_POINT('',(-34.8163290686095,17.3264872967475,3.85589437620945));
#5424=CARTESIAN_POINT('Origin',(-6.58267261186511,22.5,42.000000089407));
#5425=CARTESIAN_POINT('',(-6.58267261186511,23.25,40.500000089407));
#5426=CARTESIAN_POINT('',(-6.58267261186511,21.875,43.875000089407));
#5427=CARTESIAN_POINT('Origin',(38.4173273881349,24.,40.500000089407));
#5428=CARTESIAN_POINT('',(37.9173273881349,24.,40.500000089407));
#5429=CARTESIAN_POINT('Origin',(-52.5850571765779,17.275742559758,-48.3325322999854));
#5430=CARTESIAN_POINT('',(-52.5850571765779,14.025742559758,-39.3325322999854));
#5431=CARTESIAN_POINT('',(-52.5850571765779,20.525742559758,-48.3325322999854));
#5432=CARTESIAN_POINT('Origin',(-52.5850571765779,14.025742559758,-48.3325322999854));
#5433=CARTESIAN_POINT('',(-45.5850571765833,14.0257425597553,-38.3325322999854));
#5434=CARTESIAN_POINT('Origin',(-30.7000000745058,8.75,-30.700000372529));
#5435=CARTESIAN_POINT('',(-34.7000000745058,8.,-30.700000372529));
#5436=CARTESIAN_POINT('',(-33.9500000745058,8.75,-30.700000372529));
#5437=CARTESIAN_POINT('',(-27.8933116343686,8.,-27.850000372529));
#5438=CARTESIAN_POINT('Origin',(-30.7000000745058,8.,-30.700000372529));
#5439=CARTESIAN_POINT('',(-33.506688514643,8.,-27.850000372529));
#5440=CARTESIAN_POINT('Ctrl Pts',(-27.8933116343686,8.,-27.850000372529));
#5441=CARTESIAN_POINT('Ctrl Pts',(-28.1751110453085,8.19773078728063,-27.850000372529));
#5442=CARTESIAN_POINT('Ctrl Pts',(-28.4597125138918,8.38309002967379,-27.850000372529));
#5443=CARTESIAN_POINT('Ctrl Pts',(-29.0409461540109,8.71076687297458,-27.850000372529));
#5444=CARTESIAN_POINT('Ctrl Pts',(-29.3353139048858,8.8542206139591,-27.850000372529));
#5445=CARTESIAN_POINT('Ctrl Pts',(-29.9707452403768,9.0733343325899,-27.850000372529));
#5446=CARTESIAN_POINT('Ctrl Pts',(-30.3114615909056,9.15,-27.850000372529));
#5447=CARTESIAN_POINT('Ctrl Pts',(-31.088538558106,9.15,-27.850000372529));
#5448=CARTESIAN_POINT('Ctrl Pts',(-31.4292549086348,9.0733343325899,-27.850000372529));
#5449=CARTESIAN_POINT('Ctrl Pts',(-32.0646862441258,8.85422061395911,-27.850000372529));
#5450=CARTESIAN_POINT('Ctrl Pts',(-32.3590539950007,8.71076687297458,-27.850000372529));
#5451=CARTESIAN_POINT('Ctrl Pts',(-32.9402876351198,8.3830900296738,-27.850000372529));
#5452=CARTESIAN_POINT('Ctrl Pts',(-33.2248891037031,8.19773078728063,-27.850000372529));
#5453=CARTESIAN_POINT('Ctrl Pts',(-33.506688514643,8.,-27.850000372529));
#5454=CARTESIAN_POINT('Origin',(-30.7000000745058,8.,-30.700000372529));
#5455=CARTESIAN_POINT('Origin',(-30.7000000745058,8.75,-25.000000372529));
#5456=CARTESIAN_POINT('',(-33.5000000745058,9.2,-25.000000372529));
#5457=CARTESIAN_POINT('Origin',(-30.7000000745058,9.2,-25.000000372529));
#5458=CARTESIAN_POINT('',(-34.7000000745058,8.,-25.000000372529));
#5459=CARTESIAN_POINT('',(-33.9500000745058,8.75,-25.000000372529));
#5460=CARTESIAN_POINT('Origin',(-30.7000000745058,8.,-25.000000372529));
#5461=CARTESIAN_POINT('Origin',(-30.7000000745058,8.,-25.000000372529));
#5462=CARTESIAN_POINT('Origin',(-30.7000000745058,10.,-25.000000372529));
#5463=CARTESIAN_POINT('',(-33.5000000745058,10.,-25.000000372529));
#5464=CARTESIAN_POINT('Origin',(-30.7000000745058,10.,-25.000000372529));
#5465=CARTESIAN_POINT('',(-33.5000000745058,10.,-25.000000372529));
#5466=CARTESIAN_POINT('Origin',(-17.8500000745058,8.75,-30.700000372529));
#5467=CARTESIAN_POINT('',(-20.6500000745058,9.2,-30.700000372529));
#5468=CARTESIAN_POINT('Origin',(-17.8500000745058,9.2,-30.700000372529));
#5469=CARTESIAN_POINT('',(-21.8500000745058,8.,-30.700000372529));
#5470=CARTESIAN_POINT('',(-21.1000000745058,8.75,-30.700000372529));
#5471=CARTESIAN_POINT('',(-15.0433116343686,8.,-27.850000372529));
#5472=CARTESIAN_POINT('Origin',(-17.8500000745058,8.,-30.700000372529));
#5473=CARTESIAN_POINT('',(-20.6566885146431,8.,-27.850000372529));
#5474=CARTESIAN_POINT('Ctrl Pts',(-15.0433116343686,8.,-27.850000372529));
#5475=CARTESIAN_POINT('Ctrl Pts',(-15.3251110453085,8.19773078728062,-27.850000372529));
#5476=CARTESIAN_POINT('Ctrl Pts',(-15.6097125138918,8.38309002967379,-27.850000372529));
#5477=CARTESIAN_POINT('Ctrl Pts',(-16.1909461540109,8.71076687297458,-27.850000372529));
#5478=CARTESIAN_POINT('Ctrl Pts',(-16.4853139048858,8.85422061395911,-27.850000372529));
#5479=CARTESIAN_POINT('Ctrl Pts',(-17.1207452403768,9.07333433258991,-27.850000372529));
#5480=CARTESIAN_POINT('Ctrl Pts',(-17.4614615909056,9.15,-27.850000372529));
#5481=CARTESIAN_POINT('Ctrl Pts',(-18.238538558106,9.15,-27.850000372529));
#5482=CARTESIAN_POINT('Ctrl Pts',(-18.5792549086348,9.07333433258991,-27.850000372529));
#5483=CARTESIAN_POINT('Ctrl Pts',(-19.2146862441258,8.85422061395911,-27.850000372529));
#5484=CARTESIAN_POINT('Ctrl Pts',(-19.5090539950007,8.71076687297458,-27.850000372529));
#5485=CARTESIAN_POINT('Ctrl Pts',(-20.0902876351198,8.38309002967379,-27.850000372529));
#5486=CARTESIAN_POINT('Ctrl Pts',(-20.3748891037031,8.19773078728063,-27.850000372529));
#5487=CARTESIAN_POINT('Ctrl Pts',(-20.6566885146431,8.,-27.850000372529));
#5488=CARTESIAN_POINT('Origin',(-17.8500000745058,8.,-30.700000372529));
#5489=CARTESIAN_POINT('Origin',(-17.8500000745058,8.75,-25.000000372529));
#5490=CARTESIAN_POINT('',(-20.6500000745058,9.2,-25.000000372529));
#5491=CARTESIAN_POINT('Origin',(-17.8500000745058,9.2,-25.000000372529));
#5492=CARTESIAN_POINT('',(-21.8500000745058,8.,-25.000000372529));
#5493=CARTESIAN_POINT('',(-21.1000000745058,8.75,-25.000000372529));
#5494=CARTESIAN_POINT('Origin',(-17.8500000745058,8.,-25.000000372529));
#5495=CARTESIAN_POINT('Origin',(-17.8500000745058,8.,-25.000000372529));
#5496=CARTESIAN_POINT('Origin',(-17.8500000745058,10.,-30.700000372529));
#5497=CARTESIAN_POINT('',(-20.6500000745058,10.,-30.700000372529));
#5498=CARTESIAN_POINT('Origin',(-17.8500000745058,10.,-30.700000372529));
#5499=CARTESIAN_POINT('',(-20.6500000745058,10.,-30.700000372529));
#5500=CARTESIAN_POINT('Origin',(-5.00000007450581,8.75,-30.700000372529));
#5501=CARTESIAN_POINT('',(-7.80000007450581,9.2,-30.700000372529));
#5502=CARTESIAN_POINT('Origin',(-5.00000007450581,9.2,-30.700000372529));
#5503=CARTESIAN_POINT('',(-9.00000007450581,8.,-30.700000372529));
#5504=CARTESIAN_POINT('',(-8.25000007450581,8.75,-30.700000372529));
#5505=CARTESIAN_POINT('',(-2.19331163436857,8.,-27.850000372529));
#5506=CARTESIAN_POINT('Origin',(-5.00000007450581,8.,-30.700000372529));
#5507=CARTESIAN_POINT('',(-7.80668851464304,8.,-27.850000372529));
#5508=CARTESIAN_POINT('Ctrl Pts',(-2.19331163436857,8.,-27.850000372529));
#5509=CARTESIAN_POINT('Ctrl Pts',(-2.47511104530847,8.19773078728063,-27.850000372529));
#5510=CARTESIAN_POINT('Ctrl Pts',(-2.75971251389184,8.38309002967379,-27.850000372529));
#5511=CARTESIAN_POINT('Ctrl Pts',(-3.34094615401092,8.71076687297458,-27.850000372529));
#5512=CARTESIAN_POINT('Ctrl Pts',(-3.6353139048858,8.85422061395911,-27.850000372529));
#5513=CARTESIAN_POINT('Ctrl Pts',(-4.27074524037677,9.07333433258991,-27.850000372529));
#5514=CARTESIAN_POINT('Ctrl Pts',(-4.6114615909056,9.15,-27.850000372529));
#5515=CARTESIAN_POINT('Ctrl Pts',(-5.38853855810601,9.15,-27.850000372529));
#5516=CARTESIAN_POINT('Ctrl Pts',(-5.72925490863484,9.07333433258991,-27.850000372529));
#5517=CARTESIAN_POINT('Ctrl Pts',(-6.36468624412581,8.85422061395911,-27.850000372529));
#5518=CARTESIAN_POINT('Ctrl Pts',(-6.65905399500069,8.71076687297458,-27.850000372529));
#5519=CARTESIAN_POINT('Ctrl Pts',(-7.24028763511977,8.38309002967379,-27.850000372529));
#5520=CARTESIAN_POINT('Ctrl Pts',(-7.52488910370314,8.19773078728063,-27.850000372529));
#5521=CARTESIAN_POINT('Ctrl Pts',(-7.80668851464304,8.,-27.850000372529));
#5522=CARTESIAN_POINT('Origin',(-5.00000007450581,8.,-30.700000372529));
#5523=CARTESIAN_POINT('Origin',(-5.00000007450581,8.75,-25.000000372529));
#5524=CARTESIAN_POINT('',(-7.80000007450581,9.2,-25.000000372529));
#5525=CARTESIAN_POINT('Origin',(-5.00000007450581,9.2,-25.000000372529));
#5526=CARTESIAN_POINT('',(-9.00000007450581,8.,-25.000000372529));
#5527=CARTESIAN_POINT('',(-8.25000007450581,8.75,-25.000000372529));
#5528=CARTESIAN_POINT('Origin',(-5.00000007450581,8.,-25.000000372529));
#5529=CARTESIAN_POINT('Origin',(-5.00000007450581,8.,-25.000000372529));
#5530=CARTESIAN_POINT('Origin',(-5.00000007450581,10.,-30.700000372529));
#5531=CARTESIAN_POINT('',(-7.80000007450581,10.,-30.700000372529));
#5532=CARTESIAN_POINT('Origin',(-5.00000007450581,10.,-30.700000372529));
#5533=CARTESIAN_POINT('',(-7.80000007450581,10.,-30.700000372529));
#5534=CARTESIAN_POINT('Origin',(-17.8500000745058,10.,-25.000000372529));
#5535=CARTESIAN_POINT('',(-20.6500000745058,10.,-25.000000372529));
#5536=CARTESIAN_POINT('Origin',(-17.8500000745058,10.,-25.000000372529));
#5537=CARTESIAN_POINT('',(-20.6500000745058,10.,-25.000000372529));
#5538=CARTESIAN_POINT('Origin',(-5.00000007450581,10.,-25.000000372529));
#5539=CARTESIAN_POINT('',(-7.80000007450581,10.,-25.000000372529));
#5540=CARTESIAN_POINT('Origin',(-5.00000007450581,10.,-25.000000372529));
#5541=CARTESIAN_POINT('',(-7.80000007450581,10.,-25.000000372529));
#5542=CARTESIAN_POINT('Origin',(-16.1399719462636,7.,-18.8325322999854));
#5543=CARTESIAN_POINT('',(-34.8163290686095,8.,-19.8325322999854));
#5544=CARTESIAN_POINT('',(-34.8163290686095,3.95154430629403,-15.7840766062794));
#5545=CARTESIAN_POINT('',(47.4176709313905,8.,-19.8325322999854));
#5546=CARTESIAN_POINT('Origin',(-45.5850571765833,20.525742559758,-48.3325322999854));
#5547=CARTESIAN_POINT('',(-45.5850571765833,20.525742559758,-48.3325322999854));
#5548=CARTESIAN_POINT('Origin',(-45.5850571765833,17.2757425597567,-48.3325322999854));
#5549=CARTESIAN_POINT('Origin',(-40.7248742854959,20.2751265936726,3.66746770001463));
#5550=CARTESIAN_POINT('',(-37.000000551343,16.5502528595197,3.66746770001463));
#5551=CARTESIAN_POINT('Origin',(2.41732738813489,22.5,44.500000089407));
#5552=CARTESIAN_POINT('Origin',(37.9173273881349,24.,11.000000089407));
#5553=CARTESIAN_POINT('Origin',(-14.8163290686095,10.,-18.9856209125734));
#5554=CARTESIAN_POINT('',(-30.9365004310966,10.,-19.7197082651693));
#5555=CARTESIAN_POINT('',(-30.9365004310966,10.,-14.8477141792938));
#5556=CARTESIAN_POINT('',(1.67924231893935,10.,-19.7197082651693));
#5557=CARTESIAN_POINT('',(-14.4781505074366,10.,-19.7197082651693));
#5558=CARTESIAN_POINT('',(1.67924231893935,10.,-18.0977141792938));
#5559=CARTESIAN_POINT('Origin',(-14.8163290686095,8.,-18.9856209125734));
#5560=CARTESIAN_POINT('',(-34.8163290686095,8.,-10.3121652188675));
#5561=CARTESIAN_POINT('',(-37.000000551343,8.,-7.65907660627941));
#5562=CARTESIAN_POINT('Origin',(-15.7936432882395,10.,-15.433993979455));
#5563=CARTESIAN_POINT('',(-15.7936432882395,7.,-17.1482796937408));
#5564=CARTESIAN_POINT('',(-15.7936432882395,7.,-2.43399397945503));
#5565=CARTESIAN_POINT('',(-15.7936432882395,8.19117647058824,-18.1692880971021));
#5566=CARTESIAN_POINT('Origin',(-37.000000551343,16.0000003278255,3.66746770001463));
#5567=CARTESIAN_POINT('Origin',(-34.8163290686095,12.,-1.63870952516152));
#5568=CARTESIAN_POINT('Origin',(1.03638517608221,8.5,-17.2098074460142));
#5569=CARTESIAN_POINT('',(2.53638517608221,12.,-21.433993979455));
#5570=CARTESIAN_POINT('Origin',(-30.2936432882395,8.5,-10.7098074460142));
#5571=CARTESIAN_POINT('',(-31.7936432882395,12.,-21.433993979455));
#5572=CARTESIAN_POINT('Origin',(-13.4636148239178,10.,-2.43399397945504));
#5573=CARTESIAN_POINT('',(-13.4636148239178,7.,-17.1482796937408));
#5574=CARTESIAN_POINT('',(-13.4636148239178,4.97941176470588,-15.4163469206315));
#5575=CARTESIAN_POINT('',(-13.4636148239178,7.,-9.79113683659789));
#5576=CARTESIAN_POINT('Origin',(-14.1399719462636,8.5,-18.433993979455));
#5577=CARTESIAN_POINT('',(-13.4636148239178,7.,-17.1482796937408));
#5578=CARTESIAN_POINT('Origin',(-15.7936432882395,7.,-2.43399397945503));
#5579=CARTESIAN_POINT('Origin',(-12.3163290686095,-18.2,4.16723389471079));
#5580=CARTESIAN_POINT('',(11.6836709313905,-18.2,21.167000089407));
#5581=CARTESIAN_POINT('Origin',(13.6836709313905,-18.2,21.167000089407));
#5582=CARTESIAN_POINT('Origin',(-12.3163290686095,-18.2,4.16723389471079));
#5583=CARTESIAN_POINT('',(11.6836709313905,-18.2,-12.8325322999854));
#5584=CARTESIAN_POINT('Origin',(13.6836709313905,-18.2,-12.8325322999854));
#5585=CARTESIAN_POINT('Origin',(-5.,-5.,47.1670000894069));
#5586=CARTESIAN_POINT('',(-1.9142135623731,-5.,46.167000089407));
#5587=CARTESIAN_POINT('Origin',(-5.,-5.,46.167000089407));
#5588=CARTESIAN_POINT('',(-1.20710678118655,-5.,46.4598933082204));
#5589=CARTESIAN_POINT('Origin',(-1.9142135623731,-5.,47.1670000894069));
#5590=CARTESIAN_POINT('',(-8.79289321881345,-5.,46.4598933082204));
#5591=CARTESIAN_POINT('Origin',(-5.,-5.,46.4598933082204));
#5592=CARTESIAN_POINT('Origin',(-5.,-5.,46.4598933082204));
#5593=CARTESIAN_POINT('Origin',(-5.,-5.,46.917000089407));
#5594=CARTESIAN_POINT('',(-10.,-5.,47.667000089407));
#5595=CARTESIAN_POINT('Origin',(-5.,-5.,47.667000089407));
#5596=CARTESIAN_POINT('',(-9.25,-5.,46.917000089407));
#5597=CARTESIAN_POINT('Origin',(-5.,-5.,46.167000089407));
#5598=CARTESIAN_POINT('',(-7.,-5.,46.167000089407));
#5599=CARTESIAN_POINT('Origin',(-5.,-5.,46.167000089407));
#5600=CARTESIAN_POINT('Origin',(15.,-5.,47.1670000894069));
#5601=CARTESIAN_POINT('',(18.0857864376269,-5.,46.167000089407));
#5602=CARTESIAN_POINT('Origin',(15.,-5.,46.167000089407));
#5603=CARTESIAN_POINT('',(18.7928932188134,-5.,46.4598933082204));
#5604=CARTESIAN_POINT('Origin',(18.0857864376269,-5.,47.1670000894069));
#5605=CARTESIAN_POINT('',(11.2071067811866,-5.,46.4598933082204));
#5606=CARTESIAN_POINT('Origin',(15.,-5.,46.4598933082204));
#5607=CARTESIAN_POINT('Origin',(15.,-5.,46.4598933082204));
#5608=CARTESIAN_POINT('Origin',(15.,-5.,46.917000089407));
#5609=CARTESIAN_POINT('',(10.,-5.,47.667000089407));
#5610=CARTESIAN_POINT('Origin',(15.,-5.,47.667000089407));
#5611=CARTESIAN_POINT('',(10.75,-5.,46.917000089407));
#5612=CARTESIAN_POINT('Origin',(15.,-5.,46.167000089407));
#5613=CARTESIAN_POINT('',(13.,-5.,46.167000089407));
#5614=CARTESIAN_POINT('Origin',(15.,-5.,46.167000089407));
#5615=CARTESIAN_POINT('Origin',(13.6836709313905,-14.5,-12.8325322999854));
#5616=CARTESIAN_POINT('',(13.6836709313905,-13.5,-16.2144983112355));
#5617=CARTESIAN_POINT('Origin',(13.6836709313905,-13.5,-12.8325322999854));
#5618=CARTESIAN_POINT('',(13.6836709313905,-14.0527864045,-17.1089255022354));
#5619=CARTESIAN_POINT('Origin',(13.6836709313905,-14.5,-16.2144983112355));
#5620=CARTESIAN_POINT('',(9.40727772914047,-14.0527864045,-12.8325322999854));
#5621=CARTESIAN_POINT('Origin',(13.6836709313905,-14.0527864045,-12.8325322999854));
#5622=CARTESIAN_POINT('Origin',(13.6836709313905,-14.0527864045,-12.8325322999854));
#5623=CARTESIAN_POINT('Origin',(13.6836709313905,-14.5,-12.8325322999854));
#5624=CARTESIAN_POINT('',(8.68367093139049,-15.5,-12.8325322999854));
#5625=CARTESIAN_POINT('Origin',(13.6836709313905,-15.5,-12.8325322999854));
#5626=CARTESIAN_POINT('',(9.18367093139049,-14.5,-12.8325322999854));
#5627=CARTESIAN_POINT('Origin',(13.6836709313905,-13.5,-12.8325322999854));
#5628=CARTESIAN_POINT('',(11.6836709313905,-13.5,-12.8325322999854));
#5629=CARTESIAN_POINT('Origin',(13.6836709313905,-13.5,-12.8325322999854));
#5630=CARTESIAN_POINT('Origin',(13.6836709313905,-14.5,21.167000089407));
#5631=CARTESIAN_POINT('',(13.6836709313905,-13.5,17.7850340781568));
#5632=CARTESIAN_POINT('Origin',(13.6836709313905,-13.5,21.167000089407));
#5633=CARTESIAN_POINT('',(13.6836709313905,-14.0527864045,16.8906068871569));
#5634=CARTESIAN_POINT('Origin',(13.6836709313905,-14.5,17.7850340781568));
#5635=CARTESIAN_POINT('',(9.40727772914047,-14.0527864045,21.167000089407));
#5636=CARTESIAN_POINT('Origin',(13.6836709313905,-14.0527864045,21.167000089407));
#5637=CARTESIAN_POINT('Origin',(13.6836709313905,-14.0527864045,21.167000089407));
#5638=CARTESIAN_POINT('Origin',(13.6836709313905,-14.5,21.167000089407));
#5639=CARTESIAN_POINT('',(8.68367093139049,-15.5,21.167000089407));
#5640=CARTESIAN_POINT('Origin',(13.6836709313905,-15.5,21.167000089407));
#5641=CARTESIAN_POINT('',(9.18367093139049,-14.5,21.167000089407));
#5642=CARTESIAN_POINT('Origin',(13.6836709313905,-13.5,21.167000089407));
#5643=CARTESIAN_POINT('',(11.6836709313905,-13.5,21.167000089407));
#5644=CARTESIAN_POINT('Origin',(13.6836709313905,-13.5,21.167000089407));
#5645=CARTESIAN_POINT('Origin',(-12.3163290686095,-15.5,4.16723389471079));
#5646=CARTESIAN_POINT('',(55.1836709313905,-15.5,-39.3325322999854));
#5647=CARTESIAN_POINT('',(55.1836709313905,-15.5,47.667000089407));
#5648=CARTESIAN_POINT('',(55.1836709313905,-15.5,-17.5826492026373));
#5649=CARTESIAN_POINT('',(-79.8163290686095,-15.5,-39.3325322999854));
#5650=CARTESIAN_POINT('',(-46.0663290686095,-15.5,-39.3325322999854));
#5651=CARTESIAN_POINT('',(-79.8163290686095,-15.5,47.667000089407));
#5652=CARTESIAN_POINT('',(-79.8163290686095,-15.5,25.9171169920589));
#5653=CARTESIAN_POINT('',(21.4336709313905,-15.5,47.667000089407));
#5654=CARTESIAN_POINT('',(7.16905800316296,-15.5,21.0750214426439));
#5655=CARTESIAN_POINT('Origin',(1.41905800316296,-15.5,21.0750214426439));
#5656=CARTESIAN_POINT('',(-66.330941996837,-15.5,21.0750214426439));
#5657=CARTESIAN_POINT('Origin',(-72.080941996837,-15.5,21.0750214426439));
#5658=CARTESIAN_POINT('',(-66.330941996837,-15.5,-32.4249785573561));
#5659=CARTESIAN_POINT('Origin',(-72.080941996837,-15.5,-32.4249785573561));
#5660=CARTESIAN_POINT('',(7.16905800316296,-15.5,-32.4249785573561));
#5661=CARTESIAN_POINT('Origin',(1.41905800316296,-15.5,-32.4249785573561));
#5662=CARTESIAN_POINT('Origin',(13.6836709313905,-18.5,-12.8325322999854));
#5663=CARTESIAN_POINT('',(11.6836709313905,-18.5,-12.8325322999854));
#5664=CARTESIAN_POINT('Origin',(13.6836709313905,-18.5,21.167000089407));
#5665=CARTESIAN_POINT('',(11.6836709313905,-18.5,21.167000089407));
#5666=CARTESIAN_POINT('Origin',(55.1836709313905,-26.5,47.667000089407));
#5667=CARTESIAN_POINT('',(-79.8163290686095,5.,47.667000089407));
#5668=CARTESIAN_POINT('',(-79.8163290686095,-26.5,47.667000089407));
#5669=CARTESIAN_POINT('',(55.1836709313905,5.,47.667000089407));
#5670=CARTESIAN_POINT('',(-79.8163290686095,5.,47.667000089407));
#5671=CARTESIAN_POINT('',(55.1836709313905,-26.5,47.667000089407));
#5672=CARTESIAN_POINT('',(-36.5000005215406,-5.50000007450581,47.667000089407));
#5673=CARTESIAN_POINT('',(-58.5000008940697,-5.50000007450581,47.667000089407));
#5674=CARTESIAN_POINT('',(10.0918352049249,-5.50000007450581,47.667000089407));
#5675=CARTESIAN_POINT('',(-34.5000005215406,-3.50000007450581,47.667000089407));
#5676=CARTESIAN_POINT('Origin',(-36.5000005215406,-3.50000007450581,47.667000089407));
#5677=CARTESIAN_POINT('',(-34.5000005215406,-1.5,47.667000089407));
#5678=CARTESIAN_POINT('',(-34.5000005215406,-13.25,47.667000089407));
#5679=CARTESIAN_POINT('',(-36.5000005215406,0.5,47.667000089407));
#5680=CARTESIAN_POINT('Origin',(-36.5000005215406,-1.5,47.667000089407));
#5681=CARTESIAN_POINT('',(-58.5000008940697,0.499999999999999,47.667000089407));
#5682=CARTESIAN_POINT('',(-2.40816498133959,0.5,47.667000089407));
#5683=CARTESIAN_POINT('',(-60.5000008940697,-1.5,47.667000089407));
#5684=CARTESIAN_POINT('Origin',(-58.5000008940697,-1.5,47.667000089407));
#5685=CARTESIAN_POINT('',(-60.5000008940697,-3.50000007450581,47.667000089407));
#5686=CARTESIAN_POINT('',(-60.5000008940697,-15.7500000372529,47.667000089407));
#5687=CARTESIAN_POINT('Origin',(-58.5000008940697,-3.50000007450581,47.667000089407));
#5688=CARTESIAN_POINT('Origin',(-5.,-5.,50.867000089407));
#5689=CARTESIAN_POINT('',(-7.,-5.,50.867000089407));
#5690=CARTESIAN_POINT('Origin',(-5.,-5.,50.867000089407));
#5691=CARTESIAN_POINT('',(-7.,-5.,50.867000089407));
#5692=CARTESIAN_POINT('Origin',(-5.,-5.,50.867000089407));
#5693=CARTESIAN_POINT('Origin',(15.,-5.,50.867000089407));
#5694=CARTESIAN_POINT('',(13.,-5.,50.867000089407));
#5695=CARTESIAN_POINT('Origin',(15.,-5.,50.867000089407));
#5696=CARTESIAN_POINT('',(13.,-5.,50.867000089407));
#5697=CARTESIAN_POINT('Origin',(15.,-5.,50.867000089407));
#5698=CARTESIAN_POINT('Origin',(-47.8163290686095,-17.,49.6670000894069));
#5699=CARTESIAN_POINT('',(-79.0736883814902,-18.5,48.167000089407));
#5700=CARTESIAN_POINT('',(54.4410302442712,-18.5,48.167000089407));
#5701=CARTESIAN_POINT('',(-47.8163290686095,-18.5,48.167000089407));
#5702=CARTESIAN_POINT('',(55.6836709313905,-15.5,51.167000089407));
#5703=CARTESIAN_POINT('',(54.4410302442712,-18.5,48.167000089407));
#5704=CARTESIAN_POINT('',(-80.3163290686095,-15.5,51.167000089407));
#5705=CARTESIAN_POINT('',(-47.8163290686095,-15.5,51.167000089407));
#5706=CARTESIAN_POINT('',(-79.0736883814902,-18.5,48.167000089407));
#5707=CARTESIAN_POINT('Origin',(50.1229523082847,-17.,54.6063983689531));
#5708=CARTESIAN_POINT('',(55.6836709313905,-18.5,46.9243594022877));
#5709=CARTESIAN_POINT('',(49.0622921365049,-18.5,53.5457381971733));
#5710=CARTESIAN_POINT('',(58.6836709313905,-15.5,48.1670000894069));
#5711=CARTESIAN_POINT('',(55.6836709313905,-18.5,46.9243594022877));
#5712=CARTESIAN_POINT('',(51.1836124800645,-15.5,55.6670585407329));
#5713=CARTESIAN_POINT('Origin',(57.1836709313905,-17.,27.6671169920589));
#5714=CARTESIAN_POINT('',(55.6836709313905,-18.5,-38.5898916128661));
#5715=CARTESIAN_POINT('',(55.6836709313905,-18.5,27.6671169920589));
#5716=CARTESIAN_POINT('',(58.6836709313905,-15.5,-39.8325322999854));
#5717=CARTESIAN_POINT('',(55.6836709313905,-18.5,-38.5898916128661));
#5718=CARTESIAN_POINT('',(58.6836709313905,-15.5,27.6671169920589));
#5719=CARTESIAN_POINT('Origin',(50.1229523082847,-17.,-46.2719305795315));
#5720=CARTESIAN_POINT('',(55.6836709313905,-15.5,-42.8325322999854));
#5721=CARTESIAN_POINT('',(51.1836124800645,-15.5,-47.3325907513113));
#5722=CARTESIAN_POINT('',(54.4410302442712,-18.5,-39.8325322999854));
#5723=CARTESIAN_POINT('',(49.0622921365049,-18.5,-45.2112704077517));
#5724=CARTESIAN_POINT('',(54.4410302442712,-18.5,-39.8325322999854));
#5725=CARTESIAN_POINT('Origin',(23.1836709313905,-17.,-41.3325322999854));
#5726=CARTESIAN_POINT('',(-80.3163290686095,-15.5,-42.8325322999854));
#5727=CARTESIAN_POINT('',(23.1836709313905,-15.5,-42.8325322999854));
#5728=CARTESIAN_POINT('',(-79.0736883814902,-18.5,-39.8325322999854));
#5729=CARTESIAN_POINT('',(23.1836709313905,-18.5,-39.8325322999854));
#5730=CARTESIAN_POINT('',(-79.0736883814902,-18.5,-39.8325322999854));
#5731=CARTESIAN_POINT('Origin',(-74.7556104455037,-17.,-46.2719305795315));
#5732=CARTESIAN_POINT('',(-83.3163290686095,-15.5,-39.8325322999854));
#5733=CARTESIAN_POINT('',(-75.8162706172835,-15.5,-47.3325907513113));
#5734=CARTESIAN_POINT('',(-80.3163290686095,-18.5,-38.5898916128661));
#5735=CARTESIAN_POINT('',(-73.6949502737239,-18.5,-45.2112704077517));
#5736=CARTESIAN_POINT('',(-80.3163290686095,-18.5,-38.5898916128661));
#5737=CARTESIAN_POINT('Origin',(-81.8163290686095,-17.,-19.3326492026373));
#5738=CARTESIAN_POINT('',(-83.3163290686095,-15.5,48.1670000894069));
#5739=CARTESIAN_POINT('',(-83.3163290686095,-15.5,-19.3326492026373));
#5740=CARTESIAN_POINT('',(-80.3163290686095,-18.5,46.9243594022877));
#5741=CARTESIAN_POINT('',(-80.3163290686095,-18.5,-19.3326492026373));
#5742=CARTESIAN_POINT('',(-80.3163290686095,-18.5,46.9243594022877));
#5743=CARTESIAN_POINT('Origin',(-74.7556104455037,-17.,54.6063983689531));
#5744=CARTESIAN_POINT('',(-75.8162706172835,-15.5,55.6670585407329));
#5745=CARTESIAN_POINT('',(-73.6949502737239,-18.5,53.5457381971733));
#5746=CARTESIAN_POINT('Origin',(-81.8163290686095,-26.5,-41.3325322999854));
#5747=CARTESIAN_POINT('',(-83.3163290686095,8.5,-39.8325322999854));
#5748=CARTESIAN_POINT('',(-83.3163290686095,-26.5,-39.8325322999854));
#5749=CARTESIAN_POINT('',(-80.3163290686095,8.5,-42.8325322999854));
#5750=CARTESIAN_POINT('',(-75.8162706172835,8.5,-47.3325907513114));
#5751=CARTESIAN_POINT('',(-80.3163290686095,-26.5,-42.8325322999854));
#5752=CARTESIAN_POINT('Origin',(-83.3163290686095,-26.5,-42.8325322999854));
#5753=CARTESIAN_POINT('',(-83.3163290686095,8.5,48.1670000894069));
#5754=CARTESIAN_POINT('',(-83.3163290686095,-26.5,48.1670000894069));
#5755=CARTESIAN_POINT('',(-83.3163290686095,8.5,51.167000089407));
#5756=CARTESIAN_POINT('Origin',(-81.8163290686095,-26.5,49.6670000894069));
#5757=CARTESIAN_POINT('',(-80.3163290686095,8.5,51.167000089407));
#5758=CARTESIAN_POINT('',(-80.3163290686095,-26.5,51.167000089407));
#5759=CARTESIAN_POINT('',(-75.8162706172835,8.5,55.6670585407329));
#5760=CARTESIAN_POINT('Origin',(-83.3163290686095,-26.5,51.167000089407));
#5761=CARTESIAN_POINT('',(55.6836709313905,8.5,51.167000089407));
#5762=CARTESIAN_POINT('',(55.6836709313905,-26.5,51.167000089407));
#5763=CARTESIAN_POINT('',(58.6836709313905,8.5,51.167000089407));
#5764=CARTESIAN_POINT('',(-58.5000008940697,-5.50000007450581,51.167000089407));
#5765=CARTESIAN_POINT('',(-36.5000005215406,-5.50000007450581,51.167000089407));
#5766=CARTESIAN_POINT('',(-59.1581647950751,-5.50000007450581,51.167000089407));
#5767=CARTESIAN_POINT('',(-60.5000008940697,-3.50000007450581,51.167000089407));
#5768=CARTESIAN_POINT('Origin',(-58.5000008940697,-3.50000007450581,51.167000089407));
#5769=CARTESIAN_POINT('',(-60.5000008940697,-1.5,51.167000089407));
#5770=CARTESIAN_POINT('',(-60.5000008940697,-15.7500000372529,51.167000089407));
#5771=CARTESIAN_POINT('',(-58.5000008940697,0.499999999999999,51.167000089407));
#5772=CARTESIAN_POINT('Origin',(-58.5000008940697,-1.5,51.167000089407));
#5773=CARTESIAN_POINT('',(-36.5000005215406,0.5,51.167000089407));
#5774=CARTESIAN_POINT('',(-71.6581649813396,0.5,51.167000089407));
#5775=CARTESIAN_POINT('',(-34.5000005215406,-1.5,51.167000089407));
#5776=CARTESIAN_POINT('Origin',(-36.5000005215406,-1.5,51.167000089407));
#5777=CARTESIAN_POINT('',(-34.5000005215406,-3.50000007450581,51.167000089407));
#5778=CARTESIAN_POINT('',(-34.5000005215406,-13.25,51.167000089407));
#5779=CARTESIAN_POINT('Origin',(-36.5000005215406,-3.50000007450581,51.167000089407));
#5780=CARTESIAN_POINT('Origin',(-12.3163290686095,-18.5,4.16723389471079));
#5781=CARTESIAN_POINT('Origin',(57.1836709313905,-26.5,-41.3325322999854));
#5782=CARTESIAN_POINT('',(55.6836709313905,8.5,-42.8325322999854));
#5783=CARTESIAN_POINT('',(55.6836709313905,-26.5,-42.8325322999854));
#5784=CARTESIAN_POINT('',(58.6836709313905,8.5,-39.8325322999854));
#5785=CARTESIAN_POINT('',(51.1836124800645,8.5,-47.3325907513114));
#5786=CARTESIAN_POINT('',(58.6836709313905,-26.5,-39.8325322999854));
#5787=CARTESIAN_POINT('Origin',(58.6836709313905,-26.5,-42.8325322999854));
#5788=CARTESIAN_POINT('',(-83.3163290686095,8.5,-42.8325322999854));
#5789=CARTESIAN_POINT('Origin',(57.1836709313905,-26.5,49.6670000894069));
#5790=CARTESIAN_POINT('',(58.6836709313905,8.5,48.1670000894069));
#5791=CARTESIAN_POINT('',(58.6836709313905,-26.5,48.1670000894069));
#5792=CARTESIAN_POINT('',(51.1836124800645,8.5,55.6670585407329));
#5793=CARTESIAN_POINT('Origin',(-72.080941996837,1.10000000000001,21.0750214426439));
#5794=CARTESIAN_POINT('',(-71.080941996837,3.10000000000001,21.0750214426439));
#5795=CARTESIAN_POINT('Origin',(-72.080941996837,3.10000000000001,21.0750214426439));
#5796=CARTESIAN_POINT('',(-71.080941996837,1.10000000000001,21.0750214426439));
#5797=CARTESIAN_POINT('',(-71.080941996837,1.10000000000001,21.0750214426439));
#5798=CARTESIAN_POINT('Origin',(-72.080941996837,1.10000000000001,21.0750214426439));
#5799=CARTESIAN_POINT('Origin',(-72.080941996837,3.10000000000001,21.0750214426439));
#5800=CARTESIAN_POINT('Origin',(1.41905800316296,1.10000000000001,21.0750214426439));
#5801=CARTESIAN_POINT('',(2.41905800316296,3.10000000000001,21.0750214426439));
#5802=CARTESIAN_POINT('Origin',(1.41905800316296,3.10000000000001,21.0750214426439));
#5803=CARTESIAN_POINT('',(2.41905800316296,1.10000000000001,21.0750214426439));
#5804=CARTESIAN_POINT('',(2.41905800316296,1.10000000000001,21.0750214426439));
#5805=CARTESIAN_POINT('Origin',(1.41905800316296,1.10000000000001,21.0750214426439));
#5806=CARTESIAN_POINT('Origin',(1.41905800316296,3.10000000000001,21.0750214426439));
#5807=CARTESIAN_POINT('Origin',(-72.080941996837,1.10000000000001,-32.4249785573561));
#5808=CARTESIAN_POINT('',(-71.080941996837,3.10000000000001,-32.4249785573561));
#5809=CARTESIAN_POINT('Origin',(-72.080941996837,3.10000000000001,-32.4249785573561));
#5810=CARTESIAN_POINT('',(-71.080941996837,1.10000000000001,-32.4249785573561));
#5811=CARTESIAN_POINT('',(-71.080941996837,1.10000000000001,-32.4249785573561));
#5812=CARTESIAN_POINT('Origin',(-72.080941996837,1.10000000000001,-32.4249785573561));
#5813=CARTESIAN_POINT('Origin',(-72.080941996837,3.10000000000001,-32.4249785573561));
#5814=CARTESIAN_POINT('Origin',(1.41905800316296,1.10000000000001,-32.4249785573561));
#5815=CARTESIAN_POINT('',(2.41905800316296,3.10000000000001,-32.4249785573561));
#5816=CARTESIAN_POINT('Origin',(1.41905800316296,3.10000000000001,-32.4249785573561));
#5817=CARTESIAN_POINT('',(2.41905800316296,1.10000000000001,-32.4249785573561));
#5818=CARTESIAN_POINT('',(2.41905800316296,1.10000000000001,-32.4249785573561));
#5819=CARTESIAN_POINT('Origin',(1.41905800316296,1.10000000000001,-32.4249785573561));
#5820=CARTESIAN_POINT('Origin',(1.41905800316296,3.10000000000001,-32.4249785573561));
#5821=CARTESIAN_POINT('Origin',(10.0918352049249,-5.25000007450581,47.9170000894069));
#5822=CARTESIAN_POINT('',(-36.5000005215406,-5.00000007450581,48.1670000894069));
#5823=CARTESIAN_POINT('',(-36.5000005215406,-5.00000007450581,48.1670000894069));
#5824=CARTESIAN_POINT('',(-58.5000008940697,-5.00000007450581,48.1670000894069));
#5825=CARTESIAN_POINT('',(-58.5000008940697,-5.50000007450581,47.667000089407));
#5826=CARTESIAN_POINT('',(10.0918352049249,-5.00000007450581,48.1670000894069));
#5827=CARTESIAN_POINT('Origin',(-58.5000008940697,-3.50000007450581,47.917000089407));
#5828=CARTESIAN_POINT('',(-60.0000008940697,-3.50000007450581,48.167000089407));
#5829=CARTESIAN_POINT('',(-60.5000008940697,-3.50000007450581,47.667000089407));
#5830=CARTESIAN_POINT('Origin',(-58.5000008940697,-3.50000007450581,48.167000089407));
#5831=CARTESIAN_POINT('Origin',(-36.5000005215406,-3.50000007450581,47.917000089407));
#5832=CARTESIAN_POINT('',(-35.0000005215406,-3.50000007450581,48.167000089407));
#5833=CARTESIAN_POINT('Origin',(-36.5000005215406,-3.50000007450581,48.167000089407));
#5834=CARTESIAN_POINT('',(-35.0000005215406,-3.50000007450581,48.167000089407));
#5835=CARTESIAN_POINT('Origin',(-60.2500008940697,-15.7500000372529,47.9170000894069));
#5836=CARTESIAN_POINT('',(-60.0000008940697,-1.5,48.1670000894069));
#5837=CARTESIAN_POINT('',(-60.5000008940697,-1.5,47.667000089407));
#5838=CARTESIAN_POINT('',(-60.0000008940697,-15.7500000372529,48.1670000894069));
#5839=CARTESIAN_POINT('Origin',(-34.7500005215406,-13.25,47.9170000894069));
#5840=CARTESIAN_POINT('',(-35.0000005215406,-1.5,48.1670000894069));
#5841=CARTESIAN_POINT('',(-35.0000005215406,-1.5,48.1670000894069));
#5842=CARTESIAN_POINT('',(-35.0000005215406,-13.25,48.1670000894069));
#5843=CARTESIAN_POINT('Origin',(-58.5000008940697,-1.5,47.917000089407));
#5844=CARTESIAN_POINT('',(-58.5000008940697,0.,48.167000089407));
#5845=CARTESIAN_POINT('',(-58.5000008940697,0.499999999999999,47.667000089407));
#5846=CARTESIAN_POINT('Origin',(-58.5000008940697,-1.5,48.167000089407));
#5847=CARTESIAN_POINT('Origin',(-36.5000005215406,-1.5,47.917000089407));
#5848=CARTESIAN_POINT('',(-36.5000005215406,0.,48.167000089407));
#5849=CARTESIAN_POINT('Origin',(-36.5000005215406,-1.5,48.167000089407));
#5850=CARTESIAN_POINT('',(-36.5000005215406,0.,48.167000089407));
#5851=CARTESIAN_POINT('Origin',(-2.40816498133959,0.25,47.9170000894069));
#5852=CARTESIAN_POINT('',(-2.40816498133959,0.,48.1670000894069));
#5853=CARTESIAN_POINT('Origin',(-36.5000005215406,-1.5,51.167000089407));
#5854=CARTESIAN_POINT('',(-35.0000005215406,-1.5,50.6670000894069));
#5855=CARTESIAN_POINT('',(-35.0000005215406,-1.5,51.167000089407));
#5856=CARTESIAN_POINT('',(-36.5000005215406,0.,50.6670000894069));
#5857=CARTESIAN_POINT('Origin',(-36.5000005215406,-1.5,50.6670000894069));
#5858=CARTESIAN_POINT('',(-36.5000005215406,0.,51.167000089407));
#5859=CARTESIAN_POINT('Origin',(-35.0000005215406,0.,51.167000089407));
#5860=CARTESIAN_POINT('',(-35.0000005215406,-3.50000007450581,50.667000089407));
#5861=CARTESIAN_POINT('',(-35.0000005215406,-3.50000007450581,51.167000089407));
#5862=CARTESIAN_POINT('',(-35.0000005215406,-13.25,50.6670000894069));
#5863=CARTESIAN_POINT('Origin',(-36.5000005215406,-3.50000007450581,51.167000089407));
#5864=CARTESIAN_POINT('',(-36.5000005215406,-5.00000007450581,50.6670000894069));
#5865=CARTESIAN_POINT('',(-36.5000005215406,-5.00000007450581,51.167000089407));
#5866=CARTESIAN_POINT('Origin',(-36.5000005215406,-3.50000007450581,50.667000089407));
#5867=CARTESIAN_POINT('Origin',(-35.0000005215406,-5.00000007450581,51.167000089407));
#5868=CARTESIAN_POINT('',(-58.5000008940697,-5.00000007450581,50.6670000894069));
#5869=CARTESIAN_POINT('',(-58.5000008940697,-5.00000007450581,51.167000089407));
#5870=CARTESIAN_POINT('',(-59.1581647950751,-5.00000007450581,50.6670000894069));
#5871=CARTESIAN_POINT('Origin',(-59.1581647950751,-5.25000007450581,50.9170000894069));
#5872=CARTESIAN_POINT('',(-58.5000008940697,-5.00000007450581,50.6670000894069));
#5873=CARTESIAN_POINT('',(-36.5000005215406,-5.50000007450581,51.167000089407));
#5874=CARTESIAN_POINT('Origin',(-36.5000005215406,-3.50000007450581,50.9170000894069));
#5875=CARTESIAN_POINT('',(-34.5000005215406,-3.50000007450581,51.167000089407));
#5876=CARTESIAN_POINT('Origin',(-58.5000008940697,-3.50000007450581,50.9170000894069));
#5877=CARTESIAN_POINT('',(-60.0000008940697,-3.50000007450581,50.667000089407));
#5878=CARTESIAN_POINT('Origin',(-58.5000008940697,-3.50000007450581,50.667000089407));
#5879=CARTESIAN_POINT('',(-60.0000008940697,-3.50000007450581,50.667000089407));
#5880=CARTESIAN_POINT('Origin',(-34.7500005215406,-13.25,50.9170000894069));
#5881=CARTESIAN_POINT('',(-34.5000005215406,-1.5,51.167000089407));
#5882=CARTESIAN_POINT('Origin',(-60.2500008940697,-15.7500000372529,50.9170000894069));
#5883=CARTESIAN_POINT('',(-60.0000008940697,-1.5,50.6670000894069));
#5884=CARTESIAN_POINT('',(-60.0000008940697,-1.5,50.6670000894069));
#5885=CARTESIAN_POINT('',(-60.0000008940697,-15.7500000372529,50.6670000894069));
#5886=CARTESIAN_POINT('Origin',(-36.5000005215406,-1.5,50.9170000894069));
#5887=CARTESIAN_POINT('',(-36.5000005215406,0.5,51.167000089407));
#5888=CARTESIAN_POINT('Origin',(-58.5000008940697,-1.5,50.9170000894069));
#5889=CARTESIAN_POINT('',(-58.5000008940697,0.,50.667000089407));
#5890=CARTESIAN_POINT('Origin',(-58.5000008940697,-1.5,50.667000089407));
#5891=CARTESIAN_POINT('',(-58.5000008940697,0.,50.667000089407));
#5892=CARTESIAN_POINT('Origin',(-71.6581649813396,0.25,50.9170000894069));
#5893=CARTESIAN_POINT('',(-71.6581649813396,0.,50.6670000894069));
#5894=CARTESIAN_POINT('Origin',(-58.5000008940697,-1.5,51.167000089407));
#5895=CARTESIAN_POINT('',(-58.5000008940697,0.,51.167000089407));
#5896=CARTESIAN_POINT('',(-60.0000008940697,-1.5,51.167000089407));
#5897=CARTESIAN_POINT('Origin',(-60.0000008940697,-5.00000007450581,51.167000089407));
#5898=CARTESIAN_POINT('',(-60.0000008940697,-3.50000007450581,51.167000089407));
#5899=CARTESIAN_POINT('Origin',(-58.5000008940697,-3.50000007450581,51.167000089407));
#5900=CARTESIAN_POINT('Origin',(-60.0000008940697,0.,51.167000089407));
#5901=CARTESIAN_POINT('Origin',(58.6836709313905,1.35,18.6250002980232));
#5902=CARTESIAN_POINT('',(58.6836709313905,1.35,18.6250002980232));
#5903=CARTESIAN_POINT('',(58.6836709313905,0.583177858531826,18.6250002980232));
#5904=CARTESIAN_POINT('',(58.6836709313905,-12.575,18.6250002980232));
#5905=CARTESIAN_POINT('',(55.1836709313905,1.35,18.6250002980232));
#5906=CARTESIAN_POINT('',(58.6836709313905,1.35,18.6250002980232));
#5907=CARTESIAN_POINT('',(55.1836709313905,0.583177858531826,18.6250002980232));
#5908=CARTESIAN_POINT('',(55.1836709313905,-12.575,18.6250002980232));
#5909=CARTESIAN_POINT('',(58.6836709313905,0.583177858531826,18.6250002980232));
#5910=CARTESIAN_POINT('Origin',(58.6836709313905,1.35,21.3750002980232));
#5911=CARTESIAN_POINT('',(58.6836709313905,1.35,21.3750002980232));
#5912=CARTESIAN_POINT('',(58.6836709313905,1.35000000000001,36.2710001937151));
#5913=CARTESIAN_POINT('',(55.1836709313905,1.35,21.3750002980232));
#5914=CARTESIAN_POINT('',(58.6836709313905,1.35,21.3750002980232));
#5915=CARTESIAN_POINT('',(55.1836709313905,1.35000000000001,-8.97876600098107));
#5916=CARTESIAN_POINT('Origin',(58.6836709313905,0.583177858531825,21.3750002980232));
#5917=CARTESIAN_POINT('',(58.6836709313905,0.583177858531825,21.3750002980232));
#5918=CARTESIAN_POINT('',(58.6836709313905,-12.9584110707341,21.3750002980232));
#5919=CARTESIAN_POINT('',(55.1836709313905,0.583177858531825,21.3750002980232));
#5920=CARTESIAN_POINT('',(58.6836709313905,0.583177858531825,21.3750002980232));
#5921=CARTESIAN_POINT('',(55.1836709313905,-12.9584110707341,21.3750002980232));
#5922=CARTESIAN_POINT('Origin',(58.6836709313905,-5.,20.0000002980232));
#5923=CARTESIAN_POINT('',(58.6836709313905,-2.16054595829724,25.000000372529));
#5924=CARTESIAN_POINT('Origin',(58.6836709313905,-5.,20.0000002980232));
#5925=CARTESIAN_POINT('',(55.1836709313905,-2.16054595829724,25.000000372529));
#5926=CARTESIAN_POINT('',(58.6836709313905,-2.16054595829724,25.000000372529));
#5927=CARTESIAN_POINT('Origin',(55.1836709313905,-5.,20.0000002980232));
#5928=CARTESIAN_POINT('Origin',(58.6836709313905,-3.375,25.000000372529));
#5929=CARTESIAN_POINT('',(58.6836709313905,-3.375,25.000000372529));
#5930=CARTESIAN_POINT('',(58.6836709313905,-14.9375,25.000000372529));
#5931=CARTESIAN_POINT('',(55.1836709313905,-3.375,25.000000372529));
#5932=CARTESIAN_POINT('',(58.6836709313905,-3.375,25.000000372529));
#5933=CARTESIAN_POINT('',(55.1836709313905,-14.9375,25.000000372529));
#5934=CARTESIAN_POINT('Origin',(58.6836709313905,-3.375,26.2500002980232));
#5935=CARTESIAN_POINT('',(58.6836709313905,-3.375,26.2500002980232));
#5936=CARTESIAN_POINT('',(58.6836709313905,-3.375,38.7085001937151));
#5937=CARTESIAN_POINT('',(55.1836709313905,-3.375,26.2500002980232));
#5938=CARTESIAN_POINT('',(58.6836709313905,-3.375,26.2500002980232));
#5939=CARTESIAN_POINT('',(55.1836709313905,-3.375,-6.54126600098107));
#5940=CARTESIAN_POINT('Origin',(58.6836709313905,-6.625,26.2500002980232));
#5941=CARTESIAN_POINT('',(58.6836709313905,-6.625,26.2500002980232));
#5942=CARTESIAN_POINT('',(58.6836709313905,-16.5625,26.2500002980232));
#5943=CARTESIAN_POINT('',(55.1836709313905,-6.625,26.2500002980232));
#5944=CARTESIAN_POINT('',(58.6836709313905,-6.625,26.2500002980232));
#5945=CARTESIAN_POINT('',(55.1836709313905,-16.5625,26.2500002980232));
#5946=CARTESIAN_POINT('Origin',(58.6836709313905,-6.625,25.000000372529));
#5947=CARTESIAN_POINT('',(58.6836709313905,-6.625,25.000000372529));
#5948=CARTESIAN_POINT('',(58.6836709313905,-6.625,38.083500230968));
#5949=CARTESIAN_POINT('',(55.1836709313905,-6.625,25.000000372529));
#5950=CARTESIAN_POINT('',(58.6836709313905,-6.625,25.000000372529));
#5951=CARTESIAN_POINT('',(55.1836709313905,-6.625,-7.16626596372817));
#5952=CARTESIAN_POINT('Origin',(58.6836709313905,-7.83945404170276,25.000000372529));
#5953=CARTESIAN_POINT('',(58.6836709313905,-7.83945404170276,25.000000372529));
#5954=CARTESIAN_POINT('',(58.6836709313905,-17.1697270208514,25.000000372529));
#5955=CARTESIAN_POINT('',(55.1836709313905,-7.83945404170276,25.000000372529));
#5956=CARTESIAN_POINT('',(58.6836709313905,-7.83945404170276,25.000000372529));
#5957=CARTESIAN_POINT('',(55.1836709313905,-17.1697270208514,25.000000372529));
#5958=CARTESIAN_POINT('Origin',(58.6836709313905,-5.,20.0000002980232));
#5959=CARTESIAN_POINT('',(58.6836709313905,-7.83945404170277,15.0000002235174));
#5960=CARTESIAN_POINT('Origin',(58.6836709313905,-5.,20.0000002980232));
#5961=CARTESIAN_POINT('',(55.1836709313905,-7.83945404170277,15.0000002235174));
#5962=CARTESIAN_POINT('',(58.6836709313905,-7.83945404170277,15.0000002235174));
#5963=CARTESIAN_POINT('Origin',(55.1836709313905,-5.,20.0000002980232));
#5964=CARTESIAN_POINT('Origin',(58.6836709313905,-6.625,15.0000002235174));
#5965=CARTESIAN_POINT('',(58.6836709313905,-6.625,15.0000002235174));
#5966=CARTESIAN_POINT('',(58.6836709313905,-16.5625,15.0000002235174));
#5967=CARTESIAN_POINT('',(55.1836709313905,-6.625,15.0000002235174));
#5968=CARTESIAN_POINT('',(58.6836709313905,-6.625,15.0000002235174));
#5969=CARTESIAN_POINT('',(55.1836709313905,-16.5625,15.0000002235174));
#5970=CARTESIAN_POINT('Origin',(58.6836709313905,-6.625,13.7500002980232));
#5971=CARTESIAN_POINT('',(58.6836709313905,-6.625,13.7500002980232));
#5972=CARTESIAN_POINT('',(58.6836709313905,-6.625,32.4585001937151));
#5973=CARTESIAN_POINT('',(55.1836709313905,-6.625,13.7500002980232));
#5974=CARTESIAN_POINT('',(58.6836709313905,-6.625,13.7500002980232));
#5975=CARTESIAN_POINT('',(55.1836709313905,-6.625,-12.7912660009811));
#5976=CARTESIAN_POINT('Origin',(58.6836709313905,-3.375,13.7500002980232));
#5977=CARTESIAN_POINT('',(58.6836709313905,-3.375,13.7500002980232));
#5978=CARTESIAN_POINT('',(58.6836709313905,-14.9375,13.7500002980232));
#5979=CARTESIAN_POINT('',(55.1836709313905,-3.375,13.7500002980232));
#5980=CARTESIAN_POINT('',(58.6836709313905,-3.375,13.7500002980232));
#5981=CARTESIAN_POINT('',(55.1836709313905,-14.9375,13.7500002980232));
#5982=CARTESIAN_POINT('Origin',(58.6836709313905,-3.375,15.0000002235174));
#5983=CARTESIAN_POINT('',(58.6836709313905,-3.375,15.0000002235174));
#5984=CARTESIAN_POINT('',(58.6836709313905,-3.375,33.0835001564622));
#5985=CARTESIAN_POINT('',(55.1836709313905,-3.375,15.0000002235174));
#5986=CARTESIAN_POINT('',(58.6836709313905,-3.375,15.0000002235174));
#5987=CARTESIAN_POINT('',(55.1836709313905,-3.375,-12.166266038234));
#5988=CARTESIAN_POINT('Origin',(58.6836709313905,-2.16054595829722,15.0000002235174));
#5989=CARTESIAN_POINT('',(58.6836709313905,-2.16054595829722,15.0000002235174));
#5990=CARTESIAN_POINT('',(58.6836709313905,-14.3302729791486,15.0000002235174));
#5991=CARTESIAN_POINT('',(55.1836709313905,-2.16054595829722,15.0000002235174));
#5992=CARTESIAN_POINT('',(58.6836709313905,-2.16054595829722,15.0000002235174));
#5993=CARTESIAN_POINT('',(55.1836709313905,-14.3302729791486,15.0000002235174));
#5994=CARTESIAN_POINT('Origin',(58.6836709313905,-5.,20.0000002980232));
#5995=CARTESIAN_POINT('Origin',(58.6836709313905,-5.,20.0000002980232));
#5996=CARTESIAN_POINT('Origin',(55.1836709313905,-5.,20.0000002980232));
#5997=CARTESIAN_POINT('Origin',(1.41905800316296,-23.5,-32.4249785573561));
#5998=CARTESIAN_POINT('',(3.66905800316296,1.10000000000001,-32.4249785573561));
#5999=CARTESIAN_POINT('Origin',(1.41905800316296,1.10000000000001,-32.4249785573561));
#6000=CARTESIAN_POINT('',(3.66905800316296,-5.89999999999999,-32.4249785573561));
#6001=CARTESIAN_POINT('',(3.66905800316296,-23.5,-32.4249785573561));
#6002=CARTESIAN_POINT('Origin',(1.41905800316296,-5.89999999999999,-32.4249785573561));
#6003=CARTESIAN_POINT('Origin',(1.41905800316296,1.10000000000001,-32.4249785573561));
#6004=CARTESIAN_POINT('Origin',(-72.080941996837,-23.5,21.0750214426439));
#6005=CARTESIAN_POINT('',(-69.830941996837,1.10000000000001,21.0750214426439));
#6006=CARTESIAN_POINT('Origin',(-72.080941996837,1.10000000000001,21.0750214426439));
#6007=CARTESIAN_POINT('',(-69.830941996837,-5.89999999999999,21.0750214426439));
#6008=CARTESIAN_POINT('',(-69.830941996837,-23.5,21.0750214426439));
#6009=CARTESIAN_POINT('Origin',(-72.080941996837,-5.89999999999999,21.0750214426439));
#6010=CARTESIAN_POINT('Origin',(-72.080941996837,1.10000000000001,21.0750214426439));
#6011=CARTESIAN_POINT('Origin',(-72.080941996837,-23.5,-32.4249785573561));
#6012=CARTESIAN_POINT('',(-69.830941996837,1.10000000000001,-32.4249785573561));
#6013=CARTESIAN_POINT('Origin',(-72.080941996837,1.10000000000001,-32.4249785573561));
#6014=CARTESIAN_POINT('',(-69.830941996837,-5.89999999999999,-32.4249785573561));
#6015=CARTESIAN_POINT('',(-69.830941996837,-23.5,-32.4249785573561));
#6016=CARTESIAN_POINT('Origin',(-72.080941996837,-5.89999999999999,-32.4249785573561));
#6017=CARTESIAN_POINT('Origin',(-72.080941996837,1.10000000000001,-32.4249785573561));
#6018=CARTESIAN_POINT('Origin',(1.41905800316296,-23.5,21.0750214426439));
#6019=CARTESIAN_POINT('',(3.66905800316296,1.10000000000001,21.0750214426439));
#6020=CARTESIAN_POINT('Origin',(1.41905800316296,1.10000000000001,21.0750214426439));
#6021=CARTESIAN_POINT('',(3.66905800316296,-5.89999999999999,21.0750214426439));
#6022=CARTESIAN_POINT('',(3.66905800316296,-23.5,21.0750214426439));
#6023=CARTESIAN_POINT('Origin',(1.41905800316296,-5.89999999999999,21.0750214426439));
#6024=CARTESIAN_POINT('Origin',(1.41905800316296,1.10000000000001,21.0750214426439));
#6025=CARTESIAN_POINT('Origin',(-72.080941996837,-10.6919145159544,21.0750214426439));
#6026=CARTESIAN_POINT('',(-69.8250562457926,-5.89999999999999,21.0750214426439));
#6027=CARTESIAN_POINT('',(-68.080941996837,-10.6919145159544,21.0750214426439));
#6028=CARTESIAN_POINT('Origin',(-72.080941996837,-5.89999999999999,21.0750214426439));
#6029=CARTESIAN_POINT('Origin',(-72.080941996837,-10.6919145159544,-32.4249785573561));
#6030=CARTESIAN_POINT('',(-69.8250562457926,-5.89999999999999,-32.4249785573561));
#6031=CARTESIAN_POINT('',(-68.080941996837,-10.6919145159544,-32.4249785573561));
#6032=CARTESIAN_POINT('Origin',(-72.080941996837,-5.89999999999999,-32.4249785573561));
#6033=CARTESIAN_POINT('Origin',(1.41905800316296,-10.6919145159544,21.0750214426439));
#6034=CARTESIAN_POINT('',(3.67494375420741,-5.89999999999999,21.0750214426439));
#6035=CARTESIAN_POINT('',(5.41905800316296,-10.6919145159544,21.0750214426439));
#6036=CARTESIAN_POINT('Origin',(1.41905800316296,-5.89999999999999,21.0750214426439));
#6037=CARTESIAN_POINT('Origin',(1.41905800316296,-10.6919145159544,-32.4249785573561));
#6038=CARTESIAN_POINT('',(3.67494375420741,-5.89999999999999,-32.4249785573561));
#6039=CARTESIAN_POINT('',(5.41905800316296,-10.6919145159544,-32.4249785573561));
#6040=CARTESIAN_POINT('Origin',(1.41905800316296,-5.89999999999999,-32.4249785573561));
#6041=CARTESIAN_POINT('Origin',(-12.3163290686095,-5.89999999999999,4.16723389471079));
#6042=CARTESIAN_POINT('Origin',(-12.3163290686095,-5.89999999999999,4.16723389471079));
#6043=CARTESIAN_POINT('Origin',(-12.3163290686095,-5.89999999999999,4.16723389471079));
#6044=CARTESIAN_POINT('Origin',(-12.3163290686095,-5.89999999999999,4.16723389471079));
#6045=CARTESIAN_POINT('Origin',(58.6836709313905,-26.5,51.167000089407));
#6046=CARTESIAN_POINT('',(58.6836709313905,8.5,-42.8325322999854));
#6047=CARTESIAN_POINT('Origin',(-79.8163290686095,-26.5,47.667000089407));
#6048=CARTESIAN_POINT('',(-79.8163290686095,5.,-39.3325322999854));
#6049=CARTESIAN_POINT('',(-79.8163290686095,-26.5,-39.3325322999854));
#6050=CARTESIAN_POINT('',(-79.8163290686095,5.,-39.3325322999854));
#6051=CARTESIAN_POINT('Origin',(-12.3163290686095,8.5,4.16723389471079));
#6052=CARTESIAN_POINT('',(56.7336709313905,8.5,-40.8825322999854));
#6053=CARTESIAN_POINT('',(56.7336709313905,8.5,49.217000089407));
#6054=CARTESIAN_POINT('',(56.7336709313905,8.5,-40.8825322999854));
#6055=CARTESIAN_POINT('',(-81.3663290686095,8.5,49.217000089407));
#6056=CARTESIAN_POINT('',(56.7336709313905,8.5,49.217000089407));
#6057=CARTESIAN_POINT('',(-81.3663290686095,8.5,-40.8825322999854));
#6058=CARTESIAN_POINT('',(-81.3663290686095,8.5,49.217000089407));
#6059=CARTESIAN_POINT('',(-81.3663290686095,8.5,-40.8825322999854));
#6060=CARTESIAN_POINT('Origin',(56.7336709313905,-26.5,-40.8825322999854));
#6061=CARTESIAN_POINT('',(56.7336709313905,5.,-40.8825322999854));
#6062=CARTESIAN_POINT('',(56.7336709313905,5.,49.217000089407));
#6063=CARTESIAN_POINT('',(56.7336709313905,5.,-18.3576492026373));
#6064=CARTESIAN_POINT('',(56.7336709313905,-26.5,49.217000089407));
#6065=CARTESIAN_POINT('',(56.7336709313905,-26.5,-40.8825322999854));
#6066=CARTESIAN_POINT('Origin',(56.7336709313905,-26.5,49.217000089407));
#6067=CARTESIAN_POINT('',(-81.3663290686095,5.,49.217000089407));
#6068=CARTESIAN_POINT('',(22.2086709313905,5.,49.217000089407));
#6069=CARTESIAN_POINT('',(-81.3663290686095,-26.5,49.217000089407));
#6070=CARTESIAN_POINT('Origin',(-81.3663290686095,-26.5,-40.8825322999854));
#6071=CARTESIAN_POINT('',(-81.3663290686095,5.,-40.8825322999854));
#6072=CARTESIAN_POINT('',(-46.8413290686095,5.,-40.8825322999854));
#6073=CARTESIAN_POINT('',(-81.3663290686095,-26.5,-40.8825322999854));
#6074=CARTESIAN_POINT('Origin',(-81.3663290686095,-26.5,49.217000089407));
#6075=CARTESIAN_POINT('',(-81.3663290686095,5.,26.6921169920589));
#6076=CARTESIAN_POINT('Origin',(-12.3163290686095,5.,4.16723389471079));
#6077=CARTESIAN_POINT('',(55.1836709313905,5.,-39.3325322999854));
#6078=CARTESIAN_POINT('',(55.1836709313905,5.,47.667000089407));
#6079=CARTESIAN_POINT('',(55.1836709313905,5.,-39.3325322999854));
#6080=CARTESIAN_POINT('Origin',(-79.8163290686095,-26.5,-39.3325322999854));
#6081=CARTESIAN_POINT('',(55.1836709313905,-18.5,-39.3325322999854));
#6082=CARTESIAN_POINT('Origin',(55.1836709313905,-26.5,-39.3325322999854));
#6083=CARTESIAN_POINT('',(-33.5086738253858,180.,32.3993248150573));
#6084=UNCERTAINTY_MEASURE_WITH_UNIT(LENGTH_MEASURE(0.01),#6090,
'DISTANCE_ACCURACY_VALUE',
'Maximum model space distance between geometric entities at asserted c
onnectivities');
#6085=UNCERTAINTY_MEASURE_WITH_UNIT(LENGTH_MEASURE(0.01),#6090,
'DISTANCE_ACCURACY_VALUE',
'Maximum model space distance between geometric entities at asserted c
onnectivities');
#6086=UNCERTAINTY_MEASURE_WITH_UNIT(LENGTH_MEASURE(0.01),#6090,
'DISTANCE_ACCURACY_VALUE',
'Maximum model space distance between geometric entities at asserted c
onnectivities');
#6087=(
GEOMETRIC_REPRESENTATION_CONTEXT(3)
GLOBAL_UNCERTAINTY_ASSIGNED_CONTEXT((#6084))
GLOBAL_UNIT_ASSIGNED_CONTEXT((#6090,#6091,#6092))
REPRESENTATION_CONTEXT('','3D')
);
#6088=(
GEOMETRIC_REPRESENTATION_CONTEXT(3)
GLOBAL_UNCERTAINTY_ASSIGNED_CONTEXT((#6085))
GLOBAL_UNIT_ASSIGNED_CONTEXT((#6090,#6091,#6092))
REPRESENTATION_CONTEXT('','3D')
);
#6089=(
GEOMETRIC_REPRESENTATION_CONTEXT(3)
GLOBAL_UNCERTAINTY_ASSIGNED_CONTEXT((#6086))
GLOBAL_UNIT_ASSIGNED_CONTEXT((#6090,#6091,#6092))
REPRESENTATION_CONTEXT('','3D')
);
#6090=(
LENGTH_UNIT()
NAMED_UNIT(*)
SI_UNIT(.MILLI.,.METRE.)
);
#6091=(
NAMED_UNIT(*)
PLANE_ANGLE_UNIT()
SI_UNIT($,.RADIAN.)
);
#6092=(
NAMED_UNIT(*)
SI_UNIT($,.STERADIAN.)
SOLID_ANGLE_UNIT()
);
#6093=SHAPE_DEFINITION_REPRESENTATION(#6095,#6098);
#6094=SHAPE_DEFINITION_REPRESENTATION(#6096,#6099);
#6095=PRODUCT_DEFINITION_SHAPE('',$,#6101);
#6096=PRODUCT_DEFINITION_SHAPE('',$,#6102);
#6097=PRODUCT_DEFINITION_SHAPE($,$,#14);
#6098=SHAPE_REPRESENTATION('',(#3640,#3972),#6087);
#6099=SHAPE_REPRESENTATION('',(#3641),#6088);
#6100=PRODUCT_DEFINITION_CONTEXT('part definition',#6108,'design');
#6101=PRODUCT_DEFINITION('test','test v8',#6103,#6100);
#6102=PRODUCT_DEFINITION('electronics case 2','electronics case 2 v7',#6104,
#6100);
#6103=PRODUCT_DEFINITION_FORMATION('',$,#6110);
#6104=PRODUCT_DEFINITION_FORMATION('',$,#6111);
#6105=PRODUCT_RELATED_PRODUCT_CATEGORY('test v8','test v8',(#6110));
#6106=PRODUCT_RELATED_PRODUCT_CATEGORY('electronics case 2 v7',
'electronics case 2 v7',(#6111));
#6107=APPLICATION_PROTOCOL_DEFINITION('international standard',
'automotive_design',2009,#6108);
#6108=APPLICATION_CONTEXT(
'Core Data for Automotive Mechanical Design Process');
#6109=PRODUCT_CONTEXT('part definition',#6108,'mechanical');
#6110=PRODUCT('test','test v8',$,(#6109));
#6111=PRODUCT('electronics case 2','electronics case 2 v7',$,(#6109));
#6112=PRESENTATION_STYLE_ASSIGNMENT((#6115));
#6113=PRESENTATION_STYLE_ASSIGNMENT((#6116));
#6114=PRESENTATION_STYLE_ASSIGNMENT((#6117));
#6115=SURFACE_STYLE_USAGE(.BOTH.,#6118);
#6116=SURFACE_STYLE_USAGE(.BOTH.,#6119);
#6117=SURFACE_STYLE_USAGE(.BOTH.,#6120);
#6118=SURFACE_SIDE_STYLE('',(#6121));
#6119=SURFACE_SIDE_STYLE('',(#6122));
#6120=SURFACE_SIDE_STYLE('',(#6123));
#6121=SURFACE_STYLE_FILL_AREA(#6124);
#6122=SURFACE_STYLE_FILL_AREA(#6125);
#6123=SURFACE_STYLE_FILL_AREA(#6126);
#6124=FILL_AREA_STYLE('Opaque(250,250,250)',(#6127));
#6125=FILL_AREA_STYLE('Steel - Satin',(#6128));
#6126=FILL_AREA_STYLE('Fabric (Grey)',(#6129));
#6127=FILL_AREA_STYLE_COLOUR('Opaque(250,250,250)',#6130);
#6128=FILL_AREA_STYLE_COLOUR('Steel - Satin',#6131);
#6129=FILL_AREA_STYLE_COLOUR('Fabric (Grey)',#6132);
#6130=COLOUR_RGB('Opaque(250,250,250)',0.980392156862745,0.980392156862745,
0.980392156862745);
#6131=COLOUR_RGB('Steel - Satin',0.627450980392157,0.627450980392157,0.627450980392157);
#6132=COLOUR_RGB('Fabric (Grey)',0.,0.,0.);
ENDSEC;
END-ISO-10303-21;
