ISO-10303-21;
HEADER;
/* Generated by software containing ST-Developer
 * from STEP Tools, Inc. (www.steptools.com) 
 */

FILE_DESCRIPTION(
/* description */ (''),
/* implementation_level */ '2;1');

FILE_NAME(
/* name */ 'screw.step',
/* time_stamp */ '2026-10-03T22:20:31+03:00',
/* author */ (''),
/* organization */ (''),
/* preprocessor_version */ 'ST-DEVELOPER v20.2',
/* originating_system */ 'Autodesk Translation Framework v15.15.0.0',
/* authorisation */ '');

FILE_SCHEMA (('AUTOMOTIVE_DESIGN { 1 0 10303 214 3 1 1 }'));
ENDSEC;

DATA;
#10=MECHANICAL_DESIGN_GEOMETRIC_PRESENTATION_REPRESENTATION('',(#13),#7246);
#11=SHAPE_REPRESENTATION_RELATIONSHIP('SRR','None',#7253,#12);
#12=ADVANCED_BREP_SHAPE_REPRESENTATION('',(#14),#7245);
#13=STYLED_ITEM('',(#7262),#14);
#14=MANIFOLD_SOLID_BREP('Body1',#1139);
#15=B_SPLINE_SURFACE_WITH_KNOTS('',3,3,((#4593,#4594,#4595,#4596,#4597,
#4598,#4599,#4600,#4601,#4602,#4603,#4604,#4605,#4606,#4607,#4608,#4609,
#4610,#4611,#4612,#4613,#4614,#4615,#4616,#4617,#4618,#4619,#4620,#4621,
#4622,#4623,#4624,#4625,#4626,#4627,#4628,#4629,#4630,#4631,#4632,#4633,
#4634,#4635,#4636,#4637,#4638,#4639,#4640,#4641,#4642,#4643,#4644,#4645,
#4646,#4647,#4648,#4649,#4650,#4651,#4652,#4653,#4654,#4655,#4656,#4657,
#4658,#4659,#4660,#4661,#4662,#4663,#4664,#4665,#4666,#4667,#4668,#4669,
#4670,#4671,#4672,#4673,#4674,#4675,#4676,#4677,#4678,#4679,#4680,#4681,
#4682,#4683,#4684,#4685,#4686,#4687,#4688,#4689,#4690,#4691,#4692,#4693,
#4694,#4695,#4696,#4697,#4698,#4699,#4700,#4701,#4702,#4703,#4704,#4705,
#4706,#4707,#4708,#4709,#4710,#4711,#4712,#4713,#4714,#4715,#4716,#4717,
#4718,#4719,#4720,#4721,#4722,#4723,#4724,#4725,#4726,#4727,#4728,#4729,
#4730,#4731,#4732,#4733,#4734,#4735,#4736,#4737,#4738,#4739,#4740,#4741,
#4742,#4743,#4744,#4745,#4746,#4747,#4748,#4749,#4750,#4751,#4752,#4753,
#4754,#4755,#4756,#4757,#4758,#4759,#4760,#4761,#4762,#4763,#4764,#4765,
#4766,#4767,#4768,#4769,#4770,#4771,#4772,#4773,#4774,#4775,#4776,#4777,
#4778,#4779,#4780,#4781,#4782,#4783,#4784,#4785,#4786,#4787,#4788,#4789,
#4790,#4791,#4792,#4793,#4794,#4795,#4796,#4797,#4798,#4799,#4800,#4801,
#4802,#4803,#4804,#4805,#4806,#4807,#4808,#4809,#4810,#4811,#4812,#4813,
#4814,#4815,#4816,#4817,#4818,#4819,#4820,#4821,#4822,#4823,#4824,#4825,
#4826,#4827,#4828,#4829,#4830,#4831,#4832,#4833,#4834,#4835,#4836,#4837,
#4838,#4839,#4840,#4841,#4842,#4843,#4844,#4845,#4846,#4847,#4848,#4849,
#4850,#4851,#4852,#4853,#4854,#4855,#4856,#4857,#4858,#4859,#4860,#4861,
#4862,#4863,#4864,#4865,#4866,#4867,#4868,#4869,#4870,#4871,#4872,#4873,
#4874,#4875,#4876,#4877,#4878,#4879,#4880,#4881,#4882,#4883,#4884,#4885,
#4886,#4887,#4888,#4889,#4890,#4891),(#4892,#4893,#4894,#4895,#4896,#4897,
#4898,#4899,#4900,#4901,#4902,#4903,#4904,#4905,#4906,#4907,#4908,#4909,
#4910,#4911,#4912,#4913,#4914,#4915,#4916,#4917,#4918,#4919,#4920,#4921,
#4922,#4923,#4924,#4925,#4926,#4927,#4928,#4929,#4930,#4931,#4932,#4933,
#4934,#4935,#4936,#4937,#4938,#4939,#4940,#4941,#4942,#4943,#4944,#4945,
#4946,#4947,#4948,#4949,#4950,#4951,#4952,#4953,#4954,#4955,#4956,#4957,
#4958,#4959,#4960,#4961,#4962,#4963,#4964,#4965,#4966,#4967,#4968,#4969,
#4970,#4971,#4972,#4973,#4974,#4975,#4976,#4977,#4978,#4979,#4980,#4981,
#4982,#4983,#4984,#4985,#4986,#4987,#4988,#4989,#4990,#4991,#4992,#4993,
#4994,#4995,#4996,#4997,#4998,#4999,#5000,#5001,#5002,#5003,#5004,#5005,
#5006,#5007,#5008,#5009,#5010,#5011,#5012,#5013,#5014,#5015,#5016,#5017,
#5018,#5019,#5020,#5021,#5022,#5023,#5024,#5025,#5026,#5027,#5028,#5029,
#5030,#5031,#5032,#5033,#5034,#5035,#5036,#5037,#5038,#5039,#5040,#5041,
#5042,#5043,#5044,#5045,#5046,#5047,#5048,#5049,#5050,#5051,#5052,#5053,
#5054,#5055,#5056,#5057,#5058,#5059,#5060,#5061,#5062,#5063,#5064,#5065,
#5066,#5067,#5068,#5069,#5070,#5071,#5072,#5073,#5074,#5075,#5076,#5077,
#5078,#5079,#5080,#5081,#5082,#5083,#5084,#5085,#5086,#5087,#5088,#5089,
#5090,#5091,#5092,#5093,#5094,#5095,#5096,#5097,#5098,#5099,#5100,#5101,
#5102,#5103,#5104,#5105,#5106,#5107,#5108,#5109,#5110,#5111,#5112,#5113,
#5114,#5115,#5116,#5117,#5118,#5119,#5120,#5121,#5122,#5123,#5124,#5125,
#5126,#5127,#5128,#5129,#5130,#5131,#5132,#5133,#5134,#5135,#5136,#5137,
#5138,#5139,#5140,#5141,#5142,#5143,#5144,#5145,#5146,#5147,#5148,#5149,
#5150,#5151,#5152,#5153,#5154,#5155,#5156,#5157,#5158,#5159,#5160,#5161,
#5162,#5163,#5164,#5165,#5166,#5167,#5168,#5169,#5170,#5171,#5172,#5173,
#5174,#5175,#5176,#5177,#5178,#5179,#5180,#5181,#5182,#5183,#5184,#5185,
#5186,#5187,#5188,#5189,#5190),(#5191,#5192,#5193,#5194,#5195,#5196,#5197,
#5198,#5199,#5200,#5201,#5202,#5203,#5204,#5205,#5206,#5207,#5208,#5209,
#5210,#5211,#5212,#5213,#5214,#5215,#5216,#5217,#5218,#5219,#5220,#5221,
#5222,#5223,#5224,#5225,#5226,#5227,#5228,#5229,#5230,#5231,#5232,#5233,
#5234,#5235,#5236,#5237,#5238,#5239,#5240,#5241,#5242,#5243,#5244,#5245,
#5246,#5247,#5248,#5249,#5250,#5251,#5252,#5253,#5254,#5255,#5256,#5257,
#5258,#5259,#5260,#5261,#5262,#5263,#5264,#5265,#5266,#5267,#5268,#5269,
#5270,#5271,#5272,#5273,#5274,#5275,#5276,#5277,#5278,#5279,#5280,#5281,
#5282,#5283,#5284,#5285,#5286,#5287,#5288,#5289,#5290,#5291,#5292,#5293,
#5294,#5295,#5296,#5297,#5298,#5299,#5300,#5301,#5302,#5303,#5304,#5305,
#5306,#5307,#5308,#5309,#5310,#5311,#5312,#5313,#5314,#5315,#5316,#5317,
#5318,#5319,#5320,#5321,#5322,#5323,#5324,#5325,#5326,#5327,#5328,#5329,
#5330,#5331,#5332,#5333,#5334,#5335,#5336,#5337,#5338,#5339,#5340,#5341,
#5342,#5343,#5344,#5345,#5346,#5347,#5348,#5349,#5350,#5351,#5352,#5353,
#5354,#5355,#5356,#5357,#5358,#5359,#5360,#5361,#5362,#5363,#5364,#5365,
#5366,#5367,#5368,#5369,#5370,#5371,#5372,#5373,#5374,#5375,#5376,#5377,
#5378,#5379,#5380,#5381,#5382,#5383,#5384,#5385,#5386,#5387,#5388,#5389,
#5390,#5391,#5392,#5393,#5394,#5395,#5396,#5397,#5398,#5399,#5400,#5401,
#5402,#5403,#5404,#5405,#5406,#5407,#5408,#5409,#5410,#5411,#5412,#5413,
#5414,#5415,#5416,#5417,#5418,#5419,#5420,#5421,#5422,#5423,#5424,#5425,
#5426,#5427,#5428,#5429,#5430,#5431,#5432,#5433,#5434,#5435,#5436,#5437,
#5438,#5439,#5440,#5441,#5442,#5443,#5444,#5445,#5446,#5447,#5448,#5449,
#5450,#5451,#5452,#5453,#5454,#5455,#5456,#5457,#5458,#5459,#5460,#5461,
#5462,#5463,#5464,#5465,#5466,#5467,#5468,#5469,#5470,#5471,#5472,#5473,
#5474,#5475,#5476,#5477,#5478,#5479,#5480,#5481,#5482,#5483,#5484,#5485,
#5486,#5487,#5488,#5489),(#5490,#5491,#5492,#5493,#5494,#5495,#5496,#5497,
#5498,#5499,#5500,#5501,#5502,#5503,#5504,#5505,#5506,#5507,#5508,#5509,
#5510,#5511,#5512,#5513,#5514,#5515,#5516,#5517,#5518,#5519,#5520,#5521,
#5522,#5523,#5524,#5525,#5526,#5527,#5528,#5529,#5530,#5531,#5532,#5533,
#5534,#5535,#5536,#5537,#5538,#5539,#5540,#5541,#5542,#5543,#5544,#5545,
#5546,#5547,#5548,#5549,#5550,#5551,#5552,#5553,#5554,#5555,#5556,#5557,
#5558,#5559,#5560,#5561,#5562,#5563,#5564,#5565,#5566,#5567,#5568,#5569,
#5570,#5571,#5572,#5573,#5574,#5575,#5576,#5577,#5578,#5579,#5580,#5581,
#5582,#5583,#5584,#5585,#5586,#5587,#5588,#5589,#5590,#5591,#5592,#5593,
#5594,#5595,#5596,#5597,#5598,#5599,#5600,#5601,#5602,#5603,#5604,#5605,
#5606,#5607,#5608,#5609,#5610,#5611,#5612,#5613,#5614,#5615,#5616,#5617,
#5618,#5619,#5620,#5621,#5622,#5623,#5624,#5625,#5626,#5627,#5628,#5629,
#5630,#5631,#5632,#5633,#5634,#5635,#5636,#5637,#5638,#5639,#5640,#5641,
#5642,#5643,#5644,#5645,#5646,#5647,#5648,#5649,#5650,#5651,#5652,#5653,
#5654,#5655,#5656,#5657,#5658,#5659,#5660,#5661,#5662,#5663,#5664,#5665,
#5666,#5667,#5668,#5669,#5670,#5671,#5672,#5673,#5674,#5675,#5676,#5677,
#5678,#5679,#5680,#5681,#5682,#5683,#5684,#5685,#5686,#5687,#5688,#5689,
#5690,#5691,#5692,#5693,#5694,#5695,#5696,#5697,#5698,#5699,#5700,#5701,
#5702,#5703,#5704,#5705,#5706,#5707,#5708,#5709,#5710,#5711,#5712,#5713,
#5714,#5715,#5716,#5717,#5718,#5719,#5720,#5721,#5722,#5723,#5724,#5725,
#5726,#5727,#5728,#5729,#5730,#5731,#5732,#5733,#5734,#5735,#5736,#5737,
#5738,#5739,#5740,#5741,#5742,#5743,#5744,#5745,#5746,#5747,#5748,#5749,
#5750,#5751,#5752,#5753,#5754,#5755,#5756,#5757,#5758,#5759,#5760,#5761,
#5762,#5763,#5764,#5765,#5766,#5767,#5768,#5769,#5770,#5771,#5772,#5773,
#5774,#5775,#5776,#5777,#5778,#5779,#5780,#5781,#5782,#5783,#5784,#5785,
#5786,#5787,#5788)),.UNSPECIFIED.,.F.,.F.,.F.,(4,4),(4,1,1,1,1,1,1,1,1,
1,1,1,1,1,1,1,1,1,1,1,1,1,1,1,1,1,1,1,1,1,1,1,1,1,1,1,1,1,1,1,1,1,1,1,1,
1,1,1,1,1,1,1,1,1,1,1,1,1,1,1,1,1,1,1,1,1,1,1,1,1,1,1,1,1,1,1,1,1,1,1,1,
1,1,1,1,1,1,1,1,1,1,1,1,1,1,1,1,1,1,1,1,1,1,1,1,1,1,1,1,1,1,1,1,1,1,1,1,
1,1,1,1,1,1,1,1,1,1,1,1,1,1,1,1,1,1,1,1,1,1,1,1,1,1,1,1,1,1,1,1,1,1,1,1,
1,1,1,1,1,1,1,1,1,1,1,1,1,1,1,1,1,1,1,1,1,1,1,1,1,1,1,1,1,1,1,1,1,1,1,1,
1,1,1,1,1,1,1,1,1,1,1,1,1,1,1,1,1,1,1,1,1,1,1,1,1,1,1,1,1,1,1,1,1,1,1,1,
1,1,1,1,1,1,1,1,1,1,1,1,1,1,1,1,1,1,1,1,1,1,1,1,1,1,1,1,1,1,1,1,1,1,1,1,
1,1,1,1,1,1,1,1,1,1,1,1,1,1,1,1,1,1,1,1,1,1,1,1,1,1,1,1,1,1,1,1,1,1,1,4),
(-1.10875746618214E-13,0.165272288058222),(-38.6504858856057,-37.9680157061578,
-37.2855455267099,-36.603075347262,-35.9206051678141,-35.2381349883662,
-34.5556648089183,-33.8731946294703,-33.1907244500224,-32.5082542705745,
-31.8257840911266,-31.1433139116787,-30.4608437322308,-29.7783735527829,
-29.0959033733349,-28.413433193887,-27.7309630144391,-27.0484928349912,
-26.3660226555433,-25.6835524760954,-25.0010822966475,-24.3186121171995,
-23.6361419377516,-22.9536717583037,-22.2712015788558,-21.5887313994079,
-20.90626121996,-20.2237910405121,-19.5413208610641,-18.8588506816162,-18.1763805021683,
-17.4939103227204,-16.8114401432725,-16.3564600236405,-15.9014799040086,
-15.4464997843767,-14.9915196647447,-14.5365395451128,-14.0815594254808,
-13.6265793058489,-13.1715991862169,-12.716619066585,-12.2616389469531,
-11.8066588273211,-11.3516787076892,-10.8966985880572,-10.4417184684253,
-9.98673834879334,-9.5317582291614,-9.07677810952945,-8.62179798989751,
-8.16681787026557,-7.71183775063363,-7.25685763100168,-6.80187751136974,
-6.3468973917378,-5.89191727210585,-5.2852771125966,-4.67863695308734,-4.07199679357808,
-3.61701667394614,-3.1620365543142,-2.70705643468225,-2.25207631505031,
-1.79709619541837,-1.34211607578642,-0.887135956154481,-0.432155836522538,
0.174484322986719,0.781124482495976,1.38776464200523,1.84274476163718,2.29772488126912,
2.75270500090106,3.20768512053301,3.66266524016495,4.11764535979689,4.57262547942883,
5.02760559906078,5.48258571869272,5.93756583832466,6.3925459579566,6.84752607758855,
7.30250619722049,7.75748631685243,8.21246643648438,8.66744655611632,9.27408671562558,
9.88072687513483,10.4873670346441,10.942347154276,11.397327273908,11.8523073935399,
12.3072875131719,12.7622676328038,13.2172477524357,13.6722278720677,14.1272079916996,
14.5821881113316,15.0371682309635,15.4921483505955,15.9471284702274,16.4021085898593,
16.8570887094913,17.3120688291232,17.7670489487552,18.2220290683871,18.6770091880191,
19.131989307651,19.5869694272829,20.0419495469149,20.4969296665468,20.9519097861788,
21.4068899058107,21.8618700254427,22.3168501450746,22.7718302647065,23.2268103843385,
23.6817905039704,24.1367706236024,24.5917507432343,25.0467308628663,25.5017109824982,
25.9566911021301,26.4116712217621,26.866651341394,27.321631461026,27.7766115806579,
28.2315917002899,28.6865718199218,29.1415519395537,29.5965320591857,30.0515121788176,
30.5064922984496,30.9614724180815,31.4164525377135,31.8714326573454,32.3264127769773,
32.7813928966093,33.2363730162412,33.6913531358732,34.1463332555051,34.6013133751371,
35.056293494769,35.5112736144009,35.9662537340329,36.4212338536648,36.5728938935422,
37.1795340530514,37.7861742125607,38.2411543321926,38.6961344518246,39.1511145714565,
39.6060946910884,40.0610748107204,40.5160549303523,40.9710350499843,41.4260151696162,
41.8809952892482,42.3359754088801,42.790955528512,43.245935648144,43.8525758076532,
44.4592159671625,45.0658561266718,45.5208362463037,45.9758163659356,46.4307964855676,
46.8857766051995,47.3407567248315,47.7957368444634,48.2507169640954,48.7056970837273,
49.1606772033592,49.6156573229912,50.0706374426231,50.5256175622551,50.980597681887,
51.435577801519,51.6630678613349,51.8905579211509,52.3455380407828,52.9521782002921,
53.5588183598014,54.1654585193106,54.6204386389426,55.0754187585745,55.5303988782064,
55.9853789978384,56.4403591174703,56.8953392371023,57.3503193567342,57.8052994763662,
58.2602795959981,58.71525971563,59.170239835262,59.6252199548939,60.2318601144032,
60.8385002739125,61.4451404334217,61.9001205530537,62.3551006726856,62.8100807923175,
63.2650609119495,63.7200410315814,64.1750211512134,64.6300012708453,65.0849813904773,
65.5399615101092,65.9949416297411,66.4499217493731,66.904901869005,67.359881988637,
67.8148621082689,68.2698422279009,68.7248223475328,69.1798024671647,69.6347825867967,
70.0897627064286,70.5447428260606,70.9997229456925,71.4547030653245,71.9096831849564,
72.3646633045883,72.8196434242203,73.2746235438522,73.7296036634842,74.1845837831161,
74.6395639027481,75.09454402238,75.5495241420119,76.0045042616439,76.4594843812758,
76.9144645009078,77.3694446205397,77.8244247401717,78.2794048598036,78.7343849794355,
79.1893650990675,79.6443452186994,80.0993253383314,80.5543054579633,81.0092855775953,
81.4642656972272,82.0709058567364,82.6775460162457,83.284186175755,83.7391662953869,
84.1941464150188,84.6491265346508,85.1041066542827,85.710746813792,86.3173869733012,
86.9240271328105,87.5306672923198,88.137307451829,88.7439476113383,88.9461609978414,
89.1483743843444,89.5528011573506,89.9572279303568,90.563868089866,91.1705082493753,
91.7771484088846,92.3837885683938,93.0662587478417,93.7487289272896,94.4311991067376,
95.1136692861855,95.7961394656334,96.4786096450813,97.1610798245292,97.8435500039771,
98.526020183425,99.208490362873,99.8909605423209,100.573430721769,101.255900901217,
101.938371080665,102.620841260113,103.30331143956,103.985781619008,104.668251798456,
105.350721977904,106.033192157352,106.7156623368,107.398132516248,108.080602695696,
108.763072875144,109.445543054592,110.12801323404,110.810483413488,111.492953592935,
112.175423772383,112.857893951831,113.540364131279,114.222834310727),
 .UNSPECIFIED.);
#16=B_SPLINE_SURFACE_WITH_KNOTS('',3,3,((#5940,#5941,#5942,#5943,#5944,
#5945,#5946,#5947,#5948,#5949,#5950,#5951,#5952,#5953,#5954,#5955,#5956,
#5957,#5958,#5959,#5960,#5961,#5962,#5963,#5964,#5965,#5966,#5967,#5968,
#5969,#5970,#5971,#5972,#5973,#5974,#5975,#5976,#5977,#5978,#5979,#5980,
#5981,#5982,#5983,#5984,#5985,#5986,#5987,#5988,#5989,#5990,#5991,#5992,
#5993,#5994,#5995,#5996,#5997,#5998,#5999,#6000,#6001,#6002,#6003,#6004,
#6005,#6006,#6007,#6008,#6009,#6010,#6011,#6012,#6013,#6014,#6015,#6016,
#6017,#6018,#6019,#6020,#6021,#6022,#6023,#6024,#6025,#6026,#6027,#6028,
#6029,#6030,#6031,#6032,#6033,#6034,#6035,#6036,#6037,#6038,#6039,#6040,
#6041,#6042,#6043,#6044,#6045,#6046,#6047,#6048,#6049,#6050,#6051,#6052,
#6053,#6054,#6055,#6056,#6057,#6058,#6059,#6060,#6061,#6062,#6063,#6064,
#6065,#6066,#6067,#6068,#6069,#6070,#6071,#6072,#6073,#6074,#6075,#6076,
#6077,#6078,#6079,#6080,#6081,#6082,#6083,#6084,#6085,#6086,#6087,#6088,
#6089,#6090,#6091,#6092,#6093,#6094,#6095,#6096,#6097,#6098,#6099,#6100,
#6101,#6102,#6103,#6104,#6105,#6106,#6107,#6108,#6109,#6110,#6111,#6112,
#6113,#6114,#6115,#6116,#6117,#6118,#6119,#6120,#6121,#6122,#6123,#6124,
#6125,#6126,#6127,#6128,#6129,#6130,#6131,#6132,#6133,#6134,#6135,#6136,
#6137,#6138,#6139,#6140,#6141,#6142,#6143,#6144,#6145,#6146,#6147,#6148,
#6149,#6150,#6151,#6152,#6153,#6154,#6155,#6156,#6157,#6158,#6159,#6160,
#6161,#6162,#6163,#6164,#6165,#6166,#6167,#6168,#6169,#6170,#6171,#6172,
#6173,#6174,#6175,#6176,#6177,#6178,#6179,#6180,#6181,#6182,#6183,#6184,
#6185,#6186,#6187,#6188,#6189,#6190,#6191,#6192,#6193,#6194,#6195,#6196,
#6197,#6198,#6199,#6200,#6201,#6202,#6203,#6204,#6205,#6206,#6207,#6208,
#6209,#6210,#6211,#6212,#6213,#6214,#6215,#6216,#6217,#6218,#6219,#6220,
#6221,#6222,#6223,#6224,#6225,#6226,#6227,#6228,#6229,#6230),(#6231,#6232,
#6233,#6234,#6235,#6236,#6237,#6238,#6239,#6240,#6241,#6242,#6243,#6244,
#6245,#6246,#6247,#6248,#6249,#6250,#6251,#6252,#6253,#6254,#6255,#6256,
#6257,#6258,#6259,#6260,#6261,#6262,#6263,#6264,#6265,#6266,#6267,#6268,
#6269,#6270,#6271,#6272,#6273,#6274,#6275,#6276,#6277,#6278,#6279,#6280,
#6281,#6282,#6283,#6284,#6285,#6286,#6287,#6288,#6289,#6290,#6291,#6292,
#6293,#6294,#6295,#6296,#6297,#6298,#6299,#6300,#6301,#6302,#6303,#6304,
#6305,#6306,#6307,#6308,#6309,#6310,#6311,#6312,#6313,#6314,#6315,#6316,
#6317,#6318,#6319,#6320,#6321,#6322,#6323,#6324,#6325,#6326,#6327,#6328,
#6329,#6330,#6331,#6332,#6333,#6334,#6335,#6336,#6337,#6338,#6339,#6340,
#6341,#6342,#6343,#6344,#6345,#6346,#6347,#6348,#6349,#6350,#6351,#6352,
#6353,#6354,#6355,#6356,#6357,#6358,#6359,#6360,#6361,#6362,#6363,#6364,
#6365,#6366,#6367,#6368,#6369,#6370,#6371,#6372,#6373,#6374,#6375,#6376,
#6377,#6378,#6379,#6380,#6381,#6382,#6383,#6384,#6385,#6386,#6387,#6388,
#6389,#6390,#6391,#6392,#6393,#6394,#6395,#6396,#6397,#6398,#6399,#6400,
#6401,#6402,#6403,#6404,#6405,#6406,#6407,#6408,#6409,#6410,#6411,#6412,
#6413,#6414,#6415,#6416,#6417,#6418,#6419,#6420,#6421,#6422,#6423,#6424,
#6425,#6426,#6427,#6428,#6429,#6430,#6431,#6432,#6433,#6434,#6435,#6436,
#6437,#6438,#6439,#6440,#6441,#6442,#6443,#6444,#6445,#6446,#6447,#6448,
#6449,#6450,#6451,#6452,#6453,#6454,#6455,#6456,#6457,#6458,#6459,#6460,
#6461,#6462,#6463,#6464,#6465,#6466,#6467,#6468,#6469,#6470,#6471,#6472,
#6473,#6474,#6475,#6476,#6477,#6478,#6479,#6480,#6481,#6482,#6483,#6484,
#6485,#6486,#6487,#6488,#6489,#6490,#6491,#6492,#6493,#6494,#6495,#6496,
#6497,#6498,#6499,#6500,#6501,#6502,#6503,#6504,#6505,#6506,#6507,#6508,
#6509,#6510,#6511,#6512,#6513,#6514,#6515,#6516,#6517,#6518,#6519,#6520,
#6521),(#6522,#6523,#6524,#6525,#6526,#6527,#6528,#6529,#6530,#6531,#6532,
#6533,#6534,#6535,#6536,#6537,#6538,#6539,#6540,#6541,#6542,#6543,#6544,
#6545,#6546,#6547,#6548,#6549,#6550,#6551,#6552,#6553,#6554,#6555,#6556,
#6557,#6558,#6559,#6560,#6561,#6562,#6563,#6564,#6565,#6566,#6567,#6568,
#6569,#6570,#6571,#6572,#6573,#6574,#6575,#6576,#6577,#6578,#6579,#6580,
#6581,#6582,#6583,#6584,#6585,#6586,#6587,#6588,#6589,#6590,#6591,#6592,
#6593,#6594,#6595,#6596,#6597,#6598,#6599,#6600,#6601,#6602,#6603,#6604,
#6605,#6606,#6607,#6608,#6609,#6610,#6611,#6612,#6613,#6614,#6615,#6616,
#6617,#6618,#6619,#6620,#6621,#6622,#6623,#6624,#6625,#6626,#6627,#6628,
#6629,#6630,#6631,#6632,#6633,#6634,#6635,#6636,#6637,#6638,#6639,#6640,
#6641,#6642,#6643,#6644,#6645,#6646,#6647,#6648,#6649,#6650,#6651,#6652,
#6653,#6654,#6655,#6656,#6657,#6658,#6659,#6660,#6661,#6662,#6663,#6664,
#6665,#6666,#6667,#6668,#6669,#6670,#6671,#6672,#6673,#6674,#6675,#6676,
#6677,#6678,#6679,#6680,#6681,#6682,#6683,#6684,#6685,#6686,#6687,#6688,
#6689,#6690,#6691,#6692,#6693,#6694,#6695,#6696,#6697,#6698,#6699,#6700,
#6701,#6702,#6703,#6704,#6705,#6706,#6707,#6708,#6709,#6710,#6711,#6712,
#6713,#6714,#6715,#6716,#6717,#6718,#6719,#6720,#6721,#6722,#6723,#6724,
#6725,#6726,#6727,#6728,#6729,#6730,#6731,#6732,#6733,#6734,#6735,#6736,
#6737,#6738,#6739,#6740,#6741,#6742,#6743,#6744,#6745,#6746,#6747,#6748,
#6749,#6750,#6751,#6752,#6753,#6754,#6755,#6756,#6757,#6758,#6759,#6760,
#6761,#6762,#6763,#6764,#6765,#6766,#6767,#6768,#6769,#6770,#6771,#6772,
#6773,#6774,#6775,#6776,#6777,#6778,#6779,#6780,#6781,#6782,#6783,#6784,
#6785,#6786,#6787,#6788,#6789,#6790,#6791,#6792,#6793,#6794,#6795,#6796,
#6797,#6798,#6799,#6800,#6801,#6802,#6803,#6804,#6805,#6806,#6807,#6808,
#6809,#6810,#6811,#6812),(#6813,#6814,#6815,#6816,#6817,#6818,#6819,#6820,
#6821,#6822,#6823,#6824,#6825,#6826,#6827,#6828,#6829,#6830,#6831,#6832,
#6833,#6834,#6835,#6836,#6837,#6838,#6839,#6840,#6841,#6842,#6843,#6844,
#6845,#6846,#6847,#6848,#6849,#6850,#6851,#6852,#6853,#6854,#6855,#6856,
#6857,#6858,#6859,#6860,#6861,#6862,#6863,#6864,#6865,#6866,#6867,#6868,
#6869,#6870,#6871,#6872,#6873,#6874,#6875,#6876,#6877,#6878,#6879,#6880,
#6881,#6882,#6883,#6884,#6885,#6886,#6887,#6888,#6889,#6890,#6891,#6892,
#6893,#6894,#6895,#6896,#6897,#6898,#6899,#6900,#6901,#6902,#6903,#6904,
#6905,#6906,#6907,#6908,#6909,#6910,#6911,#6912,#6913,#6914,#6915,#6916,
#6917,#6918,#6919,#6920,#6921,#6922,#6923,#6924,#6925,#6926,#6927,#6928,
#6929,#6930,#6931,#6932,#6933,#6934,#6935,#6936,#6937,#6938,#6939,#6940,
#6941,#6942,#6943,#6944,#6945,#6946,#6947,#6948,#6949,#6950,#6951,#6952,
#6953,#6954,#6955,#6956,#6957,#6958,#6959,#6960,#6961,#6962,#6963,#6964,
#6965,#6966,#6967,#6968,#6969,#6970,#6971,#6972,#6973,#6974,#6975,#6976,
#6977,#6978,#6979,#6980,#6981,#6982,#6983,#6984,#6985,#6986,#6987,#6988,
#6989,#6990,#6991,#6992,#6993,#6994,#6995,#6996,#6997,#6998,#6999,#7000,
#7001,#7002,#7003,#7004,#7005,#7006,#7007,#7008,#7009,#7010,#7011,#7012,
#7013,#7014,#7015,#7016,#7017,#7018,#7019,#7020,#7021,#7022,#7023,#7024,
#7025,#7026,#7027,#7028,#7029,#7030,#7031,#7032,#7033,#7034,#7035,#7036,
#7037,#7038,#7039,#7040,#7041,#7042,#7043,#7044,#7045,#7046,#7047,#7048,
#7049,#7050,#7051,#7052,#7053,#7054,#7055,#7056,#7057,#7058,#7059,#7060,
#7061,#7062,#7063,#7064,#7065,#7066,#7067,#7068,#7069,#7070,#7071,#7072,
#7073,#7074,#7075,#7076,#7077,#7078,#7079,#7080,#7081,#7082,#7083,#7084,
#7085,#7086,#7087,#7088,#7089,#7090,#7091,#7092,#7093,#7094,#7095,#7096,
#7097,#7098,#7099,#7100,#7101,#7102,#7103)),.UNSPECIFIED.,.F.,.F.,.F.,(4,
4),(4,1,1,1,1,1,1,1,1,1,1,1,1,1,1,1,1,1,1,1,1,1,1,1,1,1,1,1,1,1,1,1,1,1,
1,1,1,1,1,1,1,1,1,1,1,1,1,1,1,1,1,1,1,1,1,1,1,1,1,1,1,1,1,1,1,1,1,1,1,1,
1,1,1,1,1,1,1,1,1,1,1,1,1,1,1,1,1,1,1,1,1,1,1,1,1,1,1,1,1,1,1,1,1,1,1,1,
1,1,1,1,1,1,1,1,1,1,1,1,1,1,1,1,1,1,1,1,1,1,1,1,1,1,1,1,1,1,1,1,1,1,1,1,
1,1,1,1,1,1,1,1,1,1,1,1,1,1,1,1,1,1,1,1,1,1,1,1,1,1,1,1,1,1,1,1,1,1,1,1,
1,1,1,1,1,1,1,1,1,1,1,1,1,1,1,1,1,1,1,1,1,1,1,1,1,1,1,1,1,1,1,1,1,1,1,1,
1,1,1,1,1,1,1,1,1,1,1,1,1,1,1,1,1,1,1,1,1,1,1,1,1,1,1,1,1,1,1,1,1,1,1,1,
1,1,1,1,1,1,1,1,1,1,1,1,1,1,1,1,1,1,1,1,1,1,1,1,1,1,1,1,1,1,1,1,1,1,1,1,
1,1,4),(-8.16565004800675E-11,0.165272288058222),(-41.966203278162,-41.2837330987141,
-40.6012629192662,-39.9187927398183,-39.2363225603704,-38.5538523809225,
-37.8713822014745,-37.1889120220266,-36.5064418425787,-35.8239716631308,
-35.1415014836829,-34.459031304235,-33.7765611247871,-33.0940909453391,
-32.4116207658912,-31.7291505864433,-31.0466804069954,-30.3642102275475,
-29.6817400480996,-28.9992698686516,-28.3167996892037,-27.6343295097558,
-26.9518593303079,-26.26938915086,-25.5869189714121,-24.9044487919642,-24.2219786125162,
-23.5395084330683,-22.8570382536204,-22.1745680741725,-21.4920978947246,
-20.8096277152767,-20.1271575358288,-19.6721774161968,-19.2171972965649,
-18.7622171769329,-18.307237057301,-17.852256937669,-17.3972768180371,-16.9422966984052,
-16.4873165787732,-16.0323364591413,-15.5773563395093,-15.1223762198774,
-14.6673961002454,-14.0607559407362,-13.4541157812269,-12.8474756217177,
-12.2408354622084,-11.6341953026992,-11.0275551431899,-10.572575023558,
-10.117594903926,-9.66261478429407,-9.20763466466213,-8.52516448521422,
-7.8426943057663,-7.16022412631839,-6.47775394687048,-5.79528376742256,
-5.11281358797465,-4.43034340852673,-3.74787322907882,-3.0654030496309,
-2.38293287018299,-1.70046269073507,-1.01799251128716,-0.335522331839246,
0.346947847608668,1.02941802705658,1.7118882065045,2.16686832613644,2.62184844576838,
3.07682856540033,3.53180868503227,3.98678880466421,4.44176892429615,4.8967490439281,
5.35172916356004,5.80670928319198,6.26168940282393,6.71666952245587,7.17164964208781,
7.62662976171976,8.0816098813517,8.53659000098364,8.99157012061558,9.44655024024753,
9.90153035987947,10.3565104795114,10.8114905991434,11.2664707187753,11.7214508384072,
12.1764309580392,12.6314110776711,13.0863911973031,13.541371316935,13.996351436567,
14.4513315561989,14.9063116758308,15.3612917954628,15.8162719150947,16.2712520347267,
16.7262321543586,17.1812122739906,17.6361923936225,18.0911725132544,18.5461526328864,
19.0011327525183,19.4561128721503,19.9110929917822,20.3660731114142,20.8210532310461,
21.276033350678,21.73101347031,22.1859935899419,22.6409737095739,23.0959538292058,
23.5509339488378,24.0059140684697,24.4608941881016,24.9158743077336,25.3708544273655,
25.8258345469975,26.2808146666294,26.7357947862614,27.1907749058933,27.6457550255252,
28.1007351451572,28.5557152647891,29.0106953844211,29.465675504053,29.920655623685,
30.3756357433169,30.8306158629488,31.2855959825808,31.7405761022127,32.1955562218447,
32.6505363414766,33.2571765009859,33.8638166604951,34.4704568200044,34.9254369396363,
35.3804170592683,35.8353971789002,36.2903772985322,36.7453574181641,37.200337537796,
37.655317657428,38.1102977770599,38.5652778966919,39.0202580163238,39.4752381359557,
39.9302182555877,40.536858415097,41.1434985746062,41.7501387341155,42.2051188537474,
42.6600989733794,43.1150790930113,43.5700592126432,44.0250393322752,44.4800194519071,
44.9349995715391,45.389979691171,45.844959810803,46.2999399304349,46.7549200500668,
47.2099001696988,47.6648802893307,48.1198604089627,48.5748405285946,49.0298206482266,
49.6364608077358,50.2431009672451,50.3947610071224,50.8497411267543,51.3047212463863,
51.7597013660182,52.2146814856501,52.6696616052821,53.124641724914,53.579621844546,
54.0346019641779,54.4895820838099,54.9445622034418,55.3995423230738,55.8545224427057,
56.3095025623376,56.9161427218469,57.5227828813562,58.1294230408654,58.5844031604974,
59.0393832801293,59.4943633997612,59.9493435193932,60.4043236390251,60.8593037586571,
61.314283878289,61.769263997921,62.2242441175529,62.6792242371848,63.1342043568168,
63.5891844764487,64.0441645960807,64.4991447157126,64.9541248353446,65.4091049549765,
65.8640850746084,66.3190651942404,66.7740453138723,67.2290254335043,67.6840055531362,
68.1389856727681,68.5939657924001,69.048945912032,69.503926031664,69.9589061512959,
70.4138862709279,70.8688663905598,71.3238465101918,71.7788266298237,72.2338067494556,
72.6887868690876,73.1437669887195,73.5987471083515,74.0537272279834,74.5087073476154,
74.9636874672473,75.4186675868793,75.8736477065112,76.3286278261431,76.6319479058978,
76.9352679856524,77.5419081451616,78.1485483046709,78.6035284243028,79.0585085439348,
79.5134886635667,79.9684687831987,80.4234489028306,80.8784290224625,81.3334091420945,
81.7883892617264,82.3950294212357,83.001669580745,83.6083097402542,84.2149498997635,
84.8215900592727,85.428230218782,85.8326569917882,86.2370837647943,86.6415105378005,
87.2481506973098,87.854790856819,88.4614310163283,89.0680711758375,89.7505413552854,
90.4330115347334,91.1154817141813,91.7979518936292,92.4804220730771,93.162892252525,
93.8453624319729,94.5278326114208,95.2103027908688,95.8927729703167,96.5752431497646,
97.2577133292125,97.9401835086604,98.6226536881083,99.3051238675562,99.9875940470042,
100.670064226452,101.3525344059,102.035004585348,102.717474764796,103.399944944244,
104.082415123692,104.76488530314,105.447355482587,106.129825662035,106.812295841483,
107.494766020931,108.177236200379,108.859706379827,109.542176559275,110.224646738723,
110.907116918171),.UNSPECIFIED.);
#17=FACE_BOUND('',#137,.T.);
#18=PLANE('',#1203);
#19=PLANE('',#1205);
#20=PLANE('',#1206);
#21=PLANE('',#1207);
#22=PLANE('',#1208);
#23=PLANE('',#1209);
#24=PLANE('',#1210);
#25=PLANE('',#1212);
#26=PLANE('',#1215);
#27=FACE_OUTER_BOUND('',#88,.T.);
#28=FACE_OUTER_BOUND('',#89,.T.);
#29=FACE_OUTER_BOUND('',#90,.T.);
#30=FACE_OUTER_BOUND('',#91,.T.);
#31=FACE_OUTER_BOUND('',#92,.T.);
#32=FACE_OUTER_BOUND('',#93,.T.);
#33=FACE_OUTER_BOUND('',#94,.T.);
#34=FACE_OUTER_BOUND('',#95,.T.);
#35=FACE_OUTER_BOUND('',#96,.T.);
#36=FACE_OUTER_BOUND('',#97,.T.);
#37=FACE_OUTER_BOUND('',#98,.T.);
#38=FACE_OUTER_BOUND('',#99,.T.);
#39=FACE_OUTER_BOUND('',#100,.T.);
#40=FACE_OUTER_BOUND('',#101,.T.);
#41=FACE_OUTER_BOUND('',#102,.T.);
#42=FACE_OUTER_BOUND('',#103,.T.);
#43=FACE_OUTER_BOUND('',#104,.T.);
#44=FACE_OUTER_BOUND('',#105,.T.);
#45=FACE_OUTER_BOUND('',#106,.T.);
#46=FACE_OUTER_BOUND('',#107,.T.);
#47=FACE_OUTER_BOUND('',#108,.T.);
#48=FACE_OUTER_BOUND('',#109,.T.);
#49=FACE_OUTER_BOUND('',#110,.T.);
#50=FACE_OUTER_BOUND('',#111,.T.);
#51=FACE_OUTER_BOUND('',#112,.T.);
#52=FACE_OUTER_BOUND('',#113,.T.);
#53=FACE_OUTER_BOUND('',#114,.T.);
#54=FACE_OUTER_BOUND('',#115,.T.);
#55=FACE_OUTER_BOUND('',#116,.T.);
#56=FACE_OUTER_BOUND('',#117,.T.);
#57=FACE_OUTER_BOUND('',#118,.T.);
#58=FACE_OUTER_BOUND('',#119,.T.);
#59=FACE_OUTER_BOUND('',#120,.T.);
#60=FACE_OUTER_BOUND('',#121,.T.);
#61=FACE_OUTER_BOUND('',#122,.T.);
#62=FACE_OUTER_BOUND('',#123,.T.);
#63=FACE_OUTER_BOUND('',#124,.T.);
#64=FACE_OUTER_BOUND('',#125,.T.);
#65=FACE_OUTER_BOUND('',#126,.T.);
#66=FACE_OUTER_BOUND('',#127,.T.);
#67=FACE_OUTER_BOUND('',#128,.T.);
#68=FACE_OUTER_BOUND('',#129,.T.);
#69=FACE_OUTER_BOUND('',#130,.T.);
#70=FACE_OUTER_BOUND('',#131,.T.);
#71=FACE_OUTER_BOUND('',#132,.T.);
#72=FACE_OUTER_BOUND('',#133,.T.);
#73=FACE_OUTER_BOUND('',#134,.T.);
#74=FACE_OUTER_BOUND('',#135,.T.);
#75=FACE_OUTER_BOUND('',#136,.T.);
#76=FACE_OUTER_BOUND('',#138,.T.);
#77=FACE_OUTER_BOUND('',#139,.T.);
#78=FACE_OUTER_BOUND('',#140,.T.);
#79=FACE_OUTER_BOUND('',#141,.T.);
#80=FACE_OUTER_BOUND('',#142,.T.);
#81=FACE_OUTER_BOUND('',#143,.T.);
#82=FACE_OUTER_BOUND('',#144,.T.);
#83=FACE_OUTER_BOUND('',#145,.T.);
#84=FACE_OUTER_BOUND('',#146,.T.);
#85=FACE_OUTER_BOUND('',#147,.T.);
#86=FACE_OUTER_BOUND('',#148,.T.);
#87=FACE_OUTER_BOUND('',#149,.T.);
#88=EDGE_LOOP('',(#680,#681,#682,#683));
#89=EDGE_LOOP('',(#684,#685,#686,#687));
#90=EDGE_LOOP('',(#688,#689,#690,#691));
#91=EDGE_LOOP('',(#692,#693,#694,#695));
#92=EDGE_LOOP('',(#696,#697,#698,#699));
#93=EDGE_LOOP('',(#700,#701,#702,#703));
#94=EDGE_LOOP('',(#704,#705,#706,#707));
#95=EDGE_LOOP('',(#708,#709,#710,#711));
#96=EDGE_LOOP('',(#712,#713,#714,#715));
#97=EDGE_LOOP('',(#716,#717,#718,#719));
#98=EDGE_LOOP('',(#720,#721,#722,#723));
#99=EDGE_LOOP('',(#724,#725,#726,#727));
#100=EDGE_LOOP('',(#728,#729,#730,#731));
#101=EDGE_LOOP('',(#732,#733,#734,#735));
#102=EDGE_LOOP('',(#736,#737,#738,#739));
#103=EDGE_LOOP('',(#740,#741,#742,#743));
#104=EDGE_LOOP('',(#744,#745,#746,#747));
#105=EDGE_LOOP('',(#748,#749,#750,#751));
#106=EDGE_LOOP('',(#752,#753,#754,#755));
#107=EDGE_LOOP('',(#756,#757,#758,#759));
#108=EDGE_LOOP('',(#760,#761,#762,#763));
#109=EDGE_LOOP('',(#764,#765,#766,#767));
#110=EDGE_LOOP('',(#768,#769,#770,#771));
#111=EDGE_LOOP('',(#772,#773,#774,#775));
#112=EDGE_LOOP('',(#776,#777,#778,#779));
#113=EDGE_LOOP('',(#780,#781,#782,#783));
#114=EDGE_LOOP('',(#784,#785,#786,#787));
#115=EDGE_LOOP('',(#788,#789,#790,#791));
#116=EDGE_LOOP('',(#792,#793,#794,#795));
#117=EDGE_LOOP('',(#796,#797,#798,#799));
#118=EDGE_LOOP('',(#800,#801,#802,#803));
#119=EDGE_LOOP('',(#804,#805,#806,#807));
#120=EDGE_LOOP('',(#808,#809,#810,#811));
#121=EDGE_LOOP('',(#812,#813,#814,#815));
#122=EDGE_LOOP('',(#816,#817,#818,#819));
#123=EDGE_LOOP('',(#820,#821,#822,#823));
#124=EDGE_LOOP('',(#824,#825,#826,#827));
#125=EDGE_LOOP('',(#828,#829,#830,#831));
#126=EDGE_LOOP('',(#832,#833,#834,#835));
#127=EDGE_LOOP('',(#836,#837,#838,#839));
#128=EDGE_LOOP('',(#840,#841,#842,#843));
#129=EDGE_LOOP('',(#844,#845,#846,#847));
#130=EDGE_LOOP('',(#848,#849,#850,#851));
#131=EDGE_LOOP('',(#852,#853,#854,#855));
#132=EDGE_LOOP('',(#856,#857,#858,#859));
#133=EDGE_LOOP('',(#860,#861,#862,#863));
#134=EDGE_LOOP('',(#864,#865,#866,#867));
#135=EDGE_LOOP('',(#868,#869,#870,#871));
#136=EDGE_LOOP('',(#872,#873,#874,#875,#876,#877));
#137=EDGE_LOOP('',(#878,#879,#880,#881));
#138=EDGE_LOOP('',(#882,#883,#884,#885));
#139=EDGE_LOOP('',(#886,#887,#888,#889));
#140=EDGE_LOOP('',(#890,#891,#892,#893));
#141=EDGE_LOOP('',(#894,#895,#896,#897));
#142=EDGE_LOOP('',(#898,#899,#900,#901));
#143=EDGE_LOOP('',(#902,#903,#904,#905));
#144=EDGE_LOOP('',(#906,#907,#908,#909,#910,#911,#912,#913,#914,#915,#916,
#917,#918,#919,#920,#921,#922,#923,#924,#925,#926,#927,#928,#929,#930,#931,
#932,#933,#934,#935,#936,#937,#938,#939,#940,#941,#942,#943,#944,#945,#946,
#947,#948,#949,#950,#951,#952,#953,#954,#955,#956,#957));
#145=EDGE_LOOP('',(#958,#959,#960,#961));
#146=EDGE_LOOP('',(#962,#963,#964,#965,#966,#967,#968,#969,#970,#971,#972,
#973,#974,#975,#976,#977,#978,#979,#980,#981,#982,#983,#984,#985,#986,#987,
#988,#989,#990,#991,#992,#993,#994,#995,#996,#997,#998,#999,#1000,#1001,
#1002,#1003,#1004,#1005,#1006,#1007,#1008,#1009,#1010,#1011,#1012,#1013));
#147=EDGE_LOOP('',(#1014,#1015,#1016,#1017,#1018,#1019));
#148=EDGE_LOOP('',(#1020,#1021,#1022,#1023));
#149=EDGE_LOOP('',(#1024,#1025,#1026,#1027));
#150=CIRCLE('',#1154,14.597345);
#151=CIRCLE('',#1179,13.194671);
#152=CIRCLE('',#1204,13.194671);
#153=CIRCLE('',#1214,14.597345);
#154=B_SPLINE_CURVE_WITH_KNOTS('',3,(#1416,#1417,#1418,#1419,#1420,#1421,
#1422,#1423,#1424,#1425,#1426,#1427,#1428,#1429,#1430,#1431,#1432,#1433,
#1434,#1435,#1436,#1437,#1438,#1439,#1440),.UNSPECIFIED.,.F.,.F.,(4,3,3,
3,3,3,3,3,4),(95.3732783891884,95.783135944417,96.4656061238649,97.1480763033128,
97.8305464827607,98.5130166622086,99.1954868416566,99.8779570211045,100.530964914873),
 .UNSPECIFIED.);
#155=B_SPLINE_CURVE_WITH_KNOTS('',3,(#1443,#1444,#1445,#1446,#1447,#1448,
#1449,#1450,#1451,#1452,#1453,#1454,#1455,#1456,#1457,#1458,#1459,#1460,
#1461,#1462,#1463,#1464),.UNSPECIFIED.,.F.,.F.,(4,3,3,3,3,3,3,4),(-102.607837738896,
-101.925367559448,-101.24289738,-100.560427200552,-99.8779570211045,-99.1954868416565,
-98.5130166622086,-98.3407463038117),.UNSPECIFIED.);
#156=B_SPLINE_CURVE_WITH_KNOTS('',3,(#1469,#1470,#1471,#1472,#1473,#1474,
#1475,#1476,#1477,#1478,#1479,#1480,#1481,#1482,#1483,#1484,#1485,#1486,
#1487,#1488,#1489,#1490,#1491,#1492,#1493,#1494,#1495,#1496,#1497,#1498,
#1499),.UNSPECIFIED.,.F.,.F.,(4,3,3,3,3,3,3,3,3,3,4),(89.090093083327,89.6409043293858,
90.3233745088337,91.0058446882816,91.6883148677295,92.3707850471774,93.0532552266253,
93.7357254060732,94.4181955855212,95.1006657649691,95.3732783891884),
 .UNSPECIFIED.);
#157=B_SPLINE_CURVE_WITH_KNOTS('',3,(#1500,#1501,#1502,#1503,#1504,#1505,
#1506,#1507,#1508,#1509,#1510,#1511,#1512,#1513,#1514,#1515,#1516,#1517,
#1518,#1519,#1520,#1521,#1522,#1523,#1524,#1525,#1526,#1527,#1528,#1529,
#1530),.UNSPECIFIED.,.F.,.F.,(4,3,3,3,3,3,3,3,3,3,4),(-98.3407463038117,
-97.8305464827607,-97.1480763033128,-96.4656061238649,-95.783135944417,
-95.1006657649691,-94.4181955855211,-93.7357254060732,-93.0532552266253,
-92.3707850471774,-92.0575609966322),.UNSPECIFIED.);
#158=B_SPLINE_CURVE_WITH_KNOTS('',3,(#1535,#1536,#1537,#1538,#1539,#1540,
#1541,#1542,#1543,#1544,#1545,#1546,#1547,#1548,#1549,#1550,#1551,#1552,
#1553,#1554,#1555,#1556,#1557,#1558,#1559,#1560,#1561,#1562,#1563,#1564,
#1565,#1566,#1567,#1568),.UNSPECIFIED.,.F.,.F.,(4,3,3,3,3,3,3,3,3,3,3,4),
(82.8069077748293,82.8162025349066,83.4986727143545,84.1811428938024,84.8636130732503,
85.5460832526983,86.2285534321462,86.9110236115941,87.593493791042,88.2759639704899,
88.9584341499378,89.090093083327),.UNSPECIFIED.);
#159=B_SPLINE_CURVE_WITH_KNOTS('',3,(#1569,#1570,#1571,#1572,#1573,#1574,
#1575,#1576,#1577,#1578,#1579,#1580,#1581,#1582,#1583,#1584,#1585,#1586,
#1587,#1588,#1589,#1590,#1591,#1592,#1593,#1594,#1595,#1596,#1597,#1598,
#1599),.UNSPECIFIED.,.F.,.F.,(4,3,3,3,3,3,3,3,3,3,4),(-92.0575609966322,
-91.6883148677295,-91.0058446882816,-90.3233745088337,-89.6409043293857,
-88.9584341499378,-88.2759639704899,-87.593493791042,-86.9110236115941,
-86.2285534321461,-85.7743756894526),.UNSPECIFIED.);
#160=B_SPLINE_CURVE_WITH_KNOTS('',3,(#1604,#1605,#1606,#1607,#1608,#1609,
#1610,#1611,#1612,#1613,#1614,#1615,#1616,#1617,#1618,#1619,#1620,#1621,
#1622,#1623,#1624,#1625,#1626,#1627,#1628,#1629,#1630,#1631,#1632,#1633,
#1634,#1635,#1636,#1637),.UNSPECIFIED.,.F.,.F.,(4,3,3,3,3,3,3,3,3,3,3,4),
(76.5237224676497,77.1289510395073,77.5333778125135,77.9378045855197,78.3422313585259,
78.9488715180351,79.5555116775444,80.1621518370536,80.7687919965629,81.4512621760108,
82.1337323554587,82.8069077748293),.UNSPECIFIED.);
#161=B_SPLINE_CURVE_WITH_KNOTS('',3,(#1638,#1639,#1640,#1641,#1642,#1643,
#1644,#1645,#1646,#1647,#1648,#1649,#1650,#1651,#1652,#1653,#1654,#1655,
#1656,#1657,#1658,#1659,#1660,#1661,#1662,#1663,#1664,#1665,#1666,#1667,
#1668,#1669,#1670,#1671),.UNSPECIFIED.,.F.,.F.,(4,3,3,3,3,3,3,3,3,3,3,4),
(-85.7743756894526,-85.5460832526982,-84.8636130732503,-84.1811428938024,
-83.4986727143545,-82.8162025349066,-82.1337323554587,-81.4512621760108,
-80.7687919965628,-80.1621518370536,-79.5555116775443,-79.491190382273),
 .UNSPECIFIED.);
#162=B_SPLINE_CURVE_WITH_KNOTS('',3,(#1676,#1677,#1678,#1679,#1680,#1681,
#1682,#1683,#1684,#1685,#1686,#1687,#1688,#1689,#1690,#1691,#1692,#1693,
#1694,#1695,#1696,#1697,#1698,#1699,#1700,#1701,#1702,#1703,#1704,#1705,
#1706,#1707,#1708,#1709,#1710,#1711,#1712,#1713,#1714,#1715,#1716,#1717,
#1718),.UNSPECIFIED.,.F.,.F.,(4,3,3,3,3,3,3,3,3,3,3,3,3,3,4),(70.2405371576975,
70.3042492450282,70.7592293646601,71.2142094842921,71.669189603924,72.124169723556,
72.5791498431879,73.0341299628198,73.4891100824518,74.0957502419611,74.7023904014703,
75.3090305609796,75.9156707204888,76.5223108799981,76.5237224676497),
 .UNSPECIFIED.);
#163=B_SPLINE_CURVE_WITH_KNOTS('',3,(#1719,#1720,#1721,#1722,#1723,#1724,
#1725,#1726,#1727,#1728,#1729,#1730,#1731,#1732,#1733,#1734,#1735,#1736,
#1737,#1738,#1739,#1740,#1741,#1742,#1743,#1744,#1745,#1746,#1747,#1748,
#1749,#1750,#1751,#1752,#1753,#1754,#1755,#1756,#1757,#1758),
 .UNSPECIFIED.,.F.,.F.,(4,3,3,3,3,3,3,3,3,3,3,3,3,4),(-79.491190382273,
-78.9488715180351,-78.3422313585258,-77.9378045855196,-77.5333778125135,
-77.3311644260104,-77.1289510395073,-76.522310879998,-75.9156707204888,
-75.3090305609795,-74.7023904014703,-74.095750241961,-73.4891100824518,
-73.2080050785094),.UNSPECIFIED.);
#164=B_SPLINE_CURVE_WITH_KNOTS('',3,(#1763,#1764,#1765,#1766,#1767,#1768,
#1769,#1770,#1771,#1772,#1773,#1774,#1775,#1776,#1777,#1778,#1779,#1780,
#1781,#1782,#1783,#1784,#1785,#1786,#1787,#1788,#1789,#1790,#1791,#1792,
#1793,#1794,#1795,#1796,#1797,#1798,#1799,#1800,#1801,#1802,#1803,#1804,
#1805),.UNSPECIFIED.,.F.,.F.,(4,3,3,3,3,3,3,3,3,3,3,3,3,3,4),(63.9573518532905,
64.3895076898129,64.8444878094449,65.2994679290768,65.7544480487088,66.2094281683407,
66.6644082879727,67.1193884076046,67.5743685272366,68.0293486468685,68.3326687266231,
68.6359888063778,69.242628965887,69.8492691253963,70.2405371576975),
 .UNSPECIFIED.);
#165=B_SPLINE_CURVE_WITH_KNOTS('',3,(#1806,#1807,#1808,#1809,#1810,#1811,
#1812,#1813,#1814,#1815,#1816,#1817,#1818,#1819,#1820,#1821,#1822,#1823,
#1824,#1825,#1826,#1827,#1828,#1829,#1830,#1831,#1832,#1833,#1834,#1835,
#1836,#1837,#1838,#1839,#1840,#1841,#1842,#1843,#1844,#1845,#1846,#1847,
#1848),.UNSPECIFIED.,.F.,.F.,(4,3,3,3,3,3,3,3,3,3,3,3,3,3,4),(-73.2080050785094,
-73.0341299628198,-72.5791498431879,-72.1241697235559,-71.669189603924,
-71.0625494444147,-70.4559092849055,-69.8492691253962,-69.3942890057643,
-68.9393088861323,-68.4843287665004,-68.0293486468684,-67.5743685272365,
-67.1193884076046,-66.9248197679138),.UNSPECIFIED.);
#166=B_SPLINE_CURVE_WITH_KNOTS('',3,(#1853,#1854,#1855,#1856,#1857,#1858,
#1859,#1860,#1861,#1862,#1863,#1864,#1865,#1866,#1867,#1868,#1869,#1870,
#1871,#1872,#1873,#1874,#1875,#1876,#1877,#1878,#1879,#1880,#1881,#1882,
#1883,#1884,#1885,#1886,#1887,#1888,#1889,#1890,#1891,#1892,#1893,#1894,
#1895,#1896,#1897,#1898),.UNSPECIFIED.,.F.,.F.,(4,3,3,3,3,3,3,3,3,3,3,3,
3,3,3,4),(57.6741665461109,58.0197860149658,58.4747661345977,58.9297462542296,
59.3847263738616,59.8397064934935,60.2946866131255,60.7496667327574,61.2046468523893,
61.6596269720213,62.1146070916532,62.5695872112852,63.0245673309171,63.4795474505491,
63.934527570181,63.9573518532905),.UNSPECIFIED.);
#167=B_SPLINE_CURVE_WITH_KNOTS('',3,(#1899,#1900,#1901,#1902,#1903,#1904,
#1905,#1906,#1907,#1908,#1909,#1910,#1911,#1912,#1913,#1914,#1915,#1916,
#1917,#1918,#1919,#1920,#1921,#1922,#1923,#1924,#1925,#1926,#1927,#1928,
#1929,#1930,#1931,#1932,#1933,#1934,#1935,#1936,#1937,#1938,#1939,#1940,
#1941,#1942,#1943,#1944),.UNSPECIFIED.,.F.,.F.,(4,3,3,3,3,3,3,3,3,3,3,3,
3,3,3,4),(-66.9248197679138,-66.6644082879726,-66.2094281683407,-65.7544480487087,
-65.2994679290768,-64.8444878094449,-64.3895076898129,-63.934527570181,
-63.479547450549,-63.0245673309171,-62.5695872112851,-62.1146070916532,
-61.6596269720212,-61.2046468523893,-60.7496667327574,-60.6416344607342),
 .UNSPECIFIED.);
#168=B_SPLINE_CURVE_WITH_KNOTS('',3,(#1949,#1950,#1951,#1952,#1953,#1954,
#1955,#1956,#1957,#1958,#1959,#1960,#1961,#1962,#1963,#1964,#1965,#1966,
#1967,#1968,#1969,#1970,#1971,#1972,#1973,#1974,#1975,#1976,#1977,#1978,
#1979,#1980,#1981,#1982,#1983,#1984,#1985,#1986,#1987,#1988,#1989,#1990,
#1991,#1992,#1993,#1994),.UNSPECIFIED.,.F.,.F.,(4,3,3,3,3,3,3,3,3,3,3,3,
3,3,3,4),(51.3909812389313,51.6500643401186,52.1050444597505,52.5600245793824,
53.0150046990144,53.4699848186463,53.9249649382783,54.3799450579102,54.8349251775422,
55.2899052971741,55.744885416806,56.199865536438,56.6548456560699,57.1098257757019,
57.5648058953338,57.6741665461109),.UNSPECIFIED.);
#169=B_SPLINE_CURVE_WITH_KNOTS('',3,(#1995,#1996,#1997,#1998,#1999,#2000,
#2001,#2002,#2003,#2004,#2005,#2006,#2007,#2008,#2009,#2010,#2011,#2012,
#2013,#2014,#2015,#2016,#2017,#2018,#2019,#2020,#2021,#2022,#2023,#2024,
#2025,#2026,#2027,#2028,#2029,#2030,#2031,#2032,#2033,#2034,#2035,#2036,
#2037,#2038,#2039,#2040),.UNSPECIFIED.,.F.,.F.,(4,3,3,3,3,3,3,3,3,3,3,3,
3,3,3,4),(-60.6416344607342,-60.2946866131254,-59.8397064934935,-59.3847263738615,
-58.9297462542296,-58.4747661345977,-58.0197860149657,-57.5648058953338,
-57.1098257757018,-56.6548456560699,-56.199865536438,-55.744885416806,-55.2899052971741,
-54.8349251775421,-54.3799450579102,-54.3584491535546),.UNSPECIFIED.);
#170=B_SPLINE_CURVE_WITH_KNOTS('',3,(#2045,#2046,#2047,#2048,#2049,#2050,
#2051,#2052,#2053,#2054,#2055,#2056,#2057,#2058,#2059,#2060,#2061,#2062,
#2063,#2064,#2065,#2066,#2067,#2068,#2069,#2070,#2071,#2072,#2073,#2074,
#2075,#2076,#2077,#2078,#2079,#2080,#2081,#2082,#2083,#2084,#2085,#2086,
#2087),.UNSPECIFIED.,.F.,.F.,(4,3,3,3,3,3,3,3,3,3,3,3,3,3,4),(45.1077959317517,
45.2803426652713,45.7353227849033,46.1903029045352,46.6452830241672,47.1002631437991,
47.5552432634311,48.010223383063,48.6168635425723,49.2235037020815,49.8301438615908,
50.2851239812227,50.7401041008547,51.1950842204866,51.3909812389313),
 .UNSPECIFIED.);
#171=B_SPLINE_CURVE_WITH_KNOTS('',3,(#2088,#2089,#2090,#2091,#2092,#2093,
#2094,#2095,#2096,#2097,#2098,#2099,#2100,#2101,#2102,#2103,#2104,#2105,
#2106,#2107,#2108,#2109,#2110,#2111,#2112,#2113,#2114,#2115,#2116,#2117,
#2118,#2119,#2120,#2121,#2122,#2123,#2124,#2125,#2126,#2127),
 .UNSPECIFIED.,.F.,.F.,(4,3,3,3,3,3,3,3,3,3,3,3,3,4),(-54.3584491535546,
-53.9249649382782,-53.4699848186463,-53.0150046990144,-52.5600245793824,
-52.1050444597505,-51.6500643401185,-51.1950842204866,-50.7401041008546,
-50.2851239812227,-49.8301438615908,-49.2235037020815,-48.6168635425722,
-48.0752638463751),.UNSPECIFIED.);
#172=B_SPLINE_CURVE_WITH_KNOTS('',3,(#2132,#2133,#2134,#2135,#2136,#2137,
#2138,#2139,#2140,#2141,#2142,#2143,#2144,#2145,#2146,#2147,#2148,#2149,
#2150,#2151,#2152,#2153,#2154,#2155,#2156,#2157,#2158,#2159,#2160,#2161,
#2162,#2163,#2164,#2165,#2166,#2167,#2168,#2169,#2170,#2171,#2172,#2173,
#2174,#2175,#2176,#2177),.UNSPECIFIED.,.F.,.F.,(4,3,3,3,3,3,3,3,3,3,3,3,
3,3,3,4),(38.8246106245722,38.9106209904241,39.3656011100561,39.820581229688,
40.27556134932,40.7305414689519,41.3371816284612,41.9438217879704,42.0954818278477,
42.5504619474797,43.0054420671116,43.4604221867436,43.9154023063755,44.3703824260075,
44.8253625456394,45.1077959317517),.UNSPECIFIED.);
#173=B_SPLINE_CURVE_WITH_KNOTS('',3,(#2178,#2179,#2180,#2181,#2182,#2183,
#2184,#2185,#2186,#2187,#2188,#2189,#2190,#2191,#2192,#2193,#2194,#2195,
#2196,#2197,#2198,#2199,#2200,#2201,#2202,#2203,#2204,#2205,#2206,#2207,
#2208,#2209,#2210,#2211,#2212,#2213,#2214,#2215,#2216,#2217,#2218,#2219,
#2220,#2221,#2222,#2223),.UNSPECIFIED.,.F.,.F.,(4,3,3,3,3,3,3,3,3,3,3,3,
3,3,3,4),(-48.0752638463751,-48.010223383063,-47.555243263431,-47.1002631437991,
-46.6452830241671,-46.1903029045352,-45.7353227849033,-45.2803426652713,
-44.8253625456394,-44.3703824260074,-43.9154023063755,-43.4604221867436,
-43.0054420671116,-42.5504619474797,-41.9438217879704,-41.7920785391955),
 .UNSPECIFIED.);
#174=B_SPLINE_CURVE_WITH_KNOTS('',3,(#2228,#2229,#2230,#2231,#2232,#2233,
#2234,#2235,#2236,#2237,#2238,#2239,#2240,#2241,#2242,#2243,#2244,#2245,
#2246,#2247,#2248,#2249,#2250,#2251,#2252,#2253,#2254,#2255,#2256,#2257,
#2258,#2259,#2260,#2261,#2262,#2263,#2264,#2265,#2266,#2267,#2268,#2269,
#2270),.UNSPECIFIED.,.F.,.F.,(4,3,3,3,3,3,3,3,3,3,3,3,3,3,4),(32.5414253173926,
32.8442193953316,33.4508595548408,33.9058396744728,34.3608197941047,34.8157999137367,
35.2707800333686,35.7257601530005,36.1807402726325,36.6357203922644,37.0907005118964,
37.5456806315283,38.0006607511603,38.4556408707922,38.8246106245722),
 .UNSPECIFIED.);
#175=B_SPLINE_CURVE_WITH_KNOTS('',3,(#2271,#2272,#2273,#2274,#2275,#2276,
#2277,#2278,#2279,#2280,#2281,#2282,#2283,#2284,#2285,#2286,#2287,#2288,
#2289,#2290,#2291,#2292,#2293,#2294,#2295,#2296,#2297,#2298,#2299,#2300,
#2301,#2302,#2303,#2304,#2305,#2306,#2307,#2308,#2309,#2310,#2311,#2312,
#2313,#2314,#2315,#2316),.UNSPECIFIED.,.F.,.F.,(4,3,3,3,3,3,3,3,3,3,3,3,
3,3,3,4),(-41.7920785391955,-41.3371816284612,-40.7305414689519,-40.27556134932,
-40.048071289504,-39.820581229688,-39.3656011100561,-38.9106209904241,-38.4556408707922,
-38.0006607511602,-37.5456806315283,-37.0907005118963,-36.6357203922644,
-36.1807402726325,-35.7257601530005,-35.5088932321411),.UNSPECIFIED.);
#176=B_SPLINE_CURVE_WITH_KNOTS('',3,(#2321,#2322,#2323,#2324,#2325,#2326,
#2327,#2328,#2329,#2330,#2331,#2332,#2333,#2334,#2335,#2336,#2337,#2338,
#2339,#2340,#2341,#2342,#2343,#2344,#2345,#2346,#2347,#2348,#2349,#2350,
#2351,#2352,#2353,#2354,#2355,#2356,#2357,#2358,#2359,#2360,#2361,#2362,
#2363),.UNSPECIFIED.,.F.,.F.,(4,3,3,3,3,3,3,3,3,3,3,3,3,3,4),(26.258240010213,
26.6261577603617,27.0811378799936,27.5361179996256,27.9910981192575,28.4460782388895,
28.9010583585214,29.3560384781533,29.8110185977853,30.2659987174172,30.7209788370492,
31.1759589566811,31.630939076313,32.2375792358223,32.5414253173926),
 .UNSPECIFIED.);
#177=B_SPLINE_CURVE_WITH_KNOTS('',3,(#2364,#2365,#2366,#2367,#2368,#2369,
#2370,#2371,#2372,#2373,#2374,#2375,#2376,#2377,#2378,#2379,#2380,#2381,
#2382,#2383,#2384,#2385,#2386,#2387,#2388,#2389,#2390,#2391,#2392,#2393,
#2394,#2395,#2396,#2397,#2398,#2399,#2400,#2401,#2402,#2403,#2404,#2405,
#2406),.UNSPECIFIED.,.F.,.F.,(4,3,3,3,3,3,3,3,3,3,3,3,3,3,4),(-35.5088932321411,
-35.2707800333686,-34.8157999137366,-34.3608197941047,-33.9058396744728,
-33.4508595548408,-32.8442193953315,-32.2375792358223,-31.630939076313,
-31.1759589566811,-30.7209788370492,-30.2659987174172,-29.8110185977853,
-29.3560384781533,-29.2257079248363),.UNSPECIFIED.);
#178=B_SPLINE_CURVE_WITH_KNOTS('',3,(#2411,#2412,#2413,#2414,#2415,#2416,
#2417,#2418,#2419,#2420,#2421,#2422,#2423,#2424,#2425,#2426,#2427,#2428,
#2429,#2430,#2431,#2432,#2433,#2434,#2435,#2436,#2437,#2438,#2439,#2440,
#2441,#2442,#2443,#2444,#2445,#2446,#2447,#2448,#2449,#2450,#2451,#2452,
#2453),.UNSPECIFIED.,.F.,.F.,(4,3,3,3,3,3,3,3,3,3,3,3,3,3,4),(19.9750547030334,
20.2564360855145,20.7114162051464,21.1663963247784,21.6213764444103,22.0763565640422,
22.5313366836742,22.9863168033061,23.4412969229381,23.89627704257,24.351257162202,
24.9578973217112,25.5645374812205,26.1711776407297,26.258240010213),
 .UNSPECIFIED.);
#179=B_SPLINE_CURVE_WITH_KNOTS('',3,(#2454,#2455,#2456,#2457,#2458,#2459,
#2460,#2461,#2462,#2463,#2464,#2465,#2466,#2467,#2468,#2469,#2470,#2471,
#2472,#2473,#2474,#2475,#2476,#2477,#2478,#2479,#2480,#2481,#2482,#2483,
#2484,#2485,#2486,#2487,#2488,#2489,#2490,#2491,#2492,#2493,#2494,#2495,
#2496,#2497,#2498,#2499),.UNSPECIFIED.,.F.,.F.,(4,3,3,3,3,3,3,3,3,3,3,3,
3,3,3,4),(-29.2257079248363,-28.9010583585214,-28.4460782388894,-27.9910981192575,
-27.5361179996256,-27.0811378799936,-26.6261577603617,-26.1711776407297,
-25.5645374812205,-24.9578973217112,-24.8062372818339,-24.351257162202,
-23.89627704257,-23.4412969229381,-22.9863168033061,-22.9425226176567),
 .UNSPECIFIED.);
#180=B_SPLINE_CURVE_WITH_KNOTS('',3,(#2504,#2505,#2506,#2507,#2508,#2509,
#2510,#2511,#2512,#2513,#2514,#2515,#2516,#2517,#2518,#2519,#2520,#2521,
#2522,#2523,#2524,#2525,#2526,#2527,#2528,#2529,#2530,#2531,#2532,#2533,
#2534,#2535,#2536,#2537,#2538,#2539,#2540,#2541,#2542,#2543,#2544,#2545,
#2546,#2547,#2548,#2549),.UNSPECIFIED.,.F.,.F.,(4,3,3,3,3,3,3,3,3,3,3,3,
3,3,3,4),(13.6918693958538,13.8867144106673,14.3416945302992,14.7966746499312,
15.2516547695631,15.7066348891951,16.161615008827,16.6165951284589,17.0715752480909,
17.5265553677228,17.9815354873548,18.4365156069867,18.8914957266187,19.3464758462506,
19.8014559658825,19.9750547030334),.UNSPECIFIED.);
#181=B_SPLINE_CURVE_WITH_KNOTS('',3,(#2550,#2551,#2552,#2553,#2554,#2555,
#2556,#2557,#2558,#2559,#2560,#2561,#2562,#2563,#2564,#2565,#2566,#2567,
#2568,#2569,#2570,#2571,#2572,#2573,#2574,#2575,#2576,#2577,#2578,#2579,
#2580,#2581,#2582,#2583,#2584,#2585,#2586,#2587,#2588,#2589,#2590,#2591,
#2592),.UNSPECIFIED.,.F.,.F.,(4,3,3,3,3,3,3,3,3,3,3,3,3,3,4),(-22.9425226176567,
-22.5313366836742,-22.0763565640422,-21.6213764444103,-21.1663963247784,
-20.7114162051464,-20.2564360855145,-19.8014559658825,-19.3464758462506,
-18.8914957266186,-18.4365156069867,-17.9815354873548,-17.5265553677228,
-17.0715752480909,-16.6593373130381),.UNSPECIFIED.);
#182=B_SPLINE_CURVE_WITH_KNOTS('',3,(#2597,#2598,#2599,#2600,#2601,#2602,
#2603,#2604,#2605,#2606,#2607,#2608,#2609,#2610,#2611,#2612,#2613,#2614,
#2615,#2616,#2617,#2618,#2619,#2620,#2621,#2622,#2623,#2624,#2625,#2626,
#2627,#2628,#2629,#2630,#2631,#2632,#2633,#2634,#2635,#2636,#2637,#2638,
#2639,#2640,#2641,#2642),.UNSPECIFIED.,.F.,.F.,(4,3,3,3,3,3,3,3,3,3,3,3,
3,3,3,4),(7.40868408867423,7.51699273582008,7.97197285545202,8.42695297508396,
8.88193309471591,9.33691321434785,9.79189333397979,10.2468734536117,10.7018535732437,
11.1568336928756,11.6118138125076,12.0667939321395,12.5217740517715,12.9767541714034,
13.4317342910353,13.6918693958538),.UNSPECIFIED.);
#183=B_SPLINE_CURVE_WITH_KNOTS('',3,(#2643,#2644,#2645,#2646,#2647,#2648,
#2649,#2650,#2651,#2652,#2653,#2654,#2655,#2656,#2657,#2658,#2659,#2660,
#2661,#2662,#2663,#2664,#2665,#2666,#2667,#2668,#2669,#2670,#2671,#2672,
#2673,#2674,#2675,#2676,#2677,#2678,#2679,#2680,#2681,#2682,#2683,#2684,
#2685,#2686,#2687,#2688),.UNSPECIFIED.,.F.,.F.,(4,3,3,3,3,3,3,3,3,3,3,3,
3,3,3,4),(-16.6593373130381,-16.6165951284589,-16.161615008827,-15.706634889195,
-15.2516547695631,-14.7966746499312,-14.3416945302992,-13.8867144106673,
-13.4317342910353,-12.9767541714034,-12.5217740517714,-12.0667939321395,
-11.6118138125076,-11.1568336928756,-10.7018535732437,-10.3761520032975),
 .UNSPECIFIED.);
#184=B_SPLINE_CURVE_WITH_KNOTS('',3,(#2693,#2694,#2695,#2696,#2697,#2698,
#2699,#2700,#2701,#2702,#2703,#2704,#2705,#2706,#2707,#2708,#2709,#2710,
#2711,#2712,#2713,#2714,#2715,#2716,#2717,#2718,#2719,#2720,#2721,#2722,
#2723,#2724,#2725,#2726,#2727,#2728,#2729,#2730,#2731,#2732,#2733,#2734,
#2735,#2736,#2737,#2738),.UNSPECIFIED.,.F.,.F.,(4,3,3,3,3,3,3,3,3,3,3,3,
3,3,3,4),(1.12549878149464,1.14727106097288,1.60225118060482,2.05723130023676,
2.5122114198687,2.96719153950065,3.42217165913259,3.87715177876454,4.33213189839648,
4.78711201802842,5.24209213766036,5.69707225729231,6.15205237692425,6.60703249655619,
7.06201261618814,7.40868408867423),.UNSPECIFIED.);
#185=B_SPLINE_CURVE_WITH_KNOTS('',3,(#2739,#2740,#2741,#2742,#2743,#2744,
#2745,#2746,#2747,#2748,#2749,#2750,#2751,#2752,#2753,#2754,#2755,#2756,
#2757,#2758,#2759,#2760,#2761,#2762,#2763,#2764,#2765,#2766,#2767,#2768,
#2769,#2770,#2771,#2772,#2773,#2774,#2775,#2776,#2777,#2778,#2779,#2780,
#2781,#2782,#2783,#2784),.UNSPECIFIED.,.F.,.F.,(4,3,3,3,3,3,3,3,3,3,3,3,
3,3,3,4),(-10.3761520032975,-10.2468734536117,-9.79189333397978,-9.33691321434784,
-8.8819330947159,-8.42695297508395,-7.97197285545201,-7.51699273582007,
-7.06201261618813,-6.60703249655618,-6.15205237692424,-5.6970722572923,
-5.24209213766036,-4.78711201802841,-4.33213189839647,-4.09296669611795),
 .UNSPECIFIED.);
#186=B_SPLINE_CURVE_WITH_KNOTS('',3,(#2789,#2790,#2791,#2792,#2793,#2794,
#2795,#2796,#2797,#2798,#2799,#2800,#2801,#2802,#2803,#2804,#2805,#2806,
#2807,#2808,#2809,#2810,#2811,#2812,#2813,#2814,#2815,#2816,#2817,#2818,
#2819,#2820,#2821,#2822,#2823,#2824,#2825,#2826,#2827,#2828,#2829,#2830,
#2831),.UNSPECIFIED.,.F.,.F.,(4,3,3,3,3,3,3,3,3,3,3,3,3,3,4),(-5.15768652568494,
-4.76747049424238,-4.31249037461044,-3.8575102549785,-3.40253013534655,
-2.94755001571461,-2.49256989608267,-2.03758977645073,-1.58260965681878,
-1.12762953718684,-0.672649417554896,-0.217669297922952,0.23731082170899,
0.692290941340933,1.12549878149464),.UNSPECIFIED.);
#187=B_SPLINE_CURVE_WITH_KNOTS('',3,(#2832,#2833,#2834,#2835,#2836,#2837,
#2838,#2839,#2840,#2841,#2842,#2843,#2844,#2845,#2846,#2847,#2848,#2849,
#2850,#2851,#2852,#2853,#2854,#2855,#2856,#2857,#2858,#2859,#2860,#2861,
#2862,#2863,#2864,#2865,#2866,#2867,#2868,#2869,#2870,#2871,#2872,#2873,
#2874),.UNSPECIFIED.,.F.,.F.,(4,3,3,3,3,3,3,3,3,3,3,3,3,3,4),(-4.09296669611795,
-3.87715177876453,-3.42217165913258,-2.96719153950064,-2.5122114198687,
-2.05723130023675,-1.60225118060481,-1.14727106097287,-0.692290941340926,
-0.237310821708984,0.21766929792296,0.672649417554903,1.12762953718685,
1.7342696966961,2.19021861359516),.UNSPECIFIED.);
#188=B_SPLINE_CURVE_WITH_KNOTS('',3,(#2879,#2880,#2881,#2882,#2883,#2884,
#2885,#2886,#2887,#2888,#2889,#2890,#2891,#2892,#2893,#2894,#2895,#2896,
#2897,#2898,#2899,#2900,#2901,#2902,#2903,#2904,#2905,#2906,#2907,#2908,
#2909,#2910,#2911,#2912,#2913,#2914,#2915),.UNSPECIFIED.,.F.,.F.,(4,3,3,
3,3,3,3,3,3,3,3,3,4),(-11.4408718330511,-11.3646822289056,-10.6822120494576,
-9.99974187000973,-9.31727169056181,-8.6348015111139,-7.95233133166598,
-7.26986115221807,-6.58739097277016,-6.13241085313821,-5.67743073350627,
-5.22245061387433,-5.15768652568494),.UNSPECIFIED.);
#189=B_SPLINE_CURVE_WITH_KNOTS('',3,(#2916,#2917,#2918,#2919,#2920,#2921,
#2922,#2923,#2924,#2925,#2926,#2927,#2928,#2929,#2930,#2931,#2932,#2933,
#2934,#2935,#2936,#2937,#2938,#2939,#2940,#2941,#2942,#2943,#2944,#2945,
#2946,#2947,#2948,#2949,#2950,#2951,#2952,#2953,#2954,#2955,#2956,#2957,
#2958,#2959,#2960,#2961),.UNSPECIFIED.,.F.,.F.,(4,3,3,3,3,3,3,3,3,3,3,3,
3,3,3,4),(2.19021861359516,2.34090985620536,2.94755001571462,3.40253013534656,
3.8575102549785,4.31249037461044,4.76747049424239,5.22245061387433,5.67743073350627,
6.13241085313821,6.58739097277016,7.0423710924021,7.49735121203404,7.95233133166598,
8.40731145129793,8.47340391824122),.UNSPECIFIED.);
#190=B_SPLINE_CURVE_WITH_KNOTS('',3,(#2966,#2967,#2968,#2969,#2970,#2971,
#2972,#2973,#2974,#2975,#2976,#2977,#2978,#2979,#2980,#2981,#2982,#2983,
#2984,#2985,#2986,#2987,#2988,#2989,#2990,#2991,#2992,#2993,#2994,#2995,
#2996),.UNSPECIFIED.,.F.,.F.,(4,3,3,3,3,3,3,3,3,3,4),(-17.7240571400441,
-17.5069138439368,-16.8244436644889,-16.141973485041,-15.459503305593,-14.7770331261451,
-14.0945629466972,-13.4120927672493,-12.7296225878014,-12.0471524083535,
-11.4408718330511),.UNSPECIFIED.);
#191=B_SPLINE_CURVE_WITH_KNOTS('',3,(#2997,#2998,#2999,#3000,#3001,#3002,
#3003,#3004,#3005,#3006,#3007,#3008,#3009,#3010,#3011,#3012,#3013,#3014,
#3015,#3016,#3017,#3018,#3019,#3020,#3021,#3022,#3023,#3024,#3025,#3026,
#3027,#3028,#3029,#3030,#3031,#3032,#3033,#3034,#3035,#3036),
 .UNSPECIFIED.,.F.,.F.,(4,3,3,3,3,3,3,3,3,3,3,3,3,4),(8.47340391824122,
8.86229157092987,9.31727169056181,9.77225181019375,10.2272319298257,10.833872089335,
11.4405122488442,12.0471524083535,12.5021325279854,12.9571126476174,13.4120927672493,
13.8670728868812,14.3220530065132,14.7565892254208),.UNSPECIFIED.);
#192=B_SPLINE_CURVE_WITH_KNOTS('',3,(#3041,#3042,#3043,#3044,#3045,#3046,
#3047,#3048,#3049,#3050,#3051,#3052,#3053,#3054,#3055,#3056,#3057,#3058,
#3059,#3060,#3061,#3062,#3063,#3064,#3065,#3066,#3067,#3068,#3069,#3070,
#3071,#3072,#3073,#3074,#3075,#3076,#3077,#3078,#3079,#3080),
 .UNSPECIFIED.,.F.,.F.,(4,3,3,3,3,3,3,3,3,3,3,3,3,4),(-24.0072424472237,
-23.876635518784,-23.421655399152,-22.9666752795201,-22.3600351200108,-21.7533949605016,
-21.1467548009923,-20.5401146414831,-19.9334744819738,-19.3268343224646,
-18.8718542028326,-18.4168740832007,-17.9618939635687,-17.7240571400441),
 .UNSPECIFIED.);
#193=B_SPLINE_CURVE_WITH_KNOTS('',3,(#3081,#3082,#3083,#3084,#3085,#3086,
#3087,#3088,#3089,#3090,#3091,#3092,#3093,#3094,#3095,#3096,#3097,#3098,
#3099,#3100,#3101,#3102,#3103,#3104,#3105,#3106,#3107,#3108,#3109,#3110,
#3111,#3112,#3113,#3114,#3115,#3116,#3117,#3118,#3119,#3120,#3121,#3122,
#3123),.UNSPECIFIED.,.F.,.F.,(4,3,3,3,3,3,3,3,3,3,3,3,3,3,4),(14.7565892254208,
14.7770331261451,15.2320132457771,15.686993365409,16.2936335249183,16.9002736844275,
17.5069138439368,17.9618939635687,18.4168740832007,18.8718542028326,19.3268343224646,
19.7818144420965,20.2367945617284,20.6917746813604,21.0397745326004),
 .UNSPECIFIED.);
#194=B_SPLINE_CURVE_WITH_KNOTS('',3,(#3128,#3129,#3130,#3131,#3132,#3133,
#3134,#3135,#3136,#3137,#3138,#3139,#3140,#3141,#3142,#3143,#3144,#3145,
#3146,#3147,#3148,#3149,#3150,#3151,#3152,#3153,#3154,#3155,#3156,#3157,
#3158,#3159,#3160,#3161,#3162,#3163,#3164,#3165,#3166,#3167),
 .UNSPECIFIED.,.F.,.F.,(4,3,3,3,3,3,3,3,3,3,3,3,3,4),(-30.2904277560465,
-29.7913770739992,-29.1089068945513,-28.4264367151034,-27.9714565954715,
-27.5164764758395,-27.0614963562076,-26.6065162365756,-26.1515361169437,
-25.6965559973118,-25.2415758776798,-24.7865957580479,-24.3316156384159,
-24.0072424472237),.UNSPECIFIED.);
#195=B_SPLINE_CURVE_WITH_KNOTS('',3,(#3168,#3169,#3170,#3171,#3172,#3173,
#3174,#3175,#3176,#3177,#3178,#3179,#3180,#3181,#3182,#3183,#3184,#3185,
#3186,#3187,#3188,#3189,#3190,#3191,#3192,#3193,#3194,#3195,#3196,#3197,
#3198,#3199,#3200,#3201,#3202,#3203,#3204,#3205,#3206,#3207,#3208,#3209,
#3210,#3211,#3212,#3213),.UNSPECIFIED.,.F.,.F.,(4,3,3,3,3,3,3,3,3,3,3,3,
3,3,3,4),(21.0397745326004,21.1467548009923,21.6017349206243,22.0567150402562,
22.5116951598882,22.9666752795201,23.421655399152,23.876635518784,24.3316156384159,
24.7865957580479,25.2415758776798,25.6965559973118,26.1515361169437,26.6065162365756,
27.0614963562076,27.32295983978),.UNSPECIFIED.);
#196=B_SPLINE_CURVE_WITH_KNOTS('',3,(#3218,#3219,#3220,#3221,#3222,#3223,
#3224,#3225,#3226,#3227,#3228,#3229,#3230,#3231,#3232,#3233,#3234,#3235,
#3236,#3237,#3238,#3239,#3240,#3241,#3242,#3243,#3244,#3245,#3246,#3247,
#3248),.UNSPECIFIED.,.F.,.F.,(4,3,3,3,3,3,3,3,3,3,4),(-36.5736130615829,
-35.9336086890305,-35.2511385095826,-34.5686683301346,-33.8861981506867,
-33.2037279712388,-32.5212577917909,-31.838787612343,-31.1563174328951,
-30.4738472534472,-30.2904277560465),.UNSPECIFIED.);
#197=B_SPLINE_CURVE_WITH_KNOTS('',3,(#3249,#3250,#3251,#3252,#3253,#3254,
#3255,#3256,#3257,#3258,#3259,#3260,#3261,#3262,#3263,#3264,#3265,#3266,
#3267,#3268,#3269,#3270,#3271,#3272,#3273,#3274,#3275,#3276,#3277,#3278,
#3279,#3280,#3281,#3282),.UNSPECIFIED.,.F.,.F.,(4,3,3,3,3,3,3,3,3,3,3,4),
(27.32295983978,27.5164764758395,27.9714565954715,28.4264367151034,29.1089068945513,
29.7913770739992,30.4738472534472,31.1563174328951,31.838787612343,32.5212577917909,
33.2037279712388,33.6061451458548),.UNSPECIFIED.);
#198=B_SPLINE_CURVE_WITH_KNOTS('',3,(#3287,#3288,#3289,#3290,#3291,#3292,
#3293,#3294,#3295,#3296,#3297,#3298,#3299,#3300,#3301,#3302,#3303,#3304,
#3305,#3306,#3307,#3308,#3309,#3310,#3311,#3312,#3313,#3314,#3315,#3316,
#3317,#3318,#3319,#3320),.UNSPECIFIED.,.F.,.F.,(4,3,3,3,3,3,3,3,3,3,3,4),
(-42.8567983687625,-42.7583104835096,-42.0758403040617,-41.3933701246138,
-40.7108999451659,-40.028429765718,-39.34595958627,-38.6634894068221,-37.9810192273742,
-37.2985490479263,-36.6160788684784,-36.5736130615829),.UNSPECIFIED.);
#199=B_SPLINE_CURVE_WITH_KNOTS('',3,(#3321,#3322,#3323,#3324,#3325,#3326,
#3327,#3328,#3329,#3330,#3331,#3332,#3333,#3334,#3335,#3336,#3337,#3338,
#3339,#3340,#3341,#3342,#3343,#3344,#3345,#3346,#3347,#3348,#3349,#3350,
#3351),.UNSPECIFIED.,.F.,.F.,(4,3,3,3,3,3,3,3,3,3,4),(33.6061451458548,
33.8861981506867,34.5686683301347,35.2511385095826,35.9336086890305,36.6160788684784,
37.2985490479263,37.9810192273742,38.6634894068221,39.3459595862701,39.8893304541392),
 .UNSPECIFIED.);
#200=B_SPLINE_CURVE_WITH_KNOTS('',3,(#3356,#3357,#3358,#3359,#3360,#3361,
#3362,#3363,#3364,#3365,#3366,#3367,#3368,#3369,#3370,#3371,#3372,#3373,
#3374,#3375,#3376,#3377,#3378,#3379,#3380,#3381,#3382,#3383,#3384,#3385,
#3386),.UNSPECIFIED.,.F.,.F.,(4,3,3,3,3,3,3,3,3,3,4),(-49.1399836750651,
-48.9005420985408,-48.2180719190929,-47.535601739645,-46.8531315601971,
-46.1706613807492,-45.4881912013013,-44.8057210218534,-44.1232508424054,
-43.4407806629575,-42.8567983687625),.UNSPECIFIED.);
#201=B_SPLINE_CURVE_WITH_KNOTS('',3,(#3387,#3388,#3389,#3390,#3391,#3392,
#3393,#3394,#3395,#3396,#3397,#3398,#3399,#3400,#3401,#3402,#3403,#3404,
#3405,#3406,#3407,#3408,#3409,#3410,#3411,#3412,#3413,#3414,#3415,#3416,
#3417,#3418,#3419,#3420),.UNSPECIFIED.,.F.,.F.,(4,3,3,3,3,3,3,3,3,3,3,4),
(39.8893304541392,40.028429765718,40.7108999451659,41.3933701246138,42.0758403040617,
42.7583104835096,43.4407806629575,44.1232508424054,44.8057210218534,45.4881912013013,
46.1706613807492,46.1725157613187),.UNSPECIFIED.);
#202=B_SPLINE_CURVE_WITH_KNOTS('',3,(#3426,#3427,#3428,#3429,#3430,#3431,
#3432,#3433,#3434,#3435,#3436),.UNSPECIFIED.,.F.,.F.,(4,1,1,1,1,1,1,1,4),
(-39.8893304541393,-39.2363225603704,-38.5538523809225,-37.8713822014745,
-37.1889120220266,-36.5064418425787,-35.8239716631308,-35.1415014836829,
-34.5575191894877),.UNSPECIFIED.);
#203=B_SPLINE_CURVE_WITH_KNOTS('',3,(#3439,#3440,#3441,#3442,#3443,#3444,
#3445,#3446,#3447),.UNSPECIFIED.,.F.,.F.,(4,1,1,1,1,1,4),(-38.6504858856057,
-37.9680157061578,-37.2855455267099,-36.603075347262,-35.9206051678141,
-35.2381349883662,-34.5575195853238),.UNSPECIFIED.);
#204=B_SPLINE_CURVE_WITH_KNOTS('',3,(#3452,#3453,#3454,#3455,#3456,#3457,
#3458,#3459,#3460,#3461,#3462,#3463,#3464,#3465),.UNSPECIFIED.,.F.,.F.,
(4,1,1,1,1,1,1,1,1,1,1,4),(-34.5575191894877,-34.459031304235,-33.7765611247871,
-33.0940909453391,-32.4116207658912,-31.7291505864433,-31.0466804069954,
-30.3642102275475,-29.6817400480996,-28.9992698686516,-28.3167996892037,
-28.2743338823081),.UNSPECIFIED.);
#205=B_SPLINE_CURVE_WITH_KNOTS('',3,(#3466,#3467,#3468,#3469,#3470,#3471,
#3472,#3473,#3474,#3475,#3476,#3477,#3478,#3479),.UNSPECIFIED.,.F.,.F.,
(4,1,1,1,1,1,1,1,1,1,1,4),(-34.5575195853238,-34.5556648089183,-33.8731946294703,
-33.1907244500224,-32.5082542705745,-31.8257840911266,-31.1433139116787,
-30.4608437322308,-29.7783735527829,-29.0959033733349,-28.413433193887,
-28.2742091680147),.UNSPECIFIED.);
#206=B_SPLINE_CURVE_WITH_KNOTS('',3,(#3484,#3485,#3486,#3487,#3488,#3489,
#3490,#3491,#3492,#3493,#3494,#3495,#3496),.UNSPECIFIED.,.F.,.F.,(4,1,1,
1,1,1,1,1,1,1,4),(-28.2743338823081,-27.6343295097558,-26.9518593303079,
-26.26938915086,-25.5869189714121,-24.9044487919642,-24.2219786125162,-23.5395084330683,
-22.8570382536204,-22.1745680741725,-21.9911485751286),.UNSPECIFIED.);
#207=B_SPLINE_CURVE_WITH_KNOTS('',3,(#3497,#3498,#3499,#3500,#3501,#3502,
#3503,#3504,#3505,#3506,#3507,#3508,#3509),.UNSPECIFIED.,.F.,.F.,(4,1,1,
1,1,1,1,1,1,1,4),(-28.2742091680147,-27.7309630144391,-27.0484928349912,
-26.3660226555433,-25.6835524760954,-25.0010822966475,-24.3186121171995,
-23.6361419377516,-22.9536717583037,-22.2712015788558,-21.9910791402),
 .UNSPECIFIED.);
#208=B_SPLINE_CURVE_WITH_KNOTS('',3,(#3514,#3515,#3516,#3517,#3518,#3519,
#3520,#3521,#3522,#3523,#3524,#3525,#3526,#3527,#3528,#3529),
 .UNSPECIFIED.,.F.,.F.,(4,1,1,1,1,1,1,1,1,1,1,1,1,4),(-21.9911485751286,
-21.4920978947246,-20.8096277152767,-20.1271575358288,-19.6721774161968,
-19.2171972965649,-18.7622171769329,-18.307237057301,-17.852256937669,-17.3972768180371,
-16.9422966984052,-16.4873165787732,-16.0323364591413,-15.707963267949),
 .UNSPECIFIED.);
#209=B_SPLINE_CURVE_WITH_KNOTS('',3,(#3530,#3531,#3532,#3533,#3534,#3535,
#3536,#3537,#3538,#3539,#3540,#3541,#3542,#3543),.UNSPECIFIED.,.F.,.F.,
(4,1,1,1,1,1,1,1,1,1,1,4),(-21.9910791402,-21.5887313994079,-20.90626121996,
-20.2237910405121,-19.5413208610641,-18.8588506816162,-18.1763805021683,
-17.4939103227204,-16.8114401432725,-16.3564600236405,-15.9014799040086,
-15.7079156999402),.UNSPECIFIED.);
#210=B_SPLINE_CURVE_WITH_KNOTS('',3,(#3548,#3549,#3550,#3551,#3552,#3553,
#3554,#3555,#3556,#3557,#3558,#3559,#3560,#3561,#3562,#3563),
 .UNSPECIFIED.,.F.,.F.,(4,1,1,1,1,1,1,1,1,1,1,1,1,4),(-15.707963267949,
-15.5773563395093,-15.1223762198774,-14.6673961002454,-14.0607559407362,
-13.4541157812269,-12.8474756217177,-12.2408354622084,-11.6341953026992,
-11.0275551431899,-10.572575023558,-10.117594903926,-9.66261478429407,-9.42477796076938),
 .UNSPECIFIED.);
#211=B_SPLINE_CURVE_WITH_KNOTS('',3,(#3564,#3565,#3566,#3567,#3568,#3569,
#3570,#3571,#3572,#3573,#3574,#3575,#3576,#3577,#3578,#3579,#3580,#3581),
 .UNSPECIFIED.,.F.,.F.,(4,1,1,1,1,1,1,1,1,1,1,1,1,1,1,4),(-15.7079156999402,
-15.4464997843767,-14.9915196647447,-14.5365395451128,-14.0815594254808,
-13.6265793058489,-13.1715991862169,-12.716619066585,-12.2616389469531,
-11.8066588273211,-11.3516787076892,-10.8966985880572,-10.4417184684253,
-9.98673834879334,-9.5317582291614,-9.42476165844207),.UNSPECIFIED.);
#212=B_SPLINE_CURVE_WITH_KNOTS('',3,(#3586,#3587,#3588,#3589,#3590,#3591,
#3592,#3593,#3594,#3595,#3596,#3597,#3598),.UNSPECIFIED.,.F.,.F.,(4,1,1,
1,1,1,1,1,1,1,4),(-9.42477796076938,-9.20763466466213,-8.52516448521422,
-7.8426943057663,-7.16022412631839,-6.47775394687048,-5.79528376742256,
-5.11281358797465,-4.43034340852673,-3.74787322907882,-3.14159265358979),
 .UNSPECIFIED.);
#213=B_SPLINE_CURVE_WITH_KNOTS('',3,(#3599,#3600,#3601,#3602,#3603,#3604,
#3605,#3606,#3607,#3608,#3609,#3610,#3611,#3612,#3613,#3614,#3615),
 .UNSPECIFIED.,.F.,.F.,(4,1,1,1,1,1,1,1,1,1,1,1,1,1,4),(-9.42476165844207,
-9.07677810952945,-8.62179798989751,-8.16681787026557,-7.71183775063363,
-7.25685763100168,-6.80187751136974,-6.3468973917378,-5.89191727210585,
-5.2852771125966,-4.67863695308734,-4.07199679357808,-3.61701667394614,
-3.1620365543142,-3.14155897714627),.UNSPECIFIED.);
#214=B_SPLINE_CURVE_WITH_KNOTS('',3,(#3620,#3621,#3622,#3623,#3624,#3625,
#3626,#3627,#3628,#3629,#3630,#3631,#3632,#3633,#3634),.UNSPECIFIED.,.F.,
 .F.,(4,1,1,1,1,1,1,1,1,1,1,1,4),(-3.14159265358979,-3.0654030496309,-2.38293287018299,
-1.70046269073507,-1.01799251128716,-0.335522331839246,0.346947847608668,
1.02941802705658,1.7118882065045,2.16686832613644,2.62184844576838,3.07682856540033,
3.14159265358979),.UNSPECIFIED.);
#215=B_SPLINE_CURVE_WITH_KNOTS('',3,(#3635,#3636,#3637,#3638,#3639,#3640,
#3641,#3642,#3643,#3644,#3645,#3646,#3647,#3648,#3649,#3650),
 .UNSPECIFIED.,.F.,.F.,(4,1,1,1,1,1,1,1,1,1,1,1,1,4),(-3.14155897714456,
-2.70705643468225,-2.25207631505031,-1.79709619541837,-1.34211607578642,
-0.887135956154481,-0.432155836522538,0.174484322986719,0.781124482495976,
1.38776464200523,1.84274476163718,2.29772488126912,2.75270500090106,3.14158114884422),
 .UNSPECIFIED.);
#216=B_SPLINE_CURVE_WITH_KNOTS('',3,(#3655,#3656,#3657,#3658,#3659,#3660,
#3661,#3662,#3663,#3664,#3665,#3666,#3667,#3668,#3669,#3670,#3671),
 .UNSPECIFIED.,.F.,.F.,(4,1,1,1,1,1,1,1,1,1,1,1,1,1,4),(3.14159265358979,
3.53180868503227,3.98678880466421,4.44176892429615,4.8967490439281,5.35172916356004,
5.80670928319198,6.26168940282393,6.71666952245587,7.17164964208781,7.62662976171976,
8.0816098813517,8.53659000098364,8.99157012061558,9.42477796076938),
 .UNSPECIFIED.);
#217=B_SPLINE_CURVE_WITH_KNOTS('',3,(#3672,#3673,#3674,#3675,#3676,#3677,
#3678,#3679,#3680,#3681,#3682,#3683,#3684,#3685,#3686,#3687,#3688,#3689),
 .UNSPECIFIED.,.F.,.F.,(4,1,1,1,1,1,1,1,1,1,1,1,1,1,1,4),(3.14158114884422,
3.20768512053301,3.66266524016495,4.11764535979689,4.57262547942883,5.02760559906078,
5.48258571869272,5.93756583832466,6.3925459579566,6.84752607758855,7.30250619722049,
7.75748631685243,8.21246643648438,8.66744655611632,9.27408671562558,9.42486078562091),
 .UNSPECIFIED.);
#218=B_SPLINE_CURVE_WITH_KNOTS('',3,(#3694,#3695,#3696,#3697,#3698,#3699,
#3700,#3701,#3702,#3703,#3704,#3705,#3706,#3707,#3708,#3709,#3710,#3711),
 .UNSPECIFIED.,.F.,.F.,(4,1,1,1,1,1,1,1,1,1,1,1,1,1,1,4),(9.42477796076938,
9.44655024024753,9.90153035987947,10.3565104795114,10.8114905991434,11.2664707187753,
11.7214508384072,12.1764309580392,12.6314110776711,13.0863911973031,13.541371316935,
13.996351436567,14.4513315561989,14.9063116758308,15.3612917954628,15.707963267949),
 .UNSPECIFIED.);
#219=B_SPLINE_CURVE_WITH_KNOTS('',3,(#3712,#3713,#3714,#3715,#3716,#3717,
#3718,#3719,#3720,#3721,#3722,#3723,#3724,#3725,#3726,#3727,#3728),
 .UNSPECIFIED.,.F.,.F.,(4,1,1,1,1,1,1,1,1,1,1,1,1,1,4),(9.42486078562091,
9.88072687513483,10.4873670346441,10.942347154276,11.397327273908,11.8523073935399,
12.3072875131719,12.7622676328038,13.2172477524357,13.6722278720677,14.1272079916996,
14.5821881113316,15.0371682309635,15.4921483505955,15.7079665651903),
 .UNSPECIFIED.);
#220=B_SPLINE_CURVE_WITH_KNOTS('',3,(#3733,#3734,#3735,#3736,#3737,#3738,
#3739,#3740,#3741,#3742,#3743,#3744,#3745,#3746,#3747,#3748,#3749,#3750),
 .UNSPECIFIED.,.F.,.F.,(4,1,1,1,1,1,1,1,1,1,1,1,1,1,1,4),(15.707963267949,
15.8162719150947,16.2712520347267,16.7262321543586,17.1812122739906,17.6361923936225,
18.0911725132544,18.5461526328864,19.0011327525183,19.4561128721503,19.9110929917822,
20.3660731114142,20.8210532310461,21.276033350678,21.73101347031,21.9911485755154),
 .UNSPECIFIED.);
#221=B_SPLINE_CURVE_WITH_KNOTS('',3,(#3751,#3752,#3753,#3754,#3755,#3756,
#3757,#3758,#3759,#3760,#3761,#3762,#3763,#3764,#3765,#3766,#3767,#3768),
 .UNSPECIFIED.,.F.,.F.,(4,1,1,1,1,1,1,1,1,1,1,1,1,1,1,4),(15.7079665651903,
15.9471284702274,16.4021085898593,16.8570887094913,17.3120688291232,17.7670489487552,
18.2220290683871,18.6770091880191,19.131989307651,19.5869694272829,20.0419495469149,
20.4969296665468,20.9519097861788,21.4068899058107,21.8618700254427,21.991164500433),
 .UNSPECIFIED.);
#222=B_SPLINE_CURVE_WITH_KNOTS('',3,(#3773,#3774,#3775,#3776,#3777,#3778,
#3779,#3780,#3781,#3782,#3783,#3784,#3785,#3786,#3787,#3788,#3789,#3790),
 .UNSPECIFIED.,.F.,.F.,(4,1,1,1,1,1,1,1,1,1,1,1,1,1,1,4),(21.9911485755154,
22.1859935899419,22.6409737095739,23.0959538292058,23.5509339488378,24.0059140684697,
24.4608941881016,24.9158743077336,25.3708544273655,25.8258345469975,26.2808146666294,
26.7357947862614,27.1907749058933,27.6457550255252,28.1007351451572,28.2743338823081),
 .UNSPECIFIED.);
#223=B_SPLINE_CURVE_WITH_KNOTS('',3,(#3791,#3792,#3793,#3794,#3795,#3796,
#3797,#3798,#3799,#3800,#3801,#3802,#3803,#3804,#3805,#3806,#3807,#3808),
 .UNSPECIFIED.,.F.,.F.,(4,1,1,1,1,1,1,1,1,1,1,1,1,1,1,4),(21.991164500433,
22.3168501450746,22.7718302647065,23.2268103843385,23.6817905039704,24.1367706236024,
24.5917507432343,25.0467308628663,25.5017109824982,25.9566911021301,26.4116712217621,
26.866651341394,27.321631461026,27.7766115806579,28.2315917002899,28.2743435392147),
 .UNSPECIFIED.);
#224=B_SPLINE_CURVE_WITH_KNOTS('',3,(#3813,#3814,#3815,#3816,#3817,#3818,
#3819,#3820,#3821,#3822,#3823,#3824,#3825,#3826,#3827,#3828,#3829),
 .UNSPECIFIED.,.F.,.F.,(4,1,1,1,1,1,1,1,1,1,1,1,1,1,4),(28.2743338823081,
28.5557152647891,29.0106953844211,29.465675504053,29.920655623685,30.3756357433169,
30.8306158629488,31.2855959825808,31.7405761022127,32.1955562218447,32.6505363414766,
33.2571765009859,33.8638166604951,34.4704568200044,34.5575191894877),
 .UNSPECIFIED.);
#225=B_SPLINE_CURVE_WITH_KNOTS('',3,(#3830,#3831,#3832,#3833,#3834,#3835,
#3836,#3837,#3838,#3839,#3840,#3841,#3842,#3843,#3844,#3845,#3846),
 .UNSPECIFIED.,.F.,.F.,(4,1,1,1,1,1,1,1,1,1,1,1,1,1,4),(28.2743435392147,
28.6865718199218,29.1415519395537,29.5965320591857,30.0515121788176,30.5064922984496,
30.9614724180815,31.4164525377135,31.8714326573454,32.3264127769773,32.7813928966093,
33.2363730162412,33.6913531358732,34.1463332555051,34.5575176016485),
 .UNSPECIFIED.);
#226=B_SPLINE_CURVE_WITH_KNOTS('',3,(#3851,#3852,#3853,#3854,#3855,#3856,
#3857,#3858,#3859,#3860,#3861,#3862,#3863,#3864,#3865,#3866,#3867),
 .UNSPECIFIED.,.F.,.F.,(4,1,1,1,1,1,1,1,1,1,1,1,1,1,4),(34.5575191894877,
34.9254369396363,35.3804170592683,35.8353971789002,36.2903772985322,36.7453574181641,
37.200337537796,37.655317657428,38.1102977770599,38.5652778966919,39.0202580163238,
39.4752381359557,39.9302182555877,40.536858415097,40.8407044966673),
 .UNSPECIFIED.);
#227=B_SPLINE_CURVE_WITH_KNOTS('',3,(#3868,#3869,#3870,#3871,#3872,#3873,
#3874,#3875,#3876,#3877,#3878,#3879,#3880,#3881,#3882,#3883,#3884,#3885),
 .UNSPECIFIED.,.F.,.F.,(4,1,1,1,1,1,1,1,1,1,1,1,1,1,1,4),(34.5575176016485,
34.6013133751371,35.056293494769,35.5112736144009,35.9662537340329,36.4212338536648,
36.5728938935422,37.1795340530514,37.7861742125607,38.2411543321926,38.6961344518246,
39.1511145714565,39.6060946910884,40.0610748107204,40.5160549303523,40.8406912735499),
 .UNSPECIFIED.);
#228=B_SPLINE_CURVE_WITH_KNOTS('',3,(#3890,#3891,#3892,#3893,#3894,#3895,
#3896,#3897,#3898,#3899,#3900,#3901,#3902,#3903,#3904,#3905,#3906),
 .UNSPECIFIED.,.F.,.F.,(4,1,1,1,1,1,1,1,1,1,1,1,1,1,4),(40.8407044966673,
41.1434985746062,41.7501387341155,42.2051188537474,42.6600989733794,43.1150790930113,
43.5700592126432,44.0250393322752,44.4800194519071,44.9349995715391,45.389979691171,
45.844959810803,46.2999399304349,46.7549200500668,47.1238898038469),
 .UNSPECIFIED.);
#229=B_SPLINE_CURVE_WITH_KNOTS('',3,(#3907,#3908,#3909,#3910,#3911,#3912,
#3913,#3914,#3915,#3916,#3917,#3918,#3919,#3920,#3921,#3922,#3923),
 .UNSPECIFIED.,.F.,.F.,(4,1,1,1,1,1,1,1,1,1,1,1,1,1,4),(40.8406912735499,
40.9710350499843,41.4260151696162,41.8809952892482,42.3359754088801,42.790955528512,
43.245935648144,43.8525758076532,44.4592159671625,45.0658561266718,45.5208362463037,
45.9758163659356,46.4307964855676,46.8857766051995,47.1238917138172),
 .UNSPECIFIED.);
#230=B_SPLINE_CURVE_WITH_KNOTS('',3,(#3928,#3929,#3930,#3931,#3932,#3933,
#3934,#3935,#3936,#3937,#3938,#3939,#3940,#3941,#3942,#3943,#3944,#3945),
 .UNSPECIFIED.,.F.,.F.,(4,1,1,1,1,1,1,1,1,1,1,1,1,1,1,4),(47.1238898038469,
47.2099001696988,47.6648802893307,48.1198604089627,48.5748405285946,49.0298206482266,
49.6364608077358,50.2431009672451,50.3947610071224,50.8497411267543,51.3047212463863,
51.7597013660182,52.2146814856501,52.6696616052821,53.124641724914,53.4070751110265),
 .UNSPECIFIED.);
#231=B_SPLINE_CURVE_WITH_KNOTS('',3,(#3946,#3947,#3948,#3949,#3950,#3951,
#3952,#3953,#3954,#3955,#3956,#3957,#3958,#3959,#3960,#3961,#3962,#3963),
 .UNSPECIFIED.,.F.,.F.,(4,1,1,1,1,1,1,1,1,1,1,1,1,1,1,4),(47.1238917138172,
47.3407567248315,47.7957368444634,48.2507169640954,48.7056970837273,49.1606772033592,
49.6156573229912,50.0706374426231,50.5256175622551,50.980597681887,51.435577801519,
51.6630678613349,51.8905579211509,52.3455380407828,52.9521782002921,53.4069910735655),
 .UNSPECIFIED.);
#232=B_SPLINE_CURVE_WITH_KNOTS('',3,(#3968,#3969,#3970,#3971,#3972,#3973,
#3974,#3975,#3976,#3977,#3978,#3979,#3980,#3981,#3982,#3983,#3984),
 .UNSPECIFIED.,.F.,.F.,(4,1,1,1,1,1,1,1,1,1,1,1,1,1,4),(53.4070751110265,
53.579621844546,54.0346019641779,54.4895820838099,54.9445622034418,55.3995423230738,
55.8545224427057,56.3095025623376,56.9161427218469,57.5227828813562,58.1294230408654,
58.5844031604974,59.0393832801293,59.4943633997612,59.6902604182061),
 .UNSPECIFIED.);
#233=B_SPLINE_CURVE_WITH_KNOTS('',3,(#3985,#3986,#3987,#3988,#3989,#3990,
#3991,#3992,#3993,#3994,#3995,#3996,#3997,#3998,#3999,#4000,#4001,#4002),
 .UNSPECIFIED.,.F.,.F.,(4,1,1,1,1,1,1,1,1,1,1,1,1,1,1,4),(53.4069910735655,
53.5588183598014,54.1654585193106,54.6204386389426,55.0754187585745,55.5303988782064,
55.9853789978384,56.4403591174703,56.8953392371023,57.3503193567342,57.8052994763662,
58.2602795959981,58.71525971563,59.170239835262,59.6252199548939,59.6902888651999),
 .UNSPECIFIED.);
#234=B_SPLINE_CURVE_WITH_KNOTS('',3,(#4007,#4008,#4009,#4010,#4011,#4012,
#4013,#4014,#4015,#4016,#4017,#4018,#4019,#4020,#4021,#4022,#4023,#4024),
 .UNSPECIFIED.,.F.,.F.,(4,1,1,1,1,1,1,1,1,1,1,1,1,1,1,4),(59.6902604182061,
59.9493435193932,60.4043236390251,60.8593037586571,61.314283878289,61.769263997921,
62.2242441175529,62.6792242371848,63.1342043568168,63.5891844764487,64.0441645960807,
64.4991447157126,64.9541248353446,65.4091049549765,65.8640850746084,65.9734457253856),
 .UNSPECIFIED.);
#235=B_SPLINE_CURVE_WITH_KNOTS('',3,(#4025,#4026,#4027,#4028,#4029,#4030,
#4031,#4032,#4033,#4034,#4035,#4036,#4037,#4038,#4039,#4040),
 .UNSPECIFIED.,.F.,.F.,(4,1,1,1,1,1,1,1,1,1,1,1,1,4),(59.6902888651999,
60.2318601144032,60.8385002739125,61.4451404334217,61.9001205530537,62.3551006726856,
62.8100807923175,63.2650609119495,63.7200410315814,64.1750211512134,64.6300012708453,
65.0849813904773,65.5399615101092,65.9734404913221),.UNSPECIFIED.);
#236=B_SPLINE_CURVE_WITH_KNOTS('',3,(#4045,#4046,#4047,#4048,#4049,#4050,
#4051,#4052,#4053,#4054,#4055,#4056,#4057,#4058,#4059,#4060,#4061,#4062),
 .UNSPECIFIED.,.F.,.F.,(4,1,1,1,1,1,1,1,1,1,1,1,1,1,1,4),(65.9734457253856,
66.3190651942404,66.7740453138723,67.2290254335043,67.6840055531362,68.1389856727681,
68.5939657924001,69.048945912032,69.503926031664,69.9589061512959,70.4138862709279,
70.8688663905598,71.3238465101918,71.7788266298237,72.2338067494556,72.2566310325652),
 .UNSPECIFIED.);
#237=B_SPLINE_CURVE_WITH_KNOTS('',3,(#4063,#4064,#4065,#4066,#4067,#4068,
#4069,#4070,#4071,#4072,#4073,#4074,#4075,#4076,#4077,#4078,#4079,#4080),
 .UNSPECIFIED.,.F.,.F.,(4,1,1,1,1,1,1,1,1,1,1,1,1,1,1,4),(65.9734404913221,
65.9949416297411,66.4499217493731,66.904901869005,67.359881988637,67.8148621082689,
68.2698422279009,68.7248223475328,69.1798024671647,69.6347825867967,70.0897627064286,
70.5447428260606,70.9997229456925,71.4547030653245,71.9096831849564,72.2566147559977),
 .UNSPECIFIED.);
#238=B_SPLINE_CURVE_WITH_KNOTS('',3,(#4085,#4086,#4087,#4088,#4089,#4090,
#4091,#4092,#4093,#4094,#4095,#4096,#4097,#4098,#4099,#4100,#4101),
 .UNSPECIFIED.,.F.,.F.,(4,1,1,1,1,1,1,1,1,1,1,1,1,1,4),(72.2566310325652,
72.6887868690876,73.1437669887195,73.5987471083515,74.0537272279834,74.5087073476154,
74.9636874672473,75.4186675868793,75.8736477065112,76.3286278261431,76.6319479058978,
76.9352679856524,77.5419081451616,78.1485483046709,78.5398163397448),
 .UNSPECIFIED.);
#239=B_SPLINE_CURVE_WITH_KNOTS('',3,(#4102,#4103,#4104,#4105,#4106,#4107,
#4108,#4109,#4110,#4111,#4112,#4113,#4114,#4115,#4116,#4117,#4118,#4119),
 .UNSPECIFIED.,.F.,.F.,(4,1,1,1,1,1,1,1,1,1,1,1,1,1,1,4),(72.2566147559977,
72.3646633045883,72.8196434242203,73.2746235438522,73.7296036634842,74.1845837831161,
74.6395639027481,75.09454402238,75.5495241420119,76.0045042616439,76.4594843812758,
76.9144645009078,77.3694446205397,77.8244247401717,78.2794048598036,78.539810162724),
 .UNSPECIFIED.);
#240=B_SPLINE_CURVE_WITH_KNOTS('',3,(#4124,#4125,#4126,#4127,#4128,#4129,
#4130,#4131,#4132,#4133,#4134,#4135,#4136,#4137,#4138,#4139,#4140),
 .UNSPECIFIED.,.F.,.F.,(4,1,1,1,1,1,1,1,1,1,1,1,1,1,4),(78.5398163397448,
78.6035284243028,79.0585085439348,79.5134886635667,79.9684687831987,80.4234489028306,
80.8784290224625,81.3334091420945,81.7883892617264,82.3950294212357,83.001669580745,
83.6083097402542,84.2149498997635,84.8215900592727,84.8230016469244),
 .UNSPECIFIED.);
#241=B_SPLINE_CURVE_WITH_KNOTS('',3,(#4141,#4142,#4143,#4144,#4145,#4146,
#4147,#4148,#4149,#4150,#4151,#4152,#4153,#4154,#4155,#4156,#4157),
 .UNSPECIFIED.,.F.,.F.,(4,1,1,1,1,1,1,1,1,1,1,1,1,1,4),(78.539810162724,
78.7343849794355,79.1893650990675,79.6443452186994,80.0993253383314,80.5543054579633,
81.0092855775953,81.4642656972272,82.0709058567364,82.6775460162457,83.284186175755,
83.7391662953869,84.1941464150188,84.6491265346508,84.8229763026863),
 .UNSPECIFIED.);
#242=B_SPLINE_CURVE_WITH_KNOTS('',3,(#4162,#4163,#4164,#4165,#4166,#4167,
#4168,#4169,#4170,#4171,#4172,#4173,#4174,#4175),.UNSPECIFIED.,.F.,.F.,
(4,1,1,1,1,1,1,1,1,1,1,4),(84.8230016469244,85.428230218782,85.8326569917882,
86.2370837647943,86.6415105378005,87.2481506973098,87.854790856819,88.4614310163283,
89.0680711758375,89.7505413552854,90.4330115347334,91.106186954104),
 .UNSPECIFIED.);
#243=B_SPLINE_CURVE_WITH_KNOTS('',3,(#4176,#4177,#4178,#4179,#4180,#4181,
#4182,#4183,#4184,#4185,#4186,#4187,#4188,#4189,#4190,#4191),
 .UNSPECIFIED.,.F.,.F.,(4,1,1,1,1,1,1,1,1,1,1,1,1,4),(84.8229763026863,
85.1041066542827,85.710746813792,86.3173869733012,86.9240271328105,87.5306672923198,
88.137307451829,88.7439476113383,88.9461609978414,89.1483743843444,89.5528011573506,
89.9572279303568,90.563868089866,91.106100608258),.UNSPECIFIED.);
#244=B_SPLINE_CURVE_WITH_KNOTS('',3,(#4196,#4197,#4198,#4199,#4200,#4201,
#4202,#4203,#4204,#4205,#4206,#4207,#4208,#4209),.UNSPECIFIED.,.F.,.F.,
(4,1,1,1,1,1,1,1,1,1,1,4),(91.106186954104,91.1154817141813,91.7979518936292,
92.4804220730771,93.162892252525,93.8453624319729,94.5278326114208,95.2103027908688,
95.8927729703167,96.5752431497646,97.2577133292125,97.3893722612836),
 .UNSPECIFIED.);
#245=B_SPLINE_CURVE_WITH_KNOTS('',3,(#4210,#4211,#4212,#4213,#4214,#4215,
#4216,#4217,#4218,#4219,#4220,#4221,#4222,#4223),.UNSPECIFIED.,.F.,.F.,
(4,1,1,1,1,1,1,1,1,1,1,4),(91.106100608258,91.1705082493753,91.7771484088846,
92.3837885683938,93.0662587478417,93.7487289272896,94.4311991067376,95.1136692861855,
95.7961394656334,96.4786096450813,97.1610798245292,97.389481161148),
 .UNSPECIFIED.);
#246=B_SPLINE_CURVE_WITH_KNOTS('',3,(#4228,#4229,#4230,#4231,#4232,#4233,
#4234,#4235,#4236,#4237,#4238,#4239,#4240),.UNSPECIFIED.,.F.,.F.,(4,1,1,
1,1,1,1,1,1,1,4),(97.3893722612836,97.9401835086604,98.6226536881083,99.3051238675562,
99.9875940470042,100.670064226452,101.3525344059,102.035004585348,102.717474764796,
103.399944944244,103.672557571975),.UNSPECIFIED.);
#247=B_SPLINE_CURVE_WITH_KNOTS('',3,(#4241,#4242,#4243,#4244,#4245,#4246,
#4247,#4248,#4249,#4250,#4251,#4252,#4253),.UNSPECIFIED.,.F.,.F.,(4,1,1,
1,1,1,1,1,1,1,4),(97.389481161148,97.8435500039771,98.526020183425,99.208490362873,
99.8909605423209,100.573430721769,101.255900901217,101.938371080665,102.620841260113,
103.30331143956,103.672530590596),.UNSPECIFIED.);
#248=B_SPLINE_CURVE_WITH_KNOTS('',3,(#4258,#4259,#4260,#4261,#4262,#4263,
#4264,#4265,#4266,#4267,#4268,#4269,#4270),.UNSPECIFIED.,.F.,.F.,(4,1,1,
1,1,1,1,1,1,1,4),(103.672557571975,104.082415123692,104.76488530314,105.447355482587,
106.129825662035,106.812295841483,107.494766020931,108.177236200379,108.859706379827,
109.542176559275,109.955742874191),.UNSPECIFIED.);
#249=B_SPLINE_CURVE_WITH_KNOTS('',3,(#4271,#4272,#4273,#4274,#4275,#4276,
#4277,#4278,#4279,#4280,#4281,#4282,#4283),.UNSPECIFIED.,.F.,.F.,(4,1,1,
1,1,1,1,1,1,1,4),(103.672530590596,103.985781619008,104.668251798456,105.350721977904,
106.033192157352,106.7156623368,107.398132516248,108.080602695696,108.763072875144,
109.445543054592,109.955613409752),.UNSPECIFIED.);
#250=B_SPLINE_CURVE_WITH_KNOTS('',3,(#4298,#4299,#4300,#4301,#4302,#4303,
#4304,#4305,#4306,#4307,#4308,#4309,#4310,#4311,#4312,#4313,#4314,#4315,
#4316,#4317,#4318,#4319,#4320,#4321,#4322,#4323,#4324,#4325,#4326,#4327,
#4328,#4329,#4330,#4331,#4332,#4333,#4334,#4335,#4336,#4337,#4338,#4339,
#4340,#4341,#4342,#4343,#4344,#4345,#4346,#4347,#4348,#4349,#4350,#4351,
#4352,#4353,#4354,#4355,#4356,#4357,#4358,#4359,#4360,#4361,#4362,#4363,
#4364,#4365,#4366,#4367,#4368,#4369,#4370,#4371,#4372,#4373,#4374,#4375,
#4376,#4377,#4378,#4379,#4380,#4381,#4382,#4383,#4384,#4385,#4386,#4387,
#4388,#4389,#4390,#4391,#4392,#4393,#4394,#4395,#4396,#4397,#4398,#4399,
#4400,#4401,#4402,#4403,#4404,#4405,#4406,#4407,#4408,#4409,#4410,#4411,
#4412,#4413,#4414,#4415,#4416,#4417,#4418,#4419,#4420,#4421,#4422,#4423,
#4424,#4425,#4426,#4427,#4428,#4429,#4430,#4431,#4432,#4433),
 .UNSPECIFIED.,.F.,.F.,(4,3,3,3,3,3,3,3,3,3,3,3,3,3,3,3,3,3,3,3,3,3,3,3,
3,3,3,3,3,3,3,3,3,3,3,3,3,3,3,3,3,3,3,3,3,4),(-2.90035251908915,-2.81022279831719,
-2.71871327214178,-2.62635002892282,-2.58594111001453,-2.5568849441027,
-2.54471299155,-2.4514675763508,-2.35763367540379,-2.26317708815037,-2.22775586793034,
-2.20942901345141,-2.19832228433094,-2.18830286118614,-2.09347120188381,
-1.99850979369823,-1.97980732639011,-1.88639018707984,-1.79194031310323,
-1.69632827146987,-1.67439130707491,-1.6644259897741,-1.65445079079594,
-1.55957827105678,-1.46366563432376,-1.36725032706345,-1.27129244154439,
-1.17620740277506,-1.13891654709039,-1.12469378414205,-1.11256215572545,
-1.02704398003638,-0.932317562301289,-0.836143509038039,-0.737007389700834,
-0.650263285280779,-0.574362193913232,-0.565011458635215,-0.555253335268805,
-0.457308703350847,-0.353745166098235,-0.254773773498314,-0.156358057641418,
-0.059381105271694,-0.0430545543403975,0.),.UNSPECIFIED.);
#251=B_SPLINE_CURVE_WITH_KNOTS('',3,(#4436,#4437,#4438,#4439,#4440,#4441,
#4442,#4443,#4444,#4445,#4446,#4447,#4448,#4449,#4450,#4451,#4452,#4453,
#4454,#4455,#4456,#4457,#4458,#4459,#4460,#4461,#4462,#4463,#4464,#4465,
#4466,#4467,#4468,#4469,#4470,#4471,#4472,#4473,#4474,#4475,#4476,#4477,
#4478,#4479,#4480,#4481,#4482,#4483,#4484,#4485,#4486,#4487,#4488,#4489,
#4490,#4491,#4492,#4493,#4494,#4495,#4496,#4497,#4498,#4499,#4500,#4501,
#4502,#4503,#4504,#4505,#4506,#4507,#4508,#4509,#4510,#4511,#4512,#4513,
#4514,#4515,#4516,#4517,#4518,#4519,#4520,#4521,#4522,#4523,#4524,#4525,
#4526,#4527,#4528,#4529,#4530,#4531,#4532,#4533,#4534,#4535,#4536,#4537,
#4538,#4539,#4540,#4541,#4542,#4543,#4544,#4545,#4546,#4547,#4548,#4549,
#4550,#4551,#4552,#4553,#4554,#4555,#4556,#4557,#4558,#4559,#4560,#4561,
#4562,#4563,#4564,#4565,#4566,#4567,#4568),.UNSPECIFIED.,.F.,.F.,(4,3,3,
3,3,3,3,3,3,3,3,3,3,3,3,3,3,3,3,3,3,3,3,3,3,3,3,3,3,3,3,3,3,3,3,3,3,3,3,
3,3,3,3,3,4),(-2.89421899540666,-2.79665012596078,-2.69802835729554,-2.59984715626187,
-2.55536691171842,-2.51618500002431,-2.50457922710246,-2.4065078718022,
-2.30856611969481,-2.20956927702765,-2.17244546102747,-2.15194297892413,
-2.14028558340475,-2.12941867691128,-2.03263267435414,-1.93652790609042,
-1.91257874902618,-1.81595450277154,-1.71889849209088,-1.62410360566426,
-1.60320662618117,-1.5911716276315,-1.58225941742272,-1.48693773090931,
-1.39120311102958,-1.29569491718972,-1.20159036478253,-1.10868589690504,
-1.07164927284826,-1.05042531976848,-1.04021087496329,-0.960539400677914,
-0.867527983551885,-0.773478711427524,-0.67916348986003,-0.599140587857498,
-0.529120548605282,-0.519082305985564,-0.426285957646758,-0.329459536695012,
-0.237273698135504,-0.146038124860636,-0.0565037105854141,-0.0389802738397732,
0.),.UNSPECIFIED.);
#252=B_SPLINE_CURVE_WITH_KNOTS('',3,(#5789,#5790,#5791,#5792,#5793,#5794,
#5795),.UNSPECIFIED.,.F.,.F.,(4,1,1,1,4),(109.955613409752,110.12801323404,
110.810483413488,111.492953592935,112.145918839858),.UNSPECIFIED.);
#253=B_SPLINE_CURVE_WITH_KNOTS('',3,(#5797,#5798,#5799,#5800,#5801,#5802,
#5803,#5804,#5805,#5806,#5807,#5808,#5809,#5810,#5811,#5812,#5813,#5814,
#5815,#5816,#5817,#5818,#5819,#5820,#5821,#5822,#5823,#5824,#5825,#5826,
#5827,#5828,#5829,#5830,#5831,#5832,#5833,#5834,#5835,#5836,#5837,#5838,
#5839,#5840,#5841,#5842,#5843,#5844,#5845,#5846,#5847,#5848,#5849,#5850,
#5851,#5852,#5853,#5854,#5855,#5856,#5857,#5858,#5859,#5860,#5861,#5862,
#5863,#5864,#5865,#5866,#5867,#5868,#5869,#5870,#5871,#5872,#5873,#5874,
#5875,#5876,#5877,#5878,#5879,#5880,#5881,#5882,#5883,#5884,#5885,#5886,
#5887,#5888,#5889,#5890,#5891,#5892,#5893,#5894,#5895,#5896,#5897,#5898,
#5899,#5900,#5901,#5902,#5903,#5904,#5905,#5906,#5907,#5908,#5909,#5910,
#5911,#5912,#5913,#5914,#5915,#5916,#5917,#5918,#5919,#5920,#5921,#5922,
#5923),.UNSPECIFIED.,.F.,.F.,(4,3,3,3,3,3,3,3,3,3,3,3,3,3,3,3,3,3,3,3,3,
3,3,3,3,3,3,3,3,3,3,3,3,3,3,3,3,3,3,3,3,3,4),(23.8659852172301,23.9096243507307,
24.0095365061708,24.1099587434481,24.2090838463156,24.2524740716025,24.2664125666056,
24.3651044879861,24.4642046302528,24.5630709422598,24.6605297976598,24.7567758561129,
24.7933217836818,24.8188304023401,24.8288833693633,24.9029595663884,24.9991537457105,
25.0964850839854,25.1942138916797,25.2913302654211,25.363095948401,25.3747114762567,
25.384758100083,25.4809697550523,25.5771004676386,25.6725703508424,25.7690130400515,
25.8654557292606,25.8945161055389,25.9183221981097,25.9281170000167,26.0218252527087,
26.118520567391,26.21361563706,26.3081072099386,26.3385622449529,26.3539593012568,
26.3676282932315,26.4615580302573,26.5550558650806,26.6477664471802,26.7387391358009,
26.795387770167),.UNSPECIFIED.);
#254=B_SPLINE_CURVE_WITH_KNOTS('',3,(#5924,#5925,#5926,#5927,#5928,#5929,
#5930,#5931,#5932,#5933),.UNSPECIFIED.,.F.,.F.,(4,3,3,4),(46.1725157613187,
46.8531315601971,47.535601739645,48.1886096334139),.UNSPECIFIED.);
#255=B_SPLINE_CURVE_WITH_KNOTS('',3,(#5935,#5936,#5937,#5938,#5939),
 .UNSPECIFIED.,.F.,.F.,(4,1,4),(109.955742874191,110.224646738723,110.907116918171),
 .UNSPECIFIED.);
#256=B_SPLINE_CURVE_WITH_KNOTS('',3,(#7105,#7106,#7107,#7108,#7109,#7110,
#7111),.UNSPECIFIED.,.F.,.F.,(4,3,4),(-50.2654824574367,-49.5830122779888,
-49.1399836750651),.UNSPECIFIED.);
#257=B_SPLINE_CURVE_WITH_KNOTS('',3,(#7112,#7113,#7114,#7115,#7116,#7117,
#7118,#7119,#7120,#7121,#7122,#7123,#7124,#7125,#7126,#7127,#7128,#7129,
#7130,#7131,#7132,#7133,#7134,#7135,#7136,#7137,#7138,#7139,#7140,#7141,
#7142,#7143,#7144,#7145,#7146,#7147,#7148,#7149,#7150,#7151,#7152,#7153,
#7154,#7155,#7156,#7157,#7158,#7159,#7160,#7161,#7162,#7163,#7164,#7165,
#7166,#7167,#7168,#7169,#7170,#7171,#7172,#7173,#7174,#7175,#7176,#7177,
#7178,#7179,#7180,#7181,#7182,#7183,#7184,#7185,#7186,#7187,#7188,#7189,
#7190,#7191,#7192,#7193,#7194,#7195,#7196,#7197,#7198,#7199,#7200,#7201,
#7202,#7203,#7204,#7205,#7206,#7207,#7208,#7209,#7210,#7211,#7212,#7213,
#7214,#7215,#7216,#7217,#7218,#7219,#7220,#7221,#7222,#7223,#7224,#7225,
#7226,#7227,#7228,#7229,#7230,#7231,#7232,#7233,#7234,#7235,#7236,#7237,
#7238),.UNSPECIFIED.,.F.,.F.,(4,3,3,3,3,3,3,3,3,3,3,3,3,3,3,3,3,3,3,3,3,
3,3,3,3,3,3,3,3,3,3,3,3,3,3,3,3,3,3,3,3,3,4),(-13.9861749471513,-13.8915967407679,
-13.7957126942715,-13.6989878794323,-13.6025593275433,-13.5303715469713,
-13.498789392971,-13.4760622593834,-13.4673716483061,-13.3720115009819,
-13.2769119669831,-13.1825123069749,-13.0897833770283,-13.0250570829669,
-12.9950543212819,-12.9711350754612,-12.9603408033315,-12.8679696666514,
-12.7711997835765,-12.6768952387617,-12.5829903474917,-12.490044526124,
-12.4628050274094,-12.4429117368193,-12.4306420065216,-12.3378062619745,
-12.2452762534486,-12.1539636448121,-12.0938106020517,-12.0009322800977,
-11.9259346043673,-11.9154862194707,-11.9064476821516,-11.8157745597899,
-11.7243058767359,-11.6327659368436,-11.5417848813098,-11.4523065182056,
-11.4009508742543,-11.3108519453916,-11.2213764603903,-11.1928972555059,
-11.1546183149194),.UNSPECIFIED.);
#258=LINE('',#1414,#324);
#259=LINE('',#1468,#325);
#260=LINE('',#1534,#326);
#261=LINE('',#1603,#327);
#262=LINE('',#1675,#328);
#263=LINE('',#1762,#329);
#264=LINE('',#1852,#330);
#265=LINE('',#1948,#331);
#266=LINE('',#2044,#332);
#267=LINE('',#2131,#333);
#268=LINE('',#2227,#334);
#269=LINE('',#2320,#335);
#270=LINE('',#2410,#336);
#271=LINE('',#2503,#337);
#272=LINE('',#2596,#338);
#273=LINE('',#2692,#339);
#274=LINE('',#2788,#340);
#275=LINE('',#2878,#341);
#276=LINE('',#2965,#342);
#277=LINE('',#3040,#343);
#278=LINE('',#3127,#344);
#279=LINE('',#3217,#345);
#280=LINE('',#3286,#346);
#281=LINE('',#3355,#347);
#282=LINE('',#3424,#348);
#283=LINE('',#3451,#349);
#284=LINE('',#3483,#350);
#285=LINE('',#3513,#351);
#286=LINE('',#3547,#352);
#287=LINE('',#3585,#353);
#288=LINE('',#3619,#354);
#289=LINE('',#3654,#355);
#290=LINE('',#3693,#356);
#291=LINE('',#3732,#357);
#292=LINE('',#3772,#358);
#293=LINE('',#3812,#359);
#294=LINE('',#3850,#360);
#295=LINE('',#3889,#361);
#296=LINE('',#3927,#362);
#297=LINE('',#3967,#363);
#298=LINE('',#4006,#364);
#299=LINE('',#4044,#365);
#300=LINE('',#4084,#366);
#301=LINE('',#4123,#367);
#302=LINE('',#4161,#368);
#303=LINE('',#4195,#369);
#304=LINE('',#4227,#370);
#305=LINE('',#4257,#371);
#306=LINE('',#4287,#372);
#307=LINE('',#4289,#373);
#308=LINE('',#4291,#374);
#309=LINE('',#4293,#375);
#310=LINE('',#4295,#376);
#311=LINE('',#4296,#377);
#312=LINE('',#4572,#378);
#313=LINE('',#4573,#379);
#314=LINE('',#4574,#380);
#315=LINE('',#4577,#381);
#316=LINE('',#4578,#382);
#317=LINE('',#4581,#383);
#318=LINE('',#4582,#384);
#319=LINE('',#4585,#385);
#320=LINE('',#4586,#386);
#321=LINE('',#4589,#387);
#322=LINE('',#4590,#388);
#323=LINE('',#4592,#389);
#324=VECTOR('',#1220,14.597345);
#325=VECTOR('',#1225,14.597345);
#326=VECTOR('',#1228,14.597345);
#327=VECTOR('',#1231,14.597345);
#328=VECTOR('',#1234,14.597345);
#329=VECTOR('',#1237,14.597345);
#330=VECTOR('',#1240,14.597345);
#331=VECTOR('',#1243,14.597345);
#332=VECTOR('',#1246,14.597345);
#333=VECTOR('',#1249,14.597345);
#334=VECTOR('',#1252,14.597345);
#335=VECTOR('',#1255,14.597345);
#336=VECTOR('',#1258,14.597345);
#337=VECTOR('',#1261,14.597345);
#338=VECTOR('',#1264,14.597345);
#339=VECTOR('',#1267,14.597345);
#340=VECTOR('',#1270,14.597345);
#341=VECTOR('',#1273,14.597345);
#342=VECTOR('',#1276,14.597345);
#343=VECTOR('',#1279,14.597345);
#344=VECTOR('',#1282,14.597345);
#345=VECTOR('',#1285,14.597345);
#346=VECTOR('',#1288,14.597345);
#347=VECTOR('',#1291,14.597345);
#348=VECTOR('',#1294,13.194671);
#349=VECTOR('',#1299,13.194671);
#350=VECTOR('',#1302,13.194671);
#351=VECTOR('',#1305,13.194671);
#352=VECTOR('',#1308,13.194671);
#353=VECTOR('',#1311,13.194671);
#354=VECTOR('',#1314,13.194671);
#355=VECTOR('',#1317,13.194671);
#356=VECTOR('',#1320,13.194671);
#357=VECTOR('',#1323,13.194671);
#358=VECTOR('',#1326,13.194671);
#359=VECTOR('',#1329,13.194671);
#360=VECTOR('',#1332,13.194671);
#361=VECTOR('',#1335,13.194671);
#362=VECTOR('',#1338,13.194671);
#363=VECTOR('',#1341,13.194671);
#364=VECTOR('',#1344,13.194671);
#365=VECTOR('',#1347,13.194671);
#366=VECTOR('',#1350,13.194671);
#367=VECTOR('',#1353,13.194671);
#368=VECTOR('',#1356,13.194671);
#369=VECTOR('',#1359,13.194671);
#370=VECTOR('',#1362,13.194671);
#371=VECTOR('',#1365,13.194671);
#372=VECTOR('',#1368,10.);
#373=VECTOR('',#1369,10.);
#374=VECTOR('',#1370,10.);
#375=VECTOR('',#1371,10.);
#376=VECTOR('',#1372,10.);
#377=VECTOR('',#1373,10.);
#378=VECTOR('',#1378,10.);
#379=VECTOR('',#1379,10.);
#380=VECTOR('',#1380,10.);
#381=VECTOR('',#1383,10.);
#382=VECTOR('',#1384,10.);
#383=VECTOR('',#1387,10.);
#384=VECTOR('',#1388,10.);
#385=VECTOR('',#1391,10.);
#386=VECTOR('',#1392,10.);
#387=VECTOR('',#1395,10.);
#388=VECTOR('',#1396,10.);
#389=VECTOR('',#1399,10.);
#390=VERTEX_POINT('',#1412);
#391=VERTEX_POINT('',#1413);
#392=VERTEX_POINT('',#1415);
#393=VERTEX_POINT('',#1441);
#394=VERTEX_POINT('',#1466);
#395=VERTEX_POINT('',#1467);
#396=VERTEX_POINT('',#1532);
#397=VERTEX_POINT('',#1533);
#398=VERTEX_POINT('',#1601);
#399=VERTEX_POINT('',#1602);
#400=VERTEX_POINT('',#1673);
#401=VERTEX_POINT('',#1674);
#402=VERTEX_POINT('',#1760);
#403=VERTEX_POINT('',#1761);
#404=VERTEX_POINT('',#1850);
#405=VERTEX_POINT('',#1851);
#406=VERTEX_POINT('',#1946);
#407=VERTEX_POINT('',#1947);
#408=VERTEX_POINT('',#2042);
#409=VERTEX_POINT('',#2043);
#410=VERTEX_POINT('',#2129);
#411=VERTEX_POINT('',#2130);
#412=VERTEX_POINT('',#2225);
#413=VERTEX_POINT('',#2226);
#414=VERTEX_POINT('',#2318);
#415=VERTEX_POINT('',#2319);
#416=VERTEX_POINT('',#2408);
#417=VERTEX_POINT('',#2409);
#418=VERTEX_POINT('',#2501);
#419=VERTEX_POINT('',#2502);
#420=VERTEX_POINT('',#2594);
#421=VERTEX_POINT('',#2595);
#422=VERTEX_POINT('',#2690);
#423=VERTEX_POINT('',#2691);
#424=VERTEX_POINT('',#2786);
#425=VERTEX_POINT('',#2787);
#426=VERTEX_POINT('',#2876);
#427=VERTEX_POINT('',#2877);
#428=VERTEX_POINT('',#2963);
#429=VERTEX_POINT('',#2964);
#430=VERTEX_POINT('',#3038);
#431=VERTEX_POINT('',#3039);
#432=VERTEX_POINT('',#3125);
#433=VERTEX_POINT('',#3126);
#434=VERTEX_POINT('',#3215);
#435=VERTEX_POINT('',#3216);
#436=VERTEX_POINT('',#3284);
#437=VERTEX_POINT('',#3285);
#438=VERTEX_POINT('',#3353);
#439=VERTEX_POINT('',#3354);
#440=VERTEX_POINT('',#3422);
#441=VERTEX_POINT('',#3423);
#442=VERTEX_POINT('',#3425);
#443=VERTEX_POINT('',#3437);
#444=VERTEX_POINT('',#3449);
#445=VERTEX_POINT('',#3450);
#446=VERTEX_POINT('',#3481);
#447=VERTEX_POINT('',#3482);
#448=VERTEX_POINT('',#3511);
#449=VERTEX_POINT('',#3512);
#450=VERTEX_POINT('',#3545);
#451=VERTEX_POINT('',#3546);
#452=VERTEX_POINT('',#3583);
#453=VERTEX_POINT('',#3584);
#454=VERTEX_POINT('',#3617);
#455=VERTEX_POINT('',#3618);
#456=VERTEX_POINT('',#3652);
#457=VERTEX_POINT('',#3653);
#458=VERTEX_POINT('',#3691);
#459=VERTEX_POINT('',#3692);
#460=VERTEX_POINT('',#3730);
#461=VERTEX_POINT('',#3731);
#462=VERTEX_POINT('',#3770);
#463=VERTEX_POINT('',#3771);
#464=VERTEX_POINT('',#3810);
#465=VERTEX_POINT('',#3811);
#466=VERTEX_POINT('',#3848);
#467=VERTEX_POINT('',#3849);
#468=VERTEX_POINT('',#3887);
#469=VERTEX_POINT('',#3888);
#470=VERTEX_POINT('',#3925);
#471=VERTEX_POINT('',#3926);
#472=VERTEX_POINT('',#3965);
#473=VERTEX_POINT('',#3966);
#474=VERTEX_POINT('',#4004);
#475=VERTEX_POINT('',#4005);
#476=VERTEX_POINT('',#4042);
#477=VERTEX_POINT('',#4043);
#478=VERTEX_POINT('',#4082);
#479=VERTEX_POINT('',#4083);
#480=VERTEX_POINT('',#4121);
#481=VERTEX_POINT('',#4122);
#482=VERTEX_POINT('',#4159);
#483=VERTEX_POINT('',#4160);
#484=VERTEX_POINT('',#4193);
#485=VERTEX_POINT('',#4194);
#486=VERTEX_POINT('',#4225);
#487=VERTEX_POINT('',#4226);
#488=VERTEX_POINT('',#4255);
#489=VERTEX_POINT('',#4256);
#490=VERTEX_POINT('',#4285);
#491=VERTEX_POINT('',#4286);
#492=VERTEX_POINT('',#4288);
#493=VERTEX_POINT('',#4290);
#494=VERTEX_POINT('',#4292);
#495=VERTEX_POINT('',#4294);
#496=VERTEX_POINT('',#4297);
#497=VERTEX_POINT('',#4434);
#498=VERTEX_POINT('',#4570);
#499=VERTEX_POINT('',#4571);
#500=VERTEX_POINT('',#4576);
#501=VERTEX_POINT('',#4580);
#502=VERTEX_POINT('',#4584);
#503=VERTEX_POINT('',#4588);
#504=VERTEX_POINT('',#5796);
#505=VERTEX_POINT('',#7104);
#506=EDGE_CURVE('',#390,#391,#258,.T.);
#507=EDGE_CURVE('',#390,#392,#154,.T.);
#508=EDGE_CURVE('',#392,#393,#150,.T.);
#509=EDGE_CURVE('',#393,#391,#155,.T.);
#510=EDGE_CURVE('',#394,#395,#259,.T.);
#511=EDGE_CURVE('',#394,#390,#156,.T.);
#512=EDGE_CURVE('',#391,#395,#157,.T.);
#513=EDGE_CURVE('',#396,#397,#260,.T.);
#514=EDGE_CURVE('',#396,#394,#158,.T.);
#515=EDGE_CURVE('',#395,#397,#159,.T.);
#516=EDGE_CURVE('',#398,#399,#261,.T.);
#517=EDGE_CURVE('',#398,#396,#160,.T.);
#518=EDGE_CURVE('',#397,#399,#161,.T.);
#519=EDGE_CURVE('',#400,#401,#262,.T.);
#520=EDGE_CURVE('',#400,#398,#162,.T.);
#521=EDGE_CURVE('',#399,#401,#163,.T.);
#522=EDGE_CURVE('',#402,#403,#263,.T.);
#523=EDGE_CURVE('',#402,#400,#164,.T.);
#524=EDGE_CURVE('',#401,#403,#165,.T.);
#525=EDGE_CURVE('',#404,#405,#264,.T.);
#526=EDGE_CURVE('',#404,#402,#166,.T.);
#527=EDGE_CURVE('',#403,#405,#167,.T.);
#528=EDGE_CURVE('',#406,#407,#265,.T.);
#529=EDGE_CURVE('',#406,#404,#168,.T.);
#530=EDGE_CURVE('',#405,#407,#169,.T.);
#531=EDGE_CURVE('',#408,#409,#266,.T.);
#532=EDGE_CURVE('',#408,#406,#170,.T.);
#533=EDGE_CURVE('',#407,#409,#171,.T.);
#534=EDGE_CURVE('',#410,#411,#267,.T.);
#535=EDGE_CURVE('',#410,#408,#172,.T.);
#536=EDGE_CURVE('',#409,#411,#173,.T.);
#537=EDGE_CURVE('',#412,#413,#268,.T.);
#538=EDGE_CURVE('',#412,#410,#174,.T.);
#539=EDGE_CURVE('',#411,#413,#175,.T.);
#540=EDGE_CURVE('',#414,#415,#269,.T.);
#541=EDGE_CURVE('',#414,#412,#176,.T.);
#542=EDGE_CURVE('',#413,#415,#177,.T.);
#543=EDGE_CURVE('',#416,#417,#270,.T.);
#544=EDGE_CURVE('',#416,#414,#178,.T.);
#545=EDGE_CURVE('',#415,#417,#179,.T.);
#546=EDGE_CURVE('',#418,#419,#271,.T.);
#547=EDGE_CURVE('',#418,#416,#180,.T.);
#548=EDGE_CURVE('',#417,#419,#181,.T.);
#549=EDGE_CURVE('',#420,#421,#272,.T.);
#550=EDGE_CURVE('',#420,#418,#182,.T.);
#551=EDGE_CURVE('',#419,#421,#183,.T.);
#552=EDGE_CURVE('',#422,#423,#273,.T.);
#553=EDGE_CURVE('',#422,#420,#184,.T.);
#554=EDGE_CURVE('',#421,#423,#185,.T.);
#555=EDGE_CURVE('',#424,#425,#274,.T.);
#556=EDGE_CURVE('',#424,#422,#186,.T.);
#557=EDGE_CURVE('',#423,#425,#187,.T.);
#558=EDGE_CURVE('',#426,#427,#275,.T.);
#559=EDGE_CURVE('',#426,#424,#188,.T.);
#560=EDGE_CURVE('',#425,#427,#189,.T.);
#561=EDGE_CURVE('',#428,#429,#276,.T.);
#562=EDGE_CURVE('',#428,#426,#190,.T.);
#563=EDGE_CURVE('',#427,#429,#191,.T.);
#564=EDGE_CURVE('',#430,#431,#277,.T.);
#565=EDGE_CURVE('',#430,#428,#192,.T.);
#566=EDGE_CURVE('',#429,#431,#193,.T.);
#567=EDGE_CURVE('',#432,#433,#278,.T.);
#568=EDGE_CURVE('',#432,#430,#194,.T.);
#569=EDGE_CURVE('',#431,#433,#195,.T.);
#570=EDGE_CURVE('',#434,#435,#279,.T.);
#571=EDGE_CURVE('',#434,#432,#196,.T.);
#572=EDGE_CURVE('',#433,#435,#197,.T.);
#573=EDGE_CURVE('',#436,#437,#280,.T.);
#574=EDGE_CURVE('',#436,#434,#198,.T.);
#575=EDGE_CURVE('',#435,#437,#199,.T.);
#576=EDGE_CURVE('',#438,#439,#281,.T.);
#577=EDGE_CURVE('',#438,#436,#200,.T.);
#578=EDGE_CURVE('',#437,#439,#201,.T.);
#579=EDGE_CURVE('',#440,#441,#282,.T.);
#580=EDGE_CURVE('',#442,#440,#202,.T.);
#581=EDGE_CURVE('',#443,#442,#151,.F.);
#582=EDGE_CURVE('',#443,#441,#203,.T.);
#583=EDGE_CURVE('',#444,#445,#283,.T.);
#584=EDGE_CURVE('',#440,#444,#204,.T.);
#585=EDGE_CURVE('',#441,#445,#205,.T.);
#586=EDGE_CURVE('',#446,#447,#284,.T.);
#587=EDGE_CURVE('',#444,#446,#206,.T.);
#588=EDGE_CURVE('',#445,#447,#207,.T.);
#589=EDGE_CURVE('',#448,#449,#285,.T.);
#590=EDGE_CURVE('',#446,#448,#208,.T.);
#591=EDGE_CURVE('',#447,#449,#209,.T.);
#592=EDGE_CURVE('',#450,#451,#286,.T.);
#593=EDGE_CURVE('',#448,#450,#210,.T.);
#594=EDGE_CURVE('',#449,#451,#211,.T.);
#595=EDGE_CURVE('',#452,#453,#287,.T.);
#596=EDGE_CURVE('',#450,#452,#212,.T.);
#597=EDGE_CURVE('',#451,#453,#213,.T.);
#598=EDGE_CURVE('',#454,#455,#288,.T.);
#599=EDGE_CURVE('',#452,#454,#214,.T.);
#600=EDGE_CURVE('',#453,#455,#215,.T.);
#601=EDGE_CURVE('',#456,#457,#289,.T.);
#602=EDGE_CURVE('',#454,#456,#216,.T.);
#603=EDGE_CURVE('',#455,#457,#217,.T.);
#604=EDGE_CURVE('',#458,#459,#290,.T.);
#605=EDGE_CURVE('',#456,#458,#218,.T.);
#606=EDGE_CURVE('',#457,#459,#219,.T.);
#607=EDGE_CURVE('',#460,#461,#291,.T.);
#608=EDGE_CURVE('',#458,#460,#220,.T.);
#609=EDGE_CURVE('',#459,#461,#221,.T.);
#610=EDGE_CURVE('',#462,#463,#292,.T.);
#611=EDGE_CURVE('',#460,#462,#222,.T.);
#612=EDGE_CURVE('',#461,#463,#223,.T.);
#613=EDGE_CURVE('',#464,#465,#293,.T.);
#614=EDGE_CURVE('',#462,#464,#224,.T.);
#615=EDGE_CURVE('',#463,#465,#225,.T.);
#616=EDGE_CURVE('',#466,#467,#294,.T.);
#617=EDGE_CURVE('',#464,#466,#226,.T.);
#618=EDGE_CURVE('',#465,#467,#227,.T.);
#619=EDGE_CURVE('',#468,#469,#295,.T.);
#620=EDGE_CURVE('',#466,#468,#228,.T.);
#621=EDGE_CURVE('',#467,#469,#229,.T.);
#622=EDGE_CURVE('',#470,#471,#296,.T.);
#623=EDGE_CURVE('',#468,#470,#230,.T.);
#624=EDGE_CURVE('',#469,#471,#231,.T.);
#625=EDGE_CURVE('',#472,#473,#297,.T.);
#626=EDGE_CURVE('',#470,#472,#232,.T.);
#627=EDGE_CURVE('',#471,#473,#233,.T.);
#628=EDGE_CURVE('',#474,#475,#298,.T.);
#629=EDGE_CURVE('',#472,#474,#234,.T.);
#630=EDGE_CURVE('',#473,#475,#235,.T.);
#631=EDGE_CURVE('',#476,#477,#299,.T.);
#632=EDGE_CURVE('',#474,#476,#236,.T.);
#633=EDGE_CURVE('',#475,#477,#237,.T.);
#634=EDGE_CURVE('',#478,#479,#300,.T.);
#635=EDGE_CURVE('',#476,#478,#238,.T.);
#636=EDGE_CURVE('',#477,#479,#239,.T.);
#637=EDGE_CURVE('',#480,#481,#301,.T.);
#638=EDGE_CURVE('',#478,#480,#240,.T.);
#639=EDGE_CURVE('',#479,#481,#241,.T.);
#640=EDGE_CURVE('',#482,#483,#302,.T.);
#641=EDGE_CURVE('',#480,#482,#242,.T.);
#642=EDGE_CURVE('',#481,#483,#243,.T.);
#643=EDGE_CURVE('',#484,#485,#303,.T.);
#644=EDGE_CURVE('',#482,#484,#244,.T.);
#645=EDGE_CURVE('',#483,#485,#245,.T.);
#646=EDGE_CURVE('',#486,#487,#304,.T.);
#647=EDGE_CURVE('',#484,#486,#246,.T.);
#648=EDGE_CURVE('',#485,#487,#247,.T.);
#649=EDGE_CURVE('',#488,#489,#305,.T.);
#650=EDGE_CURVE('',#486,#488,#248,.T.);
#651=EDGE_CURVE('',#487,#489,#249,.T.);
#652=EDGE_CURVE('',#490,#491,#306,.T.);
#653=EDGE_CURVE('',#491,#492,#307,.T.);
#654=EDGE_CURVE('',#492,#493,#308,.T.);
#655=EDGE_CURVE('',#493,#494,#309,.T.);
#656=EDGE_CURVE('',#494,#495,#310,.T.);
#657=EDGE_CURVE('',#495,#490,#311,.T.);
#658=EDGE_CURVE('',#496,#392,#250,.T.);
#659=EDGE_CURVE('',#497,#496,#152,.T.);
#660=EDGE_CURVE('',#393,#497,#251,.T.);
#661=EDGE_CURVE('',#498,#499,#312,.T.);
#662=EDGE_CURVE('',#498,#490,#313,.T.);
#663=EDGE_CURVE('',#499,#495,#314,.T.);
#664=EDGE_CURVE('',#499,#500,#315,.T.);
#665=EDGE_CURVE('',#500,#494,#316,.T.);
#666=EDGE_CURVE('',#500,#501,#317,.T.);
#667=EDGE_CURVE('',#501,#493,#318,.T.);
#668=EDGE_CURVE('',#501,#502,#319,.T.);
#669=EDGE_CURVE('',#502,#492,#320,.T.);
#670=EDGE_CURVE('',#502,#503,#321,.T.);
#671=EDGE_CURVE('',#503,#491,#322,.T.);
#672=EDGE_CURVE('',#503,#498,#323,.T.);
#673=EDGE_CURVE('',#489,#497,#252,.T.);
#674=EDGE_CURVE('',#504,#443,#253,.T.);
#675=EDGE_CURVE('',#439,#504,#254,.T.);
#676=EDGE_CURVE('',#488,#496,#255,.T.);
#677=EDGE_CURVE('',#505,#438,#256,.T.);
#678=EDGE_CURVE('',#442,#505,#257,.F.);
#679=EDGE_CURVE('',#505,#504,#153,.T.);
#680=ORIENTED_EDGE('',*,*,#506,.F.);
#681=ORIENTED_EDGE('',*,*,#507,.T.);
#682=ORIENTED_EDGE('',*,*,#508,.T.);
#683=ORIENTED_EDGE('',*,*,#509,.T.);
#684=ORIENTED_EDGE('',*,*,#510,.F.);
#685=ORIENTED_EDGE('',*,*,#511,.T.);
#686=ORIENTED_EDGE('',*,*,#506,.T.);
#687=ORIENTED_EDGE('',*,*,#512,.T.);
#688=ORIENTED_EDGE('',*,*,#513,.F.);
#689=ORIENTED_EDGE('',*,*,#514,.T.);
#690=ORIENTED_EDGE('',*,*,#510,.T.);
#691=ORIENTED_EDGE('',*,*,#515,.T.);
#692=ORIENTED_EDGE('',*,*,#516,.F.);
#693=ORIENTED_EDGE('',*,*,#517,.T.);
#694=ORIENTED_EDGE('',*,*,#513,.T.);
#695=ORIENTED_EDGE('',*,*,#518,.T.);
#696=ORIENTED_EDGE('',*,*,#519,.F.);
#697=ORIENTED_EDGE('',*,*,#520,.T.);
#698=ORIENTED_EDGE('',*,*,#516,.T.);
#699=ORIENTED_EDGE('',*,*,#521,.T.);
#700=ORIENTED_EDGE('',*,*,#522,.F.);
#701=ORIENTED_EDGE('',*,*,#523,.T.);
#702=ORIENTED_EDGE('',*,*,#519,.T.);
#703=ORIENTED_EDGE('',*,*,#524,.T.);
#704=ORIENTED_EDGE('',*,*,#525,.F.);
#705=ORIENTED_EDGE('',*,*,#526,.T.);
#706=ORIENTED_EDGE('',*,*,#522,.T.);
#707=ORIENTED_EDGE('',*,*,#527,.T.);
#708=ORIENTED_EDGE('',*,*,#528,.F.);
#709=ORIENTED_EDGE('',*,*,#529,.T.);
#710=ORIENTED_EDGE('',*,*,#525,.T.);
#711=ORIENTED_EDGE('',*,*,#530,.T.);
#712=ORIENTED_EDGE('',*,*,#531,.F.);
#713=ORIENTED_EDGE('',*,*,#532,.T.);
#714=ORIENTED_EDGE('',*,*,#528,.T.);
#715=ORIENTED_EDGE('',*,*,#533,.T.);
#716=ORIENTED_EDGE('',*,*,#534,.F.);
#717=ORIENTED_EDGE('',*,*,#535,.T.);
#718=ORIENTED_EDGE('',*,*,#531,.T.);
#719=ORIENTED_EDGE('',*,*,#536,.T.);
#720=ORIENTED_EDGE('',*,*,#537,.F.);
#721=ORIENTED_EDGE('',*,*,#538,.T.);
#722=ORIENTED_EDGE('',*,*,#534,.T.);
#723=ORIENTED_EDGE('',*,*,#539,.T.);
#724=ORIENTED_EDGE('',*,*,#540,.F.);
#725=ORIENTED_EDGE('',*,*,#541,.T.);
#726=ORIENTED_EDGE('',*,*,#537,.T.);
#727=ORIENTED_EDGE('',*,*,#542,.T.);
#728=ORIENTED_EDGE('',*,*,#543,.F.);
#729=ORIENTED_EDGE('',*,*,#544,.T.);
#730=ORIENTED_EDGE('',*,*,#540,.T.);
#731=ORIENTED_EDGE('',*,*,#545,.T.);
#732=ORIENTED_EDGE('',*,*,#546,.F.);
#733=ORIENTED_EDGE('',*,*,#547,.T.);
#734=ORIENTED_EDGE('',*,*,#543,.T.);
#735=ORIENTED_EDGE('',*,*,#548,.T.);
#736=ORIENTED_EDGE('',*,*,#549,.F.);
#737=ORIENTED_EDGE('',*,*,#550,.T.);
#738=ORIENTED_EDGE('',*,*,#546,.T.);
#739=ORIENTED_EDGE('',*,*,#551,.T.);
#740=ORIENTED_EDGE('',*,*,#552,.F.);
#741=ORIENTED_EDGE('',*,*,#553,.T.);
#742=ORIENTED_EDGE('',*,*,#549,.T.);
#743=ORIENTED_EDGE('',*,*,#554,.T.);
#744=ORIENTED_EDGE('',*,*,#555,.F.);
#745=ORIENTED_EDGE('',*,*,#556,.T.);
#746=ORIENTED_EDGE('',*,*,#552,.T.);
#747=ORIENTED_EDGE('',*,*,#557,.T.);
#748=ORIENTED_EDGE('',*,*,#558,.F.);
#749=ORIENTED_EDGE('',*,*,#559,.T.);
#750=ORIENTED_EDGE('',*,*,#555,.T.);
#751=ORIENTED_EDGE('',*,*,#560,.T.);
#752=ORIENTED_EDGE('',*,*,#561,.F.);
#753=ORIENTED_EDGE('',*,*,#562,.T.);
#754=ORIENTED_EDGE('',*,*,#558,.T.);
#755=ORIENTED_EDGE('',*,*,#563,.T.);
#756=ORIENTED_EDGE('',*,*,#564,.F.);
#757=ORIENTED_EDGE('',*,*,#565,.T.);
#758=ORIENTED_EDGE('',*,*,#561,.T.);
#759=ORIENTED_EDGE('',*,*,#566,.T.);
#760=ORIENTED_EDGE('',*,*,#567,.F.);
#761=ORIENTED_EDGE('',*,*,#568,.T.);
#762=ORIENTED_EDGE('',*,*,#564,.T.);
#763=ORIENTED_EDGE('',*,*,#569,.T.);
#764=ORIENTED_EDGE('',*,*,#570,.F.);
#765=ORIENTED_EDGE('',*,*,#571,.T.);
#766=ORIENTED_EDGE('',*,*,#567,.T.);
#767=ORIENTED_EDGE('',*,*,#572,.T.);
#768=ORIENTED_EDGE('',*,*,#573,.F.);
#769=ORIENTED_EDGE('',*,*,#574,.T.);
#770=ORIENTED_EDGE('',*,*,#570,.T.);
#771=ORIENTED_EDGE('',*,*,#575,.T.);
#772=ORIENTED_EDGE('',*,*,#576,.F.);
#773=ORIENTED_EDGE('',*,*,#577,.T.);
#774=ORIENTED_EDGE('',*,*,#573,.T.);
#775=ORIENTED_EDGE('',*,*,#578,.T.);
#776=ORIENTED_EDGE('',*,*,#579,.F.);
#777=ORIENTED_EDGE('',*,*,#580,.F.);
#778=ORIENTED_EDGE('',*,*,#581,.F.);
#779=ORIENTED_EDGE('',*,*,#582,.T.);
#780=ORIENTED_EDGE('',*,*,#583,.F.);
#781=ORIENTED_EDGE('',*,*,#584,.F.);
#782=ORIENTED_EDGE('',*,*,#579,.T.);
#783=ORIENTED_EDGE('',*,*,#585,.T.);
#784=ORIENTED_EDGE('',*,*,#586,.F.);
#785=ORIENTED_EDGE('',*,*,#587,.F.);
#786=ORIENTED_EDGE('',*,*,#583,.T.);
#787=ORIENTED_EDGE('',*,*,#588,.T.);
#788=ORIENTED_EDGE('',*,*,#589,.F.);
#789=ORIENTED_EDGE('',*,*,#590,.F.);
#790=ORIENTED_EDGE('',*,*,#586,.T.);
#791=ORIENTED_EDGE('',*,*,#591,.T.);
#792=ORIENTED_EDGE('',*,*,#592,.F.);
#793=ORIENTED_EDGE('',*,*,#593,.F.);
#794=ORIENTED_EDGE('',*,*,#589,.T.);
#795=ORIENTED_EDGE('',*,*,#594,.T.);
#796=ORIENTED_EDGE('',*,*,#595,.F.);
#797=ORIENTED_EDGE('',*,*,#596,.F.);
#798=ORIENTED_EDGE('',*,*,#592,.T.);
#799=ORIENTED_EDGE('',*,*,#597,.T.);
#800=ORIENTED_EDGE('',*,*,#598,.F.);
#801=ORIENTED_EDGE('',*,*,#599,.F.);
#802=ORIENTED_EDGE('',*,*,#595,.T.);
#803=ORIENTED_EDGE('',*,*,#600,.T.);
#804=ORIENTED_EDGE('',*,*,#601,.F.);
#805=ORIENTED_EDGE('',*,*,#602,.F.);
#806=ORIENTED_EDGE('',*,*,#598,.T.);
#807=ORIENTED_EDGE('',*,*,#603,.T.);
#808=ORIENTED_EDGE('',*,*,#604,.F.);
#809=ORIENTED_EDGE('',*,*,#605,.F.);
#810=ORIENTED_EDGE('',*,*,#601,.T.);
#811=ORIENTED_EDGE('',*,*,#606,.T.);
#812=ORIENTED_EDGE('',*,*,#607,.F.);
#813=ORIENTED_EDGE('',*,*,#608,.F.);
#814=ORIENTED_EDGE('',*,*,#604,.T.);
#815=ORIENTED_EDGE('',*,*,#609,.T.);
#816=ORIENTED_EDGE('',*,*,#610,.F.);
#817=ORIENTED_EDGE('',*,*,#611,.F.);
#818=ORIENTED_EDGE('',*,*,#607,.T.);
#819=ORIENTED_EDGE('',*,*,#612,.T.);
#820=ORIENTED_EDGE('',*,*,#613,.F.);
#821=ORIENTED_EDGE('',*,*,#614,.F.);
#822=ORIENTED_EDGE('',*,*,#610,.T.);
#823=ORIENTED_EDGE('',*,*,#615,.T.);
#824=ORIENTED_EDGE('',*,*,#616,.F.);
#825=ORIENTED_EDGE('',*,*,#617,.F.);
#826=ORIENTED_EDGE('',*,*,#613,.T.);
#827=ORIENTED_EDGE('',*,*,#618,.T.);
#828=ORIENTED_EDGE('',*,*,#619,.F.);
#829=ORIENTED_EDGE('',*,*,#620,.F.);
#830=ORIENTED_EDGE('',*,*,#616,.T.);
#831=ORIENTED_EDGE('',*,*,#621,.T.);
#832=ORIENTED_EDGE('',*,*,#622,.F.);
#833=ORIENTED_EDGE('',*,*,#623,.F.);
#834=ORIENTED_EDGE('',*,*,#619,.T.);
#835=ORIENTED_EDGE('',*,*,#624,.T.);
#836=ORIENTED_EDGE('',*,*,#625,.F.);
#837=ORIENTED_EDGE('',*,*,#626,.F.);
#838=ORIENTED_EDGE('',*,*,#622,.T.);
#839=ORIENTED_EDGE('',*,*,#627,.T.);
#840=ORIENTED_EDGE('',*,*,#628,.F.);
#841=ORIENTED_EDGE('',*,*,#629,.F.);
#842=ORIENTED_EDGE('',*,*,#625,.T.);
#843=ORIENTED_EDGE('',*,*,#630,.T.);
#844=ORIENTED_EDGE('',*,*,#631,.F.);
#845=ORIENTED_EDGE('',*,*,#632,.F.);
#846=ORIENTED_EDGE('',*,*,#628,.T.);
#847=ORIENTED_EDGE('',*,*,#633,.T.);
#848=ORIENTED_EDGE('',*,*,#634,.F.);
#849=ORIENTED_EDGE('',*,*,#635,.F.);
#850=ORIENTED_EDGE('',*,*,#631,.T.);
#851=ORIENTED_EDGE('',*,*,#636,.T.);
#852=ORIENTED_EDGE('',*,*,#637,.F.);
#853=ORIENTED_EDGE('',*,*,#638,.F.);
#854=ORIENTED_EDGE('',*,*,#634,.T.);
#855=ORIENTED_EDGE('',*,*,#639,.T.);
#856=ORIENTED_EDGE('',*,*,#640,.F.);
#857=ORIENTED_EDGE('',*,*,#641,.F.);
#858=ORIENTED_EDGE('',*,*,#637,.T.);
#859=ORIENTED_EDGE('',*,*,#642,.T.);
#860=ORIENTED_EDGE('',*,*,#643,.F.);
#861=ORIENTED_EDGE('',*,*,#644,.F.);
#862=ORIENTED_EDGE('',*,*,#640,.T.);
#863=ORIENTED_EDGE('',*,*,#645,.T.);
#864=ORIENTED_EDGE('',*,*,#646,.F.);
#865=ORIENTED_EDGE('',*,*,#647,.F.);
#866=ORIENTED_EDGE('',*,*,#643,.T.);
#867=ORIENTED_EDGE('',*,*,#648,.T.);
#868=ORIENTED_EDGE('',*,*,#649,.F.);
#869=ORIENTED_EDGE('',*,*,#650,.F.);
#870=ORIENTED_EDGE('',*,*,#646,.T.);
#871=ORIENTED_EDGE('',*,*,#651,.T.);
#872=ORIENTED_EDGE('',*,*,#652,.T.);
#873=ORIENTED_EDGE('',*,*,#653,.T.);
#874=ORIENTED_EDGE('',*,*,#654,.T.);
#875=ORIENTED_EDGE('',*,*,#655,.T.);
#876=ORIENTED_EDGE('',*,*,#656,.T.);
#877=ORIENTED_EDGE('',*,*,#657,.T.);
#878=ORIENTED_EDGE('',*,*,#658,.F.);
#879=ORIENTED_EDGE('',*,*,#659,.F.);
#880=ORIENTED_EDGE('',*,*,#660,.F.);
#881=ORIENTED_EDGE('',*,*,#508,.F.);
#882=ORIENTED_EDGE('',*,*,#661,.F.);
#883=ORIENTED_EDGE('',*,*,#662,.T.);
#884=ORIENTED_EDGE('',*,*,#657,.F.);
#885=ORIENTED_EDGE('',*,*,#663,.F.);
#886=ORIENTED_EDGE('',*,*,#664,.F.);
#887=ORIENTED_EDGE('',*,*,#663,.T.);
#888=ORIENTED_EDGE('',*,*,#656,.F.);
#889=ORIENTED_EDGE('',*,*,#665,.F.);
#890=ORIENTED_EDGE('',*,*,#666,.F.);
#891=ORIENTED_EDGE('',*,*,#665,.T.);
#892=ORIENTED_EDGE('',*,*,#655,.F.);
#893=ORIENTED_EDGE('',*,*,#667,.F.);
#894=ORIENTED_EDGE('',*,*,#668,.F.);
#895=ORIENTED_EDGE('',*,*,#667,.T.);
#896=ORIENTED_EDGE('',*,*,#654,.F.);
#897=ORIENTED_EDGE('',*,*,#669,.F.);
#898=ORIENTED_EDGE('',*,*,#670,.F.);
#899=ORIENTED_EDGE('',*,*,#669,.T.);
#900=ORIENTED_EDGE('',*,*,#653,.F.);
#901=ORIENTED_EDGE('',*,*,#671,.F.);
#902=ORIENTED_EDGE('',*,*,#672,.F.);
#903=ORIENTED_EDGE('',*,*,#671,.T.);
#904=ORIENTED_EDGE('',*,*,#652,.F.);
#905=ORIENTED_EDGE('',*,*,#662,.F.);
#906=ORIENTED_EDGE('',*,*,#660,.T.);
#907=ORIENTED_EDGE('',*,*,#673,.F.);
#908=ORIENTED_EDGE('',*,*,#651,.F.);
#909=ORIENTED_EDGE('',*,*,#648,.F.);
#910=ORIENTED_EDGE('',*,*,#645,.F.);
#911=ORIENTED_EDGE('',*,*,#642,.F.);
#912=ORIENTED_EDGE('',*,*,#639,.F.);
#913=ORIENTED_EDGE('',*,*,#636,.F.);
#914=ORIENTED_EDGE('',*,*,#633,.F.);
#915=ORIENTED_EDGE('',*,*,#630,.F.);
#916=ORIENTED_EDGE('',*,*,#627,.F.);
#917=ORIENTED_EDGE('',*,*,#624,.F.);
#918=ORIENTED_EDGE('',*,*,#621,.F.);
#919=ORIENTED_EDGE('',*,*,#618,.F.);
#920=ORIENTED_EDGE('',*,*,#615,.F.);
#921=ORIENTED_EDGE('',*,*,#612,.F.);
#922=ORIENTED_EDGE('',*,*,#609,.F.);
#923=ORIENTED_EDGE('',*,*,#606,.F.);
#924=ORIENTED_EDGE('',*,*,#603,.F.);
#925=ORIENTED_EDGE('',*,*,#600,.F.);
#926=ORIENTED_EDGE('',*,*,#597,.F.);
#927=ORIENTED_EDGE('',*,*,#594,.F.);
#928=ORIENTED_EDGE('',*,*,#591,.F.);
#929=ORIENTED_EDGE('',*,*,#588,.F.);
#930=ORIENTED_EDGE('',*,*,#585,.F.);
#931=ORIENTED_EDGE('',*,*,#582,.F.);
#932=ORIENTED_EDGE('',*,*,#674,.F.);
#933=ORIENTED_EDGE('',*,*,#675,.F.);
#934=ORIENTED_EDGE('',*,*,#578,.F.);
#935=ORIENTED_EDGE('',*,*,#575,.F.);
#936=ORIENTED_EDGE('',*,*,#572,.F.);
#937=ORIENTED_EDGE('',*,*,#569,.F.);
#938=ORIENTED_EDGE('',*,*,#566,.F.);
#939=ORIENTED_EDGE('',*,*,#563,.F.);
#940=ORIENTED_EDGE('',*,*,#560,.F.);
#941=ORIENTED_EDGE('',*,*,#557,.F.);
#942=ORIENTED_EDGE('',*,*,#554,.F.);
#943=ORIENTED_EDGE('',*,*,#551,.F.);
#944=ORIENTED_EDGE('',*,*,#548,.F.);
#945=ORIENTED_EDGE('',*,*,#545,.F.);
#946=ORIENTED_EDGE('',*,*,#542,.F.);
#947=ORIENTED_EDGE('',*,*,#539,.F.);
#948=ORIENTED_EDGE('',*,*,#536,.F.);
#949=ORIENTED_EDGE('',*,*,#533,.F.);
#950=ORIENTED_EDGE('',*,*,#530,.F.);
#951=ORIENTED_EDGE('',*,*,#527,.F.);
#952=ORIENTED_EDGE('',*,*,#524,.F.);
#953=ORIENTED_EDGE('',*,*,#521,.F.);
#954=ORIENTED_EDGE('',*,*,#518,.F.);
#955=ORIENTED_EDGE('',*,*,#515,.F.);
#956=ORIENTED_EDGE('',*,*,#512,.F.);
#957=ORIENTED_EDGE('',*,*,#509,.F.);
#958=ORIENTED_EDGE('',*,*,#649,.T.);
#959=ORIENTED_EDGE('',*,*,#673,.T.);
#960=ORIENTED_EDGE('',*,*,#659,.T.);
#961=ORIENTED_EDGE('',*,*,#676,.F.);
#962=ORIENTED_EDGE('',*,*,#658,.T.);
#963=ORIENTED_EDGE('',*,*,#507,.F.);
#964=ORIENTED_EDGE('',*,*,#511,.F.);
#965=ORIENTED_EDGE('',*,*,#514,.F.);
#966=ORIENTED_EDGE('',*,*,#517,.F.);
#967=ORIENTED_EDGE('',*,*,#520,.F.);
#968=ORIENTED_EDGE('',*,*,#523,.F.);
#969=ORIENTED_EDGE('',*,*,#526,.F.);
#970=ORIENTED_EDGE('',*,*,#529,.F.);
#971=ORIENTED_EDGE('',*,*,#532,.F.);
#972=ORIENTED_EDGE('',*,*,#535,.F.);
#973=ORIENTED_EDGE('',*,*,#538,.F.);
#974=ORIENTED_EDGE('',*,*,#541,.F.);
#975=ORIENTED_EDGE('',*,*,#544,.F.);
#976=ORIENTED_EDGE('',*,*,#547,.F.);
#977=ORIENTED_EDGE('',*,*,#550,.F.);
#978=ORIENTED_EDGE('',*,*,#553,.F.);
#979=ORIENTED_EDGE('',*,*,#556,.F.);
#980=ORIENTED_EDGE('',*,*,#559,.F.);
#981=ORIENTED_EDGE('',*,*,#562,.F.);
#982=ORIENTED_EDGE('',*,*,#565,.F.);
#983=ORIENTED_EDGE('',*,*,#568,.F.);
#984=ORIENTED_EDGE('',*,*,#571,.F.);
#985=ORIENTED_EDGE('',*,*,#574,.F.);
#986=ORIENTED_EDGE('',*,*,#577,.F.);
#987=ORIENTED_EDGE('',*,*,#677,.F.);
#988=ORIENTED_EDGE('',*,*,#678,.F.);
#989=ORIENTED_EDGE('',*,*,#580,.T.);
#990=ORIENTED_EDGE('',*,*,#584,.T.);
#991=ORIENTED_EDGE('',*,*,#587,.T.);
#992=ORIENTED_EDGE('',*,*,#590,.T.);
#993=ORIENTED_EDGE('',*,*,#593,.T.);
#994=ORIENTED_EDGE('',*,*,#596,.T.);
#995=ORIENTED_EDGE('',*,*,#599,.T.);
#996=ORIENTED_EDGE('',*,*,#602,.T.);
#997=ORIENTED_EDGE('',*,*,#605,.T.);
#998=ORIENTED_EDGE('',*,*,#608,.T.);
#999=ORIENTED_EDGE('',*,*,#611,.T.);
#1000=ORIENTED_EDGE('',*,*,#614,.T.);
#1001=ORIENTED_EDGE('',*,*,#617,.T.);
#1002=ORIENTED_EDGE('',*,*,#620,.T.);
#1003=ORIENTED_EDGE('',*,*,#623,.T.);
#1004=ORIENTED_EDGE('',*,*,#626,.T.);
#1005=ORIENTED_EDGE('',*,*,#629,.T.);
#1006=ORIENTED_EDGE('',*,*,#632,.T.);
#1007=ORIENTED_EDGE('',*,*,#635,.T.);
#1008=ORIENTED_EDGE('',*,*,#638,.T.);
#1009=ORIENTED_EDGE('',*,*,#641,.T.);
#1010=ORIENTED_EDGE('',*,*,#644,.T.);
#1011=ORIENTED_EDGE('',*,*,#647,.T.);
#1012=ORIENTED_EDGE('',*,*,#650,.T.);
#1013=ORIENTED_EDGE('',*,*,#676,.T.);
#1014=ORIENTED_EDGE('',*,*,#672,.T.);
#1015=ORIENTED_EDGE('',*,*,#661,.T.);
#1016=ORIENTED_EDGE('',*,*,#664,.T.);
#1017=ORIENTED_EDGE('',*,*,#666,.T.);
#1018=ORIENTED_EDGE('',*,*,#668,.T.);
#1019=ORIENTED_EDGE('',*,*,#670,.T.);
#1020=ORIENTED_EDGE('',*,*,#576,.T.);
#1021=ORIENTED_EDGE('',*,*,#675,.T.);
#1022=ORIENTED_EDGE('',*,*,#679,.F.);
#1023=ORIENTED_EDGE('',*,*,#677,.T.);
#1024=ORIENTED_EDGE('',*,*,#678,.T.);
#1025=ORIENTED_EDGE('',*,*,#679,.T.);
#1026=ORIENTED_EDGE('',*,*,#674,.T.);
#1027=ORIENTED_EDGE('',*,*,#581,.T.);
#1028=CYLINDRICAL_SURFACE('',#1153,14.597345);
#1029=CYLINDRICAL_SURFACE('',#1155,14.597345);
#1030=CYLINDRICAL_SURFACE('',#1156,14.597345);
#1031=CYLINDRICAL_SURFACE('',#1157,14.597345);
#1032=CYLINDRICAL_SURFACE('',#1158,14.597345);
#1033=CYLINDRICAL_SURFACE('',#1159,14.597345);
#1034=CYLINDRICAL_SURFACE('',#1160,14.597345);
#1035=CYLINDRICAL_SURFACE('',#1161,14.597345);
#1036=CYLINDRICAL_SURFACE('',#1162,14.597345);
#1037=CYLINDRICAL_SURFACE('',#1163,14.597345);
#1038=CYLINDRICAL_SURFACE('',#1164,14.597345);
#1039=CYLINDRICAL_SURFACE('',#1165,14.597345);
#1040=CYLINDRICAL_SURFACE('',#1166,14.597345);
#1041=CYLINDRICAL_SURFACE('',#1167,14.597345);
#1042=CYLINDRICAL_SURFACE('',#1168,14.597345);
#1043=CYLINDRICAL_SURFACE('',#1169,14.597345);
#1044=CYLINDRICAL_SURFACE('',#1170,14.597345);
#1045=CYLINDRICAL_SURFACE('',#1171,14.597345);
#1046=CYLINDRICAL_SURFACE('',#1172,14.597345);
#1047=CYLINDRICAL_SURFACE('',#1173,14.597345);
#1048=CYLINDRICAL_SURFACE('',#1174,14.597345);
#1049=CYLINDRICAL_SURFACE('',#1175,14.597345);
#1050=CYLINDRICAL_SURFACE('',#1176,14.597345);
#1051=CYLINDRICAL_SURFACE('',#1177,14.597345);
#1052=CYLINDRICAL_SURFACE('',#1178,13.194671);
#1053=CYLINDRICAL_SURFACE('',#1180,13.194671);
#1054=CYLINDRICAL_SURFACE('',#1181,13.194671);
#1055=CYLINDRICAL_SURFACE('',#1182,13.194671);
#1056=CYLINDRICAL_SURFACE('',#1183,13.194671);
#1057=CYLINDRICAL_SURFACE('',#1184,13.194671);
#1058=CYLINDRICAL_SURFACE('',#1185,13.194671);
#1059=CYLINDRICAL_SURFACE('',#1186,13.194671);
#1060=CYLINDRICAL_SURFACE('',#1187,13.194671);
#1061=CYLINDRICAL_SURFACE('',#1188,13.194671);
#1062=CYLINDRICAL_SURFACE('',#1189,13.194671);
#1063=CYLINDRICAL_SURFACE('',#1190,13.194671);
#1064=CYLINDRICAL_SURFACE('',#1191,13.194671);
#1065=CYLINDRICAL_SURFACE('',#1192,13.194671);
#1066=CYLINDRICAL_SURFACE('',#1193,13.194671);
#1067=CYLINDRICAL_SURFACE('',#1194,13.194671);
#1068=CYLINDRICAL_SURFACE('',#1195,13.194671);
#1069=CYLINDRICAL_SURFACE('',#1196,13.194671);
#1070=CYLINDRICAL_SURFACE('',#1197,13.194671);
#1071=CYLINDRICAL_SURFACE('',#1198,13.194671);
#1072=CYLINDRICAL_SURFACE('',#1199,13.194671);
#1073=CYLINDRICAL_SURFACE('',#1200,13.194671);
#1074=CYLINDRICAL_SURFACE('',#1201,13.194671);
#1075=CYLINDRICAL_SURFACE('',#1202,13.194671);
#1076=CYLINDRICAL_SURFACE('',#1211,13.194671);
#1077=CYLINDRICAL_SURFACE('',#1213,14.597345);
#1078=ADVANCED_FACE('',(#27),#1028,.T.);
#1079=ADVANCED_FACE('',(#28),#1029,.T.);
#1080=ADVANCED_FACE('',(#29),#1030,.T.);
#1081=ADVANCED_FACE('',(#30),#1031,.T.);
#1082=ADVANCED_FACE('',(#31),#1032,.T.);
#1083=ADVANCED_FACE('',(#32),#1033,.T.);
#1084=ADVANCED_FACE('',(#33),#1034,.T.);
#1085=ADVANCED_FACE('',(#34),#1035,.T.);
#1086=ADVANCED_FACE('',(#35),#1036,.T.);
#1087=ADVANCED_FACE('',(#36),#1037,.T.);
#1088=ADVANCED_FACE('',(#37),#1038,.T.);
#1089=ADVANCED_FACE('',(#38),#1039,.T.);
#1090=ADVANCED_FACE('',(#39),#1040,.T.);
#1091=ADVANCED_FACE('',(#40),#1041,.T.);
#1092=ADVANCED_FACE('',(#41),#1042,.T.);
#1093=ADVANCED_FACE('',(#42),#1043,.T.);
#1094=ADVANCED_FACE('',(#43),#1044,.T.);
#1095=ADVANCED_FACE('',(#44),#1045,.T.);
#1096=ADVANCED_FACE('',(#45),#1046,.T.);
#1097=ADVANCED_FACE('',(#46),#1047,.T.);
#1098=ADVANCED_FACE('',(#47),#1048,.T.);
#1099=ADVANCED_FACE('',(#48),#1049,.T.);
#1100=ADVANCED_FACE('',(#49),#1050,.T.);
#1101=ADVANCED_FACE('',(#50),#1051,.T.);
#1102=ADVANCED_FACE('',(#51),#1052,.T.);
#1103=ADVANCED_FACE('',(#52),#1053,.T.);
#1104=ADVANCED_FACE('',(#53),#1054,.T.);
#1105=ADVANCED_FACE('',(#54),#1055,.T.);
#1106=ADVANCED_FACE('',(#55),#1056,.T.);
#1107=ADVANCED_FACE('',(#56),#1057,.T.);
#1108=ADVANCED_FACE('',(#57),#1058,.T.);
#1109=ADVANCED_FACE('',(#58),#1059,.T.);
#1110=ADVANCED_FACE('',(#59),#1060,.T.);
#1111=ADVANCED_FACE('',(#60),#1061,.T.);
#1112=ADVANCED_FACE('',(#61),#1062,.T.);
#1113=ADVANCED_FACE('',(#62),#1063,.T.);
#1114=ADVANCED_FACE('',(#63),#1064,.T.);
#1115=ADVANCED_FACE('',(#64),#1065,.T.);
#1116=ADVANCED_FACE('',(#65),#1066,.T.);
#1117=ADVANCED_FACE('',(#66),#1067,.T.);
#1118=ADVANCED_FACE('',(#67),#1068,.T.);
#1119=ADVANCED_FACE('',(#68),#1069,.T.);
#1120=ADVANCED_FACE('',(#69),#1070,.T.);
#1121=ADVANCED_FACE('',(#70),#1071,.T.);
#1122=ADVANCED_FACE('',(#71),#1072,.T.);
#1123=ADVANCED_FACE('',(#72),#1073,.T.);
#1124=ADVANCED_FACE('',(#73),#1074,.T.);
#1125=ADVANCED_FACE('',(#74),#1075,.T.);
#1126=ADVANCED_FACE('',(#75,#17),#18,.T.);
#1127=ADVANCED_FACE('',(#76),#19,.T.);
#1128=ADVANCED_FACE('',(#77),#20,.T.);
#1129=ADVANCED_FACE('',(#78),#21,.T.);
#1130=ADVANCED_FACE('',(#79),#22,.T.);
#1131=ADVANCED_FACE('',(#80),#23,.T.);
#1132=ADVANCED_FACE('',(#81),#24,.T.);
#1133=ADVANCED_FACE('',(#82),#15,.F.);
#1134=ADVANCED_FACE('',(#83),#1076,.T.);
#1135=ADVANCED_FACE('',(#84),#16,.F.);
#1136=ADVANCED_FACE('',(#85),#25,.T.);
#1137=ADVANCED_FACE('',(#86),#1077,.T.);
#1138=ADVANCED_FACE('',(#87),#26,.T.);
#1139=CLOSED_SHELL('',(#1078,#1079,#1080,#1081,#1082,#1083,#1084,#1085,
#1086,#1087,#1088,#1089,#1090,#1091,#1092,#1093,#1094,#1095,#1096,#1097,
#1098,#1099,#1100,#1101,#1102,#1103,#1104,#1105,#1106,#1107,#1108,#1109,
#1110,#1111,#1112,#1113,#1114,#1115,#1116,#1117,#1118,#1119,#1120,#1121,
#1122,#1123,#1124,#1125,#1126,#1127,#1128,#1129,#1130,#1131,#1132,#1133,
#1134,#1135,#1136,#1137,#1138));
#1140=DERIVED_UNIT_ELEMENT(#1142,1.);
#1141=DERIVED_UNIT_ELEMENT(#7248,-3.);
#1142=(
MASS_UNIT()
NAMED_UNIT(*)
SI_UNIT(.KILO.,.GRAM.)
);
#1143=DERIVED_UNIT((#1140,#1141));
#1144=MEASURE_REPRESENTATION_ITEM('density measure',
POSITIVE_RATIO_MEASURE(7850.),#1143);
#1145=PROPERTY_DEFINITION_REPRESENTATION(#1150,#1147);
#1146=PROPERTY_DEFINITION_REPRESENTATION(#1151,#1148);
#1147=REPRESENTATION('material name',(#1149),#7245);
#1148=REPRESENTATION('density',(#1144),#7245);
#1149=DESCRIPTIVE_REPRESENTATION_ITEM('Steel','Steel');
#1150=PROPERTY_DEFINITION('material property','material name',#7255);
#1151=PROPERTY_DEFINITION('material property','density of part',#7255);
#1152=AXIS2_PLACEMENT_3D('',#1410,#1216,#1217);
#1153=AXIS2_PLACEMENT_3D('',#1411,#1218,#1219);
#1154=AXIS2_PLACEMENT_3D('',#1442,#1221,#1222);
#1155=AXIS2_PLACEMENT_3D('',#1465,#1223,#1224);
#1156=AXIS2_PLACEMENT_3D('',#1531,#1226,#1227);
#1157=AXIS2_PLACEMENT_3D('',#1600,#1229,#1230);
#1158=AXIS2_PLACEMENT_3D('',#1672,#1232,#1233);
#1159=AXIS2_PLACEMENT_3D('',#1759,#1235,#1236);
#1160=AXIS2_PLACEMENT_3D('',#1849,#1238,#1239);
#1161=AXIS2_PLACEMENT_3D('',#1945,#1241,#1242);
#1162=AXIS2_PLACEMENT_3D('',#2041,#1244,#1245);
#1163=AXIS2_PLACEMENT_3D('',#2128,#1247,#1248);
#1164=AXIS2_PLACEMENT_3D('',#2224,#1250,#1251);
#1165=AXIS2_PLACEMENT_3D('',#2317,#1253,#1254);
#1166=AXIS2_PLACEMENT_3D('',#2407,#1256,#1257);
#1167=AXIS2_PLACEMENT_3D('',#2500,#1259,#1260);
#1168=AXIS2_PLACEMENT_3D('',#2593,#1262,#1263);
#1169=AXIS2_PLACEMENT_3D('',#2689,#1265,#1266);
#1170=AXIS2_PLACEMENT_3D('',#2785,#1268,#1269);
#1171=AXIS2_PLACEMENT_3D('',#2875,#1271,#1272);
#1172=AXIS2_PLACEMENT_3D('',#2962,#1274,#1275);
#1173=AXIS2_PLACEMENT_3D('',#3037,#1277,#1278);
#1174=AXIS2_PLACEMENT_3D('',#3124,#1280,#1281);
#1175=AXIS2_PLACEMENT_3D('',#3214,#1283,#1284);
#1176=AXIS2_PLACEMENT_3D('',#3283,#1286,#1287);
#1177=AXIS2_PLACEMENT_3D('',#3352,#1289,#1290);
#1178=AXIS2_PLACEMENT_3D('',#3421,#1292,#1293);
#1179=AXIS2_PLACEMENT_3D('',#3438,#1295,#1296);
#1180=AXIS2_PLACEMENT_3D('',#3448,#1297,#1298);
#1181=AXIS2_PLACEMENT_3D('',#3480,#1300,#1301);
#1182=AXIS2_PLACEMENT_3D('',#3510,#1303,#1304);
#1183=AXIS2_PLACEMENT_3D('',#3544,#1306,#1307);
#1184=AXIS2_PLACEMENT_3D('',#3582,#1309,#1310);
#1185=AXIS2_PLACEMENT_3D('',#3616,#1312,#1313);
#1186=AXIS2_PLACEMENT_3D('',#3651,#1315,#1316);
#1187=AXIS2_PLACEMENT_3D('',#3690,#1318,#1319);
#1188=AXIS2_PLACEMENT_3D('',#3729,#1321,#1322);
#1189=AXIS2_PLACEMENT_3D('',#3769,#1324,#1325);
#1190=AXIS2_PLACEMENT_3D('',#3809,#1327,#1328);
#1191=AXIS2_PLACEMENT_3D('',#3847,#1330,#1331);
#1192=AXIS2_PLACEMENT_3D('',#3886,#1333,#1334);
#1193=AXIS2_PLACEMENT_3D('',#3924,#1336,#1337);
#1194=AXIS2_PLACEMENT_3D('',#3964,#1339,#1340);
#1195=AXIS2_PLACEMENT_3D('',#4003,#1342,#1343);
#1196=AXIS2_PLACEMENT_3D('',#4041,#1345,#1346);
#1197=AXIS2_PLACEMENT_3D('',#4081,#1348,#1349);
#1198=AXIS2_PLACEMENT_3D('',#4120,#1351,#1352);
#1199=AXIS2_PLACEMENT_3D('',#4158,#1354,#1355);
#1200=AXIS2_PLACEMENT_3D('',#4192,#1357,#1358);
#1201=AXIS2_PLACEMENT_3D('',#4224,#1360,#1361);
#1202=AXIS2_PLACEMENT_3D('',#4254,#1363,#1364);
#1203=AXIS2_PLACEMENT_3D('',#4284,#1366,#1367);
#1204=AXIS2_PLACEMENT_3D('',#4435,#1374,#1375);
#1205=AXIS2_PLACEMENT_3D('',#4569,#1376,#1377);
#1206=AXIS2_PLACEMENT_3D('',#4575,#1381,#1382);
#1207=AXIS2_PLACEMENT_3D('',#4579,#1385,#1386);
#1208=AXIS2_PLACEMENT_3D('',#4583,#1389,#1390);
#1209=AXIS2_PLACEMENT_3D('',#4587,#1393,#1394);
#1210=AXIS2_PLACEMENT_3D('',#4591,#1397,#1398);
#1211=AXIS2_PLACEMENT_3D('',#5934,#1400,#1401);
#1212=AXIS2_PLACEMENT_3D('',#7239,#1402,#1403);
#1213=AXIS2_PLACEMENT_3D('',#7240,#1404,#1405);
#1214=AXIS2_PLACEMENT_3D('',#7241,#1406,#1407);
#1215=AXIS2_PLACEMENT_3D('',#7242,#1408,#1409);
#1216=DIRECTION('axis',(0.,0.,1.));
#1217=DIRECTION('refdir',(1.,0.,0.));
#1218=DIRECTION('center_axis',(1.,0.,2.17603712826531E-16));
#1219=DIRECTION('ref_axis',(-1.93018015362737E-16,-0.53352647318933,0.845783366120519));
#1220=DIRECTION('',(-1.,0.,-2.17603712826531E-16));
#1221=DIRECTION('center_axis',(1.,0.,0.));
#1222=DIRECTION('ref_axis',(-2.26576127474522E-16,0.,1.));
#1223=DIRECTION('center_axis',(1.,0.,2.17603712826531E-16));
#1224=DIRECTION('ref_axis',(-2.26576127474522E-16,0.,1.));
#1225=DIRECTION('',(-1.,0.,-2.17603712826531E-16));
#1226=DIRECTION('center_axis',(1.,0.,2.17603712826531E-16));
#1227=DIRECTION('ref_axis',(-2.26576127474522E-16,0.,1.));
#1228=DIRECTION('',(-1.,0.,-2.17603712826531E-16));
#1229=DIRECTION('center_axis',(1.,0.,2.17603712826531E-16));
#1230=DIRECTION('ref_axis',(-2.26576127474522E-16,0.,1.));
#1231=DIRECTION('',(-1.,0.,-2.17603712826531E-16));
#1232=DIRECTION('center_axis',(1.,0.,2.17603712826531E-16));
#1233=DIRECTION('ref_axis',(-2.26576127474522E-16,0.,1.));
#1234=DIRECTION('',(-1.,0.,-2.17603712826531E-16));
#1235=DIRECTION('center_axis',(1.,0.,2.17603712826531E-16));
#1236=DIRECTION('ref_axis',(-2.26576127474522E-16,0.,1.));
#1237=DIRECTION('',(-1.,0.,-2.17603712826531E-16));
#1238=DIRECTION('center_axis',(1.,0.,2.17603712826531E-16));
#1239=DIRECTION('ref_axis',(-2.26576127474522E-16,0.,1.));
#1240=DIRECTION('',(-1.,0.,-2.17603712826531E-16));
#1241=DIRECTION('center_axis',(1.,0.,2.17603712826531E-16));
#1242=DIRECTION('ref_axis',(-2.26576127474522E-16,0.,1.));
#1243=DIRECTION('',(-1.,0.,-2.17603712826531E-16));
#1244=DIRECTION('center_axis',(1.,0.,2.17603712826531E-16));
#1245=DIRECTION('ref_axis',(-2.26576127474522E-16,0.,1.));
#1246=DIRECTION('',(-1.,0.,-2.17603712826531E-16));
#1247=DIRECTION('center_axis',(1.,0.,2.17603712826531E-16));
#1248=DIRECTION('ref_axis',(-2.26576127474522E-16,0.,1.));
#1249=DIRECTION('',(-1.,0.,-2.17603712826531E-16));
#1250=DIRECTION('center_axis',(1.,0.,2.17603712826531E-16));
#1251=DIRECTION('ref_axis',(-2.26576127474522E-16,0.,1.));
#1252=DIRECTION('',(-1.,0.,-2.17603712826531E-16));
#1253=DIRECTION('center_axis',(1.,0.,2.17603712826531E-16));
#1254=DIRECTION('ref_axis',(-2.26576127474522E-16,0.,1.));
#1255=DIRECTION('',(-1.,0.,-2.17603712826531E-16));
#1256=DIRECTION('center_axis',(1.,0.,2.17603712826531E-16));
#1257=DIRECTION('ref_axis',(-2.26576127474522E-16,0.,1.));
#1258=DIRECTION('',(-1.,0.,-2.17603712826531E-16));
#1259=DIRECTION('center_axis',(1.,0.,2.17603712826531E-16));
#1260=DIRECTION('ref_axis',(-2.26576127474522E-16,0.,1.));
#1261=DIRECTION('',(-1.,0.,-2.17603712826531E-16));
#1262=DIRECTION('center_axis',(1.,0.,2.17603712826531E-16));
#1263=DIRECTION('ref_axis',(-2.26576127474522E-16,0.,1.));
#1264=DIRECTION('',(-1.,0.,-2.17603712826531E-16));
#1265=DIRECTION('center_axis',(1.,0.,2.17603712826531E-16));
#1266=DIRECTION('ref_axis',(-2.26576127474522E-16,0.,1.));
#1267=DIRECTION('',(-1.,0.,-2.17603712826531E-16));
#1268=DIRECTION('center_axis',(1.,0.,2.17603712826531E-16));
#1269=DIRECTION('ref_axis',(-2.26576127474522E-16,0.,1.));
#1270=DIRECTION('',(-1.,0.,-2.17603712826531E-16));
#1271=DIRECTION('center_axis',(1.,0.,2.17603712826531E-16));
#1272=DIRECTION('ref_axis',(-2.26576127474522E-16,0.,1.));
#1273=DIRECTION('',(-1.,0.,-2.17603712826531E-16));
#1274=DIRECTION('center_axis',(1.,0.,2.17603712826531E-16));
#1275=DIRECTION('ref_axis',(-2.26576127474522E-16,0.,1.));
#1276=DIRECTION('',(-1.,0.,-2.17603712826531E-16));
#1277=DIRECTION('center_axis',(1.,0.,2.17603712826531E-16));
#1278=DIRECTION('ref_axis',(-2.26576127474522E-16,0.,1.));
#1279=DIRECTION('',(-1.,0.,-2.17603712826531E-16));
#1280=DIRECTION('center_axis',(1.,0.,2.17603712826531E-16));
#1281=DIRECTION('ref_axis',(-2.26576127474522E-16,0.,1.));
#1282=DIRECTION('',(-1.,0.,-2.17603712826531E-16));
#1283=DIRECTION('center_axis',(1.,0.,2.17603712826531E-16));
#1284=DIRECTION('ref_axis',(-2.26576127474522E-16,0.,1.));
#1285=DIRECTION('',(-1.,0.,-2.17603712826531E-16));
#1286=DIRECTION('center_axis',(1.,0.,2.17603712826531E-16));
#1287=DIRECTION('ref_axis',(-2.26576127474522E-16,0.,1.));
#1288=DIRECTION('',(-1.,0.,-2.17603712826531E-16));
#1289=DIRECTION('center_axis',(1.,0.,2.17603712826531E-16));
#1290=DIRECTION('ref_axis',(-2.26576127474522E-16,0.,1.));
#1291=DIRECTION('',(-1.,0.,-2.17603712826531E-16));
#1292=DIRECTION('center_axis',(1.,-1.92352938910244E-29,1.70033342203178E-42));
#1293=DIRECTION('ref_axis',(8.8093246233991E-30,0.457977126489927,0.888963976554747));
#1294=DIRECTION('',(1.,-1.92352938910244E-29,1.70033342203178E-42));
#1295=DIRECTION('center_axis',(-1.,0.,-2.26576127474522E-16));
#1296=DIRECTION('ref_axis',(0.,8.83959820407954E-14,1.));
#1297=DIRECTION('center_axis',(1.,-1.92352938910244E-29,1.70033342203178E-42));
#1298=DIRECTION('ref_axis',(0.,8.83959820407954E-14,1.));
#1299=DIRECTION('',(1.,-1.92352938910244E-29,1.70033342203178E-42));
#1300=DIRECTION('center_axis',(1.,-1.92352938910244E-29,1.70033342203178E-42));
#1301=DIRECTION('ref_axis',(0.,8.83959820407954E-14,1.));
#1302=DIRECTION('',(1.,-1.92352938910244E-29,1.70033342203178E-42));
#1303=DIRECTION('center_axis',(1.,-1.92352938910244E-29,1.70033342203178E-42));
#1304=DIRECTION('ref_axis',(0.,8.83959820407954E-14,1.));
#1305=DIRECTION('',(1.,-1.92352938910244E-29,1.70033342203178E-42));
#1306=DIRECTION('center_axis',(1.,-1.92352938910244E-29,1.70033342203178E-42));
#1307=DIRECTION('ref_axis',(0.,8.83959820407954E-14,1.));
#1308=DIRECTION('',(1.,-1.92352938910244E-29,1.70033342203178E-42));
#1309=DIRECTION('center_axis',(1.,-1.92352938910244E-29,1.70033342203178E-42));
#1310=DIRECTION('ref_axis',(0.,8.83959820407954E-14,1.));
#1311=DIRECTION('',(1.,-1.92352938910244E-29,1.70033342203178E-42));
#1312=DIRECTION('center_axis',(1.,-1.92352938910244E-29,1.70033342203178E-42));
#1313=DIRECTION('ref_axis',(0.,8.83959820407954E-14,1.));
#1314=DIRECTION('',(1.,-1.92352938910244E-29,1.70033342203178E-42));
#1315=DIRECTION('center_axis',(1.,-1.92352938910244E-29,1.70033342203178E-42));
#1316=DIRECTION('ref_axis',(0.,8.83959820407954E-14,1.));
#1317=DIRECTION('',(1.,-1.92352938910244E-29,1.70033342203178E-42));
#1318=DIRECTION('center_axis',(1.,-1.92352938910244E-29,1.70033342203178E-42));
#1319=DIRECTION('ref_axis',(0.,8.83959820407954E-14,1.));
#1320=DIRECTION('',(1.,-1.92352938910244E-29,1.70033342203178E-42));
#1321=DIRECTION('center_axis',(1.,-1.92352938910244E-29,1.70033342203178E-42));
#1322=DIRECTION('ref_axis',(0.,8.83959820407954E-14,1.));
#1323=DIRECTION('',(1.,-1.92352938910244E-29,1.70033342203178E-42));
#1324=DIRECTION('center_axis',(1.,-1.92352938910244E-29,1.70033342203178E-42));
#1325=DIRECTION('ref_axis',(0.,8.83959820407954E-14,1.));
#1326=DIRECTION('',(1.,-1.92352938910244E-29,1.70033342203178E-42));
#1327=DIRECTION('center_axis',(1.,-1.92352938910244E-29,1.70033342203178E-42));
#1328=DIRECTION('ref_axis',(0.,8.83959820407954E-14,1.));
#1329=DIRECTION('',(1.,-1.92352938910244E-29,1.70033342203178E-42));
#1330=DIRECTION('center_axis',(1.,-1.92352938910244E-29,1.70033342203178E-42));
#1331=DIRECTION('ref_axis',(0.,8.83959820407954E-14,1.));
#1332=DIRECTION('',(1.,-1.92352938910244E-29,1.70033342203178E-42));
#1333=DIRECTION('center_axis',(1.,-1.92352938910244E-29,1.70033342203178E-42));
#1334=DIRECTION('ref_axis',(0.,8.83959820407954E-14,1.));
#1335=DIRECTION('',(1.,-1.92352938910244E-29,1.70033342203178E-42));
#1336=DIRECTION('center_axis',(1.,-1.92352938910244E-29,1.70033342203178E-42));
#1337=DIRECTION('ref_axis',(0.,8.83959820407954E-14,1.));
#1338=DIRECTION('',(1.,-1.92352938910244E-29,1.70033342203178E-42));
#1339=DIRECTION('center_axis',(1.,-1.92352938910244E-29,1.70033342203178E-42));
#1340=DIRECTION('ref_axis',(0.,8.83959820407954E-14,1.));
#1341=DIRECTION('',(1.,-1.92352938910244E-29,1.70033342203178E-42));
#1342=DIRECTION('center_axis',(1.,-1.92352938910244E-29,1.70033342203178E-42));
#1343=DIRECTION('ref_axis',(0.,8.83959820407954E-14,1.));
#1344=DIRECTION('',(1.,-1.92352938910244E-29,1.70033342203178E-42));
#1345=DIRECTION('center_axis',(1.,-1.92352938910244E-29,1.70033342203178E-42));
#1346=DIRECTION('ref_axis',(0.,8.83959820407954E-14,1.));
#1347=DIRECTION('',(1.,-1.92352938910244E-29,1.70033342203178E-42));
#1348=DIRECTION('center_axis',(1.,-1.92352938910244E-29,1.70033342203178E-42));
#1349=DIRECTION('ref_axis',(0.,8.83959820407954E-14,1.));
#1350=DIRECTION('',(1.,-1.92352938910244E-29,1.70033342203178E-42));
#1351=DIRECTION('center_axis',(1.,-1.92352938910244E-29,1.70033342203178E-42));
#1352=DIRECTION('ref_axis',(0.,8.83959820407954E-14,1.));
#1353=DIRECTION('',(1.,-1.92352938910244E-29,1.70033342203178E-42));
#1354=DIRECTION('center_axis',(1.,-1.92352938910244E-29,1.70033342203178E-42));
#1355=DIRECTION('ref_axis',(0.,8.83959820407954E-14,1.));
#1356=DIRECTION('',(1.,-1.92352938910244E-29,1.70033342203178E-42));
#1357=DIRECTION('center_axis',(1.,-1.92352938910244E-29,1.70033342203178E-42));
#1358=DIRECTION('ref_axis',(0.,8.83959820407954E-14,1.));
#1359=DIRECTION('',(1.,-1.92352938910244E-29,1.70033342203178E-42));
#1360=DIRECTION('center_axis',(1.,-1.92352938910244E-29,1.70033342203178E-42));
#1361=DIRECTION('ref_axis',(0.,8.83959820407954E-14,1.));
#1362=DIRECTION('',(1.,-1.92352938910244E-29,1.70033342203178E-42));
#1363=DIRECTION('center_axis',(1.,-1.92352938910244E-29,1.70033342203178E-42));
#1364=DIRECTION('ref_axis',(0.,8.83959820407954E-14,1.));
#1365=DIRECTION('',(1.,-1.92352938910244E-29,1.70033342203178E-42));
#1366=DIRECTION('center_axis',(1.,0.,0.));
#1367=DIRECTION('ref_axis',(0.,0.,-1.));
#1368=DIRECTION('',(0.,-0.867181020953267,-0.49799304904632));
#1369=DIRECTION('',(0.,-0.00231587909444997,-0.999997318348414));
#1370=DIRECTION('',(0.,0.864865141858816,-0.502004269302095));
#1371=DIRECTION('',(0.,0.867181020953266,0.49799304904632));
#1372=DIRECTION('',(0.,0.00231587909445068,0.999997318348414));
#1373=DIRECTION('',(0.,-0.864865141858816,0.502004269302095));
#1374=DIRECTION('center_axis',(1.,0.,0.));
#1375=DIRECTION('ref_axis',(0.,8.83959820407954E-14,1.));
#1376=DIRECTION('center_axis',(0.,0.502004269302095,0.864865141858816));
#1377=DIRECTION('ref_axis',(0.,-0.864865141858816,0.502004269302095));
#1378=DIRECTION('',(0.,0.864865141858816,-0.502004269302095));
#1379=DIRECTION('',(1.,0.,0.));
#1380=DIRECTION('',(1.,0.,0.));
#1381=DIRECTION('center_axis',(0.,0.999997318348414,-0.00231587909445068));
#1382=DIRECTION('ref_axis',(0.,0.00231587909445068,0.999997318348414));
#1383=DIRECTION('',(0.,-0.00231587909445068,-0.999997318348414));
#1384=DIRECTION('',(1.,0.,0.));
#1385=DIRECTION('center_axis',(0.,0.49799304904632,-0.867181020953266));
#1386=DIRECTION('ref_axis',(0.,0.867181020953266,0.49799304904632));
#1387=DIRECTION('',(0.,-0.867181020953266,-0.49799304904632));
#1388=DIRECTION('',(1.,0.,0.));
#1389=DIRECTION('center_axis',(0.,-0.502004269302095,-0.864865141858816));
#1390=DIRECTION('ref_axis',(0.,0.864865141858816,-0.502004269302095));
#1391=DIRECTION('',(0.,-0.864865141858816,0.502004269302095));
#1392=DIRECTION('',(1.,0.,0.));
#1393=DIRECTION('center_axis',(0.,-0.999997318348414,0.00231587909444997));
#1394=DIRECTION('ref_axis',(0.,-0.00231587909444997,-0.999997318348414));
#1395=DIRECTION('',(0.,0.00231587909444997,0.999997318348414));
#1396=DIRECTION('',(1.,0.,0.));
#1397=DIRECTION('center_axis',(0.,-0.49799304904632,0.867181020953267));
#1398=DIRECTION('ref_axis',(0.,-0.867181020953267,-0.49799304904632));
#1399=DIRECTION('',(0.,0.867181020953267,0.49799304904632));
#1400=DIRECTION('center_axis',(1.,-1.92352938910244E-29,1.70033342203178E-42));
#1401=DIRECTION('ref_axis',(0.,8.83959820407954E-14,1.));
#1402=DIRECTION('center_axis',(-1.,0.,-2.26576127474522E-16));
#1403=DIRECTION('ref_axis',(-2.26576127474522E-16,0.,1.));
#1404=DIRECTION('center_axis',(1.,0.,2.17603712826531E-16));
#1405=DIRECTION('ref_axis',(-2.26576127474522E-16,0.,1.));
#1406=DIRECTION('center_axis',(1.,0.,2.26576127474522E-16));
#1407=DIRECTION('ref_axis',(-2.26576127474522E-16,0.,1.));
#1408=DIRECTION('center_axis',(1.,0.,2.26576127474522E-16));
#1409=DIRECTION('ref_axis',(2.26576127474522E-16,0.,-1.));
#1410=CARTESIAN_POINT('',(0.,0.,0.));
#1411=CARTESIAN_POINT('Origin',(-112.999999552965,84.7807492699152,32.3436660715062));
#1412=CARTESIAN_POINT('',(-125.947821289262,84.7818091530635,17.750177912614));
#1413=CARTESIAN_POINT('',(-126.302177816668,84.7788497699027,17.7469086939949));
#1414=CARTESIAN_POINT('',(-112.999999552965,84.7807492699152,17.7463210715062));
#1415=CARTESIAN_POINT('',(-127.999999552965,97.9580924961346,26.0538527217024));
#1416=CARTESIAN_POINT('Ctrl Pts',(-125.947821289262,84.7818091530635,17.750177912614));
#1417=CARTESIAN_POINT('Ctrl Pts',(-126.002180335827,82.7862052870588,17.752936688419));
#1418=CARTESIAN_POINT('Ctrl Pts',(-126.056539382392,80.7895283306862,18.1571302630572));
#1419=CARTESIAN_POINT('Ctrl Pts',(-126.110898428958,78.962169374978,18.9510476884271));
#1420=CARTESIAN_POINT('Ctrl Pts',(-126.201413847768,75.9193610175171,20.2730312918693));
#1421=CARTESIAN_POINT('Ctrl Pts',(-126.291929266577,73.3460191524552,22.6755986990964));
#1422=CARTESIAN_POINT('Ctrl Pts',(-126.382444685387,71.8185434545642,25.620614101343));
#1423=CARTESIAN_POINT('Ctrl Pts',(-126.472960104197,70.2910677566732,28.5656295035895));
#1424=CARTESIAN_POINT('Ctrl Pts',(-126.563475523007,69.8094582259533,32.0530929008555));
#1425=CARTESIAN_POINT('Ctrl Pts',(-126.653990941817,70.4815572881745,35.3018757983356));
#1426=CARTESIAN_POINT('Ctrl Pts',(-126.744506360627,71.1536563503957,38.5506586958156));
#1427=CARTESIAN_POINT('Ctrl Pts',(-126.835021779437,72.9794640055578,41.5607610935098));
#1428=CARTESIAN_POINT('Ctrl Pts',(-126.925537198247,75.5500894887088,43.6579644517457));
#1429=CARTESIAN_POINT('Ctrl Pts',(-127.016052617057,78.1207149718599,45.7551678099815));
#1430=CARTESIAN_POINT('Ctrl Pts',(-127.106568035867,81.4361582829999,46.9394721287588));
#1431=CARTESIAN_POINT('Ctrl Pts',(-127.197083454677,84.7537007135139,46.9456275615392));
#1432=CARTESIAN_POINT('Ctrl Pts',(-127.287598873487,88.0712431440281,46.9517829943195));
#1433=CARTESIAN_POINT('Ctrl Pts',(-127.378114292297,91.3908846939163,45.7797895411027));
#1434=CARTESIAN_POINT('Ctrl Pts',(-127.468629711107,93.9693115752146,43.6921259739083));
#1435=CARTESIAN_POINT('Ctrl Pts',(-127.559145129917,96.5477384565127,41.604462406714));
#1436=CARTESIAN_POINT('Ctrl Pts',(-127.649660548727,98.384950669221,38.6011287255421));
#1437=CARTESIAN_POINT('Ctrl Pts',(-127.740175967537,99.0689919658155,35.3548748283126));
#1438=CARTESIAN_POINT('Ctrl Pts',(-127.826783829346,99.7235031514932,32.2487619402975));
#1439=CARTESIAN_POINT('Ctrl Pts',(-127.913391691156,99.3222592475578,28.9202498824029));
#1440=CARTESIAN_POINT('Ctrl Pts',(-127.999999552965,97.9580924961346,26.0538527217024));
#1441=CARTESIAN_POINT('',(-127.999999552965,97.9545983317185,38.6311283533693));
#1442=CARTESIAN_POINT('Origin',(-127.999999552965,84.7807492699152,32.3436660715062));
#1443=CARTESIAN_POINT('Ctrl Pts',(-127.999999552965,97.9545983317185,38.6311283533692));
#1444=CARTESIAN_POINT('Ctrl Pts',(-127.909484134155,96.5242631611268,41.6280480644455));
#1445=CARTESIAN_POINT('Ctrl Pts',(-127.818968715345,94.0366026545673,44.1137097162158));
#1446=CARTESIAN_POINT('Ctrl Pts',(-127.728453296535,91.0407189719123,45.5356656730737));
#1447=CARTESIAN_POINT('Ctrl Pts',(-127.637937877725,88.0448352892573,46.9576216299316));
#1448=CARTESIAN_POINT('Ctrl Pts',(-127.547422458915,84.5407284305069,47.3158718918771));
#1449=CARTESIAN_POINT('Ctrl Pts',(-127.456907040105,81.3173442108703,46.5291974109451));
#1450=CARTESIAN_POINT('Ctrl Pts',(-127.366391621295,78.0939599912339,45.7425229300132));
#1451=CARTESIAN_POINT('Ctrl Pts',(-127.275876202485,75.1512984107114,43.8109237062038));
#1452=CARTESIAN_POINT('Ctrl Pts',(-127.185360783676,73.1467056322743,41.1675549558895));
#1453=CARTESIAN_POINT('Ctrl Pts',(-127.094845364866,71.1421128538371,38.5241862055751));
#1454=CARTESIAN_POINT('Ctrl Pts',(-127.004329946056,70.0755888774853,35.1690479287558));
#1455=CARTESIAN_POINT('Ctrl Pts',(-126.913814527246,70.1868849255009,31.8533745086154));
#1456=CARTESIAN_POINT('Ctrl Pts',(-126.823299108436,70.2981809735165,28.5377010884751));
#1457=CARTESIAN_POINT('Ctrl Pts',(-126.732783689626,71.5872970458996,25.2614925250136));
#1458=CARTESIAN_POINT('Ctrl Pts',(-126.642268270816,73.7650548397029,22.7586950156424));
#1459=CARTESIAN_POINT('Ctrl Pts',(-126.551752852006,75.942812633506,20.2558975062712));
#1460=CARTESIAN_POINT('Ctrl Pts',(-126.461237433196,79.0092121487294,18.5265110509901));
#1461=CARTESIAN_POINT('Ctrl Pts',(-126.370722014386,82.2776546553549,17.9578218489344));
#1462=CARTESIAN_POINT('Ctrl Pts',(-126.34787394848,83.1026808308157,17.814272290866));
#1463=CARTESIAN_POINT('Ctrl Pts',(-126.325025882574,83.9405805331872,17.7446786132799));
#1464=CARTESIAN_POINT('Ctrl Pts',(-126.302177816668,84.7788497699027,17.7469086939949));
#1465=CARTESIAN_POINT('Origin',(-112.999999552965,84.7807492699152,32.3436660715062));
#1466=CARTESIAN_POINT('',(-123.447821289787,84.7825346765335,17.7452132714606));
#1467=CARTESIAN_POINT('',(-123.802177816668,84.7802952085059,17.7507975211557));
#1468=CARTESIAN_POINT('',(-112.999999552965,84.7807492699152,17.7463210715062));
#1469=CARTESIAN_POINT('Ctrl Pts',(-123.447821289787,84.7825346765335,17.7452132714606));
#1470=CARTESIAN_POINT('Ctrl Pts',(-123.520874900221,82.1031466221812,17.7524797446333));
#1471=CARTESIAN_POINT('Ctrl Pts',(-123.593928510655,79.4199328836342,18.4999268282431));
#1472=CARTESIAN_POINT('Ctrl Pts',(-123.666982121089,77.1383792956958,19.9013072987079));
#1473=CARTESIAN_POINT('Ctrl Pts',(-123.757497539899,74.311472078892,21.6376559807586));
#1474=CARTESIAN_POINT('Ctrl Pts',(-123.848012958709,72.1011889817589,24.377915801073));
#1475=CARTESIAN_POINT('Ctrl Pts',(-123.938528377519,71.0025960483295,27.508315914028));
#1476=CARTESIAN_POINT('Ctrl Pts',(-124.029043796329,69.9040031149001,30.6387160269831));
#1477=CARTESIAN_POINT('Ctrl Pts',(-124.119559215138,69.9171003451745,34.1592564325787));
#1478=CARTESIAN_POINT('Ctrl Pts',(-124.210074633948,71.0389539984323,37.2813961046014));
#1479=CARTESIAN_POINT('Ctrl Pts',(-124.300590052758,72.1608076516902,40.4035357766242));
#1480=CARTESIAN_POINT('Ctrl Pts',(-124.391105471568,74.3914177279316,43.1272747150741));
#1481=CARTESIAN_POINT('Ctrl Pts',(-124.481620890378,77.231165747158,44.8425421490627));
#1482=CARTESIAN_POINT('Ctrl Pts',(-124.572136309188,80.0709137663843,46.5578095830513));
#1483=CARTESIAN_POINT('Ctrl Pts',(-124.662651727998,83.5197997285956,47.2646055125786));
#1484=CARTESIAN_POINT('Ctrl Pts',(-124.753167146808,86.8053324036788,46.8046196578856));
#1485=CARTESIAN_POINT('Ctrl Pts',(-124.843682565618,90.090865078762,46.3446338031927));
#1486=CARTESIAN_POINT('Ctrl Pts',(-124.934197984428,93.2130444667171,44.7178661642795));
#1487=CARTESIAN_POINT('Ctrl Pts',(-125.024713403238,95.4725553502851,42.2886849387432));
#1488=CARTESIAN_POINT('Ctrl Pts',(-125.115228822048,97.732066233853,39.859503713207));
#1489=CARTESIAN_POINT('Ctrl Pts',(-125.205744240858,99.1289086130339,36.6279089010478));
#1490=CARTESIAN_POINT('Ctrl Pts',(-125.296259659668,99.3502146885136,33.3177222907128));
#1491=CARTESIAN_POINT('Ctrl Pts',(-125.386775078478,99.5715207639933,30.0075356803777));
#1492=CARTESIAN_POINT('Ctrl Pts',(-125.477290497288,98.6172905357718,26.6187572718669));
#1493=CARTESIAN_POINT('Ctrl Pts',(-125.567805916098,96.7012532757624,23.9104156713305));
#1494=CARTESIAN_POINT('Ctrl Pts',(-125.658321334908,94.785216015753,21.2020740707943));
#1495=CARTESIAN_POINT('Ctrl Pts',(-125.748836753718,91.9073717239557,19.1741692782324));
#1496=CARTESIAN_POINT('Ctrl Pts',(-125.839352172528,88.7123121531271,18.2809167817801));
#1497=CARTESIAN_POINT('Ctrl Pts',(-125.875508544773,87.436046024041,17.9241071885092));
#1498=CARTESIAN_POINT('Ctrl Pts',(-125.911664917017,86.1091649621091,17.7483429406775));
#1499=CARTESIAN_POINT('Ctrl Pts',(-125.947821289262,84.7818091530635,17.750177912614));
#1500=CARTESIAN_POINT('Ctrl Pts',(-126.302177816668,84.7788497699027,17.7469086939949));
#1501=CARTESIAN_POINT('Ctrl Pts',(-126.234510463764,87.26148705321,17.7535133518846));
#1502=CARTESIAN_POINT('Ctrl Pts',(-126.16684311086,89.7473655997051,18.3900992484253));
#1503=CARTESIAN_POINT('Ctrl Pts',(-126.099175757956,91.9116690151628,19.6012802151413));
#1504=CARTESIAN_POINT('Ctrl Pts',(-126.008660339146,94.8067553703173,21.2214197322344));
#1505=CARTESIAN_POINT('Ctrl Pts',(-125.918144920336,97.1264425825986,23.8696907152508));
#1506=CARTESIAN_POINT('Ctrl Pts',(-125.827629501526,98.3512176563657,26.9529085975877));
#1507=CARTESIAN_POINT('Ctrl Pts',(-125.737114082716,99.5759927301328,30.0361264799246));
#1508=CARTESIAN_POINT('Ctrl Pts',(-125.646598663906,99.7058556653856,33.5542912615822));
#1509=CARTESIAN_POINT('Ctrl Pts',(-125.556083245096,98.7116903420116,36.7194029766219));
#1510=CARTESIAN_POINT('Ctrl Pts',(-125.465567826286,97.7175250186376,39.8845146916616));
#1511=CARTESIAN_POINT('Ctrl Pts',(-125.375052407476,95.5993314366369,42.6965733400835));
#1512=CARTESIAN_POINT('Ctrl Pts',(-125.284536988666,92.8315634416151,44.5257214877749));
#1513=CARTESIAN_POINT('Ctrl Pts',(-125.194021569856,90.0637954465936,46.3548696354663));
#1514=CARTESIAN_POINT('Ctrl Pts',(-125.103506151047,86.646453038551,47.2011072824271));
#1515=CARTESIAN_POINT('Ctrl Pts',(-125.012990732237,83.3449549461447,46.8748939292996));
#1516=CARTESIAN_POINT('Ctrl Pts',(-124.922475313427,80.0434568537382,46.5486805761721));
#1517=CARTESIAN_POINT('Ctrl Pts',(-124.831959894617,76.8578030769678,45.0500162229563));
#1518=CARTESIAN_POINT('Ctrl Pts',(-124.741444475807,74.5015293260587,42.7145748893071));
#1519=CARTESIAN_POINT('Ctrl Pts',(-124.650929056997,72.1452555751498,40.3791335556579));
#1520=CARTESIAN_POINT('Ctrl Pts',(-124.560413638187,70.6183618501021,37.2069152415755));
#1521=CARTESIAN_POINT('Ctrl Pts',(-124.469898219377,70.2628442936752,33.9084431373602));
#1522=CARTESIAN_POINT('Ctrl Pts',(-124.379382800567,69.9073267372482,30.609971033145));
#1523=CARTESIAN_POINT('Ctrl Pts',(-124.288867381757,70.7231853494421,27.185245138797));
#1524=CARTESIAN_POINT('Ctrl Pts',(-124.198351962947,72.5276827239371,24.4013451295638));
#1525=CARTESIAN_POINT('Ctrl Pts',(-124.107836544137,74.3321800984321,21.6174451203305));
#1526=CARTESIAN_POINT('Ctrl Pts',(-124.017321125327,77.1253162352282,19.474370996212));
#1527=CARTESIAN_POINT('Ctrl Pts',(-123.926805706517,80.2814759904356,18.4521348524352));
#1528=CARTESIAN_POINT('Ctrl Pts',(-123.885263076568,81.7300156812007,17.9829730411067));
#1529=CARTESIAN_POINT('Ctrl Pts',(-123.843720446618,83.2550230186698,17.7499056279009));
#1530=CARTESIAN_POINT('Ctrl Pts',(-123.802177816668,84.7802952085059,17.7507975211557));
#1531=CARTESIAN_POINT('Origin',(-112.999999552965,84.7807492699152,32.3436660715062));
#1532=CARTESIAN_POINT('',(-120.947821289262,84.7806823972474,17.741796823003));
#1533=CARTESIAN_POINT('',(-121.302177816668,84.7823071437766,17.7489734410705));
#1534=CARTESIAN_POINT('',(-112.999999552965,84.7807492699152,17.7463210715062));
#1535=CARTESIAN_POINT('Ctrl Pts',(-120.947821289262,84.7806823972474,17.741796823003));
#1536=CARTESIAN_POINT('Ctrl Pts',(-120.949054045105,84.7355007067036,17.7417818051932));
#1537=CARTESIAN_POINT('Ctrl Pts',(-120.950286800947,84.6903191060934,17.7419846079283));
#1538=CARTESIAN_POINT('Ctrl Pts',(-120.95151955679,84.6451394762275,17.7424058781437));
#1539=CARTESIAN_POINT('Ctrl Pts',(-121.0420349756,81.3278133865368,17.7733377534236));
#1540=CARTESIAN_POINT('Ctrl Pts',(-121.13255039441,78.0211121090938,18.9820865542873));
#1541=CARTESIAN_POINT('Ctrl Pts',(-121.22306581322,75.4661218502207,21.0983111067929));
#1542=CARTESIAN_POINT('Ctrl Pts',(-121.31358123203,72.9111315913477,23.2145356592984));
#1543=CARTESIAN_POINT('Ctrl Pts',(-121.40409665084,71.1078523510444,26.2382359634456));
#1544=CARTESIAN_POINT('Ctrl Pts',(-121.49461206965,70.4599640034199,29.4919533836962));
#1545=CARTESIAN_POINT('Ctrl Pts',(-121.58512748846,69.8120756557953,32.7456708039468));
#1546=CARTESIAN_POINT('Ctrl Pts',(-121.67564290727,70.3195782008493,36.2294053403007));
#1547=CARTESIAN_POINT('Ctrl Pts',(-121.76615832608,71.868913229202,39.1629622538731));
#1548=CARTESIAN_POINT('Ctrl Pts',(-121.85667374489,73.4182482575547,42.0965191674454));
#1549=CARTESIAN_POINT('Ctrl Pts',(-121.9471891637,76.009415769206,44.4798984582362));
#1550=CARTESIAN_POINT('Ctrl Pts',(-122.03770458251,79.0619810542702,45.7792121543897));
#1551=CARTESIAN_POINT('Ctrl Pts',(-122.128220001319,82.1145463393345,47.0785258505431));
#1552=CARTESIAN_POINT('Ctrl Pts',(-122.218735420129,85.6285093978117,47.2937739520594));
#1553=CARTESIAN_POINT('Ctrl Pts',(-122.309250838939,88.8168318273364,46.3767708379703));
#1554=CARTESIAN_POINT('Ctrl Pts',(-122.399766257749,92.0051542568611,45.4597677238812));
#1555=CARTESIAN_POINT('Ctrl Pts',(-122.490281676559,94.8678360574333,43.4105133941868));
#1556=CARTESIAN_POINT('Ctrl Pts',(-122.580797095369,96.7636707108254,40.687992422005));
#1557=CARTESIAN_POINT('Ctrl Pts',(-122.671312514179,98.6595053642175,37.9654714498232));
#1558=CARTESIAN_POINT('Ctrl Pts',(-122.761827932989,99.5884928704296,34.5696838351541));
#1559=CARTESIAN_POINT('Ctrl Pts',(-122.852343351799,99.342563429009,31.2612346348067));
#1560=CARTESIAN_POINT('Ctrl Pts',(-122.942858770609,99.0966339875883,27.9527854344593));
#1561=CARTESIAN_POINT('Ctrl Pts',(-123.033374189419,97.675787598535,24.7316746484336));
#1562=CARTESIAN_POINT('Ctrl Pts',(-123.123889608229,95.3982657333361,22.3193725332));
#1563=CARTESIAN_POINT('Ctrl Pts',(-123.214405027039,93.1207438681373,19.9070704179664));
#1564=CARTESIAN_POINT('Ctrl Pts',(-123.304920445849,89.9865465267931,18.3035769735248));
#1565=CARTESIAN_POINT('Ctrl Pts',(-123.395435864659,86.6976821878837,17.8680490231975));
#1566=CARTESIAN_POINT('Ctrl Pts',(-123.412897673035,86.063209966295,17.7840290218435));
#1567=CARTESIAN_POINT('Ctrl Pts',(-123.430359481411,85.4229816098446,17.7434763858864));
#1568=CARTESIAN_POINT('Ctrl Pts',(-123.447821289787,84.7825346765335,17.7452132714606));
#1569=CARTESIAN_POINT('Ctrl Pts',(-123.802177816668,84.7802952085059,17.7507975211557));
#1570=CARTESIAN_POINT('Ctrl Pts',(-123.753205027808,86.5783718588764,17.7518489350913));
#1571=CARTESIAN_POINT('Ctrl Pts',(-123.704232238948,88.3768165751251,18.078034077451));
#1572=CARTESIAN_POINT('Ctrl Pts',(-123.655259450087,90.0507894476315,18.7258551152161));
#1573=CARTESIAN_POINT('Ctrl Pts',(-123.564744031277,93.1447597760016,19.9232096852088));
#1574=CARTESIAN_POINT('Ctrl Pts',(-123.474228612467,95.8135170591234,22.2193169886292));
#1575=CARTESIAN_POINT('Ctrl Pts',(-123.383713193657,97.4593053664593,25.0998884228447));
#1576=CARTESIAN_POINT('Ctrl Pts',(-123.293197774847,99.1050936737953,27.9804598570603));
#1577=CARTESIAN_POINT('Ctrl Pts',(-123.202682356038,99.7279130053454,31.4454954220709));
#1578=CARTESIAN_POINT('Ctrl Pts',(-123.112166937228,99.1882622624264,34.7188862561138));
#1579=CARTESIAN_POINT('Ctrl Pts',(-123.021651518418,98.6486115195073,37.9922770901568));
#1580=CARTESIAN_POINT('Ctrl Pts',(-122.931136099607,96.9464907021189,41.0740231932319));
#1581=CARTESIAN_POINT('Ctrl Pts',(-122.840620680797,94.4631462849643,43.2738665607457));
#1582=CARTESIAN_POINT('Ctrl Pts',(-122.750105261988,91.9798018678097,45.4737099282596));
#1583=CARTESIAN_POINT('Ctrl Pts',(-122.659589843178,88.7152338508889,46.7916505602121));
#1584=CARTESIAN_POINT('Ctrl Pts',(-122.569074424368,85.4006484684821,46.9324915910156));
#1585=CARTESIAN_POINT('Ctrl Pts',(-122.478559005558,82.0860630860752,47.073332621819));
#1586=CARTESIAN_POINT('Ctrl Pts',(-122.388043586748,78.7214603381823,46.0370740514733));
#1587=CARTESIAN_POINT('Ctrl Pts',(-122.297528167938,76.0604558890925,44.0558214789805));
#1588=CARTESIAN_POINT('Ctrl Pts',(-122.207012749128,73.3994514400028,42.0745689064877));
#1589=CARTESIAN_POINT('Ctrl Pts',(-122.116497330318,71.4420452897161,39.1483223318477));
#1590=CARTESIAN_POINT('Ctrl Pts',(-122.025981911508,70.6266584881943,35.9325081137829));
#1591=CARTESIAN_POINT('Ctrl Pts',(-121.935466492698,69.8112716866724,32.7166938957179));
#1592=CARTESIAN_POINT('Ctrl Pts',(-121.844951073888,70.1379042339153,29.2113120342282));
#1593=CARTESIAN_POINT('Ctrl Pts',(-121.754435655078,71.53340475368,26.2015135567042));
#1594=CARTESIAN_POINT('Ctrl Pts',(-121.663920236268,72.9289052734447,23.1917150791802));
#1595=CARTESIAN_POINT('Ctrl Pts',(-121.573404817458,75.3932737657312,20.6774999856221));
#1596=CARTESIAN_POINT('Ctrl Pts',(-121.482889398648,78.3745166765254,19.2219986053906));
#1597=CARTESIAN_POINT('Ctrl Pts',(-121.422652204655,80.3585069173019,18.253375577941));
#1598=CARTESIAN_POINT('Ctrl Pts',(-121.362415010662,82.5714095872593,17.753633809162));
#1599=CARTESIAN_POINT('Ctrl Pts',(-121.302177816668,84.7823071437766,17.7489734410705));
#1600=CARTESIAN_POINT('Origin',(-112.999999552965,84.7807492699152,32.3436660715062));
#1601=CARTESIAN_POINT('',(-118.447821289262,84.7802125645976,17.7431569589138));
#1602=CARTESIAN_POINT('',(-118.802177816668,84.7794911734108,17.7442716482529));
#1603=CARTESIAN_POINT('',(-112.999999552965,84.7807492699152,17.7463210715062));
#1604=CARTESIAN_POINT('Ctrl Pts',(-118.447821289262,84.7802125645976,17.7431569589138));
#1605=CARTESIAN_POINT('Ctrl Pts',(-118.528092221688,81.8378177263406,17.7439313812049));
#1606=CARTESIAN_POINT('Ctrl Pts',(-118.608363154115,78.8974124356171,18.6646148755771));
#1607=CARTESIAN_POINT('Ctrl Pts',(-118.688634086541,76.4746327511082,20.3376438082267));
#1608=CARTESIAN_POINT('Ctrl Pts',(-118.742272853243,74.8556791605607,21.4555977909687));
#1609=CARTESIAN_POINT('Ctrl Pts',(-118.795911619945,73.4678557747625,22.9094890865165));
#1610=CARTESIAN_POINT('Ctrl Pts',(-118.849550386648,72.4214604669544,24.5759352661546));
#1611=CARTESIAN_POINT('Ctrl Pts',(-118.90318915335,71.3750651591463,26.2423814457926));
#1612=CARTESIAN_POINT('Ctrl Pts',(-118.956827920052,70.6700979293282,28.1213825095209));
#1613=CARTESIAN_POINT('Ctrl Pts',(-119.010466686754,70.3621460181303,30.0648893869938));
#1614=CARTESIAN_POINT('Ctrl Pts',(-119.064105453457,70.0541941069323,32.0083962644669));
#1615=CARTESIAN_POINT('Ctrl Pts',(-119.117744220159,70.1432575143545,34.0164089556845));
#1616=CARTESIAN_POINT('Ctrl Pts',(-119.171382986861,70.6272632565197,35.9233808364445));
#1617=CARTESIAN_POINT('Ctrl Pts',(-119.251841136914,71.3532718697675,38.7838386575842));
#1618=CARTESIAN_POINT('Ctrl Pts',(-119.332299286967,72.9679007361869,41.416954655194));
#1619=CARTESIAN_POINT('Ctrl Pts',(-119.412757437021,75.1918700338739,43.3542032215781));
#1620=CARTESIAN_POINT('Ctrl Pts',(-119.493215587074,77.4158393315609,45.291451787962));
#1621=CARTESIAN_POINT('Ctrl Pts',(-119.573673737127,80.2491490605156,46.5328329231204));
#1622=CARTESIAN_POINT('Ctrl Pts',(-119.654131887181,83.1815160982446,46.8560576476341));
#1623=CARTESIAN_POINT('Ctrl Pts',(-119.734590037234,86.1138831359737,47.1792823721478));
#1624=CARTESIAN_POINT('Ctrl Pts',(-119.815048187287,89.1453074824772,46.584350686017));
#1625=CARTESIAN_POINT('Ctrl Pts',(-119.895506337341,91.7390952529543,45.1783844542321));
#1626=CARTESIAN_POINT('Ctrl Pts',(-119.975964487394,94.3328830234314,43.7724182224472));
#1627=CARTESIAN_POINT('Ctrl Pts',(-120.056422637447,96.489034217882,41.5554174450082));
#1628=CARTESIAN_POINT('Ctrl Pts',(-120.1368807875,97.816457779541,38.9214327859945));
#1629=CARTESIAN_POINT('Ctrl Pts',(-120.22739620631,99.3098092864074,35.958200044604));
#1630=CARTESIAN_POINT('Ctrl Pts',(-120.31791162512,99.754302383022,32.4672220780955));
#1631=CARTESIAN_POINT('Ctrl Pts',(-120.40842704393,99.0464775796889,29.226566426822));
#1632=CARTESIAN_POINT('Ctrl Pts',(-120.49894246274,98.3386527763558,25.9859107755486));
#1633=CARTESIAN_POINT('Ctrl Pts',(-120.58945788155,96.4785100730751,22.9955774395101));
#1634=CARTESIAN_POINT('Ctrl Pts',(-120.67997330036,93.8844632704657,20.9269682463389));
#1635=CARTESIAN_POINT('Ctrl Pts',(-120.769255963328,91.3257455465262,18.8865320440519));
#1636=CARTESIAN_POINT('Ctrl Pts',(-120.858538626295,88.0529781022037,17.7428844917897));
#1637=CARTESIAN_POINT('Ctrl Pts',(-120.947821289262,84.7806823972474,17.741796823003));
#1638=CARTESIAN_POINT('Ctrl Pts',(-121.302177816668,84.7823071437766,17.7489734410705));
#1639=CARTESIAN_POINT('Ctrl Pts',(-121.271899591852,85.8936147732483,17.7466309071069));
#1640=CARTESIAN_POINT('Ctrl Pts',(-121.241621367035,87.0044157967533,17.8693741595878));
#1641=CARTESIAN_POINT('Ctrl Pts',(-121.211343142218,88.0853841382855,18.1205305652757));
#1642=CARTESIAN_POINT('Ctrl Pts',(-121.120827723408,91.3168913599497,18.8713515722971));
#1643=CARTESIAN_POINT('Ctrl Pts',(-121.030312304598,94.281788473976,20.7697812532449));
#1644=CARTESIAN_POINT('Ctrl Pts',(-120.939796885788,96.3159225130709,23.3905618531365));
#1645=CARTESIAN_POINT('Ctrl Pts',(-120.849281466979,98.3500565521658,26.011342453028));
#1646=CARTESIAN_POINT('Ctrl Pts',(-120.758766048169,99.4534275163291,29.3544739718631));
#1647=CARTESIAN_POINT('Ctrl Pts',(-120.668250629359,99.3790307539027,32.6712349372826));
#1648=CARTESIAN_POINT('Ctrl Pts',(-120.577735210549,99.3046339914763,35.9879959027022));
#1649=CARTESIAN_POINT('Ctrl Pts',(-120.487219791739,98.0524695024602,39.2783863147059));
#1650=CARTESIAN_POINT('Ctrl Pts',(-120.396704372929,95.9027414261627,41.8052519175339));
#1651=CARTESIAN_POINT('Ctrl Pts',(-120.306188954119,93.7530133498653,44.3321175203618));
#1652=CARTESIAN_POINT('Ctrl Pts',(-120.215673535309,90.7057216862865,46.095458314014));
#1653=CARTESIAN_POINT('Ctrl Pts',(-120.125158116499,87.4439189393285,46.7006379708389));
#1654=CARTESIAN_POINT('Ctrl Pts',(-120.034642697689,84.1821161923705,47.3058176276639));
#1655=CARTESIAN_POINT('Ctrl Pts',(-119.944127278879,80.7058023620331,46.7528361476617));
#1656=CARTESIAN_POINT('Ctrl Pts',(-119.853611860069,77.7925997157222,45.1649132268521));
#1657=CARTESIAN_POINT('Ctrl Pts',(-119.763096441259,74.8793970694113,43.5769903060424));
#1658=CARTESIAN_POINT('Ctrl Pts',(-119.672581022449,72.5293056071269,40.9541259444254));
#1659=CARTESIAN_POINT('Ctrl Pts',(-119.582065603639,71.2707589059841,37.8851075921827));
#1660=CARTESIAN_POINT('Ctrl Pts',(-119.491550184829,70.0122122048413,34.8160892399398));
#1661=CARTESIAN_POINT('Ctrl Pts',(-119.401034766019,69.8452102648401,31.3009168970713));
#1662=CARTESIAN_POINT('Ctrl Pts',(-119.310519347209,70.8025974947876,28.1237617475562));
#1663=CARTESIAN_POINT('Ctrl Pts',(-119.230061197156,71.653608365852,25.2996238368763));
#1664=CARTESIAN_POINT('Ctrl Pts',(-119.149603047103,73.3930254946535,22.7425612394633));
#1665=CARTESIAN_POINT('Ctrl Pts',(-119.069144897049,75.7040366591312,20.9085135438489));
#1666=CARTESIAN_POINT('Ctrl Pts',(-118.988686746996,78.0150478236089,19.0744658482343));
#1667=CARTESIAN_POINT('Ctrl Pts',(-118.908228596943,80.8976530237627,17.9634330544184));
#1668=CARTESIAN_POINT('Ctrl Pts',(-118.82777044689,83.8416279393255,17.7737045917902));
#1669=CARTESIAN_POINT('Ctrl Pts',(-118.819239570149,84.1537739073216,17.7535879208531));
#1670=CARTESIAN_POINT('Ctrl Pts',(-118.810708693409,84.4666097994847,17.7438286406742));
#1671=CARTESIAN_POINT('Ctrl Pts',(-118.802177816668,84.7794911734108,17.7442716482529));
#1672=CARTESIAN_POINT('Origin',(-112.999999552965,84.7807492699152,32.3436660715062));
#1673=CARTESIAN_POINT('',(-115.947821288159,84.7805201787236,17.7461290807271));
#1674=CARTESIAN_POINT('',(-116.302177818027,84.780378424516,17.7463574823237));
#1675=CARTESIAN_POINT('',(-112.999999552965,84.7807492699152,17.7463210715062));
#1676=CARTESIAN_POINT('Ctrl Pts',(-115.947821288159,84.7805201787236,17.7461290807271));
#1677=CARTESIAN_POINT('Ctrl Pts',(-115.956271366187,84.4704965575571,17.746067918654));
#1678=CARTESIAN_POINT('Ctrl Pts',(-115.964721444215,84.1604919147613,17.7559086559117));
#1679=CARTESIAN_POINT('Ctrl Pts',(-115.973171522242,83.8511386627172,17.775738200058));
#1680=CARTESIAN_POINT('Ctrl Pts',(-116.033515134782,81.6419883190317,17.9173447420172));
#1681=CARTESIAN_POINT('Ctrl Pts',(-116.093858747322,79.4660566852594,18.5683464166706));
#1682=CARTESIAN_POINT('Ctrl Pts',(-116.154202359862,77.5438563026906,19.6652835789634));
#1683=CARTESIAN_POINT('Ctrl Pts',(-116.214545972402,75.6216559201218,20.7622207412562));
#1684=CARTESIAN_POINT('Ctrl Pts',(-116.274889584942,73.9531867887565,22.3050933911884));
#1685=CARTESIAN_POINT('Ctrl Pts',(-116.335233197482,72.7086186542639,24.1357037944837));
#1686=CARTESIAN_POINT('Ctrl Pts',(-116.395576810022,71.4640505197713,25.966314197779));
#1687=CARTESIAN_POINT('Ctrl Pts',(-116.455920422562,70.6433833821513,28.0846623544374));
#1688=CARTESIAN_POINT('Ctrl Pts',(-116.516264035102,70.3298156409987,30.2756007313064));
#1689=CARTESIAN_POINT('Ctrl Pts',(-116.576607647642,70.0162478998461,32.4665391081752));
#1690=CARTESIAN_POINT('Ctrl Pts',(-116.636951260182,70.2097795551609,34.7300677052545));
#1691=CARTESIAN_POINT('Ctrl Pts',(-116.697294872722,70.8910169124014,36.8362678700594));
#1692=CARTESIAN_POINT('Ctrl Pts',(-116.757638485262,71.5722542696421,38.9424680348644));
#1693=CARTESIAN_POINT('Ctrl Pts',(-116.817982097802,72.7411973288086,40.891339767395));
#1694=CARTESIAN_POINT('Ctrl Pts',(-116.878325710342,74.2784730979362,42.4833853338317));
#1695=CARTESIAN_POINT('Ctrl Pts',(-116.938669322882,75.8157488670638,44.0754309002683));
#1696=CARTESIAN_POINT('Ctrl Pts',(-116.999012935422,77.7213573461525,45.3106503006111));
#1697=CARTESIAN_POINT('Ctrl Pts',(-117.059356547962,79.8023071945331,46.0661560342646));
#1698=CARTESIAN_POINT('Ctrl Pts',(-117.119700160502,81.8832570429138,46.8216617679182));
#1699=CARTESIAN_POINT('Ctrl Pts',(-117.180043773042,84.1395482605866,47.0974538348824));
#1700=CARTESIAN_POINT('Ctrl Pts',(-117.240387385582,86.3397197537613,46.859601475507));
#1701=CARTESIAN_POINT('Ctrl Pts',(-117.320845535635,89.2732817446607,46.5424649963398));
#1702=CARTESIAN_POINT('Ctrl Pts',(-117.401303685688,92.1070753364526,45.3121828703467));
#1703=CARTESIAN_POINT('Ctrl Pts',(-117.481761835742,94.3373761043642,43.3819023756186));
#1704=CARTESIAN_POINT('Ctrl Pts',(-117.562219985795,96.5676768722758,41.4516218808905));
#1705=CARTESIAN_POINT('Ctrl Pts',(-117.642678135848,98.1944848163071,38.8213430174274));
#1706=CARTESIAN_POINT('Ctrl Pts',(-117.723136285902,98.9258549788181,35.963134735528));
#1707=CARTESIAN_POINT('Ctrl Pts',(-117.803594435955,99.6572251413292,33.1049264536286));
#1708=CARTESIAN_POINT('Ctrl Pts',(-117.884052586008,99.49315752232,30.0187887532928));
#1709=CARTESIAN_POINT('Ctrl Pts',(-117.964510736061,98.4646376339145,27.2541012774751));
#1710=CARTESIAN_POINT('Ctrl Pts',(-118.044968886115,97.4361177455091,24.4894138016574));
#1711=CARTESIAN_POINT('Ctrl Pts',(-118.125427036168,95.5431455877074,22.0461765503578));
#1712=CARTESIAN_POINT('Ctrl Pts',(-118.205885186221,93.1216322421461,20.3604961737841));
#1713=CARTESIAN_POINT('Ctrl Pts',(-118.286343336275,90.7001188965849,18.6748157972103));
#1714=CARTESIAN_POINT('Ctrl Pts',(-118.366801486328,87.7500643632642,17.7466922953624));
#1715=CARTESIAN_POINT('Ctrl Pts',(-118.447259636381,84.8008004233503,17.7431665545883));
#1716=CARTESIAN_POINT('Ctrl Pts',(-118.447446854008,84.7939377973048,17.7431583505615));
#1717=CARTESIAN_POINT('Ctrl Pts',(-118.447634071635,84.7870751755399,17.7431551527119));
#1718=CARTESIAN_POINT('Ctrl Pts',(-118.447821289262,84.7802125645976,17.7431569589138));
#1719=CARTESIAN_POINT('Ctrl Pts',(-118.802177816668,84.7794911734108,17.7442716482529));
#1720=CARTESIAN_POINT('Ctrl Pts',(-118.730250543355,87.4175206259116,17.7480068243852));
#1721=CARTESIAN_POINT('Ctrl Pts',(-118.658323270042,90.0587833125143,18.477008184373));
#1722=CARTESIAN_POINT('Ctrl Pts',(-118.58639599673,92.3170155309518,19.8383106177202));
#1723=CARTESIAN_POINT('Ctrl Pts',(-118.505937846676,94.8430835760436,21.3610692377186));
#1724=CARTESIAN_POINT('Ctrl Pts',(-118.425479696623,96.8898750352553,23.6750106091558));
#1725=CARTESIAN_POINT('Ctrl Pts',(-118.34502154657,98.1001747145899,26.3661658197829));
#1726=CARTESIAN_POINT('Ctrl Pts',(-118.291382779868,98.9070411674796,28.1602692935344));
#1727=CARTESIAN_POINT('Ctrl Pts',(-118.237744013165,99.3421334959794,30.1220233624814));
#1728=CARTESIAN_POINT('Ctrl Pts',(-118.184105246463,99.3758444414366,32.0897849468818));
#1729=CARTESIAN_POINT('Ctrl Pts',(-118.130466479761,99.4095553868938,34.0575465312822));
#1730=CARTESIAN_POINT('Ctrl Pts',(-118.076827713059,99.0418849493085,36.031315631136));
#1731=CARTESIAN_POINT('Ctrl Pts',(-118.023188946357,98.2992811450309,37.8531875154933));
#1732=CARTESIAN_POINT('Ctrl Pts',(-117.996369563005,97.9279792428922,38.764123457672));
#1733=CARTESIAN_POINT('Ctrl Pts',(-117.969550179654,97.4629439990804,39.6370850959765));
#1734=CARTESIAN_POINT('Ctrl Pts',(-117.942730796303,96.9162908280708,40.4555373162913));
#1735=CARTESIAN_POINT('Ctrl Pts',(-117.915911412952,96.3696376570612,41.2739895366062));
#1736=CARTESIAN_POINT('Ctrl Pts',(-117.889092029601,95.7413665588538,42.0379323389315));
#1737=CARTESIAN_POINT('Ctrl Pts',(-117.86227264625,95.0413645109109,42.7289892067558));
#1738=CARTESIAN_POINT('Ctrl Pts',(-117.781814496197,92.9413583670821,44.8021598102287));
#1739=CARTESIAN_POINT('Ctrl Pts',(-117.701356346143,90.1957736756329,46.2193570031936));
#1740=CARTESIAN_POINT('Ctrl Pts',(-117.62089819609,87.2901761928759,46.726649151869));
#1741=CARTESIAN_POINT('Ctrl Pts',(-117.540440046037,84.384578710119,47.2339413005445));
#1742=CARTESIAN_POINT('Ctrl Pts',(-117.459981895984,81.3189684360543,46.8313284049305));
#1743=CARTESIAN_POINT('Ctrl Pts',(-117.37952374593,78.6421885825581,45.590758319177));
#1744=CARTESIAN_POINT('Ctrl Pts',(-117.299065595877,75.9654087290618,44.3501882334235));
#1745=CARTESIAN_POINT('Ctrl Pts',(-117.218607445824,73.6774592961338,42.2716609575303));
#1746=CARTESIAN_POINT('Ctrl Pts',(-117.13814929577,72.1854619099524,39.726919578548));
#1747=CARTESIAN_POINT('Ctrl Pts',(-117.057691145717,70.6934645237709,37.1821781995658));
#1748=CARTESIAN_POINT('Ctrl Pts',(-116.977232995664,69.9974191843359,34.1712227174946));
#1749=CARTESIAN_POINT('Ctrl Pts',(-116.89677484561,70.2225598872906,31.2295440735906));
#1750=CARTESIAN_POINT('Ctrl Pts',(-116.816316695557,70.4477005902453,28.2878654296866));
#1751=CARTESIAN_POINT('Ctrl Pts',(-116.735858545504,71.5940273355896,25.4154636239498));
#1752=CARTESIAN_POINT('Ctrl Pts',(-116.655400395451,73.456228355647,23.1279749678224));
#1753=CARTESIAN_POINT('Ctrl Pts',(-116.574942245397,75.3184293757045,20.8404863116949));
#1754=CARTESIAN_POINT('Ctrl Pts',(-116.494484095344,77.8965046704752,19.137910805177));
#1755=CARTESIAN_POINT('Ctrl Pts',(-116.414025945291,80.7306097863007,18.3173314645191));
#1756=CARTESIAN_POINT('Ctrl Pts',(-116.376743236203,82.04387782052,17.9370912921947));
#1757=CARTESIAN_POINT('Ctrl Pts',(-116.339460527115,83.412120874155,17.7462343571158));
#1758=CARTESIAN_POINT('Ctrl Pts',(-116.302177818027,84.780378424516,17.7463574823237));
#1759=CARTESIAN_POINT('Origin',(-112.999999552965,84.7807492699152,32.3436660715062));
#1760=CARTESIAN_POINT('',(-113.447821289262,84.7808285529278,17.7455208995877));
#1761=CARTESIAN_POINT('',(-113.802177816668,84.7806484118114,17.7471219476267));
#1762=CARTESIAN_POINT('',(-112.999999552965,84.7807492699152,17.7463210715062));
#1763=CARTESIAN_POINT('Ctrl Pts',(-113.447821289262,84.7808285529278,17.7455208995877));
#1764=CARTESIAN_POINT('Ctrl Pts',(-113.505137737236,82.6784158750043,17.746244955827));
#1765=CARTESIAN_POINT('Ctrl Pts',(-113.56245418521,80.5756954030653,18.2070035786054));
#1766=CARTESIAN_POINT('Ctrl Pts',(-113.619770633183,78.6665911756261,19.0875457063479));
#1767=CARTESIAN_POINT('Ctrl Pts',(-113.680114245723,76.6566577294419,20.0145936107454));
#1768=CARTESIAN_POINT('Ctrl Pts',(-113.740457858263,74.8613322636617,21.406937649979));
#1769=CARTESIAN_POINT('Ctrl Pts',(-113.800801470803,73.4632566152138,23.122928798756));
#1770=CARTESIAN_POINT('Ctrl Pts',(-113.861145083343,72.0651809667659,24.8389199475329));
#1771=CARTESIAN_POINT('Ctrl Pts',(-113.921488695883,71.0643551356502,26.8785582058532));
#1772=CARTESIAN_POINT('Ctrl Pts',(-113.981832308423,70.5625873566525,29.034361963718));
#1773=CARTESIAN_POINT('Ctrl Pts',(-114.042175920963,70.0608195776547,31.1901657215829));
#1774=CARTESIAN_POINT('Ctrl Pts',(-114.102519533503,70.0581098507749,33.4621349789924));
#1775=CARTESIAN_POINT('Ctrl Pts',(-114.162863146043,70.554746071557,35.6191188358757));
#1776=CARTESIAN_POINT('Ctrl Pts',(-114.223206758583,71.0513822923391,37.7761026927589));
#1777=CARTESIAN_POINT('Ctrl Pts',(-114.283550371123,72.0473644607831,39.818101149116));
#1778=CARTESIAN_POINT('Ctrl Pts',(-114.343893983663,73.4413461833674,41.5374278896353));
#1779=CARTESIAN_POINT('Ctrl Pts',(-114.404237596203,74.8353279059517,43.2567546301546));
#1780=CARTESIAN_POINT('Ctrl Pts',(-114.464581208743,76.6273091826764,44.6534096548362));
#1781=CARTESIAN_POINT('Ctrl Pts',(-114.524924821283,78.6350419598963,45.5852158861635));
#1782=CARTESIAN_POINT('Ctrl Pts',(-114.585268433823,80.6427747371162,46.5170221174908));
#1783=CARTESIAN_POINT('Ctrl Pts',(-114.645612046363,82.8662590148312,46.9839795554637));
#1784=CARTESIAN_POINT('Ctrl Pts',(-114.705955658903,85.079196629937,46.9387786438202));
#1785=CARTESIAN_POINT('Ctrl Pts',(-114.766299271443,87.2921342450426,46.8935777321767));
#1786=CARTESIAN_POINT('Ctrl Pts',(-114.826642883983,89.494525197539,46.3362184709169));
#1787=CARTESIAN_POINT('Ctrl Pts',(-114.886986496523,91.4625208402707,45.3229860624));
#1788=CARTESIAN_POINT('Ctrl Pts',(-114.947330109063,93.4305164830023,44.3097536538832));
#1789=CARTESIAN_POINT('Ctrl Pts',(-115.007673721603,95.1641168159694,42.8406480981094));
#1790=CARTESIAN_POINT('Ctrl Pts',(-115.068017334143,96.4866482317554,41.0660838316033));
#1791=CARTESIAN_POINT('Ctrl Pts',(-115.108246409169,97.3683358422794,39.8830409872659));
#1792=CARTESIAN_POINT('Ctrl Pts',(-115.148475484196,98.0673261562785,38.5642387159364));
#1793=CARTESIAN_POINT('Ctrl Pts',(-115.188704559223,98.5560531075093,37.1713029794244));
#1794=CARTESIAN_POINT('Ctrl Pts',(-115.228933634249,99.0447800587401,35.7783672429125));
#1795=CARTESIAN_POINT('Ctrl Pts',(-115.269162709276,99.3232436472025,34.3112980412181));
#1796=CARTESIAN_POINT('Ctrl Pts',(-115.309391784303,99.3720933772061,32.8366573292655));
#1797=CARTESIAN_POINT('Ctrl Pts',(-115.389849934356,99.4697928372133,29.8873759053602));
#1798=CARTESIAN_POINT('Ctrl Pts',(-115.470308084409,98.6490368633851,26.9078084404218));
#1799=CARTESIAN_POINT('Ctrl Pts',(-115.550766234463,97.0503320719697,24.429672719043));
#1800=CARTESIAN_POINT('Ctrl Pts',(-115.631224384516,95.4516272805543,21.9515369976642));
#1801=CARTESIAN_POINT('Ctrl Pts',(-115.711682534569,93.0749736715518,19.9748330198449));
#1802=CARTESIAN_POINT('Ctrl Pts',(-115.792140684622,90.3479361792373,18.8474542935528));
#1803=CARTESIAN_POINT('Ctrl Pts',(-115.844034219135,88.5890638446185,18.1203226505515));
#1804=CARTESIAN_POINT('Ctrl Pts',(-115.895927753647,86.6844341345019,17.7465046886376));
#1805=CARTESIAN_POINT('Ctrl Pts',(-115.947821288159,84.7805201787236,17.7461290807271));
#1806=CARTESIAN_POINT('Ctrl Pts',(-116.302177818027,84.780378424516,17.7463574823237));
#1807=CARTESIAN_POINT('Ctrl Pts',(-116.279116914575,85.6267025259218,17.7464336403766));
#1808=CARTESIAN_POINT('Ctrl Pts',(-116.256056011123,86.4730321736823,17.8195775488954));
#1809=CARTESIAN_POINT('Ctrl Pts',(-116.232995107671,87.3063609583822,17.9661670961029));
#1810=CARTESIAN_POINT('Ctrl Pts',(-116.172651495131,89.4869376823819,18.3497488953774));
#1811=CARTESIAN_POINT('Ctrl Pts',(-116.112307882591,91.578495519169,19.2362241561237));
#1812=CARTESIAN_POINT('Ctrl Pts',(-116.051964270051,93.3679327529671,20.537830215656));
#1813=CARTESIAN_POINT('Ctrl Pts',(-115.991620657511,95.1573699867651,21.8394362751884));
#1814=CARTESIAN_POINT('Ctrl Pts',(-115.931277044971,96.6446866175741,23.556173133507));
#1815=CARTESIAN_POINT('Ctrl Pts',(-115.870933432431,97.6813192525175,25.5125898814102));
#1816=CARTESIAN_POINT('Ctrl Pts',(-115.810589819891,98.717951887461,27.4690066293134));
#1817=CARTESIAN_POINT('Ctrl Pts',(-115.750246207351,99.3039005265389,29.6651032668013));
#1818=CARTESIAN_POINT('Ctrl Pts',(-115.689902594811,99.373224711803,31.8769199842907));
#1819=CARTESIAN_POINT('Ctrl Pts',(-115.609444444758,99.4656569588218,34.8260089409433));
#1820=CARTESIAN_POINT('Ctrl Pts',(-115.528986294705,98.6396457323937,37.8030447064875));
#1821=CARTESIAN_POINT('Ctrl Pts',(-115.448528144651,97.0366130063868,40.279226105611));
#1822=CARTESIAN_POINT('Ctrl Pts',(-115.368069994598,95.4335802803799,42.7554075047346));
#1823=CARTESIAN_POINT('Ctrl Pts',(-115.287611844545,93.0535260547939,44.7307345374375));
#1824=CARTESIAN_POINT('Ctrl Pts',(-115.207153694491,90.324455060525,45.8503150579153));
#1825=CARTESIAN_POINT('Ctrl Pts',(-115.126695544438,87.5953840662561,46.9698955783931));
#1826=CARTESIAN_POINT('Ctrl Pts',(-115.046237394385,84.5172963033043,47.2337295866458));
#1827=CARTESIAN_POINT('Ctrl Pts',(-114.965779244331,81.6354998352482,46.6001545991144));
#1828=CARTESIAN_POINT('Ctrl Pts',(-114.905435631791,79.4741524842062,46.1249733584658));
#1829=CARTESIAN_POINT('Ctrl Pts',(-114.845092019251,77.4232189865431,45.1449995576887));
#1830=CARTESIAN_POINT('Ctrl Pts',(-114.784748406711,75.6912363701462,43.7661156482493));
#1831=CARTESIAN_POINT('Ctrl Pts',(-114.724404794171,73.9592537537492,42.3872317388099));
#1832=CARTESIAN_POINT('Ctrl Pts',(-114.664061181631,72.5462220186185,40.6094377207082));
#1833=CARTESIAN_POINT('Ctrl Pts',(-114.603717569092,71.5960308343618,38.6106761375097));
#1834=CARTESIAN_POINT('Ctrl Pts',(-114.543373956552,70.6458396501052,36.6119145543112));
#1835=CARTESIAN_POINT('Ctrl Pts',(-114.483030344012,70.1584890167226,34.392185406016));
#1836=CARTESIAN_POINT('Ctrl Pts',(-114.422686731472,70.1834811369231,32.1787337707537));
#1837=CARTESIAN_POINT('Ctrl Pts',(-114.362343118932,70.2084732571236,29.9652821354915));
#1838=CARTESIAN_POINT('Ctrl Pts',(-114.301999506392,70.7458081309072,27.7581080132623));
#1839=CARTESIAN_POINT('Ctrl Pts',(-114.241655893852,71.7408603813848,25.781043891181));
#1840=CARTESIAN_POINT('Ctrl Pts',(-114.181312281312,72.7359126318623,23.8039797690996));
#1841=CARTESIAN_POINT('Ctrl Pts',(-114.120968668772,74.1886822590339,22.0570256471662));
#1842=CARTESIAN_POINT('Ctrl Pts',(-114.060625056232,75.9513600315491,20.7182458327685));
#1843=CARTESIAN_POINT('Ctrl Pts',(-114.000281443692,77.7140378040643,19.379466018371));
#1844=CARTESIAN_POINT('Ctrl Pts',(-113.939937831152,79.7866237219231,18.4488605115092));
#1845=CARTESIAN_POINT('Ctrl Pts',(-113.879594218612,81.958282301405,18.0209296889639));
#1846=CARTESIAN_POINT('Ctrl Pts',(-113.853788751297,82.8869748693889,17.8379284666429));
#1847=CARTESIAN_POINT('Ctrl Pts',(-113.827983283983,83.8337856217405,17.7468552541109));
#1848=CARTESIAN_POINT('Ctrl Pts',(-113.802177816668,84.7806484118114,17.7471219476267));
#1849=CARTESIAN_POINT('Origin',(-112.999999552965,84.7807492699152,32.3436660715062));
#1850=CARTESIAN_POINT('',(-110.947821289262,84.7809874617694,17.7463697835741));
#1851=CARTESIAN_POINT('',(-111.302177816668,84.7805111093357,17.7463546589992));
#1852=CARTESIAN_POINT('',(-112.999999552965,84.7807492699152,17.7463210715062));
#1853=CARTESIAN_POINT('Ctrl Pts',(-110.947821289262,84.7809874617694,17.7463697835741));
#1854=CARTESIAN_POINT('Ctrl Pts',(-110.99366049501,83.0992845798014,17.7476618667973));
#1855=CARTESIAN_POINT('Ctrl Pts',(-111.039499700757,81.4171445255166,18.0390896855564));
#1856=CARTESIAN_POINT('Ctrl Pts',(-111.085338906505,79.835174892469,18.6087129260645));
#1857=CARTESIAN_POINT('Ctrl Pts',(-111.145682519045,77.7526396253358,19.3585759212547));
#1858=CARTESIAN_POINT('Ctrl Pts',(-111.206026131585,75.8436956537177,20.5905403498949));
#1859=CARTESIAN_POINT('Ctrl Pts',(-111.266369744125,74.3025403180443,22.1792781843935));
#1860=CARTESIAN_POINT('Ctrl Pts',(-111.326713356665,72.7613849823707,23.7680160188922));
#1861=CARTESIAN_POINT('Ctrl Pts',(-111.387056969205,71.5880182826419,25.7135272592493));
#1862=CARTESIAN_POINT('Ctrl Pts',(-111.447400581745,70.9018070788204,27.8178945877702));
#1863=CARTESIAN_POINT('Ctrl Pts',(-111.507744194284,70.215595874999,29.922261916291));
#1864=CARTESIAN_POINT('Ctrl Pts',(-111.568087806824,70.0165401670848,32.1854853329758));
#1865=CARTESIAN_POINT('Ctrl Pts',(-111.628431419364,70.3248899447042,34.3773265868947));
#1866=CARTESIAN_POINT('Ctrl Pts',(-111.688775031904,70.6332397223237,36.5691678408136));
#1867=CARTESIAN_POINT('Ctrl Pts',(-111.749118644444,71.4489949854767,38.6896269319666));
#1868=CARTESIAN_POINT('Ctrl Pts',(-111.809462256984,72.6891687556085,40.522989059783));
#1869=CARTESIAN_POINT('Ctrl Pts',(-111.869805869524,73.9293425257404,42.3563511875994));
#1870=CARTESIAN_POINT('Ctrl Pts',(-111.930149482064,75.5939348028511,43.9026163520791));
#1871=CARTESIAN_POINT('Ctrl Pts',(-111.990493094604,77.5136062265106,45.0044826298398));
#1872=CARTESIAN_POINT('Ctrl Pts',(-112.050836707144,79.43327765017,46.1063489076005));
#1873=CARTESIAN_POINT('Ctrl Pts',(-112.111180319684,81.6080282203783,46.7638162986421));
#1874=CARTESIAN_POINT('Ctrl Pts',(-112.171523932224,83.8166200443142,46.910000499703));
#1875=CARTESIAN_POINT('Ctrl Pts',(-112.231867544764,86.0252118682499,47.0561847007638));
#1876=CARTESIAN_POINT('Ctrl Pts',(-112.292211157304,88.2676449459134,46.6910857118439));
#1877=CARTESIAN_POINT('Ctrl Pts',(-112.352554769844,90.3157960429566,45.8518451202151));
#1878=CARTESIAN_POINT('Ctrl Pts',(-112.412898382384,92.3639471399999,45.0126045285863));
#1879=CARTESIAN_POINT('Ctrl Pts',(-112.473241994924,94.217816256423,43.6992223342485));
#1880=CARTESIAN_POINT('Ctrl Pts',(-112.533585607464,95.6888088301472,42.0453092552215));
#1881=CARTESIAN_POINT('Ctrl Pts',(-112.593929220004,97.1598014038713,40.3913961761946));
#1882=CARTESIAN_POINT('Ctrl Pts',(-112.654272832544,98.2479174348967,38.3969522124786));
#1883=CARTESIAN_POINT('Ctrl Pts',(-112.714616445084,98.8424626650206,36.2648725398385));
#1884=CARTESIAN_POINT('Ctrl Pts',(-112.774960057624,99.4370078951445,34.1327928671984));
#1885=CARTESIAN_POINT('Ctrl Pts',(-112.835303670164,99.5379823243669,31.8630774856342));
#1886=CARTESIAN_POINT('Ctrl Pts',(-112.895647282704,99.1351137155062,29.6866252337926));
#1887=CARTESIAN_POINT('Ctrl Pts',(-112.955990895244,98.7322451066454,27.510172981951));
#1888=CARTESIAN_POINT('Ctrl Pts',(-113.016334507784,97.8255334597016,25.4269838598319));
#1889=CARTESIAN_POINT('Ctrl Pts',(-113.076678120324,96.507218936259,23.6489808640054));
#1890=CARTESIAN_POINT('Ctrl Pts',(-113.137021732864,95.1889044128164,21.8709778681787));
#1891=CARTESIAN_POINT('Ctrl Pts',(-113.197365345404,93.4589870128751,20.3981609986446));
#1892=CARTESIAN_POINT('Ctrl Pts',(-113.257708957944,91.4934512899131,19.3803609194971));
#1893=CARTESIAN_POINT('Ctrl Pts',(-113.318052570484,89.5279155669513,18.3625608403497));
#1894=CARTESIAN_POINT('Ctrl Pts',(-113.378396183024,87.3267615209689,17.7997775515889));
#1895=CARTESIAN_POINT('Ctrl Pts',(-113.438739795564,85.1139137846836,17.7492617919891));
#1896=CARTESIAN_POINT('Ctrl Pts',(-113.44176696013,85.0029052789668,17.7467276461026));
#1897=CARTESIAN_POINT('Ctrl Pts',(-113.444794124696,84.8918673452303,17.7454826586033));
#1898=CARTESIAN_POINT('Ctrl Pts',(-113.447821289262,84.7808285529278,17.7455208995877));
#1899=CARTESIAN_POINT('Ctrl Pts',(-113.802177816668,84.7806484118114,17.7471219476267));
#1900=CARTESIAN_POINT('Ctrl Pts',(-113.767639671443,86.0479335244353,17.747478891342));
#1901=CARTESIAN_POINT('Ctrl Pts',(-113.733101526217,87.315311853565,17.911455359774));
#1902=CARTESIAN_POINT('Ctrl Pts',(-113.698563380992,88.5394694901219,18.2376413637057));
#1903=CARTESIAN_POINT('Ctrl Pts',(-113.638219768452,90.6782668582519,18.8075399992214));
#1904=CARTESIAN_POINT('Ctrl Pts',(-113.577876155912,92.6851303534068,19.8725934084817));
#1905=CARTESIAN_POINT('Ctrl Pts',(-113.517532543372,94.355903499219,21.3244122315107));
#1906=CARTESIAN_POINT('Ctrl Pts',(-113.457188930832,96.026676645031,22.7762310545395));
#1907=CARTESIAN_POINT('Ctrl Pts',(-113.396845318292,97.3613594415005,24.6148152913369));
#1908=CARTESIAN_POINT('Ctrl Pts',(-113.336501705752,98.2241732018744,26.6531456162474));
#1909=CARTESIAN_POINT('Ctrl Pts',(-113.276158093212,99.0869869622484,28.6914759411581));
#1910=CARTESIAN_POINT('Ctrl Pts',(-113.215814480672,99.4779316865268,30.9295523541818));
#1911=CARTESIAN_POINT('Ctrl Pts',(-113.155470868132,99.3572370130191,33.139684837559));
#1912=CARTESIAN_POINT('Ctrl Pts',(-113.095127255592,99.2365423395114,35.3498173209362));
#1913=CARTESIAN_POINT('Ctrl Pts',(-113.034783643052,98.6042082682175,37.5320058746669));
#1914=CARTESIAN_POINT('Ctrl Pts',(-112.974440030512,97.5245620287799,39.4642608521944));
#1915=CARTESIAN_POINT('Ctrl Pts',(-112.914096417972,96.4449157893423,41.396515829722));
#1916=CARTESIAN_POINT('Ctrl Pts',(-112.853752805432,94.9179573817609,43.0788372310464));
#1917=CARTESIAN_POINT('Ctrl Pts',(-112.793409192892,93.0990247741657,44.3400796893259));
#1918=CARTESIAN_POINT('Ctrl Pts',(-112.733065580352,91.2800921665705,45.6013221476055));
#1919=CARTESIAN_POINT('Ctrl Pts',(-112.672721967812,89.1691853589615,46.4414856628401));
#1920=CARTESIAN_POINT('Ctrl Pts',(-112.612378355272,86.9810473336763,46.775101390885));
#1921=CARTESIAN_POINT('Ctrl Pts',(-112.552034742733,84.7929093083912,47.1087171189299));
#1922=CARTESIAN_POINT('Ctrl Pts',(-112.491691130193,82.5275400654299,46.9357850597851));
#1923=CARTESIAN_POINT('Ctrl Pts',(-112.431347517653,80.4153961824452,46.2738970480916));
#1924=CARTESIAN_POINT('Ctrl Pts',(-112.371003905113,78.3032522994604,45.6120090363981));
#1925=CARTESIAN_POINT('Ctrl Pts',(-112.310660292573,76.3443337764523,44.4611650721559));
#1926=CARTESIAN_POINT('Ctrl Pts',(-112.250316680033,74.7379218402655,42.9384410701862));
#1927=CARTESIAN_POINT('Ctrl Pts',(-112.189973067493,73.1315099040788,41.4157170682166));
#1928=CARTESIAN_POINT('Ctrl Pts',(-112.129629454953,71.8776045547134,39.5211130285195));
#1929=CARTESIAN_POINT('Ctrl Pts',(-112.069285842413,71.1037658860693,37.447367324459));
#1930=CARTESIAN_POINT('Ctrl Pts',(-112.008942229873,70.3299272174252,35.3736216203983));
#1931=CARTESIAN_POINT('Ctrl Pts',(-111.948598617333,70.0361552295025,33.1207342519741));
#1932=CARTESIAN_POINT('Ctrl Pts',(-111.888255004793,70.2523354119827,30.9178920509245));
#1933=CARTESIAN_POINT('Ctrl Pts',(-111.827911392253,70.4685155944629,28.7150498498749));
#1934=CARTESIAN_POINT('Ctrl Pts',(-111.767567779713,71.1946479473459,26.5622528161999));
#1935=CARTESIAN_POINT('Ctrl Pts',(-111.707224167173,72.3568628574117,24.6785054645134));
#1936=CARTESIAN_POINT('Ctrl Pts',(-111.646880554633,73.5190777674774,22.7947581128268));
#1937=CARTESIAN_POINT('Ctrl Pts',(-111.586536942093,75.1173752347259,21.1800604431287));
#1938=CARTESIAN_POINT('Ctrl Pts',(-111.526193329553,76.9891600806353,19.9986760461778));
#1939=CARTESIAN_POINT('Ctrl Pts',(-111.465849717013,78.8609449265446,18.8172916492269));
#1940=CARTESIAN_POINT('Ctrl Pts',(-111.405506104473,81.0062171511149,18.0692205250232));
#1941=CARTESIAN_POINT('Ctrl Pts',(-111.345162491933,83.2067377068531,17.830564116791));
#1942=CARTESIAN_POINT('Ctrl Pts',(-111.330834266845,83.7292379766722,17.773896599021));
#1943=CARTESIAN_POINT('Ctrl Pts',(-111.316506041756,84.254853126653,17.7459496916166));
#1944=CARTESIAN_POINT('Ctrl Pts',(-111.302177816668,84.7805111093357,17.7463546589992));
#1945=CARTESIAN_POINT('Origin',(-112.999999552965,84.7807492699152,32.3436660715062));
#1946=CARTESIAN_POINT('',(-108.447821289262,84.7806410572396,17.7470696201224));
#1947=CARTESIAN_POINT('',(-108.802177816668,84.7806730844797,17.7455141242545));
#1948=CARTESIAN_POINT('',(-112.999999552965,84.7807492699152,17.7463210715062));
#1949=CARTESIAN_POINT('Ctrl Pts',(-108.447821289262,84.7806410572396,17.7470696201224));
#1950=CARTESIAN_POINT('Ctrl Pts',(-108.482183252783,83.5199056477847,17.747434963938));
#1951=CARTESIAN_POINT('Ctrl Pts',(-108.516545216305,82.25915392297,17.9097680862571));
#1952=CARTESIAN_POINT('Ctrl Pts',(-108.550907179826,81.0408703218014,18.2326887983948));
#1953=CARTESIAN_POINT('Ctrl Pts',(-108.611250792366,78.9014223374854,18.7997752025902));
#1954=CARTESIAN_POINT('Ctrl Pts',(-108.671594404906,76.892943723807,19.8621049508526));
#1955=CARTESIAN_POINT('Ctrl Pts',(-108.731938017446,75.2201920905748,21.3116886324552));
#1956=CARTESIAN_POINT('Ctrl Pts',(-108.792281629986,73.5474404573425,22.7612723140579));
#1957=CARTESIAN_POINT('Ctrl Pts',(-108.852625242526,72.2104158045566,24.5981099290008));
#1958=CARTESIAN_POINT('Ctrl Pts',(-108.912968855066,71.3449203779388,26.6352994321652));
#1959=CARTESIAN_POINT('Ctrl Pts',(-108.973312467606,70.479424951321,28.6724889353296));
#1960=CARTESIAN_POINT('Ctrl Pts',(-109.033656080146,70.0854587508713,30.9100303267155));
#1961=CARTESIAN_POINT('Ctrl Pts',(-109.093999692686,70.2032050162863,33.1203177116692));
#1962=CARTESIAN_POINT('Ctrl Pts',(-109.154343305226,70.3209512817013,35.3306050966229));
#1963=CARTESIAN_POINT('Ctrl Pts',(-109.214686917766,70.950410012981,37.5136384751444));
#1964=CARTESIAN_POINT('Ctrl Pts',(-109.275030530306,72.0274946410018,39.4473276578681));
#1965=CARTESIAN_POINT('Ctrl Pts',(-109.335374142846,73.1045792690227,41.3810168405918));
#1966=CARTESIAN_POINT('Ctrl Pts',(-109.395717755386,74.6292897937847,43.0653618275177));
#1967=CARTESIAN_POINT('Ctrl Pts',(-109.456061367925,76.4465424053927,44.3290185688337));
#1968=CARTESIAN_POINT('Ctrl Pts',(-109.516404980465,78.2637950170006,45.5926753101496));
#1969=CARTESIAN_POINT('Ctrl Pts',(-109.576748593005,80.3735897154546,46.4356438058556));
#1970=CARTESIAN_POINT('Ctrl Pts',(-109.637092205545,82.5612841312833,46.772166332233));
#1971=CARTESIAN_POINT('Ctrl Pts',(-109.697435818085,84.748978547112,47.1086888586104));
#1972=CARTESIAN_POINT('Ctrl Pts',(-109.757779430625,87.0145726803156,46.9387654156593));
#1973=CARTESIAN_POINT('Ctrl Pts',(-109.818123043165,89.1275932290852,46.279683505325));
#1974=CARTESIAN_POINT('Ctrl Pts',(-109.878466655705,91.2406137778549,45.6206015949906));
#1975=CARTESIAN_POINT('Ctrl Pts',(-109.938810268245,93.2010607421907,44.472361217273));
#1976=CARTESIAN_POINT('Ctrl Pts',(-109.999153880785,94.809494382213,42.9517725708012));
#1977=CARTESIAN_POINT('Ctrl Pts',(-110.059497493325,96.4179280222353,41.4311839243294));
#1978=CARTESIAN_POINT('Ctrl Pts',(-110.119841105865,97.6743483379441,39.5382470091035));
#1979=CARTESIAN_POINT('Ctrl Pts',(-110.180184718405,98.450940873627,37.4655310207303));
#1980=CARTESIAN_POINT('Ctrl Pts',(-110.240528330945,99.2275334093099,35.3928150323571));
#1981=CARTESIAN_POINT('Ctrl Pts',(-110.300871943485,99.5242981649669,33.1403199708365));
#1982=CARTESIAN_POINT('Ctrl Pts',(-110.361215556025,99.3110444654852,30.9371925523506));
#1983=CARTESIAN_POINT('Ctrl Pts',(-110.421559168565,99.0977907660036,28.7340651338648));
#1984=CARTESIAN_POINT('Ctrl Pts',(-110.481902781105,98.3745186113833,26.5803053584136));
#1985=CARTESIAN_POINT('Ctrl Pts',(-110.542246393645,97.2148070052468,24.6950157818592));
#1986=CARTESIAN_POINT('Ctrl Pts',(-110.602590006185,96.0550953991103,22.8097262053047));
#1987=CARTESIAN_POINT('Ctrl Pts',(-110.662933618725,94.4589443414576,21.1929068276471));
#1988=CARTESIAN_POINT('Ctrl Pts',(-110.723277231265,92.5887304794803,20.0090370317191));
#1989=CARTESIAN_POINT('Ctrl Pts',(-110.783620843805,90.718516617503,18.8251672357911));
#1990=CARTESIAN_POINT('Ctrl Pts',(-110.843964456345,88.5742399512011,18.0742470215928));
#1991=CARTESIAN_POINT('Ctrl Pts',(-110.904308068885,86.374038336726,17.8326676953637));
#1992=CARTESIAN_POINT('Ctrl Pts',(-110.918812475677,85.8451899980458,17.7746008234483));
#1993=CARTESIAN_POINT('Ctrl Pts',(-110.93331688247,85.3131106150024,17.7459609435785));
#1994=CARTESIAN_POINT('Ctrl Pts',(-110.947821289262,84.7809874617694,17.7463697835741));
#1995=CARTESIAN_POINT('Ctrl Pts',(-111.302177816668,84.7805111093357,17.7463546589992));
#1996=CARTESIAN_POINT('Ctrl Pts',(-111.256162429217,86.4686724545966,17.7476552200177));
#1997=CARTESIAN_POINT('Ctrl Pts',(-111.210147041765,88.1572755704951,18.0413731449311));
#1998=CARTESIAN_POINT('Ctrl Pts',(-111.164131654313,89.7445644670241,18.6152947377153));
#1999=CARTESIAN_POINT('Ctrl Pts',(-111.103788041773,91.8261017845505,19.3679234591325));
#2000=CARTESIAN_POINT('Ctrl Pts',(-111.043444429233,93.733407532697,20.6024225942277));
#2001=CARTESIAN_POINT('Ctrl Pts',(-110.983100816693,95.2724510502364,22.1932062534856));
#2002=CARTESIAN_POINT('Ctrl Pts',(-110.922757204153,96.8114945677758,23.7839899127435));
#2003=CARTESIAN_POINT('Ctrl Pts',(-110.862413591613,97.9822758547081,25.7310580961641));
#2004=CARTESIAN_POINT('Ctrl Pts',(-110.802069979073,98.6656910525772,27.8363351002107));
#2005=CARTESIAN_POINT('Ctrl Pts',(-110.741726366533,99.3491062504464,29.9416121042571));
#2006=CARTESIAN_POINT('Ctrl Pts',(-110.681382753993,99.5451553592524,32.2050979289295));
#2007=CARTESIAN_POINT('Ctrl Pts',(-110.621039141453,99.2338942622661,34.3965276281961));
#2008=CARTESIAN_POINT('Ctrl Pts',(-110.560695528913,98.9226331652797,36.5879573274628));
#2009=CARTESIAN_POINT('Ctrl Pts',(-110.500351916374,98.1040618625009,38.7073309013236));
#2010=CARTESIAN_POINT('Ctrl Pts',(-110.440008303834,96.8614537945715,40.5390439774913));
#2011=CARTESIAN_POINT('Ctrl Pts',(-110.379664691294,95.6188457266421,42.370757053659));
#2012=CARTESIAN_POINT('Ctrl Pts',(-110.319321078754,93.9522008935622,43.9148096321336));
#2013=CARTESIAN_POINT('Ctrl Pts',(-110.258977466214,92.0310674879764,45.014124880862));
#2014=CARTESIAN_POINT('Ctrl Pts',(-110.198633853674,90.1099340823906,46.1134401295903));
#2015=CARTESIAN_POINT('Ctrl Pts',(-110.138290241134,87.9343121042989,46.7680180485725));
#2016=CARTESIAN_POINT('Ctrl Pts',(-110.077946628594,85.7255280456785,46.9112682716634));
#2017=CARTESIAN_POINT('Ctrl Pts',(-110.017603016054,83.5167439870581,47.0545184947542));
#2018=CARTESIAN_POINT('Ctrl Pts',(-109.957259403514,81.2747978479091,46.6864410219538));
#2019=CARTESIAN_POINT('Ctrl Pts',(-109.896915790974,79.2277634256554,45.8444804621059));
#2020=CARTESIAN_POINT('Ctrl Pts',(-109.836572178434,77.1807290034016,45.002519902258));
#2021=CARTESIAN_POINT('Ctrl Pts',(-109.776228565894,75.3286062980433,43.6866762553627));
#2022=CARTESIAN_POINT('Ctrl Pts',(-109.715884953354,73.8598120071401,42.0308106033624));
#2023=CARTESIAN_POINT('Ctrl Pts',(-109.655541340814,72.3910177162369,40.3749449513622));
#2024=CARTESIAN_POINT('Ctrl Pts',(-109.595197728274,71.3055518397889,38.3790572942572));
#2025=CARTESIAN_POINT('Ctrl Pts',(-109.534854115734,70.7138394449861,36.2461897569912));
#2026=CARTESIAN_POINT('Ctrl Pts',(-109.474510503194,70.1221270501833,34.1133222197252));
#2027=CARTESIAN_POINT('Ctrl Pts',(-109.414166890654,70.0241681370257,31.8434748022982));
#2028=CARTESIAN_POINT('Ctrl Pts',(-109.353823278114,70.4299273404837,29.6675596086989));
#2029=CARTESIAN_POINT('Ctrl Pts',(-109.293479665574,70.8356865439417,27.4916444150996));
#2030=CARTESIAN_POINT('Ctrl Pts',(-109.233136053034,71.7451638640154,25.4096614453279));
#2031=CARTESIAN_POINT('Ctrl Pts',(-109.172792440494,73.0658394800129,23.6334113329919));
#2032=CARTESIAN_POINT('Ctrl Pts',(-109.112448827954,74.3865150960105,21.8571612206559));
#2033=CARTESIAN_POINT('Ctrl Pts',(-109.052105215414,76.1183890079321,20.3866439657555));
#2034=CARTESIAN_POINT('Ctrl Pts',(-108.991761602874,78.0852741832174,19.3714556018575));
#2035=CARTESIAN_POINT('Ctrl Pts',(-108.931417990334,80.0521593585028,18.3562672379595));
#2036=CARTESIAN_POINT('Ctrl Pts',(-108.871074377794,82.2540557971521,17.7964077650641));
#2037=CARTESIAN_POINT('Ctrl Pts',(-108.810730765254,84.4669703412885,17.7488318858245));
#2038=CARTESIAN_POINT('Ctrl Pts',(-108.807879782392,84.5715212817257,17.7465841248661));
#2039=CARTESIAN_POINT('Ctrl Pts',(-108.80502879953,84.6760968164096,17.7454798662234));
#2040=CARTESIAN_POINT('Ctrl Pts',(-108.802177816668,84.7806730844797,17.7455141242545));
#2041=CARTESIAN_POINT('Origin',(-112.999999552965,84.7807492699152,32.3436660715062));
#2042=CARTESIAN_POINT('',(-105.947821289262,84.7805889027069,17.7469845415568));
#2043=CARTESIAN_POINT('',(-106.302177816668,84.7811637022171,17.7457195840342));
#2044=CARTESIAN_POINT('',(-112.999999552965,84.7807492699152,17.7463210715062));
#2045=CARTESIAN_POINT('Ctrl Pts',(-105.947821289262,84.7805889027069,17.7469845415568));
#2046=CARTESIAN_POINT('Ctrl Pts',(-105.970706010557,83.9409160169019,17.746610207491));
#2047=CARTESIAN_POINT('Ctrl Pts',(-105.993590731852,83.1013089530924,17.8181420767495));
#2048=CARTESIAN_POINT('Ctrl Pts',(-106.016475453147,82.2743553134659,17.9622617949077));
#2049=CARTESIAN_POINT('Ctrl Pts',(-106.076819065687,80.0938013370872,18.3422840953675));
#2050=CARTESIAN_POINT('Ctrl Pts',(-106.137162678227,78.001226442318,19.2270086953672));
#2051=CARTESIAN_POINT('Ctrl Pts',(-106.197506290767,76.2094946661072,20.5266385311307));
#2052=CARTESIAN_POINT('Ctrl Pts',(-106.257849903307,74.4177628898964,21.8262683668942));
#2053=CARTESIAN_POINT('Ctrl Pts',(-106.318193515847,72.926874232244,23.5408034384216));
#2054=CARTESIAN_POINT('Ctrl Pts',(-106.378537128387,71.8885301684296,25.4954892648636));
#2055=CARTESIAN_POINT('Ctrl Pts',(-106.438880740927,70.8501861046151,27.4501750913056));
#2056=CARTESIAN_POINT('Ctrl Pts',(-106.499224353467,70.2643866346385,29.6450116726624));
#2057=CARTESIAN_POINT('Ctrl Pts',(-106.559567966007,70.1906560061682,31.8573564771203));
#2058=CARTESIAN_POINT('Ctrl Pts',(-106.619911578547,70.1169253776978,34.0697012815784));
#2059=CARTESIAN_POINT('Ctrl Pts',(-106.680255191087,70.5552635907337,36.2995543091376));
#2060=CARTESIAN_POINT('Ctrl Pts',(-106.740598803627,71.461219636361,38.3187920617112));
#2061=CARTESIAN_POINT('Ctrl Pts',(-106.800942416167,72.3671756819883,40.3380298142848));
#2062=CARTESIAN_POINT('Ctrl Pts',(-106.861286028707,73.7407495602071,42.1466522918726));
#2063=CARTESIAN_POINT('Ctrl Pts',(-106.921629641247,75.4419326056596,43.5632703262433));
#2064=CARTESIAN_POINT('Ctrl Pts',(-106.981973253787,77.1431156511121,44.9798883606139));
#2065=CARTESIAN_POINT('Ctrl Pts',(-107.042316866327,79.1719078637982,46.0045019517675));
#2066=CARTESIAN_POINT('Ctrl Pts',(-107.102660478867,81.3223060345683,46.5273145867885));
#2067=CARTESIAN_POINT('Ctrl Pts',(-107.18311862892,84.1895035955952,47.2243981001499));
#2068=CARTESIAN_POINT('Ctrl Pts',(-107.263576778973,87.272889526549,47.0293910248313));
#2069=CARTESIAN_POINT('Ctrl Pts',(-107.344034929027,90.0257453629821,45.9701598928772));
#2070=CARTESIAN_POINT('Ctrl Pts',(-107.42449307908,92.7786011994153,44.9109287609231));
#2071=CARTESIAN_POINT('Ctrl Pts',(-107.504951229133,95.2009269413278,42.9874735723335));
#2072=CARTESIAN_POINT('Ctrl Pts',(-107.585409379186,96.8581645057835,40.5469842337381));
#2073=CARTESIAN_POINT('Ctrl Pts',(-107.66586752924,98.5154020702392,38.1064948951428));
#2074=CARTESIAN_POINT('Ctrl Pts',(-107.746325679293,99.4075514572381,35.1489714065417));
#2075=CARTESIAN_POINT('Ctrl Pts',(-107.826783829346,99.3801382413119,32.1985071215441));
#2076=CARTESIAN_POINT('Ctrl Pts',(-107.887127441886,99.3595783293673,29.9856589077958));
#2077=CARTESIAN_POINT('Ctrl Pts',(-107.947471054426,98.8217644532772,27.7767814960743));
#2078=CARTESIAN_POINT('Ctrl Pts',(-108.007814666966,97.8284834647455,25.7981414166554));
#2079=CARTESIAN_POINT('Ctrl Pts',(-108.068158279506,96.8352024762139,23.8195013372366));
#2080=CARTESIAN_POINT('Ctrl Pts',(-108.128501892046,95.3864543752408,22.0710985901202));
#2081=CARTESIAN_POINT('Ctrl Pts',(-108.188845504586,93.625988115047,20.7301006217184));
#2082=CARTESIAN_POINT('Ctrl Pts',(-108.249189117126,91.8655218548532,19.3891026533167));
#2083=CARTESIAN_POINT('Ctrl Pts',(-108.309532729666,89.7933374354387,18.4555094636296));
#2084=CARTESIAN_POINT('Ctrl Pts',(-108.369876342206,87.6220365482548,18.0246343988503));
#2085=CARTESIAN_POINT('Ctrl Pts',(-108.395857991225,86.6871575247717,17.839116094049));
#2086=CARTESIAN_POINT('Ctrl Pts',(-108.421839640243,85.733903954851,17.7467933776201));
#2087=CARTESIAN_POINT('Ctrl Pts',(-108.447821289262,84.7806410572396,17.7470696201224));
#2088=CARTESIAN_POINT('Ctrl Pts',(-108.802177816668,84.7806730844797,17.7455141242545));
#2089=CARTESIAN_POINT('Ctrl Pts',(-108.74468518699,86.8895474426425,17.7462049682171));
#2090=CARTESIAN_POINT('Ctrl Pts',(-108.687192557312,88.998720042141,18.2098889230415));
#2091=CARTESIAN_POINT('Ctrl Pts',(-108.629699927634,90.9125143228698,19.0956800682932));
#2092=CARTESIAN_POINT('Ctrl Pts',(-108.569356315094,92.921211110691,20.0253964155853));
#2093=CARTESIAN_POINT('Ctrl Pts',(-108.509012702554,94.7146720367098,21.4201213957531));
#2094=CARTESIAN_POINT('Ctrl Pts',(-108.448669090014,96.1104738676004,23.1379695840531));
#2095=CARTESIAN_POINT('Ctrl Pts',(-108.388325477474,97.506275698491,24.8558177723531));
#2096=CARTESIAN_POINT('Ctrl Pts',(-108.327981864935,98.5044184342535,26.8967891687853));
#2097=CARTESIAN_POINT('Ctrl Pts',(-108.267638252395,99.0033079928974,29.0532547124708));
#2098=CARTESIAN_POINT('Ctrl Pts',(-108.207294639855,99.5021975515413,31.2097202561564));
#2099=CARTESIAN_POINT('Ctrl Pts',(-108.146951027315,99.5018339330666,33.4816799470954));
#2100=CARTESIAN_POINT('Ctrl Pts',(-108.086607414775,99.0023614276703,35.6380079304673));
#2101=CARTESIAN_POINT('Ctrl Pts',(-108.026263802235,98.5028889222741,37.794335913839));
#2102=CARTESIAN_POINT('Ctrl Pts',(-107.965920189695,97.5043075299563,39.8350321896437));
#2103=CARTESIAN_POINT('Ctrl Pts',(-107.905576577155,96.1079850642177,41.5524939296504));
#2104=CARTESIAN_POINT('Ctrl Pts',(-107.845232964615,94.711662598479,43.2699556696571));
#2105=CARTESIAN_POINT('Ctrl Pts',(-107.784889352075,92.9175990593193,44.6641828738658));
#2106=CARTESIAN_POINT('Ctrl Pts',(-107.724545739535,90.9087482916336,45.5933451916778));
#2107=CARTESIAN_POINT('Ctrl Pts',(-107.664202126995,88.8998975239478,46.5225075094898));
#2108=CARTESIAN_POINT('Ctrl Pts',(-107.603858514455,86.6762595277361,46.9866049409051));
#2109=CARTESIAN_POINT('Ctrl Pts',(-107.543514901915,84.4631444444124,46.9384151133894));
#2110=CARTESIAN_POINT('Ctrl Pts',(-107.483171289375,82.2500293610888,46.8902252858738));
#2111=CARTESIAN_POINT('Ctrl Pts',(-107.422827676835,80.0474371906532,46.3297481994271));
#2112=CARTESIAN_POINT('Ctrl Pts',(-107.362484064295,78.0812684101074,45.3140217282041));
#2113=CARTESIAN_POINT('Ctrl Pts',(-107.302140451755,76.1150996295616,44.2982952569809));
#2114=CARTESIAN_POINT('Ctrl Pts',(-107.241796839215,74.3853542389054,42.8273194009814));
#2115=CARTESIAN_POINT('Ctrl Pts',(-107.181453226675,73.0643044069179,41.0506819100446));
#2116=CARTESIAN_POINT('Ctrl Pts',(-107.121109614135,71.7432545749304,39.2740444191078));
#2117=CARTESIAN_POINT('Ctrl Pts',(-107.060766001595,70.8309003016116,37.1917452932338));
#2118=CARTESIAN_POINT('Ctrl Pts',(-107.000422389055,70.4272820283898,35.0159203827528));
#2119=CARTESIAN_POINT('Ctrl Pts',(-106.919964239002,69.8891243307607,32.1148205021113));
#2120=CARTESIAN_POINT('Ctrl Pts',(-106.839506088949,70.2553861888598,29.0474525599462));
#2121=CARTESIAN_POINT('Ctrl Pts',(-106.759047938895,71.4647584615199,26.356757168715));
#2122=CARTESIAN_POINT('Ctrl Pts',(-106.678589788842,72.67413073418,23.6660617774839));
#2123=CARTESIAN_POINT('Ctrl Pts',(-106.598131638789,74.7266134214012,21.3520389371867));
#2124=CARTESIAN_POINT('Ctrl Pts',(-106.517673488735,77.25433651576,19.831903417709));
#2125=CARTESIAN_POINT('Ctrl Pts',(-106.445841598046,79.5110517010568,18.4747480717891));
#2126=CARTESIAN_POINT('Ctrl Pts',(-106.374009707357,82.1465650535865,17.7503736460085));
#2127=CARTESIAN_POINT('Ctrl Pts',(-106.302177816668,84.7811637022171,17.7457195840342));
#2128=CARTESIAN_POINT('Origin',(-112.999999552965,84.7807492699152,32.3436660715062));
#2129=CARTESIAN_POINT('',(-103.447821289262,84.7804174852371,17.7461202592388));
#2130=CARTESIAN_POINT('',(-103.802177816668,84.7795176076864,17.7465980423094));
#2131=CARTESIAN_POINT('',(-112.999999552965,84.7807492699152,17.7463210715062));
#2132=CARTESIAN_POINT('Ctrl Pts',(-103.447821289262,84.7804174852371,17.7461202592388));
#2133=CARTESIAN_POINT('Ctrl Pts',(-103.459228768331,84.3619344597687,17.7457972870139));
#2134=CARTESIAN_POINT('Ctrl Pts',(-103.4706362474,83.9434850946554,17.7634968640196));
#2135=CARTESIAN_POINT('Ctrl Pts',(-103.482043726468,83.5266177712177,17.7994386892096));
#2136=CARTESIAN_POINT('Ctrl Pts',(-103.542387339008,81.3214609530885,17.9895647950892));
#2137=CARTESIAN_POINT('Ctrl Pts',(-103.602730951548,79.1605732837173,18.6901507775603));
#2138=CARTESIAN_POINT('Ctrl Pts',(-103.663074564088,77.2630539790101,19.8300656070319));
#2139=CARTESIAN_POINT('Ctrl Pts',(-103.723418176628,75.3655346743029,20.9699804365034));
#2140=CARTESIAN_POINT('Ctrl Pts',(-103.783761789168,73.7313837342597,22.5492241129754));
#2141=CARTESIAN_POINT('Ctrl Pts',(-103.844105401708,72.5283244019056,24.4068521400424));
#2142=CARTESIAN_POINT('Ctrl Pts',(-103.904449014248,71.3252650695514,26.2644801671094));
#2143=CARTESIAN_POINT('Ctrl Pts',(-103.964792626788,70.5532973448862,28.4004925447715));
#2144=CARTESIAN_POINT('Ctrl Pts',(-104.025136239328,70.2879578920028,30.5982128797276));
#2145=CARTESIAN_POINT('Ctrl Pts',(-104.085479851868,70.0226184391195,32.7959332146837));
#2146=CARTESIAN_POINT('Ctrl Pts',(-104.145823464408,70.2639072580179,35.0553615069339));
#2147=CARTESIAN_POINT('Ctrl Pts',(-104.206167076948,70.993382957327,37.1448709064073));
#2148=CARTESIAN_POINT('Ctrl Pts',(-104.286625227001,71.9660172230726,39.9308834390388));
#2149=CARTESIAN_POINT('Ctrl Pts',(-104.367083377055,73.8065392762152,42.4148179400671));
#2150=CARTESIAN_POINT('Ctrl Pts',(-104.447541527108,76.1909428045079,44.149884800256));
#2151=CARTESIAN_POINT('Ctrl Pts',(-104.527999677161,78.5753463328007,45.8849516604449));
#2152=CARTESIAN_POINT('Ctrl Pts',(-104.608457827214,81.5036313362436,46.8711508797944));
#2153=CARTESIAN_POINT('Ctrl Pts',(-104.688915977268,84.4542510396559,46.9392651690011));
#2154=CARTESIAN_POINT('Ctrl Pts',(-104.709030514781,85.191905965509,46.9562937413028));
#2155=CARTESIAN_POINT('Ctrl Pts',(-104.729145052294,85.9309568101102,46.9159420054706));
#2156=CARTESIAN_POINT('Ctrl Pts',(-104.749259589808,86.6626584092495,46.8198427362004));
#2157=CARTESIAN_POINT('Ctrl Pts',(-104.809603202348,88.8577632066673,46.5315449283898));
#2158=CARTESIAN_POINT('Ctrl Pts',(-104.869946814888,90.9867247949283,45.7415193196377));
#2159=CARTESIAN_POINT('Ctrl Pts',(-104.930290427428,92.8329720671039,44.5214387814295));
#2160=CARTESIAN_POINT('Ctrl Pts',(-104.990634039968,94.6792193392795,43.3013582432214));
#2161=CARTESIAN_POINT('Ctrl Pts',(-105.050977652508,96.2427522953698,41.6512227755572));
#2162=CARTESIAN_POINT('Ctrl Pts',(-105.111321265048,97.3646577416513,39.7427323413473));
#2163=CARTESIAN_POINT('Ctrl Pts',(-105.171664877588,98.4865631879329,37.8342419071373));
#2164=CARTESIAN_POINT('Ctrl Pts',(-105.232008490127,99.1668411244057,35.6673965063814));
#2165=CARTESIAN_POINT('Ctrl Pts',(-105.292352102667,99.336185394838,33.4606841001489));
#2166=CARTESIAN_POINT('Ctrl Pts',(-105.352695715207,99.5055296652703,31.2539716939162));
#2167=CARTESIAN_POINT('Ctrl Pts',(-105.413039327747,99.163940269662,29.007392282207));
#2168=CARTESIAN_POINT('Ctrl Pts',(-105.473382940287,98.3462142743812,26.9504453613187));
#2169=CARTESIAN_POINT('Ctrl Pts',(-105.533726552827,97.5284882791003,24.8934984404304));
#2170=CARTESIAN_POINT('Ctrl Pts',(-105.594070165367,96.2346256841468,23.0261840103632));
#2171=CARTESIAN_POINT('Ctrl Pts',(-105.654413777907,94.5962297727747,21.537981780715));
#2172=CARTESIAN_POINT('Ctrl Pts',(-105.714757390447,92.9578338614026,20.0497795510668));
#2173=CARTESIAN_POINT('Ctrl Pts',(-105.775101002987,90.974904633612,18.9406895218375));
#2174=CARTESIAN_POINT('Ctrl Pts',(-105.835444615527,88.8491734907225,18.3238045076828));
#2175=CARTESIAN_POINT('Ctrl Pts',(-105.872903506772,87.5296049672969,17.9408670652059));
#2176=CARTESIAN_POINT('Ctrl Pts',(-105.910362398017,86.1550087571266,17.7475972708481));
#2177=CARTESIAN_POINT('Ctrl Pts',(-105.947821289262,84.7805889027069,17.7469845415568));
#2178=CARTESIAN_POINT('Ctrl Pts',(-106.302177816668,84.7811637022171,17.7457195840342));
#2179=CARTESIAN_POINT('Ctrl Pts',(-106.293551557304,85.0975514660054,17.7451606798302));
#2180=CARTESIAN_POINT('Ctrl Pts',(-106.28492529794,85.4139260383917,17.754981222712));
#2181=CARTESIAN_POINT('Ctrl Pts',(-106.276299038575,85.7296298055107,17.7753317806165));
#2182=CARTESIAN_POINT('Ctrl Pts',(-106.215955426035,87.9380848259321,17.9176908413991));
#2183=CARTESIAN_POINT('Ctrl Pts',(-106.155611813496,90.1137141420778,18.5753338095137));
#2184=CARTESIAN_POINT('Ctrl Pts',(-106.095268200956,92.0345972617635,19.6758067851025));
#2185=CARTESIAN_POINT('Ctrl Pts',(-106.034924588416,93.9554803814492,20.7762797606914));
#2186=CARTESIAN_POINT('Ctrl Pts',(-105.974580975876,95.621617304675,22.3195827437544));
#2187=CARTESIAN_POINT('Ctrl Pts',(-105.914237363336,96.8636993188099,24.1513333071153));
#2188=CARTESIAN_POINT('Ctrl Pts',(-105.853893750796,98.1057813329448,25.9830838704763));
#2189=CARTESIAN_POINT('Ctrl Pts',(-105.793550138256,98.9238084379888,28.1032820141352));
#2190=CARTESIAN_POINT('Ctrl Pts',(-105.733206525716,99.234471931609,30.2949458536852));
#2191=CARTESIAN_POINT('Ctrl Pts',(-105.672862913176,99.5451354252293,32.4866096932351));
#2192=CARTESIAN_POINT('Ctrl Pts',(-105.612519300636,99.348435307426,34.749739228676));
#2193=CARTESIAN_POINT('Ctrl Pts',(-105.552175688096,98.6644369516558,36.8547583281031));
#2194=CARTESIAN_POINT('Ctrl Pts',(-105.491832075556,97.9804385958857,38.9597774275302));
#2195=CARTESIAN_POINT('Ctrl Pts',(-105.431488463016,96.8091420021488,40.9066860909433));
#2196=CARTESIAN_POINT('Ctrl Pts',(-105.371144850476,95.2696542517067,42.4970702233021));
#2197=CARTESIAN_POINT('Ctrl Pts',(-105.310801237936,93.7301665012647,44.0874543556608));
#2198=CARTESIAN_POINT('Ctrl Pts',(-105.250457625396,91.8224875941175,45.3213139569651));
#2199=CARTESIAN_POINT('Ctrl Pts',(-105.190114012856,89.7407553939036,46.0733709512137));
#2200=CARTESIAN_POINT('Ctrl Pts',(-105.129770400316,87.6590231936897,46.8254279454623));
#2201=CARTESIAN_POINT('Ctrl Pts',(-105.069426787776,85.4032377004091,47.0956823326551));
#2202=CARTESIAN_POINT('Ctrl Pts',(-105.009083175236,83.2027548908201,46.8563828223183));
#2203=CARTESIAN_POINT('Ctrl Pts',(-104.948739562696,81.002272081231,46.6170833119815));
#2204=CARTESIAN_POINT('Ctrl Pts',(-104.888395950156,78.8570919553334,45.8682299041151));
#2205=CARTESIAN_POINT('Ctrl Pts',(-104.828052337616,76.985692074194,44.6864128652203));
#2206=CARTESIAN_POINT('Ctrl Pts',(-104.767708725076,75.1142921930546,43.5045958263255));
#2207=CARTESIAN_POINT('Ctrl Pts',(-104.707365112536,73.5166725566734,41.8898151564024));
#2208=CARTESIAN_POINT('Ctrl Pts',(-104.647021499996,72.3548592886486,40.0055679973297));
#2209=CARTESIAN_POINT('Ctrl Pts',(-104.586677887456,71.1930460206239,38.1213208382571));
#2210=CARTESIAN_POINT('Ctrl Pts',(-104.526334274916,70.4670391209557,35.9676071900348));
#2211=CARTESIAN_POINT('Ctrl Pts',(-104.465990662376,70.2517086301056,33.7650712822692));
#2212=CARTESIAN_POINT('Ctrl Pts',(-104.405647049836,70.0363781392554,31.5625353745036));
#2213=CARTESIAN_POINT('Ctrl Pts',(-104.345303437296,70.3317240572232,29.3111772071946));
#2214=CARTESIAN_POINT('Ctrl Pts',(-104.284959824756,71.1056695022752,27.2369113987251));
#2215=CARTESIAN_POINT('Ctrl Pts',(-104.224616212216,71.8796149473272,25.1626455902558));
#2216=CARTESIAN_POINT('Ctrl Pts',(-104.164272599676,73.1321599194632,23.265472140626));
#2217=CARTESIAN_POINT('Ctrl Pts',(-104.103928987137,74.7396701162689,21.7445914066433));
#2218=CARTESIAN_POINT('Ctrl Pts',(-104.023470837083,76.8830170453432,19.7167504279995));
#2219=CARTESIAN_POINT('Ctrl Pts',(-103.94301268703,79.6574132627191,18.3578742771728));
#2220=CARTESIAN_POINT('Ctrl Pts',(-103.862554536977,82.5733742315877,17.9115360818998));
#2221=CARTESIAN_POINT('Ctrl Pts',(-103.84242896354,83.3027644372658,17.7998903117651));
#2222=CARTESIAN_POINT('Ctrl Pts',(-103.822303390104,84.0410121513351,17.7453407644783));
#2223=CARTESIAN_POINT('Ctrl Pts',(-103.802177816668,84.7795176076864,17.7465980423094));
#2224=CARTESIAN_POINT('Origin',(-112.999999552965,84.7807492699152,32.3436660715062));
#2225=CARTESIAN_POINT('',(-100.947821289262,84.7803607383482,17.7486991934437));
#2226=CARTESIAN_POINT('',(-101.302177816718,84.780765527732,17.7472034726373));
#2227=CARTESIAN_POINT('',(-112.999999552965,84.7807492699152,17.7463210715062));
#2228=CARTESIAN_POINT('Ctrl Pts',(-100.947821289262,84.7803607383482,17.7486991934437));
#2229=CARTESIAN_POINT('Ctrl Pts',(-100.987980601131,83.3058937124614,17.7484385800041));
#2230=CARTESIAN_POINT('Ctrl Pts',(-101.028139913,81.8314779641196,17.967792737944));
#2231=CARTESIAN_POINT('Ctrl Pts',(-101.06829922487,80.4262795073327,18.4070267567882));
#2232=CARTESIAN_POINT('Ctrl Pts',(-101.148757374923,77.6110004841442,19.2870208341731));
#2233=CARTESIAN_POINT('Ctrl Pts',(-101.229215524976,75.0735533948728,21.0495927416376));
#2234=CARTESIAN_POINT('Ctrl Pts',(-101.309673675029,73.2596868413174,23.3769592517215));
#2235=CARTESIAN_POINT('Ctrl Pts',(-101.370017287569,71.8992869261509,25.1224841342844));
#2236=CARTESIAN_POINT('Ctrl Pts',(-101.430360900109,70.9459010623248,27.1857059808208));
#2237=CARTESIAN_POINT('Ctrl Pts',(-101.490704512649,70.4927600392556,29.3526150293638));
#2238=CARTESIAN_POINT('Ctrl Pts',(-101.551048125189,70.0396190161864,31.5195240779069));
#2239=CARTESIAN_POINT('Ctrl Pts',(-101.611391737729,70.0867228338743,33.7901203284567));
#2240=CARTESIAN_POINT('Ctrl Pts',(-101.671735350269,70.6311099641115,35.9352816103403));
#2241=CARTESIAN_POINT('Ctrl Pts',(-101.732078962809,71.1754970943486,38.0804428922237));
#2242=CARTESIAN_POINT('Ctrl Pts',(-101.792422575349,72.217167537135,40.100169205441));
#2243=CARTESIAN_POINT('Ctrl Pts',(-101.852766187889,73.6492492547184,41.7880833961375));
#2244=CARTESIAN_POINT('Ctrl Pts',(-101.913109800429,75.0813309723018,43.475997586834));
#2245=CARTESIAN_POINT('Ctrl Pts',(-101.973453412969,76.9038239646823,44.8320996550098));
#2246=CARTESIAN_POINT('Ctrl Pts',(-102.033797025509,78.9317701307165,45.7188794287631));
#2247=CARTESIAN_POINT('Ctrl Pts',(-102.094140638049,80.9597162967508,46.6056592025164));
#2248=CARTESIAN_POINT('Ctrl Pts',(-102.154484250589,83.1931156364388,47.0231166818472));
#2249=CARTESIAN_POINT('Ctrl Pts',(-102.214827863129,85.4045435589592,46.9285648290466));
#2250=CARTESIAN_POINT('Ctrl Pts',(-102.275171475669,87.6159714814796,46.8340129762459));
#2251=CARTESIAN_POINT('Ctrl Pts',(-102.335515088209,89.8054279868324,46.2274517913138));
#2252=CARTESIAN_POINT('Ctrl Pts',(-102.395858700749,91.7502912600333,45.1706937677533));
#2253=CARTESIAN_POINT('Ctrl Pts',(-102.456202313289,93.6951545332341,44.1139357441929));
#2254=CARTESIAN_POINT('Ctrl Pts',(-102.516545925829,95.3954245742831,42.606980882004));
#2255=CARTESIAN_POINT('Ctrl Pts',(-102.576889538369,96.678069640534,40.8030810276651));
#2256=CARTESIAN_POINT('Ctrl Pts',(-102.637233150909,97.9607147067849,38.9991811733262));
#2257=CARTESIAN_POINT('Ctrl Pts',(-102.697576763449,98.8257347982376,36.8983363268371));
#2258=CARTESIAN_POINT('Ctrl Pts',(-102.757920375989,99.1851779369066,34.7142879540771));
#2259=CARTESIAN_POINT('Ctrl Pts',(-102.818263988529,99.5446210755755,32.530239581317));
#2260=CARTESIAN_POINT('Ctrl Pts',(-102.878607601069,99.3984872614607,30.2629876822859));
#2261=CARTESIAN_POINT('Ctrl Pts',(-102.938951213609,98.7615875668613,28.1431757106115));
#2262=CARTESIAN_POINT('Ctrl Pts',(-102.999294826149,98.1246878722619,26.0233637389371));
#2263=CARTESIAN_POINT('Ctrl Pts',(-103.059638438689,96.9970222971779,24.0509916946194));
#2264=CARTESIAN_POINT('Ctrl Pts',(-103.119982051229,95.4934011431405,22.4266990848692));
#2265=CARTESIAN_POINT('Ctrl Pts',(-103.180325663768,93.9897799891031,20.8024064751191));
#2266=CARTESIAN_POINT('Ctrl Pts',(-103.240669276308,92.1102032561123,19.5261932999365));
#2267=CARTESIAN_POINT('Ctrl Pts',(-103.301012888848,90.0457019061733,18.7279198269893));
#2268=CARTESIAN_POINT('Ctrl Pts',(-103.34994902232,88.3714780843026,18.0805535926125));
#2269=CARTESIAN_POINT('Ctrl Pts',(-103.398885155791,86.575638065206,17.7475057548254));
#2270=CARTESIAN_POINT('Ctrl Pts',(-103.447821289262,84.7804174852371,17.7461202592388));
#2271=CARTESIAN_POINT('Ctrl Pts',(-103.802177816668,84.7795176076864,17.7465980423094));
#2272=CARTESIAN_POINT('Ctrl Pts',(-103.741845240051,86.9934141293886,17.7503671180732));
#2273=CARTESIAN_POINT('Ctrl Pts',(-103.681512663434,89.2096269408573,18.2556634439459));
#2274=CARTESIAN_POINT('Ctrl Pts',(-103.621180086817,91.1964712814779,19.2277495862972));
#2275=CARTESIAN_POINT('Ctrl Pts',(-103.540721936764,93.8460816421386,20.5241015256867));
#2276=CARTESIAN_POINT('Ctrl Pts',(-103.46026378671,96.0877766430988,22.6506056441849));
#2277=CARTESIAN_POINT('Ctrl Pts',(-103.379805636657,97.5275754363719,25.2260482264978));
#2278=CARTESIAN_POINT('Ctrl Pts',(-103.319462024117,98.6074245313267,27.1576301632325));
#2279=CARTESIAN_POINT('Ctrl Pts',(-103.259118411577,99.2362070094575,29.341739985863));
#2280=CARTESIAN_POINT('Ctrl Pts',(-103.198774799037,99.3567242565783,31.5520778536408));
#2281=CARTESIAN_POINT('Ctrl Pts',(-103.168602992767,99.4169828801387,32.6572467875297));
#2282=CARTESIAN_POINT('Ctrl Pts',(-103.138431186497,99.3501751959465,33.7689727327055));
#2283=CARTESIAN_POINT('Ctrl Pts',(-103.108259380227,99.1595270756453,34.8593435091209));
#2284=CARTESIAN_POINT('Ctrl Pts',(-103.078087573957,98.9688789553441,35.9497142855363));
#2285=CARTESIAN_POINT('Ctrl Pts',(-103.047915767687,98.6543903989337,37.0187298931915));
#2286=CARTESIAN_POINT('Ctrl Pts',(-103.017743961417,98.2223438641242,38.037788711156));
#2287=CARTESIAN_POINT('Ctrl Pts',(-102.957400348877,97.3582507945051,40.0759063470851));
#2288=CARTESIAN_POINT('Ctrl Pts',(-102.897056736337,96.0239258112894,41.9141968242516));
#2289=CARTESIAN_POINT('Ctrl Pts',(-102.836713123797,94.3529962453526,43.3655709821011));
#2290=CARTESIAN_POINT('Ctrl Pts',(-102.776369511257,92.6820666794158,44.8169451399505));
#2291=CARTESIAN_POINT('Ctrl Pts',(-102.716025898717,90.6745325307578,45.8814029784828));
#2292=CARTESIAN_POINT('Ctrl Pts',(-102.655682286177,88.5354816302855,46.4507144932341));
#2293=CARTESIAN_POINT('Ctrl Pts',(-102.595338673637,86.3964307298131,47.0200260079853));
#2294=CARTESIAN_POINT('Ctrl Pts',(-102.534995061097,84.1258630775265,47.0941911989556));
#2295=CARTESIAN_POINT('Ctrl Pts',(-102.474651448557,81.9543688033201,46.6656432746773));
#2296=CARTESIAN_POINT('Ctrl Pts',(-102.414307836017,79.7828745291138,46.2370953503989));
#2297=CARTESIAN_POINT('Ctrl Pts',(-102.353964223477,77.7104536329878,45.3058343108722));
#2298=CARTESIAN_POINT('Ctrl Pts',(-102.293620610937,75.9481243571625,43.9666060522196));
#2299=CARTESIAN_POINT('Ctrl Pts',(-102.233276998397,74.1857950813372,42.6273777935671));
#2300=CARTESIAN_POINT('Ctrl Pts',(-102.172933385857,72.7335574258126,40.8801823157888));
#2301=CARTESIAN_POINT('Ctrl Pts',(-102.112589773317,71.7390603138557,38.9027625980578));
#2302=CARTESIAN_POINT('Ctrl Pts',(-102.052246160777,70.7445632018988,36.9253428803267));
#2303=CARTESIAN_POINT('Ctrl Pts',(-101.991902548237,70.2078066335096,34.7176989226427));
#2304=CARTESIAN_POINT('Ctrl Pts',(-101.931558935697,70.1834258440193,32.504405465026));
#2305=CARTESIAN_POINT('Ctrl Pts',(-101.871215323158,70.159045054529,30.2911120074093));
#2306=CARTESIAN_POINT('Ctrl Pts',(-101.810871710618,70.6470400439377,28.07216904986));
#2307=CARTESIAN_POINT('Ctrl Pts',(-101.750528098078,71.5977765926861,26.0733335384698));
#2308=CARTESIAN_POINT('Ctrl Pts',(-101.690184485538,72.5485131414345,24.0744980270796));
#2309=CARTESIAN_POINT('Ctrl Pts',(-101.629840872998,73.9619912495226,22.2957699618486));
#2310=CARTESIAN_POINT('Ctrl Pts',(-101.569497260458,75.6943622926314,20.9180501988545));
#2311=CARTESIAN_POINT('Ctrl Pts',(-101.509153647918,77.4267333357402,19.5403304358604));
#2312=CARTESIAN_POINT('Ctrl Pts',(-101.448810035378,79.4779973138696,18.5636189751031));
#2313=CARTESIAN_POINT('Ctrl Pts',(-101.388466422838,81.6396083036463,18.0873786903244));
#2314=CARTESIAN_POINT('Ctrl Pts',(-101.359703554131,82.669943255046,17.8603780815226));
#2315=CARTESIAN_POINT('Ctrl Pts',(-101.330940685425,83.7253486698614,17.7470828111862));
#2316=CARTESIAN_POINT('Ctrl Pts',(-101.302177816718,84.780765527732,17.7472034726373));
#2317=CARTESIAN_POINT('Origin',(-112.999999552965,84.7807492699152,32.3436660715062));
#2318=CARTESIAN_POINT('',(-98.4478212892621,84.7812627742638,17.7446937672907));
#2319=CARTESIAN_POINT('',(-98.8021778166682,84.7805529212414,17.7465580337087));
#2320=CARTESIAN_POINT('',(-112.999999552965,84.7807492699152,17.7463210715062));
#2321=CARTESIAN_POINT('Ctrl Pts',(-98.4478212892621,84.7812627742638,17.7446937672907));
#2322=CARTESIAN_POINT('Ctrl Pts',(-98.4966178964183,82.9912746494041,17.7459319545813));
#2323=CARTESIAN_POINT('Ctrl Pts',(-98.5454145035745,81.2002569071615,18.0787103095571));
#2324=CARTESIAN_POINT('Ctrl Pts',(-98.5942111107307,79.5300367519158,18.7229704079587));
#2325=CARTESIAN_POINT('Ctrl Pts',(-98.6545547232706,77.4645833571333,19.5196852620976));
#2326=CARTESIAN_POINT('Ctrl Pts',(-98.7148983358106,75.5838617438925,20.7927389141487));
#2327=CARTESIAN_POINT('Ctrl Pts',(-98.7752419483505,74.0785827197308,22.4151486520979));
#2328=CARTESIAN_POINT('Ctrl Pts',(-98.8355855608905,72.5733036955691,24.0375583900471));
#2329=CARTESIAN_POINT('Ctrl Pts',(-98.8959291734305,71.4434672604865,26.0093242138943));
#2330=CARTESIAN_POINT('Ctrl Pts',(-98.9562727859705,70.8043140295243,28.1286116105376));
#2331=CARTESIAN_POINT('Ctrl Pts',(-99.0166163985105,70.165160798562,30.2478990071809));
#2332=CARTESIAN_POINT('Ctrl Pts',(-99.0769600110504,70.0166907717202,32.5147079766203));
#2333=CARTESIAN_POINT('Ctrl Pts',(-99.1373036235904,70.3738470172927,34.6990624463228));
#2334=CARTESIAN_POINT('Ctrl Pts',(-99.1976472361304,70.7310032628652,36.8834169160252));
#2335=CARTESIAN_POINT('Ctrl Pts',(-99.2579908486703,71.593785780852,38.9853168859907));
#2336=CARTESIAN_POINT('Ctrl Pts',(-99.3183344612103,72.8745286039939,40.790597424714));
#2337=CARTESIAN_POINT('Ctrl Pts',(-99.3786780737503,74.1552714271359,42.5958779634373));
#2338=CARTESIAN_POINT('Ctrl Pts',(-99.4390216862902,75.8539745554329,44.1045390709185));
#2339=CARTESIAN_POINT('Ctrl Pts',(-99.4993652988302,77.7977237720188,45.163331651928));
#2340=CARTESIAN_POINT('Ctrl Pts',(-99.5597089113702,79.7414729886047,46.2221242329374));
#2341=CARTESIAN_POINT('Ctrl Pts',(-99.6200525239102,81.9302682934794,46.8310482874752));
#2342=CARTESIAN_POINT('Ctrl Pts',(-99.6803961364502,84.1416025490876,46.9279216195497));
#2343=CARTESIAN_POINT('Ctrl Pts',(-99.7407397489901,86.3529368046957,47.0247949516242));
#2344=CARTESIAN_POINT('Ctrl Pts',(-99.8010833615301,88.5868100110373,46.6096175612354));
#2345=CARTESIAN_POINT('Ctrl Pts',(-99.8614269740701,90.6156714735885,45.7249949139194));
#2346=CARTESIAN_POINT('Ctrl Pts',(-99.92177058661,92.6445329361398,44.8403722666033));
#2347=CARTESIAN_POINT('Ctrl Pts',(-99.98211419915,94.4683826549007,43.48630436236));
#2348=CARTESIAN_POINT('Ctrl Pts',(-100.04245781169,95.9022738012087,41.7998439550123));
#2349=CARTESIAN_POINT('Ctrl Pts',(-100.10280142423,97.3361649475167,40.1133835476646));
#2350=CARTESIAN_POINT('Ctrl Pts',(-100.16314503677,98.3800975213719,38.0945306372126));
#2351=CARTESIAN_POINT('Ctrl Pts',(-100.22348864931,98.9266714979133,35.9500543491556));
#2352=CARTESIAN_POINT('Ctrl Pts',(-100.28383226185,99.4732454744547,33.8055780610987));
#2353=CARTESIAN_POINT('Ctrl Pts',(-100.34417587439,99.5224608536824,31.535478395437));
#2354=CARTESIAN_POINT('Ctrl Pts',(-100.40451948693,99.0717249443425,29.3678855639898));
#2355=CARTESIAN_POINT('Ctrl Pts',(-100.46486309947,98.6209890350025,27.2002927325426));
#2356=CARTESIAN_POINT('Ctrl Pts',(-100.52520671201,97.6703018370949,25.1352067353101));
#2357=CARTESIAN_POINT('Ctrl Pts',(-100.58555032455,96.3117994622338,23.3883260747114));
#2358=CARTESIAN_POINT('Ctrl Pts',(-100.666008474603,94.500462962419,21.0591518605798));
#2359=CARTESIAN_POINT('Ctrl Pts',(-100.746466624656,91.9641217035756,19.2956760226862));
#2360=CARTESIAN_POINT('Ctrl Pts',(-100.82692477471,89.1493955956012,18.4126462273921));
#2361=CARTESIAN_POINT('Ctrl Pts',(-100.867223612894,87.739591966225,17.9703656777052));
#2362=CARTESIAN_POINT('Ctrl Pts',(-100.907522451078,86.25995053505,17.7489607123379));
#2363=CARTESIAN_POINT('Ctrl Pts',(-100.947821289262,84.7803607383482,17.7486991934437));
#2364=CARTESIAN_POINT('Ctrl Pts',(-101.302177816718,84.780765527732,17.7472034726373));
#2365=CARTESIAN_POINT('Ctrl Pts',(-101.270597072885,85.9395807267955,17.7473359551938));
#2366=CARTESIAN_POINT('Ctrl Pts',(-101.239016329051,87.0984097208781,17.8841954668408));
#2367=CARTESIAN_POINT('Ctrl Pts',(-101.207435585218,88.2240833435779,18.157398936807));
#2368=CARTESIAN_POINT('Ctrl Pts',(-101.147091972678,90.3749893923088,18.6794285768683));
#2369=CARTESIAN_POINT('Ctrl Pts',(-101.086748360138,92.4048434883468,19.6992569657912));
#2370=CARTESIAN_POINT('Ctrl Pts',(-101.026404747598,94.1077055049561,21.1135586389381));
#2371=CARTESIAN_POINT('Ctrl Pts',(-100.966061135058,95.8105675215653,22.5278603120849));
#2372=CARTESIAN_POINT('Ctrl Pts',(-100.905717522518,97.186437458746,24.3366352694559));
#2373=CARTESIAN_POINT('Ctrl Pts',(-100.845373909978,98.0942125235639,26.3550175113041));
#2374=CARTESIAN_POINT('Ctrl Pts',(-100.785030297438,99.0019875883817,28.3733997531524));
#2375=CARTESIAN_POINT('Ctrl Pts',(-100.724686684898,99.4416677808368,30.601389279478));
#2376=CARTESIAN_POINT('Ctrl Pts',(-100.664343072358,99.3708270256068,32.8140906378989));
#2377=CARTESIAN_POINT('Ctrl Pts',(-100.603999459818,99.2999862703768,35.0267919963198));
#2378=CARTESIAN_POINT('Ctrl Pts',(-100.543655847278,98.7186245674618,37.2242051868359));
#2379=CARTESIAN_POINT('Ctrl Pts',(-100.483312234738,97.6811142125854,39.178893324335));
#2380=CARTESIAN_POINT('Ctrl Pts',(-100.402854084685,96.2977670727502,41.7851441743337));
#2381=CARTESIAN_POINT('Ctrl Pts',(-100.322395934632,94.1034889960946,43.9598838189688));
#2382=CARTESIAN_POINT('Ctrl Pts',(-100.241937784578,91.4831041482172,45.3144549746632));
#2383=CARTESIAN_POINT('Ctrl Pts',(-100.161479634525,88.8627193003399,46.6690261303576));
#2384=CARTESIAN_POINT('Ctrl Pts',(-100.081021484472,85.8162276812406,47.2034287971113));
#2385=CARTESIAN_POINT('Ctrl Pts',(-100.000563334418,82.8913009491257,46.821522609799));
#2386=CARTESIAN_POINT('Ctrl Pts',(-99.9201051843651,79.9663742170108,46.4396164224867));
#2387=CARTESIAN_POINT('Ctrl Pts',(-99.8396470343119,77.1630123718803,45.1414013811084));
#2388=CARTESIAN_POINT('Ctrl Pts',(-99.7591888842586,74.9755709413897,43.1611210241808));
#2389=CARTESIAN_POINT('Ctrl Pts',(-99.6988452717187,73.3349898685217,41.6759107564851));
#2390=CARTESIAN_POINT('Ctrl Pts',(-99.6385016591787,72.0408640288886,39.807038748793));
#2391=CARTESIAN_POINT('Ctrl Pts',(-99.5781580466387,71.2214051015442,37.7503814535));
#2392=CARTESIAN_POINT('Ctrl Pts',(-99.5178144340987,70.4019461741997,35.6937241582071));
#2393=CARTESIAN_POINT('Ctrl Pts',(-99.4574708215587,70.0571541591439,33.4492815753133));
#2394=CARTESIAN_POINT('Ctrl Pts',(-99.3971272090187,70.2239463502849,31.2425040058291));
#2395=CARTESIAN_POINT('Ctrl Pts',(-99.3367835964787,70.3907385414259,29.035726436345));
#2396=CARTESIAN_POINT('Ctrl Pts',(-99.2764399839388,71.0691149387638,26.8666138802705));
#2397=CARTESIAN_POINT('Ctrl Pts',(-99.2160963713988,72.1891486747113,24.9572574556646));
#2398=CARTESIAN_POINT('Ctrl Pts',(-99.1557527588589,73.3091824106588,23.0479010310586));
#2399=CARTESIAN_POINT('Ctrl Pts',(-99.0954091463189,74.870873485216,21.3983007379211));
#2400=CARTESIAN_POINT('Ctrl Pts',(-99.0350655337789,76.715797994327,20.1755528732573));
#2401=CARTESIAN_POINT('Ctrl Pts',(-98.974721921239,78.560722503438,18.9528050085935));
#2402=CARTESIAN_POINT('Ctrl Pts',(-98.914378308699,80.6888804471029,18.1569095724033));
#2403=CARTESIAN_POINT('Ctrl Pts',(-98.854034696159,82.8835613405595,17.8692185496338));
#2404=CARTESIAN_POINT('Ctrl Pts',(-98.8367490696621,83.5122349086044,17.7868085089221));
#2405=CARTESIAN_POINT('Ctrl Pts',(-98.8194634431652,84.1463670498119,17.7460994297728));
#2406=CARTESIAN_POINT('Ctrl Pts',(-98.8021778166682,84.7805529212414,17.7465580337087));
#2407=CARTESIAN_POINT('Origin',(-112.999999552965,84.7807492699152,32.3436660715062));
#2408=CARTESIAN_POINT('',(-95.9478212892621,84.7809027646734,17.7469853214734));
#2409=CARTESIAN_POINT('',(-96.3021778166682,84.7807264641226,17.745617632302));
#2410=CARTESIAN_POINT('',(-112.999999552965,84.7807492699152,17.7463210715062));
#2411=CARTESIAN_POINT('Ctrl Pts',(-95.9478212892621,84.7809027646734,17.7469853214734));
#2412=CARTESIAN_POINT('Ctrl Pts',(-95.985140654192,83.4115983304766,17.747607304389));
#2413=CARTESIAN_POINT('Ctrl Pts',(-96.0224600191219,82.0421231537645,17.9394489720591));
#2414=CARTESIAN_POINT('Ctrl Pts',(-96.0597793840519,80.7270726443761,18.3195658655976));
#2415=CARTESIAN_POINT('Ctrl Pts',(-96.1201229965918,78.6006994180883,18.934196542906));
#2416=CARTESIAN_POINT('Ctrl Pts',(-96.1804666091318,76.6166212789626,20.0410790058997));
#2417=CARTESIAN_POINT('Ctrl Pts',(-96.2408102216718,74.9766505653128,21.5276063481764));
#2418=CARTESIAN_POINT('Ctrl Pts',(-96.3011538342117,73.3366798516631,23.0141336904531));
#2419=CARTESIAN_POINT('Ctrl Pts',(-96.3614974467517,72.0408165634893,24.8803059120126));
#2420=CARTESIAN_POINT('Ctrl Pts',(-96.4218410592916,71.2209469626351,26.9362839811974));
#2421=CARTESIAN_POINT('Ctrl Pts',(-96.4821846718316,70.4010773617809,28.9922620503821));
#2422=CARTESIAN_POINT('Ctrl Pts',(-96.5425282843716,70.0572014482461,31.238045967192));
#2423=CARTESIAN_POINT('Ctrl Pts',(-96.6028718969116,70.2241842176328,33.4451571425116));
#2424=CARTESIAN_POINT('Ctrl Pts',(-96.6632155094516,70.3911669870194,35.6522683178312));
#2425=CARTESIAN_POINT('Ctrl Pts',(-96.7235591219915,71.0690084393275,37.8207067516606));
#2426=CARTESIAN_POINT('Ctrl Pts',(-96.7839027345315,72.1889908628417,39.7299061207298));
#2427=CARTESIAN_POINT('Ctrl Pts',(-96.8442463470715,73.3089732863559,41.639105489799));
#2428=CARTESIAN_POINT('Ctrl Pts',(-96.9045899596114,74.8710966810763,43.2890657941079));
#2429=CARTESIAN_POINT('Ctrl Pts',(-96.9649335721514,76.7159590304535,44.511876306818));
#2430=CARTESIAN_POINT('Ctrl Pts',(-97.0252771846914,78.5608213798306,45.734686819528));
#2431=CARTESIAN_POINT('Ctrl Pts',(-97.0856207972314,80.6884226838645,46.530347540639));
#2432=CARTESIAN_POINT('Ctrl Pts',(-97.1459644097714,82.8833118842174,46.818037443935));
#2433=CARTESIAN_POINT('Ctrl Pts',(-97.2063080223113,85.0782010845702,47.1057273472309));
#2434=CARTESIAN_POINT('Ctrl Pts',(-97.2666516348512,87.340378181242,46.8854464327118));
#2435=CARTESIAN_POINT('Ctrl Pts',(-97.3269952473912,89.4376996194644,46.1793575809317));
#2436=CARTESIAN_POINT('Ctrl Pts',(-97.3873388599312,91.5350210576869,45.4732687291517));
#2437=CARTESIAN_POINT('Ctrl Pts',(-97.4476824724712,93.4674868374599,44.2813719401109));
#2438=CARTESIAN_POINT('Ctrl Pts',(-97.5080260850112,95.0425145628621,42.7253896335697));
#2439=CARTESIAN_POINT('Ctrl Pts',(-97.5683696975511,96.6175422882643,41.1694073270285));
#2440=CARTESIAN_POINT('Ctrl Pts',(-97.6287133100911,97.8351319592956,39.2493395029868));
#2441=CARTESIAN_POINT('Ctrl Pts',(-97.689056922631,98.5638232378405,37.159804589134));
#2442=CARTESIAN_POINT('Ctrl Pts',(-97.7695150726843,99.5354116092338,34.3737580373303));
#2443=CARTESIAN_POINT('Ctrl Pts',(-97.8499732227377,99.6378472828738,31.2864366591955));
#2444=CARTESIAN_POINT('Ctrl Pts',(-97.930431372791,98.850008617272,28.4435706961692));
#2445=CARTESIAN_POINT('Ctrl Pts',(-98.0108895228443,98.0621699516702,25.6007047331428));
#2446=CARTESIAN_POINT('Ctrl Pts',(-98.0913476728976,96.3840569468265,23.0022941852248));
#2447=CARTESIAN_POINT('Ctrl Pts',(-98.1718058229509,94.1159055867329,21.1166939631417));
#2448=CARTESIAN_POINT('Ctrl Pts',(-98.2522639730041,91.8477542266394,19.2310937410587));
#2449=CARTESIAN_POINT('Ctrl Pts',(-98.3327221230574,88.9895645112959,18.0583038448104));
#2450=CARTESIAN_POINT('Ctrl Pts',(-98.4131802731107,86.0501992608541,17.7997756464006));
#2451=CARTESIAN_POINT('Ctrl Pts',(-98.4247272784945,85.6283542849342,17.7626727985607));
#2452=CARTESIAN_POINT('Ctrl Pts',(-98.4362742838783,85.204837356991,17.7444007683273));
#2453=CARTESIAN_POINT('Ctrl Pts',(-98.4478212892621,84.7812627742638,17.7446937672907));
#2454=CARTESIAN_POINT('Ctrl Pts',(-98.8021778166682,84.7805529212414,17.7465580337087));
#2455=CARTESIAN_POINT('Ctrl Pts',(-98.7591198306252,86.3602912318876,17.7477004025938));
#2456=CARTESIAN_POINT('Ctrl Pts',(-98.7160618445822,87.9403629350217,18.0042855336004));
#2457=CARTESIAN_POINT('Ctrl Pts',(-98.6730038585391,89.4372291133439,18.5080709103239));
#2458=CARTESIAN_POINT('Ctrl Pts',(-98.6126602459992,91.5350121494236,19.2141009031321));
#2459=CARTESIAN_POINT('Ctrl Pts',(-98.5523166334591,93.4693743783347,20.405647498097));
#2460=CARTESIAN_POINT('Ctrl Pts',(-98.4919730209192,95.0435203560052,21.9617526389915));
#2461=CARTESIAN_POINT('Ctrl Pts',(-98.4316294083792,96.6176663336757,23.5178577798859));
#2462=CARTESIAN_POINT('Ctrl Pts',(-98.3712857958392,97.8315960601056,25.4385214667098));
#2463=CARTESIAN_POINT('Ctrl Pts',(-98.3109421832992,98.5617582472338,27.527957045553));
#2464=CARTESIAN_POINT('Ctrl Pts',(-98.2505985707593,99.2919204343621,29.6173926243963));
#2465=CARTESIAN_POINT('Ctrl Pts',(-98.1902549582193,99.5383150821886,31.875600095259));
#2466=CARTESIAN_POINT('Ctrl Pts',(-98.1299113456794,99.2760348302144,34.0735957330668));
#2467=CARTESIAN_POINT('Ctrl Pts',(-98.0695677331394,99.0137545782401,36.2715913708746));
#2468=CARTESIAN_POINT('Ctrl Pts',(-98.0092241205994,98.242799426465,38.4093751756276));
#2469=CARTESIAN_POINT('Ctrl Pts',(-97.9488805080594,97.0412588769071,40.2679874662258));
#2470=CARTESIAN_POINT('Ctrl Pts',(-97.8885368955194,95.8397183273492,42.1265997568239));
#2471=CARTESIAN_POINT('Ctrl Pts',(-97.8281932829795,94.2075923800085,43.7060405332674));
#2472=CARTESIAN_POINT('Ctrl Pts',(-97.7678496704395,92.3115793249826,44.8486296999526));
#2473=CARTESIAN_POINT('Ctrl Pts',(-97.7075060578996,90.4155662699569,45.9912188666377));
#2474=CARTESIAN_POINT('Ctrl Pts',(-97.6471624453596,88.255666107246,46.6969564235645));
#2475=CARTESIAN_POINT('Ctrl Pts',(-97.5868188328196,86.0507195515144,46.8877469915657));
#2476=CARTESIAN_POINT('Ctrl Pts',(-97.5063606827663,83.1107908105388,47.1421344155672));
#2477=CARTESIAN_POINT('Ctrl Pts',(-97.425902532713,80.0907795930819,46.4810605259229));
#2478=CARTESIAN_POINT('Ctrl Pts',(-97.3454443826597,77.5310203304706,45.0169965344283));
#2479=CARTESIAN_POINT('Ctrl Pts',(-97.2649862326064,74.9712610678593,43.5529325429337));
#2480=CARTESIAN_POINT('Ctrl Pts',(-97.1845280825532,72.8717537600936,41.2858784495887));
#2481=CARTESIAN_POINT('Ctrl Pts',(-97.1040699324998,71.600562263013,38.6222626887181));
#2482=CARTESIAN_POINT('Ctrl Pts',(-97.0839553949865,71.2827643887429,37.9563587485005));
#2483=CARTESIAN_POINT('Ctrl Pts',(-97.0638408574732,71.0167362526406,37.2656697040624));
#2484=CARTESIAN_POINT('Ctrl Pts',(-97.0437263199599,70.8045725101183,36.5588405237785));
#2485=CARTESIAN_POINT('Ctrl Pts',(-96.9833827074199,70.1680812825517,34.4383529829267));
#2486=CARTESIAN_POINT('Ctrl Pts',(-96.9230390948799,70.0163695972061,32.1726042194617));
#2487=CARTESIAN_POINT('Ctrl Pts',(-96.8626954823399,70.3727868754026,29.988527349603));
#2488=CARTESIAN_POINT('Ctrl Pts',(-96.8023518698,70.7292041535991,27.8044504797443));
#2489=CARTESIAN_POINT('Ctrl Pts',(-96.7420082572601,71.5937503953377,25.7020455034918));
#2490=CARTESIAN_POINT('Ctrl Pts',(-96.6816646447201,72.8749370650459,23.8966210270778));
#2491=CARTESIAN_POINT('Ctrl Pts',(-96.6213210321801,74.156123734754,22.0911965506639));
#2492=CARTESIAN_POINT('Ctrl Pts',(-96.5609774196401,75.8539508324316,20.5827525740884));
#2493=CARTESIAN_POINT('Ctrl Pts',(-96.5006338071001,77.7975025021369,19.5240439633573));
#2494=CARTESIAN_POINT('Ctrl Pts',(-96.4402901945601,79.7410541718422,18.4653353526262));
#2495=CARTESIAN_POINT('Ctrl Pts',(-96.3799465820201,81.9303304135752,17.8563621077395));
#2496=CARTESIAN_POINT('Ctrl Pts',(-96.3196029694802,84.141736006037,17.7594177089413));
#2497=CARTESIAN_POINT('Ctrl Pts',(-96.3137945852095,84.3545952121509,17.7500863100175));
#2498=CARTESIAN_POINT('Ctrl Pts',(-96.3079862009389,84.5676594479482,17.7454988872491));
#2499=CARTESIAN_POINT('Ctrl Pts',(-96.3021778166682,84.7807264641226,17.745617632302));
#2500=CARTESIAN_POINT('Origin',(-112.999999552965,84.7807492699152,32.3436660715062));
#2501=CARTESIAN_POINT('',(-93.4478212892621,84.780650246962,17.7471035600079));
#2502=CARTESIAN_POINT('',(-93.8021778176872,84.7808899291833,17.7456558926522));
#2503=CARTESIAN_POINT('',(-112.999999552965,84.7807492699152,17.7463210715062));
#2504=CARTESIAN_POINT('Ctrl Pts',(-93.4478212892621,84.780650246962,17.7471035600079));
#2505=CARTESIAN_POINT('Ctrl Pts',(-93.4736634119657,83.8324425840707,17.7468325895734));
#2506=CARTESIAN_POINT('Ctrl Pts',(-93.4995055346694,82.8842864788796,17.8381642438311));
#2507=CARTESIAN_POINT('Ctrl Pts',(-93.525347657373,81.9543249673284,18.0216910134599));
#2508=CARTESIAN_POINT('Ctrl Pts',(-93.585691269913,79.7827836518695,18.4502420424986));
#2509=CARTESIAN_POINT('Ctrl Pts',(-93.646034882453,77.7104507726616,19.3814991724236));
#2510=CARTESIAN_POINT('Ctrl Pts',(-93.706378494993,75.9481452396178,20.7207253963114));
#2511=CARTESIAN_POINT('Ctrl Pts',(-93.766722107533,74.185839706574,22.0599516201992));
#2512=CARTESIAN_POINT('Ctrl Pts',(-93.8270657200729,72.7335615196943,23.8071469380499));
#2513=CARTESIAN_POINT('Ctrl Pts',(-93.8874093326129,71.7390512835583,25.7845687592494));
#2514=CARTESIAN_POINT('Ctrl Pts',(-93.9477529451528,70.7445410474223,27.761990580449));
#2515=CARTESIAN_POINT('Ctrl Pts',(-94.0080965576928,70.20779876203,29.9696389049974));
#2516=CARTESIAN_POINT('Ctrl Pts',(-94.0684401702327,70.1834273406996,32.1829291486807));
#2517=CARTESIAN_POINT('Ctrl Pts',(-94.1287837827727,70.1590559193692,34.3962193923639));
#2518=CARTESIAN_POINT('Ctrl Pts',(-94.1891273953127,70.6470553621008,36.6151515551819));
#2519=CARTESIAN_POINT('Ctrl Pts',(-94.2494710078527,71.5977813822374,38.6139931474223));
#2520=CARTESIAN_POINT('Ctrl Pts',(-94.3098146203927,72.5485074023739,40.6128347396626));
#2521=CARTESIAN_POINT('Ctrl Pts',(-94.3701582329327,73.9619599999156,42.3915857613252));
#2522=CARTESIAN_POINT('Ctrl Pts',(-94.4305018454726,75.6943482861457,43.769293449532));
#2523=CARTESIAN_POINT('Ctrl Pts',(-94.4908454580126,77.4267365723758,45.1470011377388));
#2524=CARTESIAN_POINT('Ctrl Pts',(-94.5511890705526,79.4780605472943,46.1236654924898));
#2525=CARTESIAN_POINT('Ctrl Pts',(-94.6115326830925,81.6396385876891,46.5999302249752));
#2526=CARTESIAN_POINT('Ctrl Pts',(-94.6718762956325,83.8012166280839,47.0761949574606));
#2527=CARTESIAN_POINT('Ctrl Pts',(-94.7322199081724,86.0730487339549,47.0520600676804));
#2528=CARTESIAN_POINT('Ctrl Pts',(-94.7925635207124,88.2240207939308,46.5299807917707));
#2529=CARTESIAN_POINT('Ctrl Pts',(-94.8529071332524,90.3749928539066,46.007901515861));
#2530=CARTESIAN_POINT('Ctrl Pts',(-94.9132507457924,92.4051048679872,44.9878778538218));
#2531=CARTESIAN_POINT('Ctrl Pts',(-94.9735943583324,94.1078332598408,43.5736770770112));
#2532=CARTESIAN_POINT('Ctrl Pts',(-95.0339379708724,95.8105616516944,42.1594763002005));
#2533=CARTESIAN_POINT('Ctrl Pts',(-95.0942815834123,97.1859064213209,40.3510984086184));
#2534=CARTESIAN_POINT('Ctrl Pts',(-95.1546251959522,98.093953021606,38.3325100615292));
#2535=CARTESIAN_POINT('Ctrl Pts',(-95.2149688084922,99.0019996218911,36.31392171444));
#2536=CARTESIAN_POINT('Ctrl Pts',(-95.2753124210322,99.4427480528348,34.0851229118437));
#2537=CARTESIAN_POINT('Ctrl Pts',(-95.3356560335722,99.3713616868623,31.8728499805496));
#2538=CARTESIAN_POINT('Ctrl Pts',(-95.3959996461122,99.2999753208897,29.6605770492556));
#2539=CARTESIAN_POINT('Ctrl Pts',(-95.4563432586521,98.7164541580009,27.4648299892637));
#2540=CARTESIAN_POINT('Ctrl Pts',(-95.5166868711921,97.6801582870093,25.508982461964));
#2541=CARTESIAN_POINT('Ctrl Pts',(-95.5770304837321,96.6438624160177,23.5531349346642));
#2542=CARTESIAN_POINT('Ctrl Pts',(-95.6373740962721,95.1547918369234,21.8371869400564));
#2543=CARTESIAN_POINT('Ctrl Pts',(-95.697717708812,93.3644334206653,20.5357026860183));
#2544=CARTESIAN_POINT('Ctrl Pts',(-95.758061321352,91.5740750044072,19.2342184319802));
#2545=CARTESIAN_POINT('Ctrl Pts',(-95.818404933892,89.4824287509853,18.3471979185118));
#2546=CARTESIAN_POINT('Ctrl Pts',(-95.8787485464319,87.3022714675495,17.9648771075891));
#2547=CARTESIAN_POINT('Ctrl Pts',(-95.901772794042,86.4704273168624,17.8190017009529));
#2548=CARTESIAN_POINT('Ctrl Pts',(-95.924797041652,85.6256975355841,17.7466015880233));
#2549=CARTESIAN_POINT('Ctrl Pts',(-95.9478212892621,84.7809027646734,17.7469853214734));
#2550=CARTESIAN_POINT('Ctrl Pts',(-96.3021778166682,84.7807264641226,17.745617632302));
#2551=CARTESIAN_POINT('Ctrl Pts',(-96.2476425883989,86.7812239901612,17.7467325359078));
#2552=CARTESIAN_POINT('Ctrl Pts',(-96.1931073601296,88.7819666184525,18.1627164536262));
#2553=CARTESIAN_POINT('Ctrl Pts',(-96.1385721318603,90.6155555166241,18.9622759730374));
#2554=CARTESIAN_POINT('Ctrl Pts',(-96.0782285193203,92.6444344915584,19.8469941886416));
#2555=CARTESIAN_POINT('Ctrl Pts',(-96.0178849067803,94.4686574982366,21.2013461725597));
#2556=CARTESIAN_POINT('Ctrl Pts',(-95.9575412942404,95.9024330451352,22.8876362380795));
#2557=CARTESIAN_POINT('Ctrl Pts',(-95.8971976817004,97.3362085920337,24.5739263035993));
#2558=CARTESIAN_POINT('Ctrl Pts',(-95.8368540691605,98.3795366791527,26.5921544507207));
#2559=CARTESIAN_POINT('Ctrl Pts',(-95.7765104566205,98.9263840099238,28.7369650921469));
#2560=CARTESIAN_POINT('Ctrl Pts',(-95.7161668440805,99.4732313406949,30.8817757335731));
#2561=CARTESIAN_POINT('Ctrl Pts',(-95.6558232315405,99.523597915118,33.1531688693041));
#2562=CARTESIAN_POINT('Ctrl Pts',(-95.5954796190005,99.0723084144083,35.320095194714));
#2563=CARTESIAN_POINT('Ctrl Pts',(-95.5351360064606,98.6210189136986,37.4870215201238));
#2564=CARTESIAN_POINT('Ctrl Pts',(-95.4747923939206,97.6680733378561,39.5494810352125));
#2565=CARTESIAN_POINT('Ctrl Pts',(-95.4144487813807,96.3104404078743,41.2976493826587));
#2566=CARTESIAN_POINT('Ctrl Pts',(-95.3541051688407,94.9528074778925,43.0458177301048));
#2567=CARTESIAN_POINT('Ctrl Pts',(-95.2937615563007,93.1904871937714,44.4796949099083));
#2568=CARTESIAN_POINT('Ctrl Pts',(-95.2334179437607,91.2027483449204,45.4534171125391));
#2569=CARTESIAN_POINT('Ctrl Pts',(-95.1730743312207,89.2150094960694,46.4271393151699));
#2570=CARTESIAN_POINT('Ctrl Pts',(-95.1127307186807,87.0018520824885,46.9407065406281));
#2571=CARTESIAN_POINT('Ctrl Pts',(-95.0523871061408,84.7884272623023,46.941871086548));
#2572=CARTESIAN_POINT('Ctrl Pts',(-94.9920434936008,82.5750024421161,46.9430356324679));
#2573=CARTESIAN_POINT('Ctrl Pts',(-94.9316998810608,80.3613102153248,46.4317974988496));
#2574=CARTESIAN_POINT('Ctrl Pts',(-94.8713562685209,78.3725469956208,45.4601662359617));
#2575=CARTESIAN_POINT('Ctrl Pts',(-94.8110126559809,76.3837837759168,44.4885349730737));
#2576=CARTESIAN_POINT('Ctrl Pts',(-94.7506690434409,74.6199495633002,43.0565105809161));
#2577=CARTESIAN_POINT('Ctrl Pts',(-94.690325430901,73.2604811117654,41.3097726600296));
#2578=CARTESIAN_POINT('Ctrl Pts',(-94.629981818361,71.9010126602305,39.5630347391431));
#2579=CARTESIAN_POINT('Ctrl Pts',(-94.5696382058211,70.9459099697774,37.5015832895276));
#2580=CARTESIAN_POINT('Ctrl Pts',(-94.5092945932811,70.4923351315755,35.335130536553));
#2581=CARTESIAN_POINT('Ctrl Pts',(-94.4489509807411,70.0387602933736,33.1686777835784));
#2582=CARTESIAN_POINT('Ctrl Pts',(-94.3886073682011,70.0867133074229,30.8972237272447));
#2583=CARTESIAN_POINT('Ctrl Pts',(-94.3282637556611,70.631316261585,28.751843783377));
#2584=CARTESIAN_POINT('Ctrl Pts',(-94.2679201431211,71.1759192157471,26.6064638395093));
#2585=CARTESIAN_POINT('Ctrl Pts',(-94.2075765305812,72.217172110022,24.5871580081077));
#2586=CARTESIAN_POINT('Ctrl Pts',(-94.1472329180413,73.6491478657107,22.8993508154053));
#2587=CARTESIAN_POINT('Ctrl Pts',(-94.0868893055013,75.0811236213994,21.2115436227028));
#2588=CARTESIAN_POINT('Ctrl Pts',(-94.0265456929613,76.9038222385018,19.8552350686994));
#2589=CARTESIAN_POINT('Ctrl Pts',(-93.9662020804213,78.9318202446883,18.96840270791));
#2590=CARTESIAN_POINT('Ctrl Pts',(-93.9115273261766,80.7693020912309,18.164882014642));
#2591=CARTESIAN_POINT('Ctrl Pts',(-93.8568525719319,82.7753222823866,17.7467727967443));
#2592=CARTESIAN_POINT('Ctrl Pts',(-93.8021778176872,84.7808899291833,17.7456558926522));
#2593=CARTESIAN_POINT('Origin',(-112.999999552965,84.7807492699152,32.3436660715062));
#2594=CARTESIAN_POINT('',(-90.9478212892621,84.7805112414292,17.7463575738806));
#2595=CARTESIAN_POINT('',(-91.3021778166682,84.7809784429836,17.7465908025657));
#2596=CARTESIAN_POINT('',(-112.999999552965,84.7807492699152,17.7463210715062));
#2597=CARTESIAN_POINT('Ctrl Pts',(-90.9478212892621,84.7805112414292,17.7463575738806));
#2598=CARTESIAN_POINT('Ctrl Pts',(-90.9621861697395,84.2535076957347,17.7459522853874));
#2599=CARTESIAN_POINT('Ctrl Pts',(-90.9765510502169,83.7265472230381,17.7740431105634));
#2600=CARTESIAN_POINT('Ctrl Pts',(-90.9909159306942,83.2027257348762,17.8310006348232));
#2601=CARTESIAN_POINT('Ctrl Pts',(-91.0512595432342,81.0022701883418,18.0702663064437));
#2602=CARTESIAN_POINT('Ctrl Pts',(-91.1116031557742,78.8572067321726,18.8189281813765));
#2603=CARTESIAN_POINT('Ctrl Pts',(-91.1719467683142,76.9857489465568,20.0008293131211));
#2604=CARTESIAN_POINT('Ctrl Pts',(-91.2322903808541,75.1142911609411,21.1827304448658));
#2605=CARTESIAN_POINT('Ctrl Pts',(-91.2926339933941,73.5164390458786,22.7978708334223));
#2606=CARTESIAN_POINT('Ctrl Pts',(-91.3529776059341,72.354744548287,24.6819396044757));
#2607=CARTESIAN_POINT('Ctrl Pts',(-91.4133212184741,71.1930500506954,26.5660083755292));
#2608=CARTESIAN_POINT('Ctrl Pts',(-91.473664831014,70.4675131705745,28.7190055290796));
#2609=CARTESIAN_POINT('Ctrl Pts',(-91.534008443554,70.2519419259189,30.9219072699828));
#2610=CARTESIAN_POINT('Ctrl Pts',(-91.594352056094,70.0363706812632,33.1248090108861));
#2611=CARTESIAN_POINT('Ctrl Pts',(-91.6546956686339,70.3307650720726,35.3776153391422));
#2612=CARTESIAN_POINT('Ctrl Pts',(-91.7150392811739,71.1051767887278,37.4511471903754));
#2613=CARTESIAN_POINT('Ctrl Pts',(-91.7753828937139,71.8795885053831,39.5246790416085));
#2614=CARTESIAN_POINT('Ctrl Pts',(-91.8357265062538,73.134017547884,41.4189364158188));
#2615=CARTESIAN_POINT('Ctrl Pts',(-91.8960701187938,74.7408503083076,42.9412163331104));
#2616=CARTESIAN_POINT('Ctrl Pts',(-91.9564137313338,76.3476830687311,44.463496250402));
#2617=CARTESIAN_POINT('Ctrl Pts',(-92.0167573438738,78.3069195470774,45.6137987107749));
#2618=CARTESIAN_POINT('Ctrl Pts',(-92.0771009564137,80.4192462763526,46.2751030422621));
#2619=CARTESIAN_POINT('Ctrl Pts',(-92.1374445689537,82.5315730056279,46.9364073737492));
#2620=CARTESIAN_POINT('Ctrl Pts',(-92.1977881814936,84.7969899858321,47.1087135763506));
#2621=CARTESIAN_POINT('Ctrl Pts',(-92.2581317940336,86.9850357549848,46.7744929643856));
#2622=CARTESIAN_POINT('Ctrl Pts',(-92.3184754065736,89.1730815241375,46.4402723524207));
#2623=CARTESIAN_POINT('Ctrl Pts',(-92.3788190191136,91.2837560822385,45.5995249258894));
#2624=CARTESIAN_POINT('Ctrl Pts',(-92.4391626316536,93.102340039029,44.3377800864699));
#2625=CARTESIAN_POINT('Ctrl Pts',(-92.4995062441936,94.9209239958195,43.0760352470503));
#2626=CARTESIAN_POINT('Ctrl Pts',(-92.5598498567335,96.4474173512994,41.3932929947424));
#2627=CARTESIAN_POINT('Ctrl Pts',(-92.6201934692735,97.5265295628102,39.4607391105291));
#2628=CARTESIAN_POINT('Ctrl Pts',(-92.6805370818134,98.605641774321,37.5281852263158));
#2629=CARTESIAN_POINT('Ctrl Pts',(-92.7408806943534,99.2373728418626,35.3458197101971));
#2630=CARTESIAN_POINT('Ctrl Pts',(-92.8012243068934,99.3574566223684,33.1356551120026));
#2631=CARTESIAN_POINT('Ctrl Pts',(-92.8615679194334,99.4775404028741,30.9254905138082));
#2632=CARTESIAN_POINT('Ctrl Pts',(-92.9219115319733,99.0859768963439,28.6875268335381));
#2633=CARTESIAN_POINT('Ctrl Pts',(-92.9822551445133,98.2225999468942,26.6494326468115));
#2634=CARTESIAN_POINT('Ctrl Pts',(-93.0425987570533,97.3592229974446,24.6113384600849));
#2635=CARTESIAN_POINT('Ctrl Pts',(-93.1029423695932,96.0240326050755,22.7731137669018));
#2636=CARTESIAN_POINT('Ctrl Pts',(-93.1632859821332,94.3528580044745,21.3217615960431));
#2637=CARTESIAN_POINT('Ctrl Pts',(-93.2236295946732,92.6816834038734,19.8704094251845));
#2638=CARTESIAN_POINT('Ctrl Pts',(-93.2839732072132,90.6745245950402,18.8059297766504));
#2639=CARTESIAN_POINT('Ctrl Pts',(-93.3443168197532,88.5355703147687,18.2366124164595));
#2640=CARTESIAN_POINT('Ctrl Pts',(-93.3788183095895,87.312622164088,17.9111049387086));
#2641=CARTESIAN_POINT('Ctrl Pts',(-93.4133197994258,86.0465902558048,17.7474653291938));
#2642=CARTESIAN_POINT('Ctrl Pts',(-93.4478212892621,84.780650246962,17.7471035600079));
#2643=CARTESIAN_POINT('Ctrl Pts',(-93.8021778176872,84.7808899291833,17.7456558926522));
#2644=CARTESIAN_POINT('Ctrl Pts',(-93.7965089593919,84.9888337772778,17.7455400883635));
#2645=CARTESIAN_POINT('Ctrl Pts',(-93.7908401010966,85.196772760419,17.7499070449495));
#2646=CARTESIAN_POINT('Ctrl Pts',(-93.7851712428014,85.4045185182194,17.7587919629999));
#2647=CARTESIAN_POINT('Ctrl Pts',(-93.7248276302614,87.6159213902934,17.8533697464549));
#2648=CARTESIAN_POINT('Ctrl Pts',(-93.6644840177215,89.8054297391708,18.4598814809403));
#2649=CARTESIAN_POINT('Ctrl Pts',(-93.6041404051815,91.7503043861718,19.5166265767414));
#2650=CARTESIAN_POINT('Ctrl Pts',(-93.5437967926415,93.6951790331727,20.5733716725425));
#2651=CARTESIAN_POINT('Ctrl Pts',(-93.4834531801015,95.3954199782973,22.0803501296592));
#2652=CARTESIAN_POINT('Ctrl Pts',(-93.4231095675616,96.6780613000254,23.8842566791397));
#2653=CARTESIAN_POINT('Ctrl Pts',(-93.3627659550216,97.9607026217536,25.6881632286202));
#2654=CARTESIAN_POINT('Ctrl Pts',(-93.3024223424817,98.8257443200853,27.7889978704644));
#2655=CARTESIAN_POINT('Ctrl Pts',(-93.2420787299417,99.1851855039818,29.9730422000055));
#2656=CARTESIAN_POINT('Ctrl Pts',(-93.1817351174017,99.5446266878784,32.1570865295465));
#2657=CARTESIAN_POINT('Ctrl Pts',(-93.1213915048617,99.3984673573398,34.4243405467843));
#2658=CARTESIAN_POINT('Ctrl Pts',(-93.0610478923217,98.7615763341576,36.5441559683575));
#2659=CARTESIAN_POINT('Ctrl Pts',(-93.0007042797818,98.1246853109752,38.6639713899307));
#2660=CARTESIAN_POINT('Ctrl Pts',(-92.9403606672418,96.9970625951492,40.6363482158393));
#2661=CARTESIAN_POINT('Ctrl Pts',(-92.8800170547019,95.4934215097009,42.2606360861757));
#2662=CARTESIAN_POINT('Ctrl Pts',(-92.8196734421619,93.9897804242525,43.8849239565121));
#2663=CARTESIAN_POINT('Ctrl Pts',(-92.7593298296219,92.1101209691818,45.1611228712764));
#2664=CARTESIAN_POINT('Ctrl Pts',(-92.6989862170819,90.0456613475634,45.959404816359));
#2665=CARTESIAN_POINT('Ctrl Pts',(-92.6386426045419,87.9812017259451,46.7576867614415));
#2666=CARTESIAN_POINT('Ctrl Pts',(-92.578298992002,85.7319419377792,47.0780517368424));
#2667=CARTESIAN_POINT('Ctrl Pts',(-92.517955379462,83.5266997007949,46.8879089349028));
#2668=CARTESIAN_POINT('Ctrl Pts',(-92.457611766922,81.3214574638106,46.6977661329632));
#2669=CARTESIAN_POINT('Ctrl Pts',(-92.397268154382,79.160232778008,45.9971155536831));
#2670=CARTESIAN_POINT('Ctrl Pts',(-92.3369245418421,77.26288755971,44.8572345519457));
#2671=CARTESIAN_POINT('Ctrl Pts',(-92.2765809293021,75.3655423414121,43.7173535502082));
#2672=CARTESIAN_POINT('Ctrl Pts',(-92.2162373167621,73.7320765906188,42.1382421260134));
#2673=CARTESIAN_POINT('Ctrl Pts',(-92.1558937042222,72.5286631207754,40.2805436428817));
#2674=CARTESIAN_POINT('Ctrl Pts',(-92.0955500916822,71.325249650932,38.42284515975));
#2675=CARTESIAN_POINT('Ctrl Pts',(-92.0352064791422,70.5518884620385,36.2865596176814));
#2676=CARTESIAN_POINT('Ctrl Pts',(-91.9748628666023,70.2872538548718,34.0890118745244));
#2677=CARTESIAN_POINT('Ctrl Pts',(-91.9145192540623,70.0226192477052,31.8914641313674));
#2678=CARTESIAN_POINT('Ctrl Pts',(-91.8541756415223,70.2667112222654,29.632654187122));
#2679=CARTESIAN_POINT('Ctrl Pts',(-91.7938320289824,70.9946980716268,27.5423712542558));
#2680=CARTESIAN_POINT('Ctrl Pts',(-91.7334884164424,71.7226849209881,25.4520883213895));
#2681=CARTESIAN_POINT('Ctrl Pts',(-91.6731448039024,72.9345666451506,23.5303323999025));
#2682=CARTESIAN_POINT('Ctrl Pts',(-91.6128011913625,74.5070585826333,21.9726042831425));
#2683=CARTESIAN_POINT('Ctrl Pts',(-91.5524575788225,76.079550520116,20.4148761663824));
#2684=CARTESIAN_POINT('Ctrl Pts',(-91.4921139662826,78.0126526709189,19.2211758543494));
#2685=CARTESIAN_POINT('Ctrl Pts',(-91.4317703537426,80.1097093838114,18.5129385346319));
#2686=CARTESIAN_POINT('Ctrl Pts',(-91.3885728413845,81.6109061046872,18.0059405429107));
#2687=CARTESIAN_POINT('Ctrl Pts',(-91.3453753290263,83.1961219919619,17.7477199893529));
#2688=CARTESIAN_POINT('Ctrl Pts',(-91.3021778166682,84.7809784429836,17.7465908025657));
#2689=CARTESIAN_POINT('Origin',(-112.999999552965,84.7807492699152,32.3436660715062));
#2690=CARTESIAN_POINT('',(-88.4478212892621,84.780672815525,17.7455152645655));
#2691=CARTESIAN_POINT('',(-88.8021778166682,84.7807863102084,17.7471668534506));
#2692=CARTESIAN_POINT('',(-112.999999552965,84.7807492699152,17.7463210715062));
#2693=CARTESIAN_POINT('Ctrl Pts',(-88.4478212892621,84.780672815525,17.7455152645655));
#2694=CARTESIAN_POINT('Ctrl Pts',(-88.4507089275132,84.6747520459212,17.7454801878385));
#2695=CARTESIAN_POINT('Ctrl Pts',(-88.4535965657643,84.568832031674,17.7466130267741));
#2696=CARTESIAN_POINT('Ctrl Pts',(-88.4564842040155,84.4629375663099,17.7489189550208));
#2697=CARTESIAN_POINT('Ctrl Pts',(-88.5168278165555,82.2500376001902,17.7971064454761));
#2698=CARTESIAN_POINT('Ctrl Pts',(-88.5771714290955,80.0482946732616,18.3575747816252));
#2699=CARTESIAN_POINT('Ctrl Pts',(-88.6375150416354,78.0816891069443,19.3733066069827));
#2700=CARTESIAN_POINT('Ctrl Pts',(-88.6978586541753,76.115083540627,20.3890384323402));
#2701=CARTESIAN_POINT('Ctrl Pts',(-88.7582022667152,74.383615334921,21.8600337469061));
#2702=CARTESIAN_POINT('Ctrl Pts',(-88.8185458792552,73.0634318971149,23.636649054246));
#2703=CARTESIAN_POINT('Ctrl Pts',(-88.8788894917952,71.7432484593087,25.4132643615859));
#2704=CARTESIAN_POINT('Ctrl Pts',(-88.9392331043352,70.8343497894023,27.4954996616998));
#2705=CARTESIAN_POINT('Ctrl Pts',(-88.9995767168752,70.42918989495,29.6715264089174));
#2706=CARTESIAN_POINT('Ctrl Pts',(-89.0599203294152,70.0240300004977,31.847553156135));
#2707=CARTESIAN_POINT('Ctrl Pts',(-89.1202639419551,70.1226088814995,34.1173713504563));
#2708=CARTESIAN_POINT('Ctrl Pts',(-89.1806075544951,70.7149147384666,36.2500763555361));
#2709=CARTESIAN_POINT('Ctrl Pts',(-89.240951167035,71.3072205954337,38.382781360616));
#2710=CARTESIAN_POINT('Ctrl Pts',(-89.3012947795751,72.3932534283662,40.3783731764545));
#2711=CARTESIAN_POINT('Ctrl Pts',(-89.361638392115,73.8624972596729,42.0338306619461));
#2712=CARTESIAN_POINT('Ctrl Pts',(-89.421982004655,75.3317410909796,43.6892881474377));
#2713=CARTESIAN_POINT('Ctrl Pts',(-89.482325617195,77.1841959206607,45.0046113025823));
#2714=CARTESIAN_POINT('Ctrl Pts',(-89.5426692297349,79.2314793162925,45.8460105176132));
#2715=CARTESIAN_POINT('Ctrl Pts',(-89.6030128422749,81.2787627119242,46.6874097326441));
#2716=CARTESIAN_POINT('Ctrl Pts',(-89.6633564548149,83.5208746735067,47.0548850075612));
#2717=CARTESIAN_POINT('Ctrl Pts',(-89.7237000673549,85.7295861348169,46.9110154542483));
#2718=CARTESIAN_POINT('Ctrl Pts',(-89.7840436798948,87.938297596127,46.7671459009354));
#2719=CARTESIAN_POINT('Ctrl Pts',(-89.8443872924348,90.1136085571648,46.1119315193924));
#2720=CARTESIAN_POINT('Ctrl Pts',(-89.9047309049747,92.0345076316116,45.0121038881451));
#2721=CARTESIAN_POINT('Ctrl Pts',(-89.9650745175147,93.9554067060583,43.9122762568978));
#2722=CARTESIAN_POINT('Ctrl Pts',(-90.0254181300548,95.6218938939139,42.3678353759461));
#2723=CARTESIAN_POINT('Ctrl Pts',(-90.0857617425947,96.863979196541,40.5357943766512));
#2724=CARTESIAN_POINT('Ctrl Pts',(-90.1461053551347,98.1060644991681,38.7037533773563));
#2725=CARTESIAN_POINT('Ctrl Pts',(-90.2064489676746,98.9237479165665,36.5841122597182));
#2726=CARTESIAN_POINT('Ctrl Pts',(-90.2667925802145,99.234319044769,34.3925665271753));
#2727=CARTESIAN_POINT('Ctrl Pts',(-90.3271361927545,99.5448901729715,32.2010207946323));
#2728=CARTESIAN_POINT('Ctrl Pts',(-90.3874798052946,99.3483490119781,29.9375704471846));
#2729=CARTESIAN_POINT('Ctrl Pts',(-90.4478234178345,98.6644091092103,27.8324816215311));
#2730=CARTESIAN_POINT('Ctrl Pts',(-90.5081670303745,97.9804692064424,25.7273927958775));
#2731=CARTESIAN_POINT('Ctrl Pts',(-90.5685106429144,96.8091305619002,23.7806654920182));
#2732=CARTESIAN_POINT('Ctrl Pts',(-90.6288542554544,95.2696420126044,22.1903114798265));
#2733=CARTESIAN_POINT('Ctrl Pts',(-90.6891978679943,93.7301534633086,20.5999574676348));
#2734=CARTESIAN_POINT('Ctrl Pts',(-90.7495414805344,91.822515009259,19.3659767471106));
#2735=CARTESIAN_POINT('Ctrl Pts',(-90.8098850930744,89.7407719637845,18.6139211210026));
#2736=CARTESIAN_POINT('Ctrl Pts',(-90.855863825137,88.1545907313031,18.0408933774932));
#2737=CARTESIAN_POINT('Ctrl Pts',(-90.9018425571995,86.4673303459581,17.7476548106425));
#2738=CARTESIAN_POINT('Ctrl Pts',(-90.9478212892621,84.7805112414292,17.7463575738806));
#2739=CARTESIAN_POINT('Ctrl Pts',(-91.3021778166682,84.7809784429836,17.7465908025657));
#2740=CARTESIAN_POINT('Ctrl Pts',(-91.2850317164863,85.4100449331518,17.746142601993));
#2741=CARTESIAN_POINT('Ctrl Pts',(-91.2678856163045,86.0390547948122,17.7861986641876));
#2742=CARTESIAN_POINT('Ctrl Pts',(-91.2507395161226,86.6627314520952,17.867278896729));
#2743=CARTESIAN_POINT('Ctrl Pts',(-91.1903959035826,88.8576855325043,18.1526309059458));
#2744=CARTESIAN_POINT('Ctrl Pts',(-91.1300522910427,90.9865824183403,18.9461092517814));
#2745=CARTESIAN_POINT('Ctrl Pts',(-91.0697086785027,92.8328459759517,20.1669922606474));
#2746=CARTESIAN_POINT('Ctrl Pts',(-91.0093650659628,94.6791095335631,21.3878752695133));
#2747=CARTESIAN_POINT('Ctrl Pts',(-90.9490214534227,96.2427397629498,23.0361629414096));
#2748=CARTESIAN_POINT('Ctrl Pts',(-90.8886778408828,97.3646741960263,24.9441764913269));
#2749=CARTESIAN_POINT('Ctrl Pts',(-90.8283342283428,98.4866086291029,26.8521900412441));
#2750=CARTESIAN_POINT('Ctrl Pts',(-90.7679906158029,99.1668472658692,29.0199294691823));
#2751=CARTESIAN_POINT('Ctrl Pts',(-90.7076470032629,99.3361770287633,31.2268660941368));
#2752=CARTESIAN_POINT('Ctrl Pts',(-90.6473033907229,99.5055067916573,33.4338027190912));
#2753=CARTESIAN_POINT('Ctrl Pts',(-90.5869597781829,99.1639276806792,35.6799365410618));
#2754=CARTESIAN_POINT('Ctrl Pts',(-90.5266161656429,98.3462137685913,37.7367774936592));
#2755=CARTESIAN_POINT('Ctrl Pts',(-90.466272553103,97.5284998565035,39.7936184462565));
#2756=CARTESIAN_POINT('Ctrl Pts',(-90.405928940563,96.234651143306,41.6611665294805));
#2757=CARTESIAN_POINT('Ctrl Pts',(-90.345585328023,94.5962279321292,43.1493682613226));
#2758=CARTESIAN_POINT('Ctrl Pts',(-90.2852417154831,92.9578047209524,44.6375699931647));
#2759=CARTESIAN_POINT('Ctrl Pts',(-90.224898102943,90.9748070117964,45.7464253736248));
#2760=CARTESIAN_POINT('Ctrl Pts',(-90.1645544904031,88.8490851530813,46.3633801306997));
#2761=CARTESIAN_POINT('Ctrl Pts',(-90.1042108778631,86.7233632943662,46.9803348877746));
#2762=CARTESIAN_POINT('Ctrl Pts',(-90.0438672653232,84.454917286092,47.1053890214642));
#2763=CARTESIAN_POINT('Ctrl Pts',(-89.9835236527833,82.2743815278727,46.725370344358));
#2764=CARTESIAN_POINT('Ctrl Pts',(-89.9231800402433,80.0938457696534,46.3453516672518));
#2765=CARTESIAN_POINT('Ctrl Pts',(-89.8628364277033,78.0012202614889,45.4602601793497));
#2766=CARTESIAN_POINT('Ctrl Pts',(-89.8024928151633,76.2094813573188,44.160590129546));
#2767=CARTESIAN_POINT('Ctrl Pts',(-89.7421492026233,74.4177424531487,42.8609200797423));
#2768=CARTESIAN_POINT('Ctrl Pts',(-89.6818055900834,72.9268901529728,41.1466714680368));
#2769=CARTESIAN_POINT('Ctrl Pts',(-89.6214619775434,71.8885430806957,39.1919486014649));
#2770=CARTESIAN_POINT('Ctrl Pts',(-89.5611183650035,70.8501960084185,37.2372257348929));
#2771=CARTESIAN_POINT('Ctrl Pts',(-89.5007747524634,70.26435416404,35.0420286134544));
#2772=CARTESIAN_POINT('Ctrl Pts',(-89.4404311399234,70.1906376582069,32.8298154337374));
#2773=CARTESIAN_POINT('Ctrl Pts',(-89.3800875273835,70.1169211523737,30.6176022540203));
#2774=CARTESIAN_POINT('Ctrl Pts',(-89.3197439148435,70.555329985086,28.3883730160247));
#2775=CARTESIAN_POINT('Ctrl Pts',(-89.2594003023036,71.461253969204,26.3688387318344));
#2776=CARTESIAN_POINT('Ctrl Pts',(-89.1990566897636,72.367177953322,24.349304447644));
#2777=CARTESIAN_POINT('Ctrl Pts',(-89.1387130772237,73.7406170888457,22.539465117259));
#2778=CARTESIAN_POINT('Ctrl Pts',(-89.0783694646837,75.4418559682401,21.1234697456675));
#2779=CARTESIAN_POINT('Ctrl Pts',(-89.0180258521437,77.1430948476345,19.707474374076));
#2780=CARTESIAN_POINT('Ctrl Pts',(-88.9576822396037,79.1721334708997,18.6853229612781));
#2781=CARTESIAN_POINT('Ctrl Pts',(-88.8973386270637,81.3225556952493,18.1609833284381));
#2782=CARTESIAN_POINT('Ctrl Pts',(-88.8656183569319,82.4529483081988,17.8853585506956));
#2783=CARTESIAN_POINT('Ctrl Pts',(-88.8338980868,83.6168815468029,17.7472887507989));
#2784=CARTESIAN_POINT('Ctrl Pts',(-88.8021778166682,84.7807863102084,17.7471668534506));
#2785=CARTESIAN_POINT('Origin',(-112.999999552965,84.7807492699152,32.3436660715062));
#2786=CARTESIAN_POINT('',(-85.9478212892621,84.7805609431322,17.7458769183195));
#2787=CARTESIAN_POINT('',(-86.3021778156602,84.7819575064933,17.7464629147574));
#2788=CARTESIAN_POINT('',(-112.999999552965,84.7807492699152,17.7463210715062));
#2789=CARTESIAN_POINT('Ctrl Pts',(-85.9478212892621,84.7805609431322,17.7458769183195));
#2790=CARTESIAN_POINT('Ctrl Pts',(-85.999575297827,82.8819846286021,17.7472190728227));
#2791=CARTESIAN_POINT('Ctrl Pts',(-86.0513293063918,80.9834291047631,18.1207427460337));
#2792=CARTESIAN_POINT('Ctrl Pts',(-86.1030833149566,79.2279112380103,18.8428485437676));
#2793=CARTESIAN_POINT('Ctrl Pts',(-86.1634269274965,77.1810303703063,19.6848021176002));
#2794=CARTESIAN_POINT('Ctrl Pts',(-86.2237705400365,75.3286071438479,21.000648085198));
#2795=CARTESIAN_POINT('Ctrl Pts',(-86.2841141525765,73.8597383402658,22.6565201406812));
#2796=CARTESIAN_POINT('Ctrl Pts',(-86.3444577651165,72.3908695366836,24.3123921961644));
#2797=CARTESIAN_POINT('Ctrl Pts',(-86.4048013776565,71.3055551559776,26.3082903395329));
#2798=CARTESIAN_POINT('Ctrl Pts',(-86.4651449901964,70.7138773932783,28.4411487460001));
#2799=CARTESIAN_POINT('Ctrl Pts',(-86.5254886027364,70.122199630579,30.5740071524673));
#2800=CARTESIAN_POINT('Ctrl Pts',(-86.5858322152764,70.0241584858865,32.8438258220331));
#2801=CARTESIAN_POINT('Ctrl Pts',(-86.6461758278163,70.4299046953249,35.0197577463179));
#2802=CARTESIAN_POINT('Ctrl Pts',(-86.7065194403563,70.8356509047633,37.1956896706026));
#2803=CARTESIAN_POINT('Ctrl Pts',(-86.7668630528963,71.7451844683326,39.2777348496064));
#2804=CARTESIAN_POINT('Ctrl Pts',(-86.8272066654363,73.0658583341381,41.0539522079493));
#2805=CARTESIAN_POINT('Ctrl Pts',(-86.8875502779762,74.3865321999436,42.8301695662921));
#2806=CARTESIAN_POINT('Ctrl Pts',(-86.9478938905162,76.1183463679852,44.3005591039741));
#2807=CARTESIAN_POINT('Ctrl Pts',(-87.0082375030562,78.0852500075912,45.3158160770208));
#2808=CARTESIAN_POINT('Ctrl Pts',(-87.0685811155961,80.0521536471971,46.3310730500674));
#2809=CARTESIAN_POINT('Ctrl Pts',(-87.1289247281361,82.2541467583673,46.8911974584787));
#2810=CARTESIAN_POINT('Ctrl Pts',(-87.1892683406761,84.4670400706856,46.9387678324464));
#2811=CARTESIAN_POINT('Ctrl Pts',(-87.249611953216,86.6799333830038,46.986338206414));
#2812=CARTESIAN_POINT('Ctrl Pts',(-87.309955565756,88.90372689647,46.521354545938));
#2813=CARTESIAN_POINT('Ctrl Pts',(-87.370299178296,90.912405252865,45.5915510741115));
#2814=CARTESIAN_POINT('Ctrl Pts',(-87.4306427908359,92.9210836092599,44.6617476022849));
#2815=CARTESIAN_POINT('Ctrl Pts',(-87.4909864033759,94.7146468085835,43.2671243191077));
#2816=CARTESIAN_POINT('Ctrl Pts',(-87.5513300159159,96.1104745740415,41.5493237080809));
#2817=CARTESIAN_POINT('Ctrl Pts',(-87.6116736284558,97.5063023394994,39.8315230970541));
#2818=CARTESIAN_POINT('Ctrl Pts',(-87.6720172409958,98.5043946710916,37.7905451581776));
#2819=CARTESIAN_POINT('Ctrl Pts',(-87.7323608535358,99.0032900956353,35.6340772267006));
#2820=CARTESIAN_POINT('Ctrl Pts',(-87.7927044660758,99.5021855201789,33.4776092952237));
#2821=CARTESIAN_POINT('Ctrl Pts',(-87.8530480786158,99.5018840376739,31.2056513711463));
#2822=CARTESIAN_POINT('Ctrl Pts',(-87.9133916911557,99.0023890456804,29.0493242909613));
#2823=CARTESIAN_POINT('Ctrl Pts',(-87.9737353036957,98.502894053687,26.8929972107764));
#2824=CARTESIAN_POINT('Ctrl Pts',(-88.0340789162357,97.504205552205,24.8523009744838));
#2825=CARTESIAN_POINT('Ctrl Pts',(-88.0944225287756,96.107933716852,23.1348384291462));
#2826=CARTESIAN_POINT('Ctrl Pts',(-88.1547661413156,94.711661881499,21.4173758838085));
#2827=CARTESIAN_POINT('Ctrl Pts',(-88.2151097538556,92.9178067122749,20.0231470294258));
#2828=CARTESIAN_POINT('Ctrl Pts',(-88.2754533663955,90.9088506250075,19.093985924615));
#2829=CARTESIAN_POINT('Ctrl Pts',(-88.3329093406844,88.9960296247564,18.2092882026673));
#2830=CARTESIAN_POINT('Ctrl Pts',(-88.3903653149732,86.8882016975312,17.7462131939269));
#2831=CARTESIAN_POINT('Ctrl Pts',(-88.4478212892621,84.780672815525,17.7455152645655));
#2832=CARTESIAN_POINT('Ctrl Pts',(-88.8021778166682,84.7807863102084,17.7471668534506));
#2833=CARTESIAN_POINT('Ctrl Pts',(-88.7735544742601,85.8310561986728,17.7470568572392));
#2834=CARTESIAN_POINT('Ctrl Pts',(-88.744931131852,86.8813029007172,17.8592733124495));
#2835=CARTESIAN_POINT('Ctrl Pts',(-88.7163077894438,87.9068609054677,18.0841049276937));
#2836=CARTESIAN_POINT('Ctrl Pts',(-88.6559641769039,90.0689380659021,18.5580940126713));
#2837=CARTESIAN_POINT('Ctrl Pts',(-88.5956205643639,92.1212865613366,19.5326000355085));
#2838=CARTESIAN_POINT('Ctrl Pts',(-88.5352769518239,93.8551243974271,20.9084858092425));
#2839=CARTESIAN_POINT('Ctrl Pts',(-88.4749333392839,95.5889622335175,22.2843715829766));
#2840=CARTESIAN_POINT('Ctrl Pts',(-88.4145897267439,97.0042894102639,24.0616371076075));
#2841=CARTESIAN_POINT('Ctrl Pts',(-88.3542461142039,97.9571154369067,26.0594754310598));
#2842=CARTESIAN_POINT('Ctrl Pts',(-88.293902501664,98.9099414635495,28.0573137545121));
#2843=CARTESIAN_POINT('Ctrl Pts',(-88.233558889124,99.4002663400887,30.2757248767857));
#2844=CARTESIAN_POINT('Ctrl Pts',(-88.1732152765841,99.3782278304176,32.489043183307));
#2845=CARTESIAN_POINT('Ctrl Pts',(-88.1128716640441,99.3561893207464,34.7023614898283));
#2846=CARTESIAN_POINT('Ctrl Pts',(-88.0525280515042,98.8217874248648,36.9105869805974));
#2847=CARTESIAN_POINT('Ctrl Pts',(-87.9921844389642,97.8293488656768,38.8890466494427));
#2848=CARTESIAN_POINT('Ctrl Pts',(-87.9318408264242,96.8369103064887,40.8675063182881));
#2849=CARTESIAN_POINT('Ctrl Pts',(-87.8714972138842,95.3864350839941,42.6162001652099));
#2850=CARTESIAN_POINT('Ctrl Pts',(-87.8111536013443,93.6255579637871,43.9572942835029));
#2851=CARTESIAN_POINT('Ctrl Pts',(-87.7508099888043,91.8646808435802,45.2983884017961));
#2852=CARTESIAN_POINT('Ctrl Pts',(-87.6904663762643,89.7934018256608,46.2318827914605));
#2853=CARTESIAN_POINT('Ctrl Pts',(-87.6301227637243,87.6222748576134,46.6626882240642));
#2854=CARTESIAN_POINT('Ctrl Pts',(-87.5697791511843,85.451147889566,47.093493656668));
#2855=CARTESIAN_POINT('Ctrl Pts',(-87.5094355386444,83.1801729713908,47.0216101322109));
#2856=CARTESIAN_POINT('Ctrl Pts',(-87.4490919261044,81.0406976054954,46.4546038828435));
#2857=CARTESIAN_POINT('Ctrl Pts',(-87.3887483135645,78.9012222396001,45.8875976334761));
#2858=CARTESIAN_POINT('Ctrl Pts',(-87.3284047010244,76.8932464259846,44.8254686591985));
#2859=CARTESIAN_POINT('Ctrl Pts',(-87.2680610884844,75.2203902353218,43.3757522007256));
#2860=CARTESIAN_POINT('Ctrl Pts',(-87.2077174759445,73.5475340446589,41.9260357422527));
#2861=CARTESIAN_POINT('Ctrl Pts',(-87.1473738634046,72.2097974769487,40.0887317995845));
#2862=CARTESIAN_POINT('Ctrl Pts',(-87.0870302508646,71.3445922530029,38.0517974728532));
#2863=CARTESIAN_POINT('Ctrl Pts',(-87.0266866383246,70.4793870290572,36.014863146122));
#2864=CARTESIAN_POINT('Ctrl Pts',(-86.9663430257846,70.0867131488761,33.7782984353277));
#2865=CARTESIAN_POINT('Ctrl Pts',(-86.9059994132446,70.2038513649238,31.5674991095867));
#2866=CARTESIAN_POINT('Ctrl Pts',(-86.8456558007046,70.3209895809716,29.3566997838458));
#2867=CARTESIAN_POINT('Ctrl Pts',(-86.7853121881648,70.9479398932482,27.1716658431582));
#2868=CARTESIAN_POINT('Ctrl Pts',(-86.7249685756248,72.0260254486664,25.2390287842822));
#2869=CARTESIAN_POINT('Ctrl Pts',(-86.6445104255716,73.4634728558906,22.6621793724476));
#2870=CARTESIAN_POINT('Ctrl Pts',(-86.5640522755181,75.7029384731442,20.534035528278));
#2871=CARTESIAN_POINT('Ctrl Pts',(-86.4835941254648,78.3512086251238,19.2349149648498));
#2872=CARTESIAN_POINT('Ctrl Pts',(-86.4231220221966,80.3416404956877,18.2584998618742));
#2873=CARTESIAN_POINT('Ctrl Pts',(-86.3626499189284,82.5630052437574,17.7503983794145));
#2874=CARTESIAN_POINT('Ctrl Pts',(-86.3021778156602,84.7819575064933,17.7464629147574));
#2875=CARTESIAN_POINT('Origin',(-112.999999552965,84.7807492699152,32.3436660715062));
#2876=CARTESIAN_POINT('',(-83.4478212891878,84.7795006220867,17.7430867324192));
#2877=CARTESIAN_POINT('',(-83.8021778166682,84.780581504353,17.7458884812071));
#2878=CARTESIAN_POINT('',(-112.999999552965,84.7807492699152,17.7463210715062));
#2879=CARTESIAN_POINT('Ctrl Pts',(-83.4478212891878,84.7795006220867,17.7430867324192));
#2880=CARTESIAN_POINT('Ctrl Pts',(-83.4579262492811,84.4090303361956,17.742282709966));
#2881=CARTESIAN_POINT('Ctrl Pts',(-83.4680312093744,84.0386183202038,17.7558325301718));
#2882=CARTESIAN_POINT('Ctrl Pts',(-83.4781361694678,83.6693232952194,17.7840237036511));
#2883=CARTESIAN_POINT('Ctrl Pts',(-83.5686515882777,80.3613543827036,18.0365468062317));
#2884=CARTESIAN_POINT('Ctrl Pts',(-83.6591670070878,77.1430097340757,19.4638515326405));
#2885=CARTESIAN_POINT('Ctrl Pts',(-83.7496824258977,74.7352839369183,21.7461634329819));
#2886=CARTESIAN_POINT('Ctrl Pts',(-83.8401978447077,72.3275581397609,24.0284753333232));
#2887=CARTESIAN_POINT('Ctrl Pts',(-83.9307132635176,70.730451194074,27.1657944075971));
#2888=CARTESIAN_POINT('Ctrl Pts',(-84.0212286823275,70.3014108519352,30.455548236668));
#2889=CARTESIAN_POINT('Ctrl Pts',(-84.1117441011375,69.8723705097964,33.745302065739));
#2890=CARTESIAN_POINT('Ctrl Pts',(-84.2022595199475,70.6113967712057,37.1874906496071));
#2891=CARTESIAN_POINT('Ctrl Pts',(-84.2927749387574,72.3535064524001,40.01087461432));
#2892=CARTESIAN_POINT('Ctrl Pts',(-84.3832903575674,74.0956161335945,42.8342585790329));
#2893=CARTESIAN_POINT('Ctrl Pts',(-84.4738057763773,76.8408092345738,45.0388379245908));
#2894=CARTESIAN_POINT('Ctrl Pts',(-84.5643211951873,79.9731311608209,46.1313069723236));
#2895=CARTESIAN_POINT('Ctrl Pts',(-84.6548366139973,83.105453087068,47.2237760200564));
#2896=CARTESIAN_POINT('Ctrl Pts',(-84.7453520328072,86.6249038385829,47.2041347699643));
#2897=CARTESIAN_POINT('Ctrl Pts',(-84.8358674516172,89.7453307509082,46.0758259153034));
#2898=CARTESIAN_POINT('Ctrl Pts',(-84.9263828704271,92.8657576632336,44.9475170606426));
#2899=CARTESIAN_POINT('Ctrl Pts',(-85.016898289237,95.5871607363694,42.710540601413));
#2900=CARTESIAN_POINT('Ctrl Pts',(-85.107413708047,97.2955537429387,39.8679326637987));
#2901=CARTESIAN_POINT('Ctrl Pts',(-85.1979291268569,99.0039467495079,37.0253247261844));
#2902=CARTESIAN_POINT('Ctrl Pts',(-85.288444545667,99.6993296895105,33.5770853101854));
#2903=CARTESIAN_POINT('Ctrl Pts',(-85.3789599644769,99.2362763231951,30.2904382856329));
#2904=CARTESIAN_POINT('Ctrl Pts',(-85.4393035770169,98.9275740789847,28.0993402692645));
#2905=CARTESIAN_POINT('Ctrl Pts',(-85.4996471895569,98.1040112541887,25.980061093539));
#2906=CARTESIAN_POINT('Ctrl Pts',(-85.5599908020968,96.8601613994732,24.1483562785977));
#2907=CARTESIAN_POINT('Ctrl Pts',(-85.6203344146368,95.6163115447577,22.3166514636565));
#2908=CARTESIAN_POINT('Ctrl Pts',(-85.6806780271768,93.9521746601228,20.7725210094994));
#2909=CARTESIAN_POINT('Ctrl Pts',(-85.7410216397167,92.0316781091597,19.6731861248305));
#2910=CARTESIAN_POINT('Ctrl Pts',(-85.8013652522567,90.1111815581966,18.5738512401615));
#2911=CARTESIAN_POINT('Ctrl Pts',(-85.8617088647967,87.9343253409054,17.9193119249807));
#2912=CARTESIAN_POINT('Ctrl Pts',(-85.9220524773367,85.7252279777848,17.7760728574241));
#2913=CARTESIAN_POINT('Ctrl Pts',(-85.9306420813118,85.4107742900945,17.7556835102787));
#2914=CARTESIAN_POINT('Ctrl Pts',(-85.939231685287,85.0956673302633,17.7456541611655));
#2915=CARTESIAN_POINT('Ctrl Pts',(-85.9478212892621,84.7805609431322,17.7458769183195));
#2916=CARTESIAN_POINT('Ctrl Pts',(-86.3021778156602,84.7819575064933,17.7464629147574));
#2917=CARTESIAN_POINT('Ctrl Pts',(-86.2821917688751,85.5153218404597,17.7451622426044));
#2918=CARTESIAN_POINT('Ctrl Pts',(-86.2622057220901,86.2484226576108,17.7989318424004));
#2919=CARTESIAN_POINT('Ctrl Pts',(-86.242219675305,86.9728360298353,17.9090660103496));
#2920=CARTESIAN_POINT('Ctrl Pts',(-86.1617615252517,89.8891185958618,18.3524349019644));
#2921=CARTESIAN_POINT('Ctrl Pts',(-86.0813033751984,92.664609041209,19.7092699678806));
#2922=CARTESIAN_POINT('Ctrl Pts',(-86.0008452251451,94.8102257232877,21.7347381913475));
#2923=CARTESIAN_POINT('Ctrl Pts',(-85.9405016126051,96.4194382348466,23.2538393589477));
#2924=CARTESIAN_POINT('Ctrl Pts',(-85.8801580000652,97.6743467545669,25.1490466776701));
#2925=CARTESIAN_POINT('Ctrl Pts',(-85.8198143875253,98.4505598096568,27.2223433700987));
#2926=CARTESIAN_POINT('Ctrl Pts',(-85.7594707749853,99.2267728647468,29.2956400625273));
#2927=CARTESIAN_POINT('Ctrl Pts',(-85.6991271624453,99.5242904552064,31.547026128662));
#2928=CARTESIAN_POINT('Ctrl Pts',(-85.6387835499053,99.3112277875933,33.7498712868772));
#2929=CARTESIAN_POINT('Ctrl Pts',(-85.5784399373653,99.0981651199802,35.9527164450924));
#2930=CARTESIAN_POINT('Ctrl Pts',(-85.5180963248253,98.3745221942945,38.1070206953881));
#2931=CARTESIAN_POINT('Ctrl Pts',(-85.4577527122853,97.2147166212284,39.9924486627903));
#2932=CARTESIAN_POINT('Ctrl Pts',(-85.3974090997454,96.0549110481624,41.8778766301925));
#2933=CARTESIAN_POINT('Ctrl Pts',(-85.3370654872054,94.458942827716,43.4944283147012));
#2934=CARTESIAN_POINT('Ctrl Pts',(-85.2767218746655,92.5887750237254,44.678229961609));
#2935=CARTESIAN_POINT('Ctrl Pts',(-85.2163782621255,90.7186072197347,45.8620316085168));
#2936=CARTESIAN_POINT('Ctrl Pts',(-85.1560346495855,88.5742398321997,46.6130832178237));
#2937=CARTESIAN_POINT('Ctrl Pts',(-85.0956910370456,86.3740159911275,46.8546962088844));
#2938=CARTESIAN_POINT('Ctrl Pts',(-85.0353474245056,84.1737921500554,47.0963091999452));
#2939=CARTESIAN_POINT('Ctrl Pts',(-84.9750038119656,81.9177118554461,46.8284835727598));
#2940=CARTESIAN_POINT('Ctrl Pts',(-84.9146601994257,79.8351867133958,46.0786037233258));
#2941=CARTESIAN_POINT('Ctrl Pts',(-84.8543165868857,77.7526615713456,45.3287238738917));
#2942=CARTESIAN_POINT('Ctrl Pts',(-84.7939729743456,75.8436915818544,44.096789802209));
#2943=CARTESIAN_POINT('Ctrl Pts',(-84.7336293618057,74.3025329765439,42.5080608779921));
#2944=CARTESIAN_POINT('Ctrl Pts',(-84.6732857492657,72.7613743712333,40.9193319537752));
#2945=CARTESIAN_POINT('Ctrl Pts',(-84.6129421367258,71.5880271501034,38.9738081770241));
#2946=CARTESIAN_POINT('Ctrl Pts',(-84.5525985241858,70.9018141247414,36.8694352576953));
#2947=CARTESIAN_POINT('Ctrl Pts',(-84.4922549116458,70.2156010993793,34.7650623383664));
#2948=CARTESIAN_POINT('Ctrl Pts',(-84.4319112991058,70.0165222697851,32.5018402764599));
#2949=CARTESIAN_POINT('Ctrl Pts',(-84.3715676865658,70.3248799375552,30.3100042938187));
#2950=CARTESIAN_POINT('Ctrl Pts',(-84.3112240740259,70.6332376053253,28.1181683111775));
#2951=CARTESIAN_POINT('Ctrl Pts',(-84.250880461486,71.4490317704596,25.9977184078016));
#2952=CARTESIAN_POINT('Ctrl Pts',(-84.190536848946,72.6891874324437,24.1643486320868));
#2953=CARTESIAN_POINT('Ctrl Pts',(-84.1301932364061,73.9293430944277,22.3309788563719));
#2954=CARTESIAN_POINT('Ctrl Pts',(-84.069849623866,75.5938602532614,20.7846892083179));
#2955=CARTESIAN_POINT('Ctrl Pts',(-84.009506011326,77.5135694643305,19.6828370259066));
#2956=CARTESIAN_POINT('Ctrl Pts',(-83.949162398786,79.4332786753996,18.5809848434953));
#2957=CARTESIAN_POINT('Ctrl Pts',(-83.8888187862461,81.608179938704,17.9235701267267));
#2958=CARTESIAN_POINT('Ctrl Pts',(-83.8284751737062,83.8166944086062,17.7773580190813));
#2959=CARTESIAN_POINT('Ctrl Pts',(-83.8197093880269,84.1375131945212,17.7561185880067));
#2960=CARTESIAN_POINT('Ctrl Pts',(-83.8109436023475,84.4590412789154,17.7456664417497));
#2961=CARTESIAN_POINT('Ctrl Pts',(-83.8021778166682,84.780581504353,17.7458884812071));
#2962=CARTESIAN_POINT('Origin',(-112.999999552965,84.7807492699152,32.3436660715062));
#2963=CARTESIAN_POINT('',(-80.9478212892621,84.7798227464486,17.7451383500602));
#2964=CARTESIAN_POINT('',(-81.3021778166682,84.7812408755599,17.7453233300409));
#2965=CARTESIAN_POINT('',(-112.999999552965,84.7807492699152,17.7463210715062));
#2966=CARTESIAN_POINT('Ctrl Pts',(-80.9478212892621,84.7798227464486,17.7451383500602));
#2967=CARTESIAN_POINT('Ctrl Pts',(-80.9766208133744,83.7228804248605,17.7441047889966));
#2968=CARTESIAN_POINT('Ctrl Pts',(-81.0054203374867,82.6662051231286,17.8572376307681));
#2969=CARTESIAN_POINT('Ctrl Pts',(-81.034219861599,81.6352795348875,18.0859251254085));
#2970=CARTESIAN_POINT('Ctrl Pts',(-81.1247352804089,78.3951335860272,18.8046781253979));
#2971=CARTESIAN_POINT('Ctrl Pts',(-81.2152506992189,75.4093465198661,20.6648944043846));
#2972=CARTESIAN_POINT('Ctrl Pts',(-81.3057661180288,73.3461245143577,23.2615011234694));
#2973=CARTESIAN_POINT('Ctrl Pts',(-81.3962815368388,71.2829025088493,25.8581078425543));
#2974=CARTESIAN_POINT('Ctrl Pts',(-81.4867969556487,70.1422455639937,29.1911050017375));
#2975=CARTESIAN_POINT('Ctrl Pts',(-81.5773123744587,70.1796868220311,32.5090538457609));
#2976=CARTESIAN_POINT('Ctrl Pts',(-81.6678277932687,70.2171280800686,35.8270026897843));
#2977=CARTESIAN_POINT('Ctrl Pts',(-81.7583432120787,71.4326675409992,39.1299032186481));
#2978=CARTESIAN_POINT('Ctrl Pts',(-81.8488586308887,73.5540288522213,41.6803295927382));
#2979=CARTESIAN_POINT('Ctrl Pts',(-81.9393740496986,75.6753901634434,44.2307559668282));
#2980=CARTESIAN_POINT('Ctrl Pts',(-82.0298894685085,78.7025733249569,46.0287081861446));
#2981=CARTESIAN_POINT('Ctrl Pts',(-82.1204048873184,81.9575504031306,46.6702845675302));
#2982=CARTESIAN_POINT('Ctrl Pts',(-82.2109203061284,85.2125274813042,47.3118609489159));
#2983=CARTESIAN_POINT('Ctrl Pts',(-82.3014357249383,88.695298476138,46.7970614923707));
#2984=CARTESIAN_POINT('Ctrl Pts',(-82.3919511437483,91.6257741614835,45.2417971613327));
#2985=CARTESIAN_POINT('Ctrl Pts',(-82.4824665625583,94.5562498468291,43.6865328302947));
#2986=CARTESIAN_POINT('Ctrl Pts',(-82.5729819813683,96.9344302226864,41.0908036247637));
#2987=CARTESIAN_POINT('Ctrl Pts',(-82.6634974001783,98.2276546044264,38.0356988371369));
#2988=CARTESIAN_POINT('Ctrl Pts',(-82.7540128189882,99.5208789861664,34.9805940495101));
#2989=CARTESIAN_POINT('Ctrl Pts',(-82.844528237798,99.7291473737891,31.4661136797875));
#2990=CARTESIAN_POINT('Ctrl Pts',(-82.935043656608,98.8057920341222,28.2796042171763));
#2991=CARTESIAN_POINT('Ctrl Pts',(-83.0255590754179,97.8824366944553,25.0930947545651));
#2992=CARTESIAN_POINT('Ctrl Pts',(-83.116074494228,95.8274576274987,22.2345561990654));
#2993=CARTESIAN_POINT('Ctrl Pts',(-83.206589913038,93.1011715058187,20.3441576606917));
#2994=CARTESIAN_POINT('Ctrl Pts',(-83.2870003717546,90.6792425072093,18.6647994295041));
#2995=CARTESIAN_POINT('Ctrl Pts',(-83.3674108304712,87.7275266760538,17.7494847600896));
#2996=CARTESIAN_POINT('Ctrl Pts',(-83.4478212891878,84.7795006220867,17.7430867324192));
#2997=CARTESIAN_POINT('Ctrl Pts',(-83.8021778166682,84.780581504353,17.7458884812071));
#2998=CARTESIAN_POINT('Ctrl Pts',(-83.7505999898076,86.6725221338756,17.7471949599535));
#2999=CARTESIAN_POINT('Ctrl Pts',(-83.6990221629468,88.564883103083,18.1180564861679));
#3000=CARTESIAN_POINT('Ctrl Pts',(-83.6474443360862,90.3156450884955,18.8354334172498));
#3001=CARTESIAN_POINT('Ctrl Pts',(-83.5871007235462,92.363953621983,19.6747304215858));
#3002=CARTESIAN_POINT('Ctrl Pts',(-83.5267571110063,94.2184430124582,20.9883339287798));
#3003=CARTESIAN_POINT('Ctrl Pts',(-83.4664134984664,95.6891149809597,22.6421315835181));
#3004=CARTESIAN_POINT('Ctrl Pts',(-83.4060698859264,97.1597869494613,24.2959292382563));
#3005=CARTESIAN_POINT('Ctrl Pts',(-83.3457262733863,98.2466414959892,26.2899210405387));
#3006=CARTESIAN_POINT('Ctrl Pts',(-83.2853826608463,98.8418354241264,28.4222461404025));
#3007=CARTESIAN_POINT('Ctrl Pts',(-83.2250390483063,99.4370293522636,30.5545712402664));
#3008=CARTESIAN_POINT('Ctrl Pts',(-83.1646954357665,99.5405626620101,32.8252296377117));
#3009=CARTESIAN_POINT('Ctrl Pts',(-83.1043518232265,99.1361880595996,35.0009395244747));
#3010=CARTESIAN_POINT('Ctrl Pts',(-83.0238936731733,98.5970219230522,37.9018860401587));
#3011=CARTESIAN_POINT('Ctrl Pts',(-82.9434355231199,97.1549083871146,40.6340352035186));
#3012=CARTESIAN_POINT('Ctrl Pts',(-82.8629773730666,95.0605787886181,42.7113101985797));
#3013=CARTESIAN_POINT('Ctrl Pts',(-82.7825192230133,92.9662491901216,44.7885851936409));
#3014=CARTESIAN_POINT('Ctrl Pts',(-82.70206107296,90.2197035290662,46.2109860204033));
#3015=CARTESIAN_POINT('Ctrl Pts',(-82.6216029229067,87.3146828444578,46.722732483657));
#3016=CARTESIAN_POINT('Ctrl Pts',(-82.5411447728534,84.4096621598494,47.2344789469106));
#3017=CARTESIAN_POINT('Ctrl Pts',(-82.4606866228001,81.3461664516881,46.8355710466555));
#3018=CARTESIAN_POINT('Ctrl Pts',(-82.3802284727468,78.665988072081,45.6014358236769));
#3019=CARTESIAN_POINT('Ctrl Pts',(-82.3198848602069,76.6558542873756,44.675834406443));
#3020=CARTESIAN_POINT('Ctrl Pts',(-82.2595412476669,74.861336499982,43.280417620177));
#3021=CARTESIAN_POINT('Ctrl Pts',(-82.1991976351269,73.4634730225891,41.5636419465502));
#3022=CARTESIAN_POINT('Ctrl Pts',(-82.138854022587,72.0656095451962,39.8468662729233));
#3023=CARTESIAN_POINT('Ctrl Pts',(-82.0785104100469,71.0644003778042,37.8087317119354));
#3024=CARTESIAN_POINT('Ctrl Pts',(-82.0181667975069,70.5625033529162,35.6533301530166));
#3025=CARTESIAN_POINT('Ctrl Pts',(-81.957823184967,70.0606063280282,33.4979285940977));
#3026=CARTESIAN_POINT('Ctrl Pts',(-81.897479572427,70.0580214456443,31.2252600372478));
#3027=CARTESIAN_POINT('Ctrl Pts',(-81.8371359598871,70.5547551732277,29.0680567826536));
#3028=CARTESIAN_POINT('Ctrl Pts',(-81.7767923473471,71.0514889008111,26.9108535280594));
#3029=CARTESIAN_POINT('Ctrl Pts',(-81.7164487348072,72.0475412383617,24.8691155757209));
#3030=CARTESIAN_POINT('Ctrl Pts',(-81.6561051222672,73.4414069709961,23.149939991494));
#3031=CARTESIAN_POINT('Ctrl Pts',(-81.5957615097272,74.8352727036304,21.430764407267));
#3032=CARTESIAN_POINT('Ctrl Pts',(-81.5354178971872,76.6269518313484,20.0341511911516));
#3033=CARTESIAN_POINT('Ctrl Pts',(-81.4750742846472,78.6348797872338,19.1021828379592));
#3034=CARTESIAN_POINT('Ctrl Pts',(-81.4174421286542,80.5525842849494,18.2120911902948));
#3035=CARTESIAN_POINT('Ctrl Pts',(-81.3598099726612,82.6675405412032,17.7458261921615));
#3036=CARTESIAN_POINT('Ctrl Pts',(-81.3021778166682,84.7812408755599,17.7453233300409));
#3037=CARTESIAN_POINT('Origin',(-112.999999552965,84.7807492699152,32.3436660715062));
#3038=CARTESIAN_POINT('',(-78.4478212892621,84.7800279786059,17.7463929871478));
#3039=CARTESIAN_POINT('',(-78.8021778166682,84.7809871176255,17.7463421019898));
#3040=CARTESIAN_POINT('',(-112.999999552965,84.7807492699152,17.7463210715062));
#3041=CARTESIAN_POINT('Ctrl Pts',(-78.4478212892621,84.7800279786059,17.7463929871478));
#3042=CARTESIAN_POINT('Ctrl Pts',(-78.4651435711481,84.1444561559502,17.7459271180782));
#3043=CARTESIAN_POINT('Ctrl Pts',(-78.4824658530342,83.5089988732169,17.7868210276485));
#3044=CARTESIAN_POINT('Ctrl Pts',(-78.4997881349202,82.879140966155,17.8696217688699));
#3045=CARTESIAN_POINT('Ctrl Pts',(-78.5601317474602,80.6849784563275,18.1580650512945));
#3046=CARTESIAN_POINT('Ctrl Pts',(-78.6204753600001,78.5587663461065,18.9550625233448));
#3047=CARTESIAN_POINT('Ctrl Pts',(-78.6808189725401,76.7133028834612,20.1780652531218));
#3048=CARTESIAN_POINT('Ctrl Pts',(-78.74116258508,74.867839420816,21.4010679828987));
#3049=CARTESIAN_POINT('Ctrl Pts',(-78.80150619762,73.3031246057464,23.0500759704024));
#3050=CARTESIAN_POINT('Ctrl Pts',(-78.86184981016,72.1852443949827,24.9599534075348));
#3051=CARTESIAN_POINT('Ctrl Pts',(-78.9423079602133,70.6947374472977,27.5064566570447));
#3052=CARTESIAN_POINT('Ctrl Pts',(-79.0227661102667,69.9986031294897,30.5167278170057));
#3053=CARTESIAN_POINT('Ctrl Pts',(-79.1032242603199,70.2233652496643,33.4578966108175));
#3054=CARTESIAN_POINT('Ctrl Pts',(-79.1836824103732,70.4481273698389,36.3990654046294));
#3055=CARTESIAN_POINT('Ctrl Pts',(-79.2641405604264,71.5937859279962,39.2711318322921));
#3056=CARTESIAN_POINT('Ctrl Pts',(-79.3445987104797,73.4558262040652,41.5593787810801));
#3057=CARTESIAN_POINT('Ctrl Pts',(-79.425056860533,75.3178664801342,43.8476257298682));
#3058=CARTESIAN_POINT('Ctrl Pts',(-79.5055150105864,77.896288474115,45.5520531997816));
#3059=CARTESIAN_POINT('Ctrl Pts',(-79.5859731606397,80.7305216145832,46.3704227382456));
#3060=CARTESIAN_POINT('Ctrl Pts',(-79.666431310693,83.5647547550515,47.1887922767096));
#3061=CARTESIAN_POINT('Ctrl Pts',(-79.7468894607462,86.6547990420072,47.1211038837242));
#3062=CARTESIAN_POINT('Ctrl Pts',(-79.8273476107995,89.4500014695863,46.1776780861675));
#3063=CARTESIAN_POINT('Ctrl Pts',(-79.9078057608528,92.2452038971655,45.2342522886107));
#3064=CARTESIAN_POINT('Ctrl Pts',(-79.9882639109062,94.745564465368,43.4150890864825));
#3065=CARTESIAN_POINT('Ctrl Pts',(-80.0687220609595,96.5035188032927,41.0463584715416));
#3066=CARTESIAN_POINT('Ctrl Pts',(-80.1491802110127,98.2614731412172,38.6776278566006));
#3067=CARTESIAN_POINT('Ctrl Pts',(-80.229638361066,99.2770212488639,35.7593298288469));
#3068=CARTESIAN_POINT('Ctrl Pts',(-80.3100965111193,99.3734512202886,32.8105022610749));
#3069=CARTESIAN_POINT('Ctrl Pts',(-80.3704401236593,99.4457736988572,30.5988815852459));
#3070=CARTESIAN_POINT('Ctrl Pts',(-80.4307837361993,99.0010922258009,28.3700880431566));
#3071=CARTESIAN_POINT('Ctrl Pts',(-80.4911273487393,98.0915017615193,26.3512717985505));
#3072=CARTESIAN_POINT('Ctrl Pts',(-80.5514709612792,97.1819112972376,24.3324555539444));
#3073=CARTESIAN_POINT('Ctrl Pts',(-80.6118145738191,95.8074118417306,22.5236166068214));
#3074=CARTESIAN_POINT('Ctrl Pts',(-80.6721581863591,94.1049547524781,21.1105763818443));
#3075=CARTESIAN_POINT('Ctrl Pts',(-80.7325017988991,92.4024976632256,19.6975361568672));
#3076=CARTESIAN_POINT('Ctrl Pts',(-80.7928454114391,90.3720829402276,18.680294654036));
#3077=CARTESIAN_POINT('Ctrl Pts',(-80.853189023979,88.2203027329531,18.1575997295064));
#3078=CARTESIAN_POINT('Ctrl Pts',(-80.8847331124067,87.0954787080369,17.8843655921047));
#3079=CARTESIAN_POINT('Ctrl Pts',(-80.9162772008344,85.9374905580812,17.7462704084046));
#3080=CARTESIAN_POINT('Ctrl Pts',(-80.9478212892621,84.7798227464486,17.7451383500602));
#3081=CARTESIAN_POINT('Ctrl Pts',(-81.3021778166682,84.7812408755599,17.7453233300409));
#3082=CARTESIAN_POINT('Ctrl Pts',(-81.2994663601213,84.8806854739991,17.7452996715682));
#3083=CARTESIAN_POINT('Ctrl Pts',(-81.2967549035743,84.9801272924805,17.746306968179));
#3084=CARTESIAN_POINT('Ctrl Pts',(-81.2940434470273,85.0795456586155,17.7483495869922));
#3085=CARTESIAN_POINT('Ctrl Pts',(-81.2336998344874,87.2921067900588,17.7938081794869));
#3086=CARTESIAN_POINT('Ctrl Pts',(-81.1733562219474,89.4930522688925,18.3520488547456));
#3087=CARTESIAN_POINT('Ctrl Pts',(-81.1130126094074,91.4617953216762,19.3647942268914));
#3088=CARTESIAN_POINT('Ctrl Pts',(-81.0526689968674,93.4305383744599,20.3775395990371));
#3089=CARTESIAN_POINT('Ctrl Pts',(-80.9923253843275,95.1670790011937,21.84478966807));
#3090=CARTESIAN_POINT('Ctrl Pts',(-80.9319817717875,96.4881488946157,23.6201530293673));
#3091=CARTESIAN_POINT('Ctrl Pts',(-80.8515236217343,98.2495754191784,25.9873041777638));
#3092=CARTESIAN_POINT('Ctrl Pts',(-80.7710654716809,99.2723873067425,28.9022122901861));
#3093=CARTESIAN_POINT('Ctrl Pts',(-80.6906073216276,99.3723733400851,31.8505015076102));
#3094=CARTESIAN_POINT('Ctrl Pts',(-80.6101491715743,99.4723593734278,34.7987907250344));
#3095=CARTESIAN_POINT('Ctrl Pts',(-80.5296910215211,98.649519552549,37.7804610474603));
#3096=CARTESIAN_POINT('Ctrl Pts',(-80.4492328714678,97.0502478171142,40.2588742984064));
#3097=CARTESIAN_POINT('Ctrl Pts',(-80.3687747214145,95.4509760816794,42.7372875493526));
#3098=CARTESIAN_POINT('Ctrl Pts',(-80.2883165713612,93.0752724316885,44.7124437288189));
#3099=CARTESIAN_POINT('Ctrl Pts',(-80.2078584213079,90.3483048853003,45.839555631904));
#3100=CARTESIAN_POINT('Ctrl Pts',(-80.1475148087679,88.3030792255092,46.6848895592178));
#3101=CARTESIAN_POINT('Ctrl Pts',(-80.087171196228,86.0602676239945,47.0531985810672));
#3102=CARTESIAN_POINT('Ctrl Pts',(-80.026827583688,83.8510090150358,46.9117329394124));
#3103=CARTESIAN_POINT('Ctrl Pts',(-79.966483971148,81.6417504060771,46.7702672977576));
#3104=CARTESIAN_POINT('Ctrl Pts',(-79.906140358608,79.4660447896744,46.1190269925986));
#3105=CARTESIAN_POINT('Ctrl Pts',(-79.845796746068,77.543909849672,45.0219998628626));
#3106=CARTESIAN_POINT('Ctrl Pts',(-79.7854531335281,75.6217749096697,43.9249727331266));
#3107=CARTESIAN_POINT('Ctrl Pts',(-79.7251095209881,73.9532106460678,42.3821587788135));
#3108=CARTESIAN_POINT('Ctrl Pts',(-79.6647659084481,72.7086010774185,40.5516229835211));
#3109=CARTESIAN_POINT('Ctrl Pts',(-79.6044222959082,71.4639915087691,38.7210871882287));
#3110=CARTESIAN_POINT('Ctrl Pts',(-79.5440786833682,70.6433366350724,36.602829551957));
#3111=CARTESIAN_POINT('Ctrl Pts',(-79.4837350708282,70.329807294779,34.4117929406937));
#3112=CARTESIAN_POINT('Ctrl Pts',(-79.4233914582883,70.0162779544856,32.2207563294303));
#3113=CARTESIAN_POINT('Ctrl Pts',(-79.3630478457482,70.2098741475956,29.9569407431754));
#3114=CARTESIAN_POINT('Ctrl Pts',(-79.3027042332083,70.8910560226067,27.8509142526207));
#3115=CARTESIAN_POINT('Ctrl Pts',(-79.2423606206683,71.5722378976177,25.744887762066));
#3116=CARTESIAN_POINT('Ctrl Pts',(-79.1820170081284,72.74100545453,23.7966503672116));
#3117=CARTESIAN_POINT('Ctrl Pts',(-79.1216733955884,74.2783835518462,22.2042641045634));
#3118=CARTESIAN_POINT('Ctrl Pts',(-79.0613297830484,75.8157616491625,20.6118778419153));
#3119=CARTESIAN_POINT('Ctrl Pts',(-79.0009861705084,77.7217502868828,19.3753427114735));
#3120=CARTESIAN_POINT('Ctrl Pts',(-78.9406425579685,79.8024902966996,18.6205169453992));
#3121=CARTESIAN_POINT('Ctrl Pts',(-78.8944876442017,81.3939822820443,18.0431746770855));
#3122=CARTESIAN_POINT('Ctrl Pts',(-78.848332730435,83.0877079181824,17.7476436835553));
#3123=CARTESIAN_POINT('Ctrl Pts',(-78.8021778166682,84.7809871176255,17.7463421019898));
#3124=CARTESIAN_POINT('Origin',(-112.999999552965,84.7807492699152,32.3436660715062));
#3125=CARTESIAN_POINT('',(-75.9478212886083,84.782653356553,17.7473055995059));
#3126=CARTESIAN_POINT('',(-76.3021778166682,84.7814370391502,17.7468780265297));
#3127=CARTESIAN_POINT('',(-112.999999552965,84.7807492699152,17.7463210715062));
#3128=CARTESIAN_POINT('Ctrl Pts',(-75.9478212886083,84.782653356553,17.7473055995059));
#3129=CARTESIAN_POINT('Ctrl Pts',(-76.014009941026,82.3544139571611,17.7533744929313));
#3130=CARTESIAN_POINT('Ctrl Pts',(-76.0801985934436,79.9232603015002,18.3609971429251));
#3131=CARTESIAN_POINT('Ctrl Pts',(-76.1463872458613,77.7928296207876,19.5222675934882));
#3132=CARTESIAN_POINT('Ctrl Pts',(-76.2369026646713,74.8793872365335,21.1103476849375));
#3133=CARTESIAN_POINT('Ctrl Pts',(-76.3274180834813,72.5283440096882,23.7338360507129));
#3134=CARTESIAN_POINT('Ctrl Pts',(-76.4179335022912,71.2703782863212,26.8024755980193));
#3135=CARTESIAN_POINT('Ctrl Pts',(-76.5084489211012,70.0124125629541,29.8711151453256));
#3136=CARTESIAN_POINT('Ctrl Pts',(-76.5989643399111,69.8475243430653,33.3849058741629));
#3137=CARTESIAN_POINT('Ctrl Pts',(-76.689479758721,70.8032151260313,36.5634470360829));
#3138=CARTESIAN_POINT('Ctrl Pts',(-76.749823371261,71.4403423146754,38.6824744773629));
#3139=CARTESIAN_POINT('Ctrl Pts',(-76.810166983801,72.5755046156994,40.6525021111242));
#3140=CARTESIAN_POINT('Ctrl Pts',(-76.870510596341,74.0825276136581,42.2745947219132));
#3141=CARTESIAN_POINT('Ctrl Pts',(-76.9308542088809,75.5895506116169,43.8966873327023));
#3142=CARTESIAN_POINT('Ctrl Pts',(-76.9911978214209,77.4684343065104,45.1708449205191));
#3143=CARTESIAN_POINT('Ctrl Pts',(-77.0515414339609,79.5333272154954,45.9664998627591));
#3144=CARTESIAN_POINT('Ctrl Pts',(-77.1118850465008,81.5982201244804,46.762154804999));
#3145=CARTESIAN_POINT('Ctrl Pts',(-77.1722286590408,83.8491222475569,47.0793071016619));
#3146=CARTESIAN_POINT('Ctrl Pts',(-77.2325722715808,86.0544155250083,46.8861762241726));
#3147=CARTESIAN_POINT('Ctrl Pts',(-77.2929158841208,88.2597088024597,46.6930453466832));
#3148=CARTESIAN_POINT('Ctrl Pts',(-77.3532594966607,90.419393234286,45.9896312950415));
#3149=CARTESIAN_POINT('Ctrl Pts',(-77.4136031092007,92.3150767838624,44.8472617796303));
#3150=CARTESIAN_POINT('Ctrl Pts',(-77.4739467217407,94.2107603334389,43.7048922642192));
#3151=CARTESIAN_POINT('Ctrl Pts',(-77.5342903342806,95.8424430007654,42.1235672850385));
#3152=CARTESIAN_POINT('Ctrl Pts',(-77.5946339468206,97.0434503601365,40.2642528104833));
#3153=CARTESIAN_POINT('Ctrl Pts',(-77.6549775593606,98.2444577195077,38.404938335928));
#3154=CARTESIAN_POINT('Ctrl Pts',(-77.7153211719006,99.0147897709234,36.2676343659981));
#3155=CARTESIAN_POINT('Ctrl Pts',(-77.7756647844406,99.2764924732893,34.0697541926711));
#3156=CARTESIAN_POINT('Ctrl Pts',(-77.8360083969805,99.5381951756551,31.8718740193442));
#3157=CARTESIAN_POINT('Ctrl Pts',(-77.8963520095205,99.2912685289712,29.6134176426202));
#3158=CARTESIAN_POINT('Ctrl Pts',(-77.9566956220605,98.5604745350054,27.5240792036557));
#3159=CARTESIAN_POINT('Ctrl Pts',(-78.0170392346004,97.8296805410396,25.4347407646912));
#3160=CARTESIAN_POINT('Ctrl Pts',(-78.0773828471404,96.615019199792,23.5145202634862));
#3161=CARTESIAN_POINT('Ctrl Pts',(-78.1377264596803,95.0405504352193,21.9589267693115));
#3162=CARTESIAN_POINT('Ctrl Pts',(-78.1980700722203,93.4660816706466,20.4033332751367));
#3163=CARTESIAN_POINT('Ctrl Pts',(-78.2584136847603,91.5318054827487,19.2123667879922));
#3164=CARTESIAN_POINT('Ctrl Pts',(-78.3187572973003,89.4336109340828,18.5068280908193));
#3165=CARTESIAN_POINT('Ctrl Pts',(-78.3617786279542,87.9377256588239,18.0038218520045));
#3166=CARTESIAN_POINT('Ctrl Pts',(-78.4047999586082,86.3585235669305,17.7475500118065));
#3167=CARTESIAN_POINT('Ctrl Pts',(-78.4478212892621,84.7800279786059,17.7463929871478));
#3168=CARTESIAN_POINT('Ctrl Pts',(-78.8021778166682,84.7809871176255,17.7463421019898));
#3169=CARTESIAN_POINT('Ctrl Pts',(-78.787989117895,85.3015260275515,17.7459419766888));
#3170=CARTESIAN_POINT('Ctrl Pts',(-78.7738004191218,85.8220227475156,17.7733476474681));
#3171=CARTESIAN_POINT('Ctrl Pts',(-78.7596117203486,86.3394942304595,17.8289198842538));
#3172=CARTESIAN_POINT('Ctrl Pts',(-78.6992681078086,88.5402667724893,18.0652649908894));
#3173=CARTESIAN_POINT('Ctrl Pts',(-78.6389244952686,90.6863204746354,18.8110716058672));
#3174=CARTESIAN_POINT('Ctrl Pts',(-78.5785808827287,92.5593460989242,19.9904843442458));
#3175=CARTESIAN_POINT('Ctrl Pts',(-78.5182372701887,94.4323717232129,21.1698970826243));
#3176=CARTESIAN_POINT('Ctrl Pts',(-78.4578936576487,96.0323692696442,22.7829159444036));
#3177=CARTESIAN_POINT('Ctrl Pts',(-78.3975500451087,97.1965656492507,24.6654405622321));
#3178=CARTESIAN_POINT('Ctrl Pts',(-78.3372064325687,98.3607620288572,26.5479651800607));
#3179=CARTESIAN_POINT('Ctrl Pts',(-78.2768628200288,99.0891572416389,28.6999955539386));
#3180=CARTESIAN_POINT('Ctrl Pts',(-78.2165192074888,99.3076546884798,30.9026085642476));
#3181=CARTESIAN_POINT('Ctrl Pts',(-78.1561755949489,99.5261521353207,33.1052215745566));
#3182=CARTESIAN_POINT('Ctrl Pts',(-78.0958319824089,99.2347518162207,35.3584172212967));
#3183=CARTESIAN_POINT('Ctrl Pts',(-78.0354883698689,98.4630947937125,37.4329762834459));
#3184=CARTESIAN_POINT('Ctrl Pts',(-77.9751447573289,97.6914377712042,39.5075353455951));
#3185=CARTESIAN_POINT('Ctrl Pts',(-77.9148011447889,96.4395240452877,41.4034578231534));
#3186=CARTESIAN_POINT('Ctrl Pts',(-77.854457532249,94.8347158558007,42.9278704107419));
#3187=CARTESIAN_POINT('Ctrl Pts',(-77.794113919709,93.2299076663137,44.4522829983304));
#3188=CARTESIAN_POINT('Ctrl Pts',(-77.733770307169,91.2722050132564,45.6051856959489));
#3189=CARTESIAN_POINT('Ctrl Pts',(-77.6734266946291,89.1607565865903,46.2692962188541));
#3190=CARTESIAN_POINT('Ctrl Pts',(-77.6130830820891,87.0493081599243,46.9334067417593));
#3191=CARTESIAN_POINT('Ctrl Pts',(-77.5527394695491,84.7841139596495,47.1087250899512));
#3192=CARTESIAN_POINT('Ctrl Pts',(-77.4923958570091,82.5956303354976,46.7774097387106));
#3193=CARTESIAN_POINT('Ctrl Pts',(-77.4320522444692,80.4071467113457,46.44609438747));
#3194=CARTESIAN_POINT('Ctrl Pts',(-77.3717086319292,78.2953736633166,45.6081453367969));
#3195=CARTESIAN_POINT('Ctrl Pts',(-77.3113650193892,76.4751067612828,44.3488205890754));
#3196=CARTESIAN_POINT('Ctrl Pts',(-77.2510214068493,74.6548398592489,43.0894958413539));
#3197=CARTESIAN_POINT('Ctrl Pts',(-77.1906777943093,73.1260791032102,41.4087953965839));
#3198=CARTESIAN_POINT('Ctrl Pts',(-77.1303341817693,72.0444179498205,39.4776702071186));
#3199=CARTESIAN_POINT('Ctrl Pts',(-77.0699905692293,70.9627567964308,37.5465450176532));
#3200=CARTESIAN_POINT('Ctrl Pts',(-77.0096469566894,70.3281952456901,35.3649950834924));
#3201=CARTESIAN_POINT('Ctrl Pts',(-76.9493033441494,70.2051405480827,33.1550051611627));
#3202=CARTESIAN_POINT('Ctrl Pts',(-76.8889597316095,70.0820858504753,30.945015238833));
#3203=CARTESIAN_POINT('Ctrl Pts',(-76.8286161190695,70.4705380060012,28.7065853283343));
#3204=CARTESIAN_POINT('Ctrl Pts',(-76.7682725065295,71.3312781538088,26.6673192503489));
#3205=CARTESIAN_POINT('Ctrl Pts',(-76.7079288939895,72.1920183016164,24.6280531723634));
#3206=CARTESIAN_POINT('Ctrl Pts',(-76.6475852814495,73.5250464417056,22.7879509268913));
#3207=CARTESIAN_POINT('Ctrl Pts',(-76.5872416689096,75.1941466292531,21.3344345869848));
#3208=CARTESIAN_POINT('Ctrl Pts',(-76.5268980563696,76.8632468168005,19.8809182470783));
#3209=CARTESIAN_POINT('Ctrl Pts',(-76.4665544438297,78.8684190518063,18.8139878127376));
#3210=CARTESIAN_POINT('Ctrl Pts',(-76.4062108312897,81.0069097364634,18.2417190270584));
#3211=CARTESIAN_POINT('Ctrl Pts',(-76.3715331597492,82.2358364518766,17.9128532507594));
#3212=CARTESIAN_POINT('Ctrl Pts',(-76.3368554882087,83.508791019481,17.747347384577));
#3213=CARTESIAN_POINT('Ctrl Pts',(-76.3021778166682,84.7814370391502,17.7468780265297));
#3214=CARTESIAN_POINT('Origin',(-112.999999552965,84.7807492699152,32.3436660715062));
#3215=CARTESIAN_POINT('',(-73.4478212892621,84.7815121530332,17.742165447747));
#3216=CARTESIAN_POINT('',(-73.8021778171078,84.7817128156805,17.7503216287545));
#3217=CARTESIAN_POINT('',(-112.999999552965,84.7807492699152,17.7463210715062));
#3218=CARTESIAN_POINT('Ctrl Pts',(-73.4478212892621,84.7815121530332,17.742165447747));
#3219=CARTESIAN_POINT('Ctrl Pts',(-73.5327045055056,81.6700711015933,17.7466175144229));
#3220=CARTESIAN_POINT('Ctrl Pts',(-73.617587721749,78.55588162012,18.7735390678784));
#3221=CARTESIAN_POINT('Ctrl Pts',(-73.7024709379924,76.0604550433436,20.6315105711109));
#3222=CARTESIAN_POINT('Ctrl Pts',(-73.7929863568024,73.3994509991684,22.6127628868775));
#3223=CARTESIAN_POINT('Ctrl Pts',(-73.8835017756124,71.4420468184715,25.5390082311014));
#3224=CARTESIAN_POINT('Ctrl Pts',(-73.9740171944224,70.6266589923152,28.7548232205867));
#3225=CARTESIAN_POINT('Ctrl Pts',(-74.0645326132323,69.811271166159,31.970638210072));
#3226=CARTESIAN_POINT('Ctrl Pts',(-74.1550480320422,70.1378996945433,35.4760228448187));
#3227=CARTESIAN_POINT('Ctrl Pts',(-74.2455634508522,71.5334022287717,38.4858201473743));
#3228=CARTESIAN_POINT('Ctrl Pts',(-74.3360788696621,72.928904763,41.4956174499298));
#3229=CARTESIAN_POINT('Ctrl Pts',(-74.4265942884722,75.3932813030722,44.0098274202943));
#3230=CARTESIAN_POINT('Ctrl Pts',(-74.5171097072821,78.3745204508338,45.4653313943047));
#3231=CARTESIAN_POINT('Ctrl Pts',(-74.6076251260921,81.3557595985954,46.9208353683151));
#3232=CARTESIAN_POINT('Ctrl Pts',(-74.6981405449019,84.8538613540463,47.3176333459714));
#3233=CARTESIAN_POINT('Ctrl Pts',(-74.7886559637119,88.085376341733,46.5668072984103));
#3234=CARTESIAN_POINT('Ctrl Pts',(-74.8791713825218,91.3168913294197,45.8159812508492));
#3235=CARTESIAN_POINT('Ctrl Pts',(-74.9696868013319,94.2818195493422,43.9175311780706));
#3236=CARTESIAN_POINT('Ctrl Pts',(-75.0602022201419,96.3159385721568,41.2967603745821));
#3237=CARTESIAN_POINT('Ctrl Pts',(-75.1507176389518,98.3500575949714,38.6759895710936));
#3238=CARTESIAN_POINT('Ctrl Pts',(-75.2412330577617,99.453367420678,35.3328980368952));
#3239=CARTESIAN_POINT('Ctrl Pts',(-75.3317484765717,99.3790004488051,32.0161174173403));
#3240=CARTESIAN_POINT('Ctrl Pts',(-75.4222638953816,99.3046334769322,28.6993367977854));
#3241=CARTESIAN_POINT('Ctrl Pts',(-75.5127793141916,98.0525897074797,25.4088670928741));
#3242=CARTESIAN_POINT('Ctrl Pts',(-75.6032947330016,95.9028026811435,22.8820399870568));
#3243=CARTESIAN_POINT('Ctrl Pts',(-75.6938101518116,93.7530156548073,20.3552128812394));
#3244=CARTESIAN_POINT('Ctrl Pts',(-75.7843255706215,90.7054853715873,18.592028374516));
#3245=CARTESIAN_POINT('Ctrl Pts',(-75.8748409894314,87.4437994591459,17.9867720297158));
#3246=CARTESIAN_POINT('Ctrl Pts',(-75.8991677558238,86.5671944311828,17.8241043881031));
#3247=CARTESIAN_POINT('Ctrl Pts',(-75.923494522216,85.6751207275582,17.7450750577556));
#3248=CARTESIAN_POINT('Ctrl Pts',(-75.9478212886083,84.782653356553,17.7473055995059));
#3249=CARTESIAN_POINT('Ctrl Pts',(-76.3021778166682,84.7814370391502,17.7468780265297));
#3250=CARTESIAN_POINT('Ctrl Pts',(-76.2765118756687,85.7233589215334,17.7465306411541));
#3251=CARTESIAN_POINT('Ctrl Pts',(-76.2508459346692,86.6651117842774,17.83658869321));
#3252=CARTESIAN_POINT('Ctrl Pts',(-76.2251799936697,87.5887200761827,18.0177319350777));
#3253=CARTESIAN_POINT('Ctrl Pts',(-76.1648363811297,89.7602305969364,18.4436207657936));
#3254=CARTESIAN_POINT('Ctrl Pts',(-76.1044927685898,91.8314425041351,19.3730055642429));
#3255=CARTESIAN_POINT('Ctrl Pts',(-76.0441491560498,93.5966987667306,20.709484221165));
#3256=CARTESIAN_POINT('Ctrl Pts',(-75.9838055435099,95.361955029326,22.0459628780871));
#3257=CARTESIAN_POINT('Ctrl Pts',(-75.9234619309699,96.8212556473181,23.789535393482));
#3258=CARTESIAN_POINT('Ctrl Pts',(-75.8631183184299,97.8158636528069,25.766138960151));
#3259=CARTESIAN_POINT('Ctrl Pts',(-75.7726028996199,99.3077756610401,28.7310443101545));
#3260=CARTESIAN_POINT('Ctrl Pts',(-75.68208748081,99.754129291141,32.2202695255247));
#3261=CARTESIAN_POINT('Ctrl Pts',(-75.5915720620001,99.0468145553932,35.4604453205075));
#3262=CARTESIAN_POINT('Ctrl Pts',(-75.5010566431901,98.3394998196454,38.7006211154902));
#3263=CARTESIAN_POINT('Ctrl Pts',(-75.4105412243801,96.478516718049,41.6917474900856));
#3264=CARTESIAN_POINT('Ctrl Pts',(-75.3200258055702,93.8842588732578,43.7605559101973));
#3265=CARTESIAN_POINT('Ctrl Pts',(-75.2295103867602,91.2900010284666,45.8293643303091));
#3266=CARTESIAN_POINT('Ctrl Pts',(-75.1389949679503,87.9624684404804,46.9758547959373));
#3267=CARTESIAN_POINT('Ctrl Pts',(-75.0484795491403,84.6452457489091,46.9448254796767));
#3268=CARTESIAN_POINT('Ctrl Pts',(-74.9579641303304,81.3280230573378,46.9137961634161));
#3269=CARTESIAN_POINT('Ctrl Pts',(-74.8674487115204,78.0211102621812,45.7052470652667));
#3270=CARTESIAN_POINT('Ctrl Pts',(-74.7769332927105,75.4660679915652,43.5890717501032));
#3271=CARTESIAN_POINT('Ctrl Pts',(-74.6864178739005,72.9110257209492,41.4728964349397));
#3272=CARTESIAN_POINT('Ctrl Pts',(-74.5959024550905,71.1078539748739,38.449094902762));
#3273=CARTESIAN_POINT('Ctrl Pts',(-74.5053870362806,70.4599920863665,35.1953526651509));
#3274=CARTESIAN_POINT('Ctrl Pts',(-74.4148716174706,69.812130197859,31.9416104275398));
#3275=CARTESIAN_POINT('Ctrl Pts',(-74.3243561986607,70.3195781669195,28.4579274844953));
#3276=CARTESIAN_POINT('Ctrl Pts',(-74.2338407798507,71.8688997138237,25.5243833431867));
#3277=CARTESIAN_POINT('Ctrl Pts',(-74.1433253610407,73.4182212607278,22.5908392018781));
#3278=CARTESIAN_POINT('Ctrl Pts',(-74.0528099422307,76.0094163854756,20.2074338623055));
#3279=CARTESIAN_POINT('Ctrl Pts',(-73.9622945234208,79.0619883749912,18.9081137831212));
#3280=CARTESIAN_POINT('Ctrl Pts',(-73.9089222879831,80.8619313356146,18.1419723004118));
#3281=CARTESIAN_POINT('Ctrl Pts',(-73.8555500525455,82.8222880011362,17.7527507422245));
#3282=CARTESIAN_POINT('Ctrl Pts',(-73.8021778171078,84.7817128156805,17.7503216287545));
#3283=CARTESIAN_POINT('Origin',(-112.999999552965,84.7807492699152,32.3436660715062));
#3284=CARTESIAN_POINT('',(-70.9478212892621,84.779218645426,17.7438907176258));
#3285=CARTESIAN_POINT('',(-71.3021778166682,84.7825687747838,17.74552297941));
#3286=CARTESIAN_POINT('',(-112.999999552965,84.7807492699152,17.7463210715062));
#3287=CARTESIAN_POINT('Ctrl Pts',(-70.9478212892621,84.779218645426,17.7438907176258));
#3288=CARTESIAN_POINT('Ctrl Pts',(-70.9608836507393,84.300251767564,17.742702423814));
#3289=CARTESIAN_POINT('Ctrl Pts',(-70.9739460122165,83.8213970580422,17.765361529587));
#3290=CARTESIAN_POINT('Ctrl Pts',(-70.9870083736938,83.3449548807928,17.8124376735787));
#3291=CARTESIAN_POINT('Ctrl Pts',(-71.0775237925037,80.0434566572373,18.1386510383517));
#3292=CARTESIAN_POINT('Ctrl Pts',(-71.1680392113137,76.8578027861209,19.6373154468806));
#3293=CARTESIAN_POINT('Ctrl Pts',(-71.2585546301236,74.5015289515435,21.9727568681769));
#3294=CARTESIAN_POINT('Ctrl Pts',(-71.3490700489336,72.1452551169661,24.3081982894732));
#3295=CARTESIAN_POINT('Ctrl Pts',(-71.4395854677435,70.6183613189278,27.4804167235368));
#3296=CARTESIAN_POINT('Ctrl Pts',(-71.5301008865535,70.2628437487725,30.778888948708));
#3297=CARTESIAN_POINT('Ctrl Pts',(-71.6206163053635,69.9073261786173,34.0773611738792));
#3298=CARTESIAN_POINT('Ctrl Pts',(-71.7111317241735,70.723184836345,37.5020871901579));
#3299=CARTESIAN_POINT('Ctrl Pts',(-71.8016471429834,72.5276822750253,40.2859873057372));
#3300=CARTESIAN_POINT('Ctrl Pts',(-71.8921625617933,74.3321797137055,43.0698874213164));
#3301=CARTESIAN_POINT('Ctrl Pts',(-71.9826779806032,77.1253159333382,45.2129616361963));
#3302=CARTESIAN_POINT('Ctrl Pts',(-72.0731933994132,80.2814758135157,46.2351978122939));
#3303=CARTESIAN_POINT('Ctrl Pts',(-72.1637088182231,83.4376356936932,47.2574339883915));
#3304=CARTESIAN_POINT('Ctrl Pts',(-72.2542242370332,86.9568192344156,47.1588321257067));
#3305=CARTESIAN_POINT('Ctrl Pts',(-72.3447396558431,90.0507896613294,45.9614775223043));
#3306=CARTESIAN_POINT('Ctrl Pts',(-72.4352550746531,93.1447600882432,44.7641229189019));
#3307=CARTESIAN_POINT('Ctrl Pts',(-72.525770493463,95.8135174013485,42.4680155747818));
#3308=CARTESIAN_POINT('Ctrl Pts',(-72.6162859122729,97.4593058027856,39.5874440117685));
#3309=CARTESIAN_POINT('Ctrl Pts',(-72.7068013310829,99.1050942042227,36.7068724487553));
#3310=CARTESIAN_POINT('Ctrl Pts',(-72.7973167498929,99.7279136939916,33.2418366668489));
#3311=CARTESIAN_POINT('Ctrl Pts',(-72.8878321687029,99.1882628656324,29.9684457541839));
#3312=CARTESIAN_POINT('Ctrl Pts',(-72.9783475875128,98.6486120372733,26.6950548415188));
#3313=CARTESIAN_POINT('Ctrl Pts',(-73.0688630063227,96.9464908907861,23.6133087980949));
#3314=CARTESIAN_POINT('Ctrl Pts',(-73.1593784251327,94.4631465106302,21.4134652640588));
#3315=CARTESIAN_POINT('Ctrl Pts',(-73.2498938439427,91.9798021304744,19.2136217300227));
#3316=CARTESIAN_POINT('Ctrl Pts',(-73.3404092627526,88.7152345166498,17.8956807053742));
#3317=CARTESIAN_POINT('Ctrl Pts',(-73.4309246815626,85.4006487559109,17.7548398367046));
#3318=CARTESIAN_POINT('Ctrl Pts',(-73.4365568841291,85.1944030281225,17.7460761993883));
#3319=CARTESIAN_POINT('Ctrl Pts',(-73.4421890866956,84.9879636407477,17.7418700425719));
#3320=CARTESIAN_POINT('Ctrl Pts',(-73.4478212892621,84.7815121530332,17.742165447747));
#3321=CARTESIAN_POINT('Ctrl Pts',(-73.8021778171078,84.7817128156805,17.7503216287545));
#3322=CARTESIAN_POINT('Ctrl Pts',(-73.7650346337356,86.1453295837252,17.7486311429371));
#3323=CARTESIAN_POINT('Ctrl Pts',(-73.7278914503633,87.5084950428434,17.9342698409083));
#3324=CARTESIAN_POINT('Ctrl Pts',(-73.690748266991,88.816828067074,18.3105652315134));
#3325=CARTESIAN_POINT('Ctrl Pts',(-73.600232848181,92.0051469153578,19.2275715778861));
#3326=CARTESIAN_POINT('Ctrl Pts',(-73.509717429371,94.867835757642,21.2768190894276));
#3327=CARTESIAN_POINT('Ctrl Pts',(-73.4192020105611,96.7636720993837,23.999338301545));
#3328=CARTESIAN_POINT('Ctrl Pts',(-73.3286865917511,98.6595084411253,26.7218575136624));
#3329=CARTESIAN_POINT('Ctrl Pts',(-73.2381711729412,99.5884922823245,30.1176484263556));
#3330=CARTESIAN_POINT('Ctrl Pts',(-73.1476557541312,99.3425619567435,33.4260983463474));
#3331=CARTESIAN_POINT('Ctrl Pts',(-73.0571403353213,99.0966316311625,36.7345482663391));
#3332=CARTESIAN_POINT('Ctrl Pts',(-72.9666249165113,97.6757871388013,39.9556571936293));
#3333=CARTESIAN_POINT('Ctrl Pts',(-72.8761094977013,95.3982658119284,42.3679587913357));
#3334=CARTESIAN_POINT('Ctrl Pts',(-72.7855940788914,93.1207444850554,44.780260389042));
#3335=CARTESIAN_POINT('Ctrl Pts',(-72.6950786600814,89.9865463236709,46.3837546571645));
#3336=CARTESIAN_POINT('Ctrl Pts',(-72.6045632412715,86.6976818764629,46.8192828086456));
#3337=CARTESIAN_POINT('Ctrl Pts',(-72.5140478224615,83.4088174292549,47.2548109601266));
#3338=CARTESIAN_POINT('Ctrl Pts',(-72.4235324036516,79.9652866962234,46.5223729949663));
#3339=CARTESIAN_POINT('Ctrl Pts',(-72.3330169848416,77.1383797015376,44.7860242670345));
#3340=CARTESIAN_POINT('Ctrl Pts',(-72.2425015660316,74.3114727068516,43.0496755391027));
#3341=CARTESIAN_POINT('Ctrl Pts',(-72.1519861472217,72.1011894505112,40.3094160483996));
#3342=CARTESIAN_POINT('Ctrl Pts',(-72.0614707284117,71.0025964983245,37.1790161077979));
#3343=CARTESIAN_POINT('Ctrl Pts',(-71.9709553096017,69.9040035461378,34.0486161671963));
#3344=CARTESIAN_POINT('Ctrl Pts',(-71.8804398907918,69.9171008981048,30.5280757766962));
#3345=CARTESIAN_POINT('Ctrl Pts',(-71.7899244719819,71.0389545401103,27.4059361921662));
#3346=CARTESIAN_POINT('Ctrl Pts',(-71.6994090531719,72.1608081821158,24.2837966076361));
#3347=CARTESIAN_POINT('Ctrl Pts',(-71.608893634362,74.3914181141598,21.560057829076));
#3348=CARTESIAN_POINT('Ctrl Pts',(-71.518378215552,77.2311660121344,19.8447904732999));
#3349=CARTESIAN_POINT('Ctrl Pts',(-71.4463114159241,79.4921238185254,18.4791244855354));
#3350=CARTESIAN_POINT('Ctrl Pts',(-71.3742446162962,82.1392182626324,17.7527352892469));
#3351=CARTESIAN_POINT('Ctrl Pts',(-71.3021778166682,84.7825687747838,17.74552297941));
#3352=CARTESIAN_POINT('Origin',(-112.999999552965,84.7807492699152,32.3436660715062));
#3353=CARTESIAN_POINT('',(-68.447821289611,84.7796648006249,17.7494190302469));
#3354=CARTESIAN_POINT('',(-68.8021778166682,84.7807438450006,17.7416809859355));
#3355=CARTESIAN_POINT('',(-112.999999552965,84.7807492699152,17.7463210715062));
#3356=CARTESIAN_POINT('Ctrl Pts',(-68.447821289611,84.7796648006249,17.7494190302469));
#3357=CARTESIAN_POINT('Ctrl Pts',(-68.4795782150156,83.6137184585955,17.7470637670334));
#3358=CARTESIAN_POINT('Ctrl Pts',(-68.5113351404203,82.4482550656432,17.8821326954451));
#3359=CARTESIAN_POINT('Ctrl Pts',(-68.5430920658249,81.3173458510952,18.1581335991023));
#3360=CARTESIAN_POINT('Ctrl Pts',(-68.6336074846349,78.093963238119,18.9448072795088));
#3361=CARTESIAN_POINT('Ctrl Pts',(-68.7241229034449,75.1512976832195,20.8764078922508));
#3362=CARTESIAN_POINT('Ctrl Pts',(-68.8146383222548,73.1467040154649,23.5197771155491));
#3363=CARTESIAN_POINT('Ctrl Pts',(-68.9051537410648,71.1421103477104,26.1631463388474));
#3364=CARTESIAN_POINT('Ctrl Pts',(-68.9956691598747,70.0755885671007,29.5182841727021));
#3365=CARTESIAN_POINT('Ctrl Pts',(-69.0861845786846,70.1868850873241,32.8339575500618));
#3366=CARTESIAN_POINT('Ctrl Pts',(-69.1766999974946,70.2981816075475,36.1496309274216));
#3367=CARTESIAN_POINT('Ctrl Pts',(-69.2672154163046,71.587296428604,39.4258398482864));
#3368=CARTESIAN_POINT('Ctrl Pts',(-69.3577308351145,73.7650540268169,41.9286375219765));
#3369=CARTESIAN_POINT('Ctrl Pts',(-69.4482462539245,75.9428116250298,44.4314351956666));
#3370=CARTESIAN_POINT('Ctrl Pts',(-69.5387616727344,79.009212000399,46.1608216221819));
#3371=CARTESIAN_POINT('Ctrl Pts',(-69.6292770915444,82.2776547899626,46.7295108157247));
#3372=CARTESIAN_POINT('Ctrl Pts',(-69.7197925103543,85.546097579526,47.2982000092674));
#3373=CARTESIAN_POINT('Ctrl Pts',(-69.8103079291643,89.0165827832837,46.7061919698375));
#3374=CARTESIAN_POINT('Ctrl Pts',(-69.9008233479742,91.9116691531106,45.0860524042549));
#3375=CARTESIAN_POINT('Ctrl Pts',(-69.9913387667842,94.8067555229376,43.4659128386721));
#3376=CARTESIAN_POINT('Ctrl Pts',(-70.0818541855942,97.1264430588338,40.8176417469365));
#3377=CARTESIAN_POINT('Ctrl Pts',(-70.1723696044041,98.3512182307364,37.7344237458543));
#3378=CARTESIAN_POINT('Ctrl Pts',(-70.2628850232141,99.5759934026389,34.651205744772));
#3379=CARTESIAN_POINT('Ctrl Pts',(-70.353400442024,99.7058562105478,31.1330408343431));
#3380=CARTESIAN_POINT('Ctrl Pts',(-70.443915860834,98.7116908208156,27.9679290029381));
#3381=CARTESIAN_POINT('Ctrl Pts',(-70.534431279644,97.7175254310835,24.8028171715331));
#3382=CARTESIAN_POINT('Ctrl Pts',(-70.6249466984539,95.5993318437102,21.990758419152));
#3383=CARTESIAN_POINT('Ctrl Pts',(-70.7154621172639,92.8315637620264,20.1616102034702));
#3384=CARTESIAN_POINT('Ctrl Pts',(-70.7929151745966,90.4632147809044,18.5964280115085));
#3385=CARTESIAN_POINT('Ctrl Pts',(-70.8703682319293,87.6192448624494,17.7509366862202));
#3386=CARTESIAN_POINT('Ctrl Pts',(-70.9478212892621,84.779218645426,17.7438907176258));
#3387=CARTESIAN_POINT('Ctrl Pts',(-71.3021778166682,84.7825687747838,17.74552297941));
#3388=CARTESIAN_POINT('Ctrl Pts',(-71.2837291974862,85.4592488440405,17.7436766762816));
#3389=CARTESIAN_POINT('Ctrl Pts',(-71.2652805783042,86.1356835637804,17.7889598893206));
#3390=CARTESIAN_POINT('Ctrl Pts',(-71.2468319591221,86.8053323356287,17.8827130147202));
#3391=CARTESIAN_POINT('Ctrl Pts',(-71.1563165403121,90.0908648972434,18.3426988449085));
#3392=CARTESIAN_POINT('Ctrl Pts',(-71.0658011215022,93.2130441565678,19.9694664382773));
#3393=CARTESIAN_POINT('Ctrl Pts',(-70.9752857026922,95.4725549507804,22.3986475774615));
#3394=CARTESIAN_POINT('Ctrl Pts',(-70.8847702838823,97.732065744993,24.8278287166457));
#3395=CARTESIAN_POINT('Ctrl Pts',(-70.7942548650723,99.1289080740938,28.0594234016455));
#3396=CARTESIAN_POINT('Ctrl Pts',(-70.7037394462624,99.3502141460534,31.3696098867894));
#3397=CARTESIAN_POINT('Ctrl Pts',(-70.6132240274524,99.571520218013,34.6797963719333));
#3398=CARTESIAN_POINT('Ctrl Pts',(-70.5227086086425,98.6172900328315,38.0685746572214));
#3399=CARTESIAN_POINT('Ctrl Pts',(-70.4321931898325,96.7012528380548,40.7769161588104));
#3400=CARTESIAN_POINT('Ctrl Pts',(-70.3416777710225,94.7852156432781,43.4852576603993));
#3401=CARTESIAN_POINT('Ctrl Pts',(-70.2511623522126,91.9073714389063,45.5131623782891));
#3402=CARTESIAN_POINT('Ctrl Pts',(-70.1606469334026,88.7123119962333,46.4064148396022));
#3403=CARTESIAN_POINT('Ctrl Pts',(-70.0701315145927,85.5172525535603,47.2996673009154));
#3404=CARTESIAN_POINT('Ctrl Pts',(-69.9796160957827,82.0049778725862,47.0582675056517));
#3405=CARTESIAN_POINT('Ctrl Pts',(-69.8891006769728,78.9621696117452,45.7362839546389));
#3406=CARTESIAN_POINT('Ctrl Pts',(-69.7985852581628,75.9193613509043,44.4143004036261));
#3407=CARTESIAN_POINT('Ctrl Pts',(-69.7080698393528,73.3460195101964,42.0117330968642));
#3408=CARTESIAN_POINT('Ctrl Pts',(-69.6175544205429,71.8185438980795,39.0667177974829));
#3409=CARTESIAN_POINT('Ctrl Pts',(-69.5270390017329,70.2910682859625,36.1217024981016));
#3410=CARTESIAN_POINT('Ctrl Pts',(-69.436523582923,69.8094589024365,32.6342392061009));
#3411=CARTESIAN_POINT('Ctrl Pts',(-69.346008164113,70.481557888447,29.385456442696));
#3412=CARTESIAN_POINT('Ctrl Pts',(-69.2554927453031,71.1536568744575,26.1366736792912));
#3413=CARTESIAN_POINT('Ctrl Pts',(-69.1649773264932,72.9794642300045,23.1265714444821));
#3414=CARTESIAN_POINT('Ctrl Pts',(-69.0744619076832,75.5500897071726,21.029368136482));
#3415=CARTESIAN_POINT('Ctrl Pts',(-68.9839464888732,78.1207151843406,18.9321648284819));
#3416=CARTESIAN_POINT('Ctrl Pts',(-68.8934310700632,81.4361587831297,17.7478604472907));
#3417=CARTESIAN_POINT('Ctrl Pts',(-68.8029156512532,84.7537009364252,17.7417050719447));
#3418=CARTESIAN_POINT('Ctrl Pts',(-68.8026697063916,84.7627152287606,17.7416883468059));
#3419=CARTESIAN_POINT('Ctrl Pts',(-68.8024237615299,84.7717295365895,17.7416803198914));
#3420=CARTESIAN_POINT('Ctrl Pts',(-68.8021778166682,84.7807438450006,17.7416809859355));
#3421=CARTESIAN_POINT('Origin',(-83.3785392569594,84.7807492699152,32.3436660715063));
#3422=CARTESIAN_POINT('',(-70.121459848971,84.7793657247173,19.1467982528474));
#3423=CARTESIAN_POINT('',(-69.6285390994612,84.7807495841744,19.1448008569505));
#3424=CARTESIAN_POINT('',(-83.3785392569594,84.780749269914,19.1489950715063));
#3425=CARTESIAN_POINT('',(-67.9999995529652,74.034721023257,24.6806633774317));
#3426=CARTESIAN_POINT('Ctrl Pts',(-67.9999995525569,74.0347210238214,24.6806633778342));
#3427=CARTESIAN_POINT('Ctrl Pts',(-68.0866074143664,72.3714101827313,27.0188195271313));
#3428=CARTESIAN_POINT('Ctrl Pts',(-68.2637306949858,70.5748876905814,32.9503608238798));
#3429=CARTESIAN_POINT('Ctrl Pts',(-68.5313693944151,74.0203114203062,41.7067010467254));
#3430=CARTESIAN_POINT('Ctrl Pts',(-68.802915650845,82.3355517818545,46.3963247273064));
#3431=CARTESIAN_POINT('Ctrl Pts',(-69.0744619072748,91.7465598394594,44.790960606114));
#3432=CARTESIAN_POINT('Ctrl Pts',(-69.3460081637048,98.0369189131149,37.6095726676033));
#3433=CARTESIAN_POINT('Ctrl Pts',(-69.6175544201346,98.3890713816776,28.069270267184));
#3434=CARTESIAN_POINT('Ctrl Pts',(-69.8760383150873,92.9214143320398,20.8105508785947));
#3435=CARTESIAN_POINT('Ctrl Pts',(-70.04400679123,87.3464908809041,19.1531671677144));
#3436=CARTESIAN_POINT('Ctrl Pts',(-70.1214598485627,84.7793657247174,19.1467982535405));
#3437=CARTESIAN_POINT('',(-67.9999995529652,74.03746349576,40.0040285676989));
#3438=CARTESIAN_POINT('Origin',(-67.9999995529652,84.7807492699152,32.3436660715063));
#3439=CARTESIAN_POINT('Ctrl Pts',(-67.9999995529652,74.03746349576,40.0040285676989));
#3440=CARTESIAN_POINT('Ctrl Pts',(-68.0905149717751,75.7801198182308,42.4480192910815));
#3441=CARTESIAN_POINT('Ctrl Pts',(-68.2715458093951,80.9878554738127,46.0945637226453));
#3442=CARTESIAN_POINT('Ctrl Pts',(-68.5430920658248,90.5146541976891,45.405133945818));
#3443=CARTESIAN_POINT('Ctrl Pts',(-68.8146383222549,97.4662259957605,38.8639184867099));
#3444=CARTESIAN_POINT('Ctrl Pts',(-69.0861845786846,98.7383830572858,29.4022289955012));
#3445=CARTESIAN_POINT('Ctrl Pts',(-69.3574848377534,93.760875397312,21.2653877828512));
#3446=CARTESIAN_POINT('Ctrl Pts',(-69.5382696780123,87.771361170342,19.1450230568176));
#3447=CARTESIAN_POINT('Ctrl Pts',(-69.6285390994612,84.7807495841744,19.1448008569505));
#3448=CARTESIAN_POINT('Origin',(-83.3785392569594,84.7807492699152,32.3436660715063));
#3449=CARTESIAN_POINT('',(-72.6214598489711,84.7814388468031,19.1452387659382));
#3450=CARTESIAN_POINT('',(-72.1285888792001,84.7807487290146,19.1482782605438));
#3451=CARTESIAN_POINT('',(-83.3785392569594,84.780749269914,19.1489950715063));
#3452=CARTESIAN_POINT('Ctrl Pts',(-70.1214598485627,84.7793657247174,19.1467982535405));
#3453=CARTESIAN_POINT('Ctrl Pts',(-70.1345222100399,84.346423270254,19.1457241441119));
#3454=CARTESIAN_POINT('Ctrl Pts',(-70.2380999903271,80.9142171752232,19.3081339928524));
#3455=CARTESIAN_POINT('Ctrl Pts',(-70.4321931894243,74.7395858291777,22.2129380326154));
#3456=CARTESIAN_POINT('Ctrl Pts',(-70.703739445854,70.599066854803,30.8151280696543));
#3457=CARTESIAN_POINT('Ctrl Pts',(-70.975285702284,72.8114527175721,40.102049707986));
#3458=CARTESIAN_POINT('Ctrl Pts',(-71.2468319587137,80.3856753192098,45.9134816894398));
#3459=CARTESIAN_POINT('Ctrl Pts',(-71.5183782151438,89.9287399667896,45.6461003667313));
#3460=CARTESIAN_POINT('Ctrl Pts',(-71.7899244715735,97.1656809427173,39.4196843332489));
#3461=CARTESIAN_POINT('Ctrl Pts',(-72.0614707280035,98.8545973023959,30.0234536194279));
#3462=CARTESIAN_POINT('Ctrl Pts',(-72.3330169844332,94.2389096149028,21.6665999971302));
#3463=CARTESIAN_POINT('Ctrl Pts',(-72.5196800246198,88.1535516396757,19.2098755931814));
#3464=CARTESIAN_POINT('Ctrl Pts',(-72.6158276459963,84.968052197225,19.1449717472455));
#3465=CARTESIAN_POINT('Ctrl Pts',(-72.6214598485628,84.7814388468031,19.1452387666314));
#3466=CARTESIAN_POINT('Ctrl Pts',(-69.6285390994612,84.7807495841744,19.1448008569505));
#3467=CARTESIAN_POINT('Ctrl Pts',(-69.6287850968223,84.7725997306986,19.1448002514234));
#3468=CARTESIAN_POINT('Ctrl Pts',(-69.7195465129933,81.7656886307617,19.1474771774689));
#3469=CARTESIAN_POINT('Ctrl Pts',(-69.9008233479743,75.7638255681721,21.2913932202364));
#3470=CARTESIAN_POINT('Ctrl Pts',(-70.1723696044042,70.8127346610607,29.4539684004497));
#3471=CARTESIAN_POINT('Ctrl Pts',(-70.443915860834,72.1187277781937,38.9110163970256));
#3472=CARTESIAN_POINT('Ctrl Pts',(-70.7154621172639,79.0969280520123,45.4261227745373));
#3473=CARTESIAN_POINT('Ctrl Pts',(-70.9870083736938,88.6212577593154,46.0807330912704));
#3474=CARTESIAN_POINT('Ctrl Pts',(-71.2585546301236,96.4251852816029,40.5816093317297));
#3475=CARTESIAN_POINT('Ctrl Pts',(-71.5301008865536,99.0127969366826,31.3921681217725));
#3476=CARTESIAN_POINT('Ctrl Pts',(-71.8016471429833,95.2249420278565,22.6289659078247));
#3477=CARTESIAN_POINT('Ctrl Pts',(-72.0011431405322,89.0048881075247,19.3880942902253));
#3478=CARTESIAN_POINT('Ctrl Pts',(-72.1101237192711,85.3929547052111,19.1465314163547));
#3479=CARTESIAN_POINT('Ctrl Pts',(-72.1285888792001,84.7807487290146,19.1482782605438));
#3480=CARTESIAN_POINT('Origin',(-83.3785392569594,84.7807492699152,32.3436660715063));
#3481=CARTESIAN_POINT('',(-75.121459848971,84.7824703692139,19.1498849952449));
#3482=CARTESIAN_POINT('',(-74.6285668842396,84.7807034390571,19.1526123788401));
#3483=CARTESIAN_POINT('',(-83.3785392569594,84.780749269914,19.1489950715063));
#3484=CARTESIAN_POINT('Ctrl Pts',(-72.6214598485628,84.7814388468031,19.1452387666314));
#3485=CARTESIAN_POINT('Ctrl Pts',(-72.7063430648062,81.9689793887659,19.1492630296092));
#3486=CARTESIAN_POINT('Ctrl Pts',(-72.8817416998594,76.1523136199607,21.0673413876443));
#3487=CARTESIAN_POINT('Ctrl Pts',(-73.1476557537231,70.9544613674636,28.8379342492668));
#3488=CARTESIAN_POINT('Ctrl Pts',(-73.4192020101526,71.8401887317931,38.343580032423));
#3489=CARTESIAN_POINT('Ctrl Pts',(-73.6907482665828,78.5229048691451,45.1614308228516));
#3490=CARTESIAN_POINT('Ctrl Pts',(-73.9622945230124,88.0088014726588,46.2374385698148));
#3491=CARTESIAN_POINT('Ctrl Pts',(-74.2338407794425,96.0488770614261,41.0893604530908));
#3492=CARTESIAN_POINT('Ctrl Pts',(-74.5053870358722,99.0407519867295,32.0238092351843));
#3493=CARTESIAN_POINT('Ctrl Pts',(-74.7769332923022,95.6455512263192,23.1009540468967));
#3494=CARTESIAN_POINT('Ctrl Pts',(-74.9822908965323,89.3958256627776,19.4851017793791));
#3495=CARTESIAN_POINT('Ctrl Pts',(-75.0971330819525,85.5891796333726,19.1478687879205));
#3496=CARTESIAN_POINT('Ctrl Pts',(-75.1214598485628,84.7824703692138,19.1498849959379));
#3497=CARTESIAN_POINT('Ctrl Pts',(-72.1285888792001,84.7807487290146,19.1482782605438));
#3498=CARTESIAN_POINT('Ctrl Pts',(-72.2006391380811,82.3919473732064,19.1550943713454));
#3499=CARTESIAN_POINT('Ctrl Pts',(-72.3632048157721,76.994688960112,20.636504837185));
#3500=CARTESIAN_POINT('Ctrl Pts',(-72.6162859122729,71.3572030787723,27.5202897105537));
#3501=CARTESIAN_POINT('Ctrl Pts',(-72.8878321687029,71.3216866372191,37.0670337646663));
#3502=CARTESIAN_POINT('Ctrl Pts',(-73.1593784251327,77.3153711841459,44.4978691188602));
#3503=CARTESIAN_POINT('Ctrl Pts',(-73.4309246815627,86.6532860790955,46.4840408462943));
#3504=CARTESIAN_POINT('Ctrl Pts',(-73.7024709379924,95.1523755206905,42.1358023169735));
#3505=CARTESIAN_POINT('Ctrl Pts',(-73.9740171944224,99.0053177411152,33.401034614198));
#3506=CARTESIAN_POINT('Ctrl Pts',(-74.2455634508522,96.4861672759574,24.192577073917));
#3507=CARTESIAN_POINT('Ctrl Pts',(-74.4637466807913,90.2488528131773,19.7276135917683));
#3508=CARTESIAN_POINT('Ctrl Pts',(-74.5914144919205,86.0135946549746,19.1509999704882));
#3509=CARTESIAN_POINT('Ctrl Pts',(-74.6285668842397,84.7807034390571,19.1526123788401));
#3510=CARTESIAN_POINT('Origin',(-83.3785392569594,84.7807492699152,32.3436660715063));
#3511=CARTESIAN_POINT('',(-77.621459848971,84.7800972882337,19.1490600766993));
#3512=CARTESIAN_POINT('',(-77.1285581836687,84.7807430983471,19.1494987545123));
#3513=CARTESIAN_POINT('',(-83.3785392569594,84.780749269914,19.1489950715063));
#3514=CARTESIAN_POINT('Ctrl Pts',(-75.1214598485628,84.7824703692138,19.1498849959379));
#3515=CARTESIAN_POINT('Ctrl Pts',(-75.1876485007625,82.587563016042,19.1553707266708));
#3516=CARTESIAN_POINT('Ctrl Pts',(-75.3443525717721,77.3848024292833,20.4557061367427));
#3517=CARTESIAN_POINT('Ctrl Pts',(-75.5915720615917,71.5805612739307,26.9325581866541));
#3518=CARTESIAN_POINT('Ctrl Pts',(-75.8329465117518,71.183110767126,35.4022833551553));
#3519=CARTESIAN_POINT('Ctrl Pts',(-76.0441491556415,74.7744025962153,41.6348230878655));
#3520=CARTESIAN_POINT('Ctrl Pts',(-76.2251799932615,79.8694220398367,45.089990484234));
#3521=CARTESIAN_POINT('Ctrl Pts',(-76.4062108308814,85.9732538597262,45.9500208961634));
#3522=CARTESIAN_POINT('Ctrl Pts',(-76.5872416685013,91.8297282131666,44.0425540956524));
#3523=CARTESIAN_POINT('Ctrl Pts',(-76.7682725061212,96.2544059824413,39.7544326235748));
#3524=CARTESIAN_POINT('Ctrl Pts',(-76.9493033437412,98.3433361225426,33.9586479705291));
#3525=CARTESIAN_POINT('Ctrl Pts',(-77.130334181361,97.6737384942153,27.8343310778695));
#3526=CARTESIAN_POINT('Ctrl Pts',(-77.311365018981,94.3799086696812,22.6272175049169));
#3527=CARTESIAN_POINT('Ctrl Pts',(-77.4750735747149,89.6365796572395,19.70666979479));
#3528=CARTESIAN_POINT('Ctrl Pts',(-77.5784385179088,86.2069136005019,19.150105922353));
#3529=CARTESIAN_POINT('Ctrl Pts',(-77.6214598485628,84.7800972882338,19.1490600773923));
#3530=CARTESIAN_POINT('Ctrl Pts',(-74.6285668842397,84.7807034390571,19.1526123788401));
#3531=CARTESIAN_POINT('Ctrl Pts',(-74.6819299107304,83.0098670942533,19.1549283263264));
#3532=CARTESIAN_POINT('Ctrl Pts',(-74.8258083560311,78.2331007474212,20.1035094609439));
#3533=CARTESIAN_POINT('Ctrl Pts',(-75.0602022201418,72.1678538442495,25.6823798890259));
#3534=CARTESIAN_POINT('Ctrl Pts',(-75.3317484765717,70.7917935398508,35.1291766116733));
#3535=CARTESIAN_POINT('Ctrl Pts',(-75.6032947330016,75.6815028560229,43.3289005449735));
#3536=CARTESIAN_POINT('Ctrl Pts',(-75.8748409894314,84.6489472147983,46.606155635696));
#3537=CARTESIAN_POINT('Ctrl Pts',(-76.1463872458613,93.672306820313,43.4971866077116));
#3538=CARTESIAN_POINT('Ctrl Pts',(-76.4179335022912,98.718784743961,35.3860687779538));
#3539=CARTESIAN_POINT('Ctrl Pts',(-76.6593079524511,97.6428832840106,26.9755569099004));
#3540=CARTESIAN_POINT('Ctrl Pts',(-76.8705105963409,93.026121098438,21.4594490170971));
#3541=CARTESIAN_POINT('Ctrl Pts',(-77.0168700713235,88.485254281026,19.4218918858266));
#3542=CARTESIAN_POINT('Ctrl Pts',(-77.1028859337661,85.6323640897233,19.1491444886572));
#3543=CARTESIAN_POINT('Ctrl Pts',(-77.1285581836687,84.7807430983471,19.1494987545123));
#3544=CARTESIAN_POINT('Origin',(-83.3785392569594,84.7807492699152,32.3436660715063));
#3545=CARTESIAN_POINT('',(-80.121459848971,84.7799117770469,19.147925998989));
#3546=CARTESIAN_POINT('',(-79.6285457434493,84.7807491602801,19.1490142482436));
#3547=CARTESIAN_POINT('',(-83.3785392569594,84.780749269914,19.1489950715063));
#3548=CARTESIAN_POINT('Ctrl Pts',(-77.6214598485628,84.7800972882338,19.1490600773923));
#3549=CARTESIAN_POINT('Ctrl Pts',(-77.6387821304488,84.2055982203302,19.1486389741642));
#3550=CARTESIAN_POINT('Ctrl Pts',(-77.7164480248748,81.63024797406,19.3143718140334));
#3551=CARTESIAN_POINT('Ctrl Pts',(-77.8544575318407,77.2347409436016,20.9620004653867));
#3552=CARTESIAN_POINT('Ctrl Pts',(-78.055602906974,72.5202084509728,25.9305108053013));
#3553=CARTESIAN_POINT('Ctrl Pts',(-78.2768628196205,70.789792813012,33.4132912924082));
#3554=CARTESIAN_POINT('Ctrl Pts',(-78.5182372697804,73.8965059349719,41.201551061804));
#3555=CARTESIAN_POINT('Ctrl Pts',(-78.7596117199404,80.8884821966732,45.8234928685548));
#3556=CARTESIAN_POINT('Ctrl Pts',(-79.0009861701001,89.267838389118,45.6399404329755));
#3557=CARTESIAN_POINT('Ctrl Pts',(-79.2423606202602,96.0481333832571,40.7068666556288));
#3558=CARTESIAN_POINT('Ctrl Pts',(-79.4636205329064,98.5725317380266,33.4527083498632));
#3559=CARTESIAN_POINT('Ctrl Pts',(-79.66476590804,97.2326931723002,26.7372868095653));
#3560=CARTESIAN_POINT('Ctrl Pts',(-79.8457967456597,93.5054260348565,21.832209592163));
#3561=CARTESIAN_POINT('Ctrl Pts',(-79.9980280591674,88.8754138302798,19.5125649797775));
#3562=CARTESIAN_POINT('Ctrl Pts',(-80.0899157601351,85.8263380895706,19.1489492773674));
#3563=CARTESIAN_POINT('Ctrl Pts',(-80.1214598485628,84.779911777047,19.147925999682));
#3564=CARTESIAN_POINT('Ctrl Pts',(-77.1285581836687,84.7807430983471,19.1494987545123));
#3565=CARTESIAN_POINT('Ctrl Pts',(-77.1632295463061,83.6305961367995,19.1499772041992));
#3566=CARTESIAN_POINT('Ctrl Pts',(-77.2582445214834,80.4779371656683,19.5599529787714));
#3567=CARTESIAN_POINT('Ctrl Pts',(-77.4136031092006,75.8115546698165,22.0428845774553));
#3568=CARTESIAN_POINT('Ctrl Pts',(-77.5946339468206,72.1967464134757,27.0327393220064));
#3569=CARTESIAN_POINT('Ctrl Pts',(-77.7756647844405,71.1433702567693,33.1027499079568));
#3570=CARTESIAN_POINT('Ctrl Pts',(-77.9566956220604,72.8641278790508,39.0185175324096));
#3571=CARTESIAN_POINT('Ctrl Pts',(-78.1377264596804,77.0097095338604,43.5761181272356));
#3572=CARTESIAN_POINT('Ctrl Pts',(-78.3187572973003,82.7362612996937,45.848407102743));
#3573=CARTESIAN_POINT('Ctrl Pts',(-78.4997881349202,88.8788493299967,45.3729916231496));
#3574=CARTESIAN_POINT('Ctrl Pts',(-78.6808189725401,94.1876042624008,42.246634373234));
#3575=CARTESIAN_POINT('Ctrl Pts',(-78.86184981016,97.5824523804361,37.1054104041724));
#3576=CARTESIAN_POINT('Ctrl Pts',(-79.0428806477799,98.3726504623101,30.9953591741643));
#3577=CARTESIAN_POINT('Ctrl Pts',(-79.2239114853998,96.3974415752222,25.1596405351942));
#3578=CARTESIAN_POINT('Ctrl Pts',(-79.4049423230197,92.0586852001482,20.7855739091115));
#3579=CARTESIAN_POINT('Ctrl Pts',(-79.5398204090362,87.7228240394232,19.2787551691796));
#3580=CARTESIAN_POINT('Ctrl Pts',(-79.6143548825128,85.2513406595439,19.1486448549962));
#3581=CARTESIAN_POINT('Ctrl Pts',(-79.6285457434493,84.7807491602801,19.1490142482436));
#3582=CARTESIAN_POINT('Origin',(-83.3785392569594,84.7807492699152,32.3436660715063));
#3583=CARTESIAN_POINT('',(-82.621459848971,84.7796206034885,19.1460715234067));
#3584=CARTESIAN_POINT('',(-82.1285526563905,84.7807494253409,19.1480933173182));
#3585=CARTESIAN_POINT('',(-83.3785392569594,84.780749269914,19.1489950715063));
#3586=CARTESIAN_POINT('Ctrl Pts',(-80.1214598485628,84.779911777047,19.147925999682));
#3587=CARTESIAN_POINT('Ctrl Pts',(-80.150259372675,83.8245321379007,19.1469917545717));
#3588=CARTESIAN_POINT('Ctrl Pts',(-80.2695743155972,79.8674435200817,19.5706570751689));
#3589=CARTESIAN_POINT('Ctrl Pts',(-80.4794046773294,73.610974622479,23.4685858404839));
#3590=CARTESIAN_POINT('Ctrl Pts',(-80.7509509337593,70.5178245098156,32.5067638701967));
#3591=CARTESIAN_POINT('Ctrl Pts',(-81.0224971901892,73.8140355551093,41.4633280580941));
#3592=CARTESIAN_POINT('Ctrl Pts',(-81.294043446619,82.0229295431902,46.33888344293));
#3593=CARTESIAN_POINT('Ctrl Pts',(-81.565589703049,91.4672533108534,44.9428879122904));
#3594=CARTESIAN_POINT('Ctrl Pts',(-81.8371359594789,97.9162289916596,37.9039792195918));
#3595=CARTESIAN_POINT('Ctrl Pts',(-82.1086822159086,98.4809959792665,28.3736682872928));
#3596=CARTESIAN_POINT('Ctrl Pts',(-82.3701235122701,93.1158231222062,20.9105492144831));
#3597=CARTESIAN_POINT('Ctrl Pts',(-82.5410493898213,87.4443677812409,19.1518547581603));
#3598=CARTESIAN_POINT('Ctrl Pts',(-82.6214598485627,84.7796206034885,19.1460715240999));
#3599=CARTESIAN_POINT('Ctrl Pts',(-79.6285457434493,84.7807491602801,19.1490142482436));
#3600=CARTESIAN_POINT('Ctrl Pts',(-79.6746984950527,83.2502505760637,19.1502156210754));
#3601=CARTESIAN_POINT('Ctrl Pts',(-79.7811948591961,79.7177408728561,19.7666175146774));
#3602=CARTESIAN_POINT('Ctrl Pts',(-79.9480348358795,74.9543763795461,22.856912712933));
#3603=CARTESIAN_POINT('Ctrl Pts',(-80.1290656734994,71.7849979640336,28.1400004501213));
#3604=CARTESIAN_POINT('Ctrl Pts',(-80.3100965111193,71.2600179608334,34.2788500557116));
#3605=CARTESIAN_POINT('Ctrl Pts',(-80.4911273487392,73.4854098515454,40.0229862538717));
#3606=CARTESIAN_POINT('Ctrl Pts',(-80.6721581863591,78.0101004375221,44.2066763443715));
#3607=CARTESIAN_POINT('Ctrl Pts',(-80.8531890239791,83.9100198683405,45.9726621935473));
#3608=CARTESIAN_POINT('Ctrl Pts',(-81.0543343991123,90.6676782409119,44.8629361053136));
#3609=CARTESIAN_POINT('Ctrl Pts',(-81.2755943117589,96.5730827615012,39.9531923200836));
#3610=CARTESIAN_POINT('Ctrl Pts',(-81.5169687619188,98.8043996322462,31.8677167212933));
#3611=CARTESIAN_POINT('Ctrl Pts',(-81.7382286745653,96.2619453389435,24.6219848960012));
#3612=CARTESIAN_POINT('Ctrl Pts',(-81.9393740496985,91.0296965412146,20.2011165952668));
#3613=CARTESIAN_POINT('Ctrl Pts',(-82.0627771978025,86.9612472183964,19.1692082999149));
#3614=CARTESIAN_POINT('Ctrl Pts',(-82.1258367333665,84.8707863679938,19.1480688218083));
#3615=CARTESIAN_POINT('Ctrl Pts',(-82.1285526563905,84.7807494253409,19.1480933173182));
#3616=CARTESIAN_POINT('Origin',(-83.3785392569594,84.7807492699152,32.3436660715063));
#3617=CARTESIAN_POINT('',(-85.121459848971,84.7805790396466,19.1485935974592));
#3618=CARTESIAN_POINT('',(-84.6285346793665,84.7807494022425,19.1486041549437));
#3619=CARTESIAN_POINT('',(-83.3785392569594,84.780749269914,19.1489950715063));
#3620=CARTESIAN_POINT('Ctrl Pts',(-82.6214598485627,84.7796206034885,19.1460715240999));
#3621=CARTESIAN_POINT('Ctrl Pts',(-82.6315648086313,84.4447491919152,19.1453447610623));
#3622=CARTESIAN_POINT('Ctrl Pts',(-82.7321851875098,81.110783660622,19.267302558572));
#3623=CARTESIAN_POINT('Ctrl Pts',(-82.9233209851984,74.9678374592519,21.991639789213));
#3624=CARTESIAN_POINT('Ctrl Pts',(-83.1948672416281,70.6369196041802,30.4991922937733));
#3625=CARTESIAN_POINT('Ctrl Pts',(-83.4664134980581,72.6409569916253,39.8334676462521));
#3626=CARTESIAN_POINT('Ctrl Pts',(-83.7379597544879,80.0851709490929,45.8116847446016));
#3627=CARTESIAN_POINT('Ctrl Pts',(-84.0095060109176,89.6289601993646,45.7584230385213));
#3628=CARTESIAN_POINT('Ctrl Pts',(-84.2810522673477,97.0086620985518,39.6923538157833));
#3629=CARTESIAN_POINT('Ctrl Pts',(-84.5224267175075,98.684829759975,31.3806350987246));
#3630=CARTESIAN_POINT('Ctrl Pts',(-84.7336293613974,96.0793393902157,24.6759110425464));
#3631=CARTESIAN_POINT('Ctrl Pts',(-84.9146601990174,91.5666546470854,20.4886509642351));
#3632=CARTESIAN_POINT('Ctrl Pts',(-85.0439370280724,87.3512058080287,19.2211455707327));
#3633=CARTESIAN_POINT('Ctrl Pts',(-85.1128702445876,85.0654065276576,19.1483922459639));
#3634=CARTESIAN_POINT('Ctrl Pts',(-85.1214598485627,84.7805790396466,19.1485935981523));
#3635=CARTESIAN_POINT('Ctrl Pts',(-82.1285526563912,84.7807494253184,19.1480933173182));
#3636=CARTESIAN_POINT('Ctrl Pts',(-82.1861803459069,82.8703046408906,19.148613074187));
#3637=CARTESIAN_POINT('Ctrl Pts',(-82.3041516479625,78.9570829719794,20.0113921569644));
#3638=CARTESIAN_POINT('Ctrl Pts',(-82.4824665625584,74.171429023107,23.7418076366955));
#3639=CARTESIAN_POINT('Ctrl Pts',(-82.6634974001781,71.4704071127332,29.278443350105));
#3640=CARTESIAN_POINT('Ctrl Pts',(-82.8445282377982,71.4774166078084,35.441299794139));
#3641=CARTESIAN_POINT('Ctrl Pts',(-83.025559075418,74.1924224323448,40.9681640943178));
#3642=CARTESIAN_POINT('Ctrl Pts',(-83.2267044505513,79.5993581475513,45.1725965676329));
#3643=CARTESIAN_POINT('Ctrl Pts',(-83.4479643631978,87.2144415372038,46.1641817417664));
#3644=CARTESIAN_POINT('Ctrl Pts',(-83.6893388133577,94.6623232685947,42.3070191674915));
#3645=CARTESIAN_POINT('Ctrl Pts',(-83.9105987260044,98.2470564883134,35.5155803361828));
#3646=CARTESIAN_POINT('Ctrl Pts',(-84.1117441011374,97.9351075323796,28.6740187353851));
#3647=CARTESIAN_POINT('Ctrl Pts',(-84.2927749387575,94.9878548299963,23.2668575411106));
#3648=CARTESIAN_POINT('Ctrl Pts',(-84.4650384648337,90.2025338599244,19.8772374971128));
#3649=CARTESIAN_POINT('Ctrl Pts',(-84.5769583783701,86.4908409271228,19.1498048217937));
#3650=CARTESIAN_POINT('Ctrl Pts',(-84.6285346793665,84.7807494022425,19.1486041549437));
#3651=CARTESIAN_POINT('Origin',(-83.3785392569594,84.7807492699152,32.3436660715063));
#3652=CARTESIAN_POINT('',(-87.621459848971,84.7806801621053,19.148266695389));
#3653=CARTESIAN_POINT('',(-87.1285722119207,84.7807483262748,19.1491252686602));
#3654=CARTESIAN_POINT('',(-83.3785392569594,84.780749269914,19.1489950715063));
#3655=CARTESIAN_POINT('Ctrl Pts',(-85.1214598485627,84.7805790396466,19.1485935981523));
#3656=CARTESIAN_POINT('Ctrl Pts',(-85.1732138571275,83.0644388896881,19.1498067836392));
#3657=CARTESIAN_POINT('Ctrl Pts',(-85.2853114782324,79.3473718065974,19.8811062020734));
#3658=CARTESIAN_POINT('Ctrl Pts',(-85.4577527118771,74.5624513111603,23.2800153980215));
#3659=CARTESIAN_POINT('Ctrl Pts',(-85.638783549497,71.6193751180103,28.6923460684021));
#3660=CARTESIAN_POINT('Ctrl Pts',(-85.8198143871169,71.3535143093606,34.8474743961231));
#3661=CARTESIAN_POINT('Ctrl Pts',(-86.0008452247369,73.8199209334674,40.4934122997585));
#3662=CARTESIAN_POINT('Ctrl Pts',(-86.1818760623567,78.5161279860341,44.4807071517751));
#3663=CARTESIAN_POINT('Ctrl Pts',(-86.3629068999768,84.4873319230439,45.9996115732987));
#3664=CARTESIAN_POINT('Ctrl Pts',(-86.5439377375965,90.517652597231,44.7387028765389));
#3665=CARTESIAN_POINT('Ctrl Pts',(-86.7249685752165,95.3813061585202,40.956865414419));
#3666=CARTESIAN_POINT('Ctrl Pts',(-86.9059994128364,98.0878599754556,35.4222906502439));
#3667=CARTESIAN_POINT('Ctrl Pts',(-87.0870302504563,98.0870424372391,29.2613612485336));
#3668=CARTESIAN_POINT('Ctrl Pts',(-87.2680610880762,95.3788719703811,23.7275503848313));
#3669=CARTESIAN_POINT('Ctrl Pts',(-87.446204287445,90.5920198462455,20.0070898551107));
#3670=CARTESIAN_POINT('Ctrl Pts',(-87.5640038742739,86.6856944109029,19.1488975606881));
#3671=CARTESIAN_POINT('Ctrl Pts',(-87.6214598485628,84.7806801621053,19.1482666960821));
#3672=CARTESIAN_POINT('Ctrl Pts',(-84.6285346793665,84.7807494022425,19.1486041549437));
#3673=CARTESIAN_POINT('Ctrl Pts',(-84.6373019909101,84.4900557139208,19.1484000569349));
#3674=CARTESIAN_POINT('Ctrl Pts',(-84.7064129149937,82.1986624864599,19.2228746252686));
#3675=CARTESIAN_POINT('Ctrl Pts',(-84.8358674516171,77.9812099150808,20.4976981928845));
#3676=CARTESIAN_POINT('Ctrl Pts',(-85.0168982892371,73.467493971942,24.6908134155729));
#3677=CARTESIAN_POINT('Ctrl Pts',(-85.197929126857,71.2552829953568,30.4408944433953));
#3678=CARTESIAN_POINT('Ctrl Pts',(-85.3789599644768,71.7951304113548,36.5781345730487));
#3679=CARTESIAN_POINT('Ctrl Pts',(-85.5599908020969,74.9769276254867,41.8538637190492));
#3680=CARTESIAN_POINT('Ctrl Pts',(-85.7410216397167,80.1535328835406,45.1945324713895));
#3681=CARTESIAN_POINT('Ctrl Pts',(-85.9220524773366,86.2714064907521,45.9208024272094));
#3682=CARTESIAN_POINT('Ctrl Pts',(-86.1030833149565,92.0863452035769,43.8841555803701));
#3683=CARTESIAN_POINT('Ctrl Pts',(-86.2841141525765,96.4141751470178,39.5005089038845));
#3684=CARTESIAN_POINT('Ctrl Pts',(-86.4651449901964,98.3764971293851,33.6586241330812));
#3685=CARTESIAN_POINT('Ctrl Pts',(-86.6461758278163,97.5697106782544,27.5534799914654));
#3686=CARTESIAN_POINT('Ctrl Pts',(-86.8473212029496,93.788633810553,21.8431637096724));
#3687=CARTESIAN_POINT('Ctrl Pts',(-87.008119997651,88.774716395698,19.3920441327748));
#3688=CARTESIAN_POINT('Ctrl Pts',(-87.1085751798125,85.4440075412774,19.1478941820188));
#3689=CARTESIAN_POINT('Ctrl Pts',(-87.1285722119207,84.7807483262748,19.1491252686602));
#3690=CARTESIAN_POINT('Origin',(-83.3785392569594,84.7807492699152,32.3436660715063));
#3691=CARTESIAN_POINT('',(-90.121459848971,84.7805341138317,19.1490280663296));
#3692=CARTESIAN_POINT('',(-89.62854056889,84.7807392382567,19.1497595860158));
#3693=CARTESIAN_POINT('',(-83.3785392569594,84.780749269914,19.1489950715063));
#3694=CARTESIAN_POINT('Ctrl Pts',(-87.6214598485628,84.7806801621053,19.1482666960821));
#3695=CARTESIAN_POINT('Ctrl Pts',(-87.6243474868139,84.6849374289637,19.1482349899142));
#3696=CARTESIAN_POINT('Ctrl Pts',(-87.687578737605,82.5884526647277,19.1706573770877));
#3697=CARTESIAN_POINT('Ctrl Pts',(-87.811153600936,78.5128659686793,20.2081251333949));
#3698=CARTESIAN_POINT('Ctrl Pts',(-87.9921844385558,73.8175970714826,24.1970626868784));
#3699=CARTESIAN_POINT('Ctrl Pts',(-88.1732152761759,71.3529121055955,29.8435161470413));
#3700=CARTESIAN_POINT('Ctrl Pts',(-88.3542461137956,71.6202311082564,35.9986431860289));
#3701=CARTESIAN_POINT('Ctrl Pts',(-88.5352769514157,74.5652555476299,41.4101431798082));
#3702=CARTESIAN_POINT('Ctrl Pts',(-88.7163077890355,79.588607126712,44.976940352151));
#3703=CARTESIAN_POINT('Ctrl Pts',(-88.8973386266555,85.6686024292875,45.9734329375309));
#3704=CARTESIAN_POINT('Ctrl Pts',(-89.0783694642754,91.5674516622298,44.196670478644));
#3705=CARTESIAN_POINT('Ctrl Pts',(-89.2594003018953,96.0865097858093,40.0085686076453));
#3706=CARTESIAN_POINT('Ctrl Pts',(-89.4404311395152,98.3038438984501,34.2606807861603));
#3707=CARTESIAN_POINT('Ctrl Pts',(-89.6214619771351,97.7708779466696,28.122821608788));
#3708=CARTESIAN_POINT('Ctrl Pts',(-89.8024928147551,94.5945274438539,22.8438288262393));
#3709=CARTESIAN_POINT('Ctrl Pts',(-89.9691587718975,89.8320124462791,19.7631341192632));
#3710=CARTESIAN_POINT('Ctrl Pts',(-90.0754811165001,86.3052650234327,19.1502006509604));
#3711=CARTESIAN_POINT('Ctrl Pts',(-90.1214598485627,84.7805341138317,19.1490280670227));
#3712=CARTESIAN_POINT('Ctrl Pts',(-87.1285722119207,84.7807483262748,19.1491252686602));
#3713=CARTESIAN_POINT('Ctrl Pts',(-87.1890333298658,82.7753810592995,19.1528474647453));
#3714=CARTESIAN_POINT('Ctrl Pts',(-87.3299525978642,78.0963958568612,20.2232895359768));
#3715=CARTESIAN_POINT('Ctrl Pts',(-87.5312154784025,73.0327568832366,25.0352196802903));
#3716=CARTESIAN_POINT('Ctrl Pts',(-87.7323608535358,71.1437368585136,31.6187922343418));
#3717=CARTESIAN_POINT('Ctrl Pts',(-87.9133916911557,72.2085611795015,37.6837449080933));
#3718=CARTESIAN_POINT('Ctrl Pts',(-88.0944225287757,75.8361374056453,42.6660114196767));
#3719=CARTESIAN_POINT('Ctrl Pts',(-88.2754533663955,81.2812194195211,45.5462151228488));
#3720=CARTESIAN_POINT('Ctrl Pts',(-88.4564842040155,87.4394831780144,45.7411436092684));
#3721=CARTESIAN_POINT('Ctrl Pts',(-88.6375150416353,93.0562261934018,43.2097617685359));
#3722=CARTESIAN_POINT('Ctrl Pts',(-88.8185458792553,96.9895188615824,38.4677816365619));
#3723=CARTESIAN_POINT('Ctrl Pts',(-88.9995767168752,98.4386708542083,32.479677187874));
#3724=CARTESIAN_POINT('Ctrl Pts',(-89.1806075544952,97.1090437002874,26.4639520883149));
#3725=CARTESIAN_POINT('Ctrl Pts',(-89.361638392115,93.2710629329916,21.6444933695244));
#3726=CARTESIAN_POINT('Ctrl Pts',(-89.5109493969133,88.6808132143854,19.4649288330634));
#3727=CARTESIAN_POINT('Ctrl Pts',(-89.5999167891717,85.7301021102119,19.1496570554292));
#3728=CARTESIAN_POINT('Ctrl Pts',(-89.6285405688901,84.7807392382567,19.1497595860158));
#3729=CARTESIAN_POINT('Origin',(-83.3785392569594,84.7807492699152,32.3436660715063));
#3730=CARTESIAN_POINT('',(-92.6214598491249,84.7806597570742,19.1497023698759));
#3731=CARTESIAN_POINT('',(-92.1285455934367,84.7807462839003,19.1492390352155));
#3732=CARTESIAN_POINT('',(-83.3785392569594,84.780749269914,19.1489950715063));
#3733=CARTESIAN_POINT('Ctrl Pts',(-90.1214598485627,84.7805341138317,19.1490280670227));
#3734=CARTESIAN_POINT('Ctrl Pts',(-90.1358247290401,84.3041708847033,19.1486617231206));
#3735=CARTESIAN_POINT('Ctrl Pts',(-90.2105332220574,81.8269160041283,19.2807174224991));
#3736=CARTESIAN_POINT('Ctrl Pts',(-90.3455853276148,77.4874639832619,20.795256433818));
#3737=CARTESIAN_POINT('Ctrl Pts',(-90.5266161652346,73.1545254323551,25.1750760608864));
#3738=CARTESIAN_POINT('Ctrl Pts',(-90.7076470028547,71.1870675629156,31.0134163419872));
#3739=CARTESIAN_POINT('Ctrl Pts',(-90.8886778404745,71.9853847495216,37.1224118462716));
#3740=CARTESIAN_POINT('Ctrl Pts',(-91.0697086780944,75.387053719004,42.2591205095351));
#3741=CARTESIAN_POINT('Ctrl Pts',(-91.2507395157143,80.6999679664138,45.3784266260201));
#3742=CARTESIAN_POINT('Ctrl Pts',(-91.4317703533342,86.84316011472,45.8456739893861));
#3743=CARTESIAN_POINT('Ctrl Pts',(-91.6128011909542,92.5667330755738,43.5657965829274));
#3744=CARTESIAN_POINT('Ctrl Pts',(-91.7938320285741,96.7061661590937,39.0026591639306));
#3745=CARTESIAN_POINT('Ctrl Pts',(-91.9748628661939,98.4192482838747,33.0846799042599));
#3746=CARTESIAN_POINT('Ctrl Pts',(-92.1558937038139,97.3574349930327,27.0159336076773));
#3747=CARTESIAN_POINT('Ctrl Pts',(-92.3369245414338,93.7367632992257,22.0311702724229));
#3748=CARTESIAN_POINT('Ctrl Pts',(-92.4921132564014,89.0708650906919,19.5566507360225));
#3749=CARTESIAN_POINT('Ctrl Pts',(-92.586958358829,85.9249542809332,19.1500293765404));
#3750=CARTESIAN_POINT('Ctrl Pts',(-92.6214598487166,84.7806597570742,19.1497023705689));
#3751=CARTESIAN_POINT('Ctrl Pts',(-89.6285405688901,84.7807392382567,19.1497595860158));
#3752=CARTESIAN_POINT('Ctrl Pts',(-89.6602604017117,83.7286897925945,19.1498732066871));
#3753=CARTESIAN_POINT('Ctrl Pts',(-89.7523238470732,80.675154540818,19.5120992737974));
#3754=CARTESIAN_POINT('Ctrl Pts',(-89.9047309049747,76.0429387712275,21.8456309468675));
#3755=CARTESIAN_POINT('Ctrl Pts',(-90.0857617425947,72.3185469318021,26.7534209307224));
#3756=CARTESIAN_POINT('Ctrl Pts',(-90.2667925802145,71.1297019100945,32.7984818056143));
#3757=CARTESIAN_POINT('Ctrl Pts',(-90.4478234178346,72.7183449944242,38.7512568748193));
#3758=CARTESIAN_POINT('Ctrl Pts',(-90.6288542554544,76.7611292700058,43.3998309361283));
#3759=CARTESIAN_POINT('Ctrl Pts',(-90.8098850930744,82.4357581370575,45.7999573264618));
#3760=CARTESIAN_POINT('Ctrl Pts',(-90.9909159306942,88.5871641825626,45.4608446690797));
#3761=CARTESIAN_POINT('Ctrl Pts',(-91.1719467683142,93.9645123988446,42.4539317136583));
#3762=CARTESIAN_POINT('Ctrl Pts',(-91.3529776059341,97.4730767496387,37.38965135278));
#3763=CARTESIAN_POINT('Ctrl Pts',(-91.534008443554,98.3993460108975,31.2987498629114));
#3764=CARTESIAN_POINT('Ctrl Pts',(-91.715039281174,96.5547246060554,25.4204325595855));
#3765=CARTESIAN_POINT('Ctrl Pts',(-91.8960701187938,92.3145864626304,20.9507265526313));
#3766=CARTESIAN_POINT('Ctrl Pts',(-92.0339055562147,87.9190802041778,19.3124419281991));
#3767=CARTESIAN_POINT('Ctrl Pts',(-92.1113973810957,85.3494351818913,19.1488248314784));
#3768=CARTESIAN_POINT('Ctrl Pts',(-92.1285455934367,84.7807462839003,19.1492390352155));
#3769=CARTESIAN_POINT('Origin',(-83.3785392569594,84.7807492699152,32.3436660715063));
#3770=CARTESIAN_POINT('',(-95.121459848971,84.7808880152018,19.1495954930061));
#3771=CARTESIAN_POINT('',(-94.6285430993204,84.7807490457257,19.1483938819285));
#3772=CARTESIAN_POINT('',(-83.3785392569594,84.780749269914,19.1489950715063));
#3773=CARTESIAN_POINT('Ctrl Pts',(-92.6214598487166,84.7806597570742,19.1497023705689));
#3774=CARTESIAN_POINT('Ctrl Pts',(-92.647301971369,83.9235663523471,19.1494574382934));
#3775=CARTESIAN_POINT('Ctrl Pts',(-92.7334877065613,81.0652404457745,19.4247872416443));
#3776=CARTESIAN_POINT('Ctrl Pts',(-92.8800170542936,76.5166428121756,21.4688188834468));
#3777=CARTESIAN_POINT('Ctrl Pts',(-93.0610478919134,72.578460997192,26.2067354135903));
#3778=CARTESIAN_POINT('Ctrl Pts',(-93.2420787295334,71.1229625074665,32.1932747448019));
#3779=CARTESIAN_POINT('Ctrl Pts',(-93.4231095671534,72.4462837199243,38.2104127637015));
#3780=CARTESIAN_POINT('Ctrl Pts',(-93.6041404047731,76.2791811401766,43.0338997444885));
#3781=CARTESIAN_POINT('Ctrl Pts',(-93.7851712423933,81.8418115285194,45.6823467403682));
#3782=CARTESIAN_POINT('Ctrl Pts',(-93.9662020800128,88.0023997456159,45.6168995106999));
#3783=CARTESIAN_POINT('Ctrl Pts',(-94.1472329176331,93.5075090893086,42.8508739151996));
#3784=CARTESIAN_POINT('Ctrl Pts',(-94.3282637552527,97.2370684877823,37.9470469545064));
#3785=CARTESIAN_POINT('Ctrl Pts',(-94.5092945928728,98.4322578608697,31.90315330318));
#3786=CARTESIAN_POINT('Ctrl Pts',(-94.6903254304926,96.8499078310284,25.9488869511233));
#3787=CARTESIAN_POINT('Ctrl Pts',(-94.8713562681126,92.8119550966309,21.2957046277412));
#3788=CARTESIAN_POINT('Ctrl Pts',(-95.0150677408026,88.3092545599779,19.386209781047));
#3789=CARTESIAN_POINT('Ctrl Pts',(-95.0984356009526,85.5445055815543,19.1492486335936));
#3790=CARTESIAN_POINT('Ctrl Pts',(-95.1214598485627,84.7808880152018,19.1495954936991));
#3791=CARTESIAN_POINT('Ctrl Pts',(-92.1285455934367,84.7807462839003,19.1492390352155));
#3792=CARTESIAN_POINT('Ctrl Pts',(-92.1717409936357,83.3482503450249,19.1502823915627));
#3793=CARTESIAN_POINT('Ctrl Pts',(-92.2752800063746,79.9137998066651,19.7097581081551));
#3794=CARTESIAN_POINT('Ctrl Pts',(-92.4391626316535,75.1683093571467,22.6401223561008));
#3795=CARTESIAN_POINT('Ctrl Pts',(-92.6201934692734,71.882017094841,27.8513995697974));
#3796=CARTESIAN_POINT('Ctrl Pts',(-92.8012243068934,71.220106323109,33.976675241335));
#3797=CARTESIAN_POINT('Ctrl Pts',(-92.9822551445133,73.3172506568805,39.7696981964652));
#3798=CARTESIAN_POINT('Ctrl Pts',(-93.1632859821332,77.7467636617767,44.0518171121842));
#3799=CARTESIAN_POINT('Ctrl Pts',(-93.3443168197532,83.607414763654,45.9517901304747));
#3800=CARTESIAN_POINT('Ctrl Pts',(-93.525347657373,89.7067930201204,45.0830478111686));
#3801=CARTESIAN_POINT('Ctrl Pts',(-93.706378494993,94.8039161137439,41.6223448934382));
#3802=CARTESIAN_POINT('Ctrl Pts',(-93.8874093326127,97.8617209571831,36.2737976118837));
#3803=CARTESIAN_POINT('Ctrl Pts',(-94.068440170233,98.2580651444383,30.125623920528));
#3804=CARTESIAN_POINT('Ctrl Pts',(-94.2494710078525,95.9123083076775,24.42873412491));
#3805=CARTESIAN_POINT('Ctrl Pts',(-94.4305018454727,91.3017192125412,20.3422201158744));
#3806=CARTESIAN_POINT('Ctrl Pts',(-94.5568592092952,87.1575207096206,19.1942432089368));
#3807=CARTESIAN_POINT('Ctrl Pts',(-94.6228729605778,84.9687538118482,19.1482873508524));
#3808=CARTESIAN_POINT('Ctrl Pts',(-94.6285430993204,84.7807490457258,19.1483938819285));
#3809=CARTESIAN_POINT('Origin',(-83.3785392569594,84.7807492699152,32.3436660715063));
#3810=CARTESIAN_POINT('',(-97.621459848971,84.7812134310978,19.1475241366382));
#3811=CARTESIAN_POINT('',(-97.1285386251782,84.7807496040199,19.1483592381954));
#3812=CARTESIAN_POINT('',(-83.3785392569594,84.780749269914,19.1489950715063));
#3813=CARTESIAN_POINT('Ctrl Pts',(-95.1214598485627,84.7808880152018,19.1495954936991));
#3814=CARTESIAN_POINT('Ctrl Pts',(-95.1587792134926,83.543161462386,19.1501577096322));
#3815=CARTESIAN_POINT('Ctrl Pts',(-95.2564421909625,80.303686901347,19.6039565171846));
#3816=CARTESIAN_POINT('Ctrl Pts',(-95.4144487809725,75.6076947781884,22.2237683204494));
#3817=CARTESIAN_POINT('Ctrl Pts',(-95.5954796185922,72.0936674504382,27.2843177199857));
#3818=CARTESIAN_POINT('Ctrl Pts',(-95.7765104562122,71.1611698879685,33.3742703623));
#3819=CARTESIAN_POINT('Ctrl Pts',(-95.9575412938321,72.9992907831512,39.2544831783904));
#3820=CARTESIAN_POINT('Ctrl Pts',(-96.138572131452,77.2353428022664,43.7287249074048));
#3821=CARTESIAN_POINT('Ctrl Pts',(-96.3196029690719,83.0048164752713,45.8863394822741));
#3822=CARTESIAN_POINT('Ctrl Pts',(-96.5006338066919,89.1392229442735,45.2889978024328));
#3823=CARTESIAN_POINT('Ctrl Pts',(-96.6816646443118,94.3795423684271,42.0568992263169));
#3824=CARTESIAN_POINT('Ctrl Pts',(-96.8828100194449,98.0481764297153,36.2716774994471));
#3825=CARTESIAN_POINT('Ctrl Pts',(-97.1040699320916,98.3028058697775,28.5973694593587));
#3826=CARTESIAN_POINT('Ctrl Pts',(-97.3454443822514,93.7522217056223,21.551189698401));
#3827=CARTESIAN_POINT('Ctrl Pts',(-97.5179076877419,88.2143561446221,19.2788588094273));
#3828=CARTESIAN_POINT('Ctrl Pts',(-97.609912843179,85.1640862934409,19.1472592929418));
#3829=CARTESIAN_POINT('Ctrl Pts',(-97.6214598485628,84.7812134310978,19.1475241373313));
#3830=CARTESIAN_POINT('Ctrl Pts',(-94.6285430993204,84.7807490457258,19.1483938819285));
#3831=CARTESIAN_POINT('Ctrl Pts',(-94.6832165731177,82.9679409080539,19.1494210920666));
#3832=CARTESIAN_POINT('Ctrl Pts',(-94.7982336594551,79.153466891319,19.9444800464978));
#3833=CARTESIAN_POINT('Ctrl Pts',(-94.9735943583323,74.36561707703,23.5072202589894));
#3834=CARTESIAN_POINT('Ctrl Pts',(-95.1546251959522,71.5420236014177,28.9830261867917));
#3835=CARTESIAN_POINT('Ctrl Pts',(-95.3356560335722,71.4119881236291,35.1425892371148));
#3836=CARTESIAN_POINT('Ctrl Pts',(-95.5166868711921,74.0019657747181,40.7326825712415));
#3837=CARTESIAN_POINT('Ctrl Pts',(-95.697717708812,78.7850024435134,44.6159416266026));
#3838=CARTESIAN_POINT('Ctrl Pts',(-95.8787485464319,84.7879311872893,46.002279822161));
#3839=CARTESIAN_POINT('Ctrl Pts',(-96.0597793840519,90.7894096636991,44.6096257656246));
#3840=CARTESIAN_POINT('Ctrl Pts',(-96.2408102216717,95.5683409718799,40.7213424561773));
#3841=CARTESIAN_POINT('Ctrl Pts',(-96.4218410592916,98.152469117268,35.128515523797));
#3842=CARTESIAN_POINT('Ctrl Pts',(-96.6028718969116,98.0158887229066,28.9691176735108));
#3843=CARTESIAN_POINT('Ctrl Pts',(-96.7839027345315,95.1866678910507,23.4962341311529));
#3844=CARTESIAN_POINT('Ctrl Pts',(-96.959124977287,90.3985972333152,19.9414423262557));
#3845=CARTESIAN_POINT('Ctrl Pts',(-97.0740036075026,86.5890102696874,19.1493699018915));
#3846=CARTESIAN_POINT('Ctrl Pts',(-97.1285386251782,84.7807496040199,19.1483592381954));
#3847=CARTESIAN_POINT('Origin',(-83.3785392569594,84.7807492699152,32.3436660715063));
#3848=CARTESIAN_POINT('',(-100.121459848971,84.7803980727475,19.1511446772436));
#3849=CARTESIAN_POINT('',(-99.6285339956481,84.7807462703863,19.1492093910888));
#3850=CARTESIAN_POINT('',(-83.3785392569594,84.780749269914,19.1489950715063));
#3851=CARTESIAN_POINT('Ctrl Pts',(-97.6214598485628,84.7812134310978,19.1475241373313));
#3852=CARTESIAN_POINT('Ctrl Pts',(-97.6702564557189,83.1632271191907,19.1486433459229));
#3853=CARTESIAN_POINT('Ctrl Pts',(-97.7793966754151,79.5423000403311,19.8214262717256));
#3854=CARTESIAN_POINT('Ctrl Pts',(-97.9488805076511,74.7675990668132,23.0534040769442));
#3855=CARTESIAN_POINT('Ctrl Pts',(-98.129911345271,71.7037912214939,28.4002944874966));
#3856=CARTESIAN_POINT('Ctrl Pts',(-98.3109421828909,71.3011810569531,34.5472613304461));
#3857=CARTESIAN_POINT('Ctrl Pts',(-98.491973020511,73.6408116134939,40.2470400046803));
#3858=CARTESIAN_POINT('Ctrl Pts',(-98.6730038581308,78.2472305691411,44.3381169017458));
#3859=CARTESIAN_POINT('Ctrl Pts',(-98.8540346957507,84.1826456598956,45.9893526360226));
#3860=CARTESIAN_POINT('Ctrl Pts',(-99.0350655333707,90.2402997083224,44.8635049412815));
#3861=CARTESIAN_POINT('Ctrl Pts',(-99.2160963709906,95.1860820388546,41.1916425908583));
#3862=CARTESIAN_POINT('Ctrl Pts',(-99.3971272086104,98.0169420735006,35.7170648612627));
#3863=CARTESIAN_POINT('Ctrl Pts',(-99.5781580462305,98.1504007408845,29.5611745488715));
#3864=CARTESIAN_POINT('Ctrl Pts',(-99.7793034213636,95.2859518063593,23.3390087329282));
#3865=CARTESIAN_POINT('Ctrl Pts',(-99.9604040221411,90.1255653337085,19.7510779578469));
#3866=CARTESIAN_POINT('Ctrl Pts',(-100.081161010379,86.1178125533546,19.1513810672092));
#3867=CARTESIAN_POINT('Ctrl Pts',(-100.121459848563,84.7803980727475,19.1511446779366));
#3868=CARTESIAN_POINT('Ctrl Pts',(-97.1285386251782,84.7807496040199,19.1483592381954));
#3869=CARTESIAN_POINT('Ctrl Pts',(-97.1343472200426,84.5881494351065,19.1482515911054));
#3870=CARTESIAN_POINT('Ctrl Pts',(-97.200499427447,82.3947169803057,19.1954759613595));
#3871=CARTESIAN_POINT('Ctrl Pts',(-97.3269952473913,78.2464172734342,20.3493749006986));
#3872=CARTESIAN_POINT('Ctrl Pts',(-97.5080260850111,73.6423738733351,24.4398629982627));
#3873=CARTESIAN_POINT('Ctrl Pts',(-97.6890569226311,71.2979605795419,30.141011111926));
#3874=CARTESIAN_POINT('Ctrl Pts',(-97.8298586852243,71.6179388684007,34.9197492207634));
#3875=CARTESIAN_POINT('Ctrl Pts',(-97.990774985331,73.541660604162,39.9143093710723));
#3876=CARTESIAN_POINT('Ctrl Pts',(-98.1718058229509,77.8116284252381,44.5250330353415));
#3877=CARTESIAN_POINT('Ctrl Pts',(-98.3930657355974,85.3186202572663,46.1682972262956));
#3878=CARTESIAN_POINT('Ctrl Pts',(-98.5942111107306,91.8264639872541,44.0418888792083));
#3879=CARTESIAN_POINT('Ctrl Pts',(-98.7752419483506,96.252343811097,39.7588768501394));
#3880=CARTESIAN_POINT('Ctrl Pts',(-98.9562727859705,98.3429636293092,33.9617910157956));
#3881=CARTESIAN_POINT('Ctrl Pts',(-99.1373036235904,97.6748086365555,27.8381490875322));
#3882=CARTESIAN_POINT('Ctrl Pts',(-99.3183344612103,94.3829627514245,22.6298337159448));
#3883=CARTESIAN_POINT('Ctrl Pts',(-99.4820779185629,89.6384114522101,19.7072404907878));
#3884=CARTESIAN_POINT('Ctrl Pts',(-99.5854777633755,86.2086277543994,19.1502607547976));
#3885=CARTESIAN_POINT('Ctrl Pts',(-99.6285339956481,84.7807462703863,19.1492093910888));
#3886=CARTESIAN_POINT('Origin',(-83.3785392569594,84.7807492699152,32.3436660715063));
#3887=CARTESIAN_POINT('',(-102.621459848971,84.7804493667691,19.1488135554976));
#3888=CARTESIAN_POINT('',(-102.128540016912,84.7807387611906,19.149792678941));
#3889=CARTESIAN_POINT('',(-83.3785392569594,84.780749269914,19.1489950715063));
#3890=CARTESIAN_POINT('Ctrl Pts',(-100.121459848563,84.7803980727475,19.1511446779366));
#3891=CARTESIAN_POINT('Ctrl Pts',(-100.161619160432,83.4476141106025,19.1509091071124));
#3892=CARTESIAN_POINT('Ctrl Pts',(-100.282236622354,79.4447709174392,19.7464265512184));
#3893=CARTESIAN_POINT('Ctrl Pts',(-100.463197696817,74.2861120233591,23.329755356513));
#3894=CARTESIAN_POINT('Ctrl Pts',(-100.66434307195,71.4135319277832,29.5463044307066));
#3895=CARTESIAN_POINT('Ctrl Pts',(-100.84537390957,71.5412646169543,35.703541345693));
#3896=CARTESIAN_POINT('Ctrl Pts',(-101.02640474719,74.3659903699462,41.1804875050551));
#3897=CARTESIAN_POINT('Ctrl Pts',(-101.20743558481,79.3080936290667,44.8578659525179));
#3898=CARTESIAN_POINT('Ctrl Pts',(-101.38846642243,85.3644626805458,45.9898966257608));
#3899=CARTESIAN_POINT('Ctrl Pts',(-101.569497260049,91.3016707664178,44.3450683485373));
#3900=CARTESIAN_POINT('Ctrl Pts',(-101.750528097669,95.9123387615128,40.2586183227166));
#3901=CARTESIAN_POINT('Ctrl Pts',(-101.931558935289,98.2580370061954,34.5617008551884));
#3902=CARTESIAN_POINT('Ctrl Pts',(-102.112589772909,97.8617620125334,28.4135329081535));
#3903=CARTESIAN_POINT('Ctrl Pts',(-102.293620610529,94.8038409466522,23.0649985932484));
#3904=CARTESIAN_POINT('Ctrl Pts',(-102.46324396908,90.0281182048727,19.8223322114508));
#3905=CARTESIAN_POINT('Ctrl Pts',(-102.572523715091,86.403165341755,19.150065918071));
#3906=CARTESIAN_POINT('Ctrl Pts',(-102.621459848563,84.7804493667691,19.1488135561906));
#3907=CARTESIAN_POINT('Ctrl Pts',(-99.6285339956481,84.7807462703863,19.1492093910888));
#3908=CARTESIAN_POINT('Ctrl Pts',(-99.6458213759155,84.2074418057852,19.1487872611607));
#3909=CARTESIAN_POINT('Ctrl Pts',(-99.7234523687227,81.6331673072923,19.3140294157006));
#3910=CARTESIAN_POINT('Ctrl Pts',(-99.86142697407,77.23475027506,20.9589637368753));
#3911=CARTESIAN_POINT('Ctrl Pts',(-100.04245781169,72.9998705899353,25.4322292141493));
#3912=CARTESIAN_POINT('Ctrl Pts',(-100.22348864931,71.1602990698327,31.3142700659697));
#3913=CARTESIAN_POINT('Ctrl Pts',(-100.40451948693,72.0952808494828,37.4005853773513));
#3914=CARTESIAN_POINT('Ctrl Pts',(-100.605664862063,75.9945206739296,43.0315525800875));
#3915=CARTESIAN_POINT('Ctrl Pts',(-100.826924774709,82.9629764041489,46.2585901670702));
#3916=CARTESIAN_POINT('Ctrl Pts',(-101.06829922487,91.2242296563546,44.8094360840492));
#3917=CARTESIAN_POINT('Ctrl Pts',(-101.289559137516,96.6786556212097,39.4035777697842));
#3918=CARTESIAN_POINT('Ctrl Pts',(-101.490704512649,98.430315803698,32.7827061660963));
#3919=CARTESIAN_POINT('Ctrl Pts',(-101.671735350269,97.2380232015855,26.7410070506792));
#3920=CARTESIAN_POINT('Ctrl Pts',(-101.852766187889,93.5070396919356,21.8361033557508));
#3921=CARTESIAN_POINT('Ctrl Pts',(-102.005034410103,88.8771836573088,19.5099959621434));
#3922=CARTESIAN_POINT('Ctrl Pts',(-102.096959019778,85.8282106087881,19.1499104495078));
#3923=CARTESIAN_POINT('Ctrl Pts',(-102.128540016912,84.7807387611906,19.149792678941));
#3924=CARTESIAN_POINT('Origin',(-83.3785392569594,84.7807492699152,32.3436660715063));
#3925=CARTESIAN_POINT('',(-105.121459848971,84.7806043125566,19.1495947880325));
#3926=CARTESIAN_POINT('',(-104.628505819516,84.7807450404342,19.1492473624816));
#3927=CARTESIAN_POINT('',(-83.3785392569594,84.780749269914,19.1489950715063));
#3928=CARTESIAN_POINT('Ctrl Pts',(-102.621459848563,84.7804493667691,19.1488135561906));
#3929=CARTESIAN_POINT('Ctrl Pts',(-102.632867327631,84.4021788086749,19.1485216187014));
#3930=CARTESIAN_POINT('Ctrl Pts',(-102.70461841924,82.0231130911847,19.2491513731688));
#3931=CARTESIAN_POINT('Ctrl Pts',(-102.836713123389,77.7473760804825,20.6353971539607));
#3932=CARTESIAN_POINT('Ctrl Pts',(-103.017743961009,73.3160050297033,24.9178747015114));
#3933=CARTESIAN_POINT('Ctrl Pts',(-103.198774798629,71.2226393904643,30.71015690907));
#3934=CARTESIAN_POINT('Ctrl Pts',(-103.399920173762,71.9496498116916,37.5178818669916));
#3935=CARTESIAN_POINT('Ctrl Pts',(-103.621180086409,76.5247268640605,43.6923211875299));
#3936=CARTESIAN_POINT('Ctrl Pts',(-103.802210924028,82.480258758965,45.6980483960019));
#3937=CARTESIAN_POINT('Ctrl Pts',(-103.963127224135,87.8245362265579,45.4062540300772));
#3938=CARTESIAN_POINT('Ctrl Pts',(-104.103928986728,92.3147736428108,43.7399944940775));
#3939=CARTESIAN_POINT('Ctrl Pts',(-104.284959824348,96.5546480073994,39.2652777698822));
#3940=CARTESIAN_POINT('Ctrl Pts',(-104.465990661968,98.3993759822152,33.3893848244182));
#3941=CARTESIAN_POINT('Ctrl Pts',(-104.647021499588,97.473078831897,27.297275017192));
#3942=CARTESIAN_POINT('Ctrl Pts',(-104.828052337208,93.9644768377563,22.2336282601288));
#3943=CARTESIAN_POINT('Ctrl Pts',(-104.986198453533,89.2670596490768,19.6062734891775));
#3944=CARTESIAN_POINT('Ctrl Pts',(-105.084000957318,86.0229547395684,19.1501486402244));
#3945=CARTESIAN_POINT('Ctrl Pts',(-105.121459848563,84.7806043125566,19.1495947887255));
#3946=CARTESIAN_POINT('Ctrl Pts',(-102.128540016912,84.7807387611906,19.149792678941));
#3947=CARTESIAN_POINT('Ctrl Pts',(-102.157302632318,83.8267464039435,19.1496854185685));
#3948=CARTESIAN_POINT('Ctrl Pts',(-102.246408860263,80.8713225032294,19.4669460414042));
#3949=CARTESIAN_POINT('Ctrl Pts',(-102.395858700749,76.2792324457415,21.6534744628061));
#3950=CARTESIAN_POINT('Ctrl Pts',(-102.576889538369,72.4462658476529,26.4768991922736));
#3951=CARTESIAN_POINT('Ctrl Pts',(-102.757920375989,71.1229567113213,32.4940664838526));
#3952=CARTESIAN_POINT('Ctrl Pts',(-102.938951213608,72.57849393271,38.4805939736346));
#3953=CARTESIAN_POINT('Ctrl Pts',(-103.119982051229,76.5165658379351,43.2185109377069));
#3954=CARTESIAN_POINT('Ctrl Pts',(-103.301012888848,82.1364053151635,45.7438365428098));
#3955=CARTESIAN_POINT('Ctrl Pts',(-103.482043726468,88.2935646797942,45.5427207999461));
#3956=CARTESIAN_POINT('Ctrl Pts',(-103.663074564088,93.7374490189271,42.6562018529448));
#3957=CARTESIAN_POINT('Ctrl Pts',(-103.813933595438,96.7527198028628,38.5020837498503));
#3958=CARTESIAN_POINT('Ctrl Pts',(-103.934620820518,97.8897959040576,34.6369125870465));
#3959=CARTESIAN_POINT('Ctrl Pts',(-104.055308045598,98.1313481625505,30.6173163964356));
#3960=CARTESIAN_POINT('Ctrl Pts',(-104.226281614461,96.5209888266402,25.0236464615135));
#3961=CARTESIAN_POINT('Ctrl Pts',(-104.427404807857,91.4558269435224,20.2187610508327));
#3962=CARTESIAN_POINT('Ctrl Pts',(-104.568184388713,86.7815370250439,19.1528211002671));
#3963=CARTESIAN_POINT('Ctrl Pts',(-104.628505819516,84.7807450404342,19.1492473624816));
#3964=CARTESIAN_POINT('Origin',(-83.3785392569594,84.7807492699152,32.3436660715063));
#3965=CARTESIAN_POINT('',(-107.621459848971,84.7806514555061,19.1496716913106));
#3966=CARTESIAN_POINT('',(-107.128550575659,84.7807486309864,19.1484520498544));
#3967=CARTESIAN_POINT('',(-83.3785392569594,84.780749269914,19.1489950715063));
#3968=CARTESIAN_POINT('Ctrl Pts',(-105.121459848563,84.7806043125566,19.1495947887255));
#3969=CARTESIAN_POINT('Ctrl Pts',(-105.144344569858,84.0216164640658,19.1492564248078));
#3970=CARTESIAN_POINT('Ctrl Pts',(-105.227572903693,81.2615067221619,19.3844090547791));
#3971=CARTESIAN_POINT('Ctrl Pts',(-105.371144850068,76.7611806072353,21.2871123854217));
#3972=CARTESIAN_POINT('Ctrl Pts',(-105.552175687688,72.7182977403192,25.9364632472894));
#3973=CARTESIAN_POINT('Ctrl Pts',(-105.733206525308,71.1297695638785,31.8882606299461));
#3974=CARTESIAN_POINT('Ctrl Pts',(-105.914237362927,72.3184230842478,37.9350130514556));
#3975=CARTESIAN_POINT('Ctrl Pts',(-106.095268200547,76.0431803088676,42.8395032625979));
#3976=CARTESIAN_POINT('Ctrl Pts',(-106.29641357568,82.1559918674878,45.9266946289479));
#3977=CARTESIAN_POINT('Ctrl Pts',(-106.517673488327,89.8205173711174,45.4419558594143));
#3978=CARTESIAN_POINT('Ctrl Pts',(-106.759047938487,96.3892032282412,40.2260706976914));
#3979=CARTESIAN_POINT('Ctrl Pts',(-106.980307851134,98.6068632561526,32.8744077162904));
#3980=CARTESIAN_POINT('Ctrl Pts',(-107.181453226267,96.9864139772209,26.2189940718996));
#3981=CARTESIAN_POINT('Ctrl Pts',(-107.362484063887,93.0578047911232,21.4778033233452));
#3982=CARTESIAN_POINT('Ctrl Pts',(-107.509152937985,88.5052021151785,19.4266930004455));
#3983=CARTESIAN_POINT('Ctrl Pts',(-107.595478199544,85.6423143339156,19.1494219939293));
#3984=CARTESIAN_POINT('Ctrl Pts',(-107.621459848563,84.7806514555061,19.1496716920036));
#3985=CARTESIAN_POINT('Ctrl Pts',(-104.628505819516,84.7807450404342,19.1492473624816));
#3986=CARTESIAN_POINT('Ctrl Pts',(-104.648642538767,84.1128333888587,19.1480543643464));
#3987=CARTESIAN_POINT('Ctrl Pts',(-104.74923740807,80.777361711877,19.3943697790913));
#3988=CARTESIAN_POINT('Ctrl Pts',(-104.910175889914,75.7610671062569,21.8513090808416));
#3989=CARTESIAN_POINT('Ctrl Pts',(-105.111321265047,71.987111678052,27.5675493738082));
#3990=CARTESIAN_POINT('Ctrl Pts',(-105.292352102668,71.1862142096195,33.6726178614281));
#3991=CARTESIAN_POINT('Ctrl Pts',(-105.473382940287,73.1549466438091,39.5129010807057));
#3992=CARTESIAN_POINT('Ctrl Pts',(-105.654413777907,77.4872547762518,43.8917452493121));
#3993=CARTESIAN_POINT('Ctrl Pts',(-105.835444615527,83.3043974135513,45.9224311741893));
#3994=CARTESIAN_POINT('Ctrl Pts',(-106.016475453147,89.4214716000714,45.189575084541));
#3995=CARTESIAN_POINT('Ctrl Pts',(-106.197506290767,94.5945757954125,41.8436848217427));
#3996=CARTESIAN_POINT('Ctrl Pts',(-106.378537128387,97.7708122680955,36.5642002413373));
#3997=CARTESIAN_POINT('Ctrl Pts',(-106.559567966007,98.3042092673599,30.4272110181886));
#3998=CARTESIAN_POINT('Ctrl Pts',(-106.740598803627,96.0859431675719,24.6778126939615));
#3999=CARTESIAN_POINT('Ctrl Pts',(-106.921629641247,91.567834865771,20.4927964910488));
#4000=CARTESIAN_POINT('Ctrl Pts',(-107.050946898591,87.35344436232,19.2188826588922));
#4001=CARTESIAN_POINT('Ctrl Pts',(-107.119920543395,85.0668594598451,19.1479384198626));
#4002=CARTESIAN_POINT('Ctrl Pts',(-107.128550575659,84.7807486309864,19.1484520498544));
#4003=CARTESIAN_POINT('Origin',(-83.3785392569594,84.7807492699152,32.3436660715063));
#4004=CARTESIAN_POINT('',(-110.121459848971,84.780964573666,19.1490391027811));
#4005=CARTESIAN_POINT('',(-109.628537174392,84.7807494550063,19.1482656874547));
#4006=CARTESIAN_POINT('',(-83.3785392569594,84.780749269914,19.1489950715063));
#4007=CARTESIAN_POINT('Ctrl Pts',(-107.621459848563,84.7806514555061,19.1496716920036));
#4008=CARTESIAN_POINT('Ctrl Pts',(-107.655821812084,83.6410614173913,19.1500019295536));
#4009=CARTESIAN_POINT('Ctrl Pts',(-107.750527388145,80.5001778166477,19.5544189386398));
#4010=CARTESIAN_POINT('Ctrl Pts',(-107.905576576746,75.8354093054189,22.0217204695035));
#4011=CARTESIAN_POINT('Ctrl Pts',(-108.086607414366,72.2097635983113,27.0027224273918));
#4012=CARTESIAN_POINT('Ctrl Pts',(-108.267638251986,71.1414348577533,33.0703235918506));
#4013=CARTESIAN_POINT('Ctrl Pts',(-108.448669089606,72.8483550271835,38.9901139119594));
#4014=CARTESIAN_POINT('Ctrl Pts',(-108.629699927226,76.9829535607007,43.5575975095217));
#4015=CARTESIAN_POINT('Ctrl Pts',(-108.810730764846,82.7041405824877,45.8434978489918));
#4016=CARTESIAN_POINT('Ctrl Pts',(-108.991761602466,88.847813121346,45.382711879048));
#4017=CARTESIAN_POINT('Ctrl Pts',(-109.172792440086,94.1640098761671,42.2689975675543));
#4018=CARTESIAN_POINT('Ctrl Pts',(-109.353823277706,97.5710786347577,37.1358696284291));
#4019=CARTESIAN_POINT('Ctrl Pts',(-109.534854115326,98.375823603466,31.0277181945225));
#4020=CARTESIAN_POINT('Ctrl Pts',(-109.715884952946,96.4145070510708,25.1873098911042));
#4021=CARTESIAN_POINT('Ctrl Pts',(-109.896915790565,92.0861813032878,20.8029373041379));
#4022=CARTESIAN_POINT('Ctrl Pts',(-110.032107422438,87.7438393826405,19.2822602495308));
#4023=CARTESIAN_POINT('Ctrl Pts',(-110.10695544177,85.2619554619426,19.148669549337));
#4024=CARTESIAN_POINT('Ctrl Pts',(-110.121459848563,84.780964573666,19.1490391034741));
#4025=CARTESIAN_POINT('Ctrl Pts',(-107.128550575659,84.7807486309864,19.1484520498544));
#4026=CARTESIAN_POINT('Ctrl Pts',(-107.200378693448,82.3994362920047,19.152727013658));
#4027=CARTESIAN_POINT('Ctrl Pts',(-107.352664961291,77.3489862286209,20.5409242460578));
#4028=CARTESIAN_POINT('Ctrl Pts',(-107.585409379186,71.9822107485193,26.5915677506401));
#4029=CARTESIAN_POINT('Ctrl Pts',(-107.806669291833,71.0717754623059,34.216276544619));
#4030=CARTESIAN_POINT('Ctrl Pts',(-108.007814666966,73.8207261497737,40.4903060318294));
#4031=CARTESIAN_POINT('Ctrl Pts',(-108.188845504586,78.5113232433152,44.4791908192049));
#4032=CARTESIAN_POINT('Ctrl Pts',(-108.369876342206,84.4841516657591,45.9990516073211));
#4033=CARTESIAN_POINT('Ctrl Pts',(-108.550907179826,90.5140506199414,44.7405461216723));
#4034=CARTESIAN_POINT('Ctrl Pts',(-108.731938017446,95.3790609664752,40.959782717344));
#4035=CARTESIAN_POINT('Ctrl Pts',(-108.912968855066,98.0869409826742,35.4259717462049));
#4036=CARTESIAN_POINT('Ctrl Pts',(-109.093999692686,98.087927016671,29.2650375529251));
#4037=CARTESIAN_POINT('Ctrl Pts',(-109.275030530306,95.3812365172493,23.7304805297814));
#4038=CARTESIAN_POINT('Ctrl Pts',(-109.453209690874,90.5944703255683,20.0079447973859));
#4039=CARTESIAN_POINT('Ctrl Pts',(-109.571045238903,86.6869568817506,19.1489002462016));
#4040=CARTESIAN_POINT('Ctrl Pts',(-109.628537174392,84.7807494550063,19.1482656874547));
#4041=CARTESIAN_POINT('Origin',(-83.3785392569594,84.7807492699152,32.3436660715063));
#4042=CARTESIAN_POINT('',(-112.621459848971,84.7808209345396,19.1482717889361));
#4043=CARTESIAN_POINT('',(-112.128532780719,84.780748756972,19.1490255987406));
#4044=CARTESIAN_POINT('',(-83.3785392569594,84.780749269914,19.1489950715063));
#4045=CARTESIAN_POINT('Ctrl Pts',(-110.121459848563,84.780964573666,19.1490391034741));
#4046=CARTESIAN_POINT('Ctrl Pts',(-110.16729905431,83.2608582635015,19.1502070290822));
#4047=CARTESIAN_POINT('Ctrl Pts',(-110.273481872598,79.7387393894577,19.760407956323));
#4048=CARTESIAN_POINT('Ctrl Pts',(-110.440008303425,74.9769548243836,22.8334940647891));
#4049=CARTESIAN_POINT('Ctrl Pts',(-110.621039141045,71.7951047897787,28.1091892152355));
#4050=CARTESIAN_POINT('Ctrl Pts',(-110.802069978665,71.2553200734906,34.2464330183549));
#4051=CARTESIAN_POINT('Ctrl Pts',(-110.983100816285,73.4674255584109,39.996538960618));
#4052=CARTESIAN_POINT('Ctrl Pts',(-111.164131653905,77.9813452015644,44.1895877903192));
#4053=CARTESIAN_POINT('Ctrl Pts',(-111.345162491525,83.8786748076233,45.9724597956531));
#4054=CARTESIAN_POINT('Ctrl Pts',(-111.526193329145,89.9595408893116,44.9824110489163));
#4055=CARTESIAN_POINT('Ctrl Pts',(-111.707224166765,94.9867276277855,41.4208772321911));
#4056=CARTESIAN_POINT('Ctrl Pts',(-111.888255004385,97.9374011314507,36.012489899881));
#4057=CARTESIAN_POINT('Ctrl Pts',(-112.069285842004,98.2112162066436,29.8576416610116));
#4058=CARTESIAN_POINT('Ctrl Pts',(-112.250316679624,95.752461849739,24.2086016960669));
#4059=CARTESIAN_POINT('Ctrl Pts',(-112.431347517244,91.0613983142395,20.2147245829894));
#4060=CARTESIAN_POINT('Ctrl Pts',(-112.55506190689,86.9823012336348,19.1717954547953));
#4061=CARTESIAN_POINT('Ctrl Pts',(-112.618432683997,84.8811898942784,19.1482372232605));
#4062=CARTESIAN_POINT('Ctrl Pts',(-112.621459848563,84.7808209345396,19.1482717896291));
#4063=CARTESIAN_POINT('Ctrl Pts',(-109.628537174392,84.7807494550063,19.1482656874547));
#4064=CARTESIAN_POINT('Ctrl Pts',(-109.631388851443,84.6861990119301,19.1482342124904));
#4065=CARTESIAN_POINT('Ctrl Pts',(-109.694584141034,82.5909052804271,19.1703537520954));
#4066=CARTESIAN_POINT('Ctrl Pts',(-109.818123043165,78.5162205313636,20.2063928753639));
#4067=CARTESIAN_POINT('Ctrl Pts',(-109.999153880785,73.8198514694646,24.1940340618059));
#4068=CARTESIAN_POINT('Ctrl Pts',(-110.180184718405,71.3535973622282,29.8398032712903));
#4069=CARTESIAN_POINT('Ctrl Pts',(-110.361215556025,71.6192351814272,35.9950095556827));
#4070=CARTESIAN_POINT('Ctrl Pts',(-110.542246393645,74.5627221898095,41.4073117904648));
#4071=CARTESIAN_POINT('Ctrl Pts',(-110.723277231265,79.5851731386979,44.9755203944728));
#4072=CARTESIAN_POINT('Ctrl Pts',(-110.904308068885,85.6647187764407,45.9736459761));
#4073=CARTESIAN_POINT('Ctrl Pts',(-111.085338906505,91.5644114030017,44.1986094297621));
#4074=CARTESIAN_POINT('Ctrl Pts',(-111.266369744125,96.0838970176131,40.0115605288132));
#4075=CARTESIAN_POINT('Ctrl Pts',(-111.447400581744,98.3036388330337,34.2643982126822));
#4076=CARTESIAN_POINT('Ctrl Pts',(-111.628431419365,97.7720071923746,28.1264428304431));
#4077=CARTESIAN_POINT('Ctrl Pts',(-111.809462256984,94.5971680910116,22.8465256753436));
#4078=CARTESIAN_POINT('Ctrl Pts',(-111.976162710769,89.8344981332142,19.7638988079113));
#4079=CARTESIAN_POINT('Ctrl Pts',(-112.082519552014,86.3066213798331,19.1502259314387));
#4080=CARTESIAN_POINT('Ctrl Pts',(-112.128532780719,84.780748756972,19.1490255987406));
#4081=CARTESIAN_POINT('Origin',(-83.3785392569594,84.7807492699152,32.3436660715063));
#4082=CARTESIAN_POINT('',(-115.121459848971,84.7805421557469,19.1488215293127));
#4083=CARTESIAN_POINT('',(-114.628536799201,84.7807396186875,19.14971901382));
#4084=CARTESIAN_POINT('',(-83.3785392569594,84.780749269914,19.1489950715063));
#4085=CARTESIAN_POINT('Ctrl Pts',(-112.621459848563,84.7808209345396,19.1482717896291));
#4086=CARTESIAN_POINT('Ctrl Pts',(-112.678776296537,82.8804312684759,19.1489262705547));
#4087=CARTESIAN_POINT('Ctrl Pts',(-112.79643635705,78.9787118470166,20.0038905376035));
#4088=CARTESIAN_POINT('Ctrl Pts',(-112.974440030104,74.1916885359192,23.7164114703931));
#4089=CARTESIAN_POINT('Ctrl Pts',(-113.155470867724,71.4777222148151,29.2473533867763));
#4090=CARTESIAN_POINT('Ctrl Pts',(-113.336501705344,71.4703741755634,35.4083135213879));
#4091=CARTESIAN_POINT('Ctrl Pts',(-113.517532542964,74.1712058063418,40.9456556502594));
#4092=CARTESIAN_POINT('Ctrl Pts',(-113.698563380584,79.0305696255775,44.7330026404558));
#4093=CARTESIAN_POINT('Ctrl Pts',(-113.879594218204,85.0600517368618,45.9992636827341));
#4094=CARTESIAN_POINT('Ctrl Pts',(-114.060625055824,91.0323345108949,44.4878575851031));
#4095=CARTESIAN_POINT('Ctrl Pts',(-114.22154135593,95.2110461944764,40.9466904351061));
#4096=CARTESIAN_POINT('Ctrl Pts',(-114.362343118523,97.4224288320192,36.7744202522981));
#4097=CARTESIAN_POINT('Ctrl Pts',(-114.52325941863,98.4292517672991,31.4700322421296));
#4098=CARTESIAN_POINT('Ctrl Pts',(-114.724404793763,96.5745300618487,24.7368878894921));
#4099=CARTESIAN_POINT('Ctrl Pts',(-114.93721462875,90.8923860749739,20.0109503027729));
#4100=CARTESIAN_POINT('Ctrl Pts',(-115.069566313683,86.5015070596641,19.1491610405813));
#4101=CARTESIAN_POINT('Ctrl Pts',(-115.121459848563,84.7805421557469,19.1488215300057));
#4102=CARTESIAN_POINT('Ctrl Pts',(-112.128532780719,84.780748756972,19.1490255987406));
#4103=CARTESIAN_POINT('Ctrl Pts',(-112.142863164554,84.305530195169,19.148651766502));
#4104=CARTESIAN_POINT('Ctrl Pts',(-112.217537160929,81.8294200779174,19.2802858030616));
#4105=CARTESIAN_POINT('Ctrl Pts',(-112.352554769844,77.4906542626526,20.7932431722514));
#4106=CARTESIAN_POINT('Ctrl Pts',(-112.533585607464,73.1565080380186,25.1718622669157));
#4107=CARTESIAN_POINT('Ctrl Pts',(-112.714616445084,71.1874354089725,31.0096598778751));
#4108=CARTESIAN_POINT('Ctrl Pts',(-112.895647282704,71.9840648089742,37.1188751412835));
#4109=CARTESIAN_POINT('Ctrl Pts',(-113.076678120324,75.3843136658762,42.2565238669403));
#4110=CARTESIAN_POINT('Ctrl Pts',(-113.257708957944,80.6963657055239,45.377298394194));
#4111=CARTESIAN_POINT('Ctrl Pts',(-113.438739795564,86.8394284037876,45.8462429096044));
#4112=CARTESIAN_POINT('Ctrl Pts',(-113.619770633183,92.5636311621782,43.5679489109921));
#4113=CARTESIAN_POINT('Ctrl Pts',(-113.800801470804,96.7043253402059,39.0059527246853));
#4114=CARTESIAN_POINT('Ctrl Pts',(-113.981832308423,98.419042646568,33.0884533383704));
#4115=CARTESIAN_POINT('Ctrl Pts',(-114.162863146043,97.3589073241432,27.0194013410295));
#4116=CARTESIAN_POINT('Ctrl Pts',(-114.343893983663,93.7396120915975,22.033663021425));
#4117=CARTESIAN_POINT('Ctrl Pts',(-114.499118534716,89.0733230894682,19.5572379818995));
#4118=CARTESIAN_POINT('Ctrl Pts',(-114.593999473228,85.9262228244737,19.1500486669335));
#4119=CARTESIAN_POINT('Ctrl Pts',(-114.628536799201,84.7807396186875,19.14971901382));
#4120=CARTESIAN_POINT('Origin',(-83.3785392569594,84.7807492699152,32.3436660715063));
#4121=CARTESIAN_POINT('',(-117.621459848971,84.7802641371662,19.1461350017699));
#4122=CARTESIAN_POINT('',(-117.128529172807,84.7807486263538,19.149028017888));
#4123=CARTESIAN_POINT('',(-83.3785392569594,84.780749269914,19.1489950715063));
#4124=CARTESIAN_POINT('Ctrl Pts',(-115.121459848563,84.7805421557469,19.1488215300057));
#4125=CARTESIAN_POINT('Ctrl Pts',(-115.129909926223,84.5003090376517,19.148766245841));
#4126=CARTESIAN_POINT('Ctrl Pts',(-115.198703616423,82.2190175575689,19.2211831969394));
#4127=CARTESIAN_POINT('Ctrl Pts',(-115.327840919163,78.0099068912771,20.4804773999504));
#4128=CARTESIAN_POINT('Ctrl Pts',(-115.508871756783,73.4854742781825,24.6643266567195));
#4129=CARTESIAN_POINT('Ctrl Pts',(-115.689902594403,71.2600491311771,30.4087083211448));
#4130=CARTESIAN_POINT('Ctrl Pts',(-115.870933432023,71.784854125475,36.5467796901475));
#4131=CARTESIAN_POINT('Ctrl Pts',(-116.051964269642,74.9547084550039,41.8315875775934));
#4132=CARTESIAN_POINT('Ctrl Pts',(-116.232995107263,80.1221982146276,45.181165243837));
#4133=CARTESIAN_POINT('Ctrl Pts',(-116.434140482396,86.920471073109,46.012134982469));
#4134=CARTESIAN_POINT('Ctrl Pts',(-116.655400395042,93.9645725066234,42.9539616164069));
#4135=CARTESIAN_POINT('Ctrl Pts',(-116.896774845202,98.3760313576443,35.8213636871616));
#4136=CARTESIAN_POINT('Ctrl Pts',(-117.138149295362,97.9311247829626,27.4526010907123));
#4137=CARTESIAN_POINT('Ctrl Pts',(-117.379523745522,92.7979012755968,20.8272089312171));
#4138=CARTESIAN_POINT('Ctrl Pts',(-117.540627263256,87.4585349483292,19.1473785018677));
#4139=CARTESIAN_POINT('Ctrl Pts',(-117.621272630936,84.7864673127153,19.1461333698211));
#4140=CARTESIAN_POINT('Ctrl Pts',(-117.621459848563,84.7802641371662,19.1461350024631));
#4141=CARTESIAN_POINT('Ctrl Pts',(-114.628536799201,84.7807396186875,19.14971901382));
#4142=CARTESIAN_POINT('Ctrl Pts',(-114.654343085768,83.9248346800692,19.1494726970461));
#4143=CARTESIAN_POINT('Ctrl Pts',(-114.740492984876,81.0676969024214,19.4242902557678));
#4144=CARTESIAN_POINT('Ctrl Pts',(-114.886986496523,76.5196564376766,21.4663920887736));
#4145=CARTESIAN_POINT('Ctrl Pts',(-115.068017334143,72.5801419706306,26.2036545617109));
#4146=CARTESIAN_POINT('Ctrl Pts',(-115.249048171763,71.1230365429515,32.1889079860551));
#4147=CARTESIAN_POINT('Ctrl Pts',(-115.430079009383,72.4445983617192,38.2082072122226));
#4148=CARTESIAN_POINT('Ctrl Pts',(-115.611109847003,76.2763545182548,43.0290990609702));
#4149=CARTESIAN_POINT('Ctrl Pts',(-115.812255222136,82.4558784304331,45.9817894052015));
#4150=CARTESIAN_POINT('Ctrl Pts',(-116.033515134782,90.1072340151993,45.3259641110715));
#4151=CARTESIAN_POINT('Ctrl Pts',(-116.274889584942,96.5612910650461,39.9694166744135));
#4152=CARTESIAN_POINT('Ctrl Pts',(-116.496149497589,98.6145481834683,32.5692510570104));
#4153=CARTESIAN_POINT('Ctrl Pts',(-116.697294872722,96.8490674252595,25.9523462669364));
#4154=CARTESIAN_POINT('Ctrl Pts',(-116.878325710342,92.8158709193839,21.2970247603707));
#4155=CARTESIAN_POINT('Ctrl Pts',(-117.022070477037,88.3123176094855,19.3882615770349));
#4156=CARTESIAN_POINT('Ctrl Pts',(-117.105471631192,85.5456370471951,19.1491161016505));
#4157=CARTESIAN_POINT('Ctrl Pts',(-117.128529172807,84.7807486263538,19.149028017888));
#4158=CARTESIAN_POINT('Origin',(-83.3785392569594,84.7807492699152,32.3436660715063));
#4159=CARTESIAN_POINT('',(-120.121459848971,84.7806888231103,19.1449055627276));
#4160=CARTESIAN_POINT('',(-119.628504901039,84.7807510355335,19.1471442419751));
#4161=CARTESIAN_POINT('',(-83.3785392569594,84.780749269914,19.1489950715063));
#4162=CARTESIAN_POINT('Ctrl Pts',(-117.621459848563,84.7802641371662,19.1461350024631));
#4163=CARTESIAN_POINT('Ctrl Pts',(-117.701730780989,82.1206070665926,19.1468350097144));
#4164=CARTESIAN_POINT('Ctrl Pts',(-117.835640480118,77.6867099112718,20.535152443208));
#4165=CARTESIAN_POINT('Ctrl Pts',(-118.023188945948,73.3004574292078,25.1302142997859));
#4166=CARTESIAN_POINT('Ctrl Pts',(-118.184105246055,71.3887788336668,30.2255520156331));
#4167=CARTESIAN_POINT('Ctrl Pts',(-118.371840929513,71.6705470769019,36.5782643671374));
#4168=CARTESIAN_POINT('Ctrl Pts',(-118.586395996321,75.5624870935536,42.9251901113233));
#4169=CARTESIAN_POINT('Ctrl Pts',(-118.827770446481,83.2456492807922,46.2914767195713));
#4170=CARTESIAN_POINT('Ctrl Pts',(-119.069144896641,91.4660442042668,44.6781844669954));
#4171=CARTESIAN_POINT('Ctrl Pts',(-119.320576615558,97.5565579320069,38.4157879782172));
#4172=CARTESIAN_POINT('Ctrl Pts',(-119.582065603231,98.7172594496353,29.2998231756252));
#4173=CARTESIAN_POINT('Ctrl Pts',(-119.852379103818,93.6959599285374,21.2276686459268));
#4174=CARTESIAN_POINT('Ctrl Pts',(-120.032177185595,87.7385462443982,19.145888716987));
#4175=CARTESIAN_POINT('Ctrl Pts',(-120.121459848563,84.7806888231103,19.1449055634209));
#4176=CARTESIAN_POINT('Ctrl Pts',(-117.128529172807,84.7807486263538,19.149028017888));
#4177=CARTESIAN_POINT('Ctrl Pts',(-117.165815243732,83.5438568368905,19.1488855787039));
#4178=CARTESIAN_POINT('Ctrl Pts',(-117.28355946471,79.6379520055255,19.6936715516609));
#4179=CARTESIAN_POINT('Ctrl Pts',(-117.481761835742,73.8973281252763,23.4848120317198));
#4180=CARTESIAN_POINT('Ctrl Pts',(-117.723136285902,70.7888030619884,31.2739812552678));
#4181=CARTESIAN_POINT('Ctrl Pts',(-117.964510736061,72.6762879275435,39.4388702090281));
#4182=CARTESIAN_POINT('Ctrl Pts',(-118.205885186221,78.8805819341839,45.0752685204888));
#4183=CARTESIAN_POINT('Ctrl Pts',(-118.447259636381,87.1936797572132,46.1670447369137));
#4184=CARTESIAN_POINT('Ctrl Pts',(-118.634995319839,92.9844498583096,43.1780044942516));
#4185=CARTESIAN_POINT('Ctrl Pts',(-118.769092236594,95.8239492466073,39.7253307582061));
#4186=CARTESIAN_POINT('Ctrl Pts',(-118.876369769999,97.5053473489341,36.5690193569068));
#4187=CARTESIAN_POINT('Ctrl Pts',(-119.010466686754,98.3361988600074,32.1087504000286));
#4188=CARTESIAN_POINT('Ctrl Pts',(-119.198202370212,96.9597053639555,25.9023855898982));
#4189=CARTESIAN_POINT('Ctrl Pts',(-119.404215108307,92.2224988143952,20.5468726133625));
#4190=CARTESIAN_POINT('Ctrl Pts',(-119.556589079699,87.1649107705834,19.1507286841888));
#4191=CARTESIAN_POINT('Ctrl Pts',(-119.628504901039,84.7807510355335,19.1471442419751));
#4192=CARTESIAN_POINT('Origin',(-83.3785392569594,84.7807492699152,32.3436660715063));
#4193=CARTESIAN_POINT('',(-122.621459848971,84.7823631323485,19.1479937210673));
#4194=CARTESIAN_POINT('',(-122.128582586839,84.780719918592,19.15139567949));
#4195=CARTESIAN_POINT('',(-83.3785392569594,84.780749269914,19.1489950715063));
#4196=CARTESIAN_POINT('Ctrl Pts',(-120.121459848563,84.7806888231103,19.1449055634209));
#4197=CARTESIAN_POINT('Ctrl Pts',(-120.122692604405,84.7398486880095,19.144891988688));
#4198=CARTESIAN_POINT('Ctrl Pts',(-120.214440779058,81.7003170466826,19.1585352709539));
#4199=CARTESIAN_POINT('Ctrl Pts',(-120.396704372521,75.681695718699,21.3586134463488));
#4200=CARTESIAN_POINT('Ctrl Pts',(-120.66825062895,70.7916949077953,29.5580628764461));
#4201=CARTESIAN_POINT('Ctrl Pts',(-120.93979688538,72.1679032073114,39.004999505562));
#4202=CARTESIAN_POINT('Ctrl Pts',(-121.21134314181,79.1944418320404,45.4680732238057));
#4203=CARTESIAN_POINT('Ctrl Pts',(-121.48288939824,88.7233499575233,46.0517672892809));
#4204=CARTESIAN_POINT('Ctrl Pts',(-121.75443565467,96.4861611812601,40.4947492135507));
#4205=CARTESIAN_POINT('Ctrl Pts',(-122.0259819111,99.0053215847995,31.2863006170942));
#4206=CARTESIAN_POINT('Ctrl Pts',(-122.29752816753,95.1523742212662,22.5515278743945));
#4207=CARTESIAN_POINT('Ctrl Pts',(-122.496020813351,88.9397814533537,19.3730899231773));
#4208=CARTESIAN_POINT('Ctrl Pts',(-122.603998040362,85.3612688506759,19.146423736101));
#4209=CARTESIAN_POINT('Ctrl Pts',(-122.621459848563,84.7823631323485,19.1479937217603));
#4210=CARTESIAN_POINT('Ctrl Pts',(-119.628504901039,84.7807510355335,19.1471442419751));
#4211=CARTESIAN_POINT('Ctrl Pts',(-119.637047229753,84.4975549907135,19.1467184735826));
#4212=CARTESIAN_POINT('Ctrl Pts',(-119.72604770852,81.5474244772001,19.2386198426177));
#4213=CARTESIAN_POINT('Ctrl Pts',(-119.89550633734,76.0595584021816,21.3537895429604));
#4214=CARTESIAN_POINT('Ctrl Pts',(-120.146938056257,71.1461998542957,28.5767639304413));
#4215=CARTESIAN_POINT('Ctrl Pts',(-120.40842704393,71.5822907783007,37.755907328578));
#4216=CARTESIAN_POINT('Ctrl Pts',(-120.67997330036,77.9550969971202,44.8683991541452));
#4217=CARTESIAN_POINT('Ctrl Pts',(-120.95151955679,87.3819106986637,46.3679339046882));
#4218=CARTESIAN_POINT('Ctrl Pts',(-121.22306581322,95.6453334529995,41.586235253368));
#4219=CARTESIAN_POINT('Ctrl Pts',(-121.49461206965,99.0408615720753,32.6635950853214));
#4220=CARTESIAN_POINT('Ctrl Pts',(-121.76615832608,96.0488208558174,23.597935439524));
#4221=CARTESIAN_POINT('Ctrl Pts',(-121.977481831809,89.791915837526,19.5916263701802));
#4222=CARTESIAN_POINT('Ctrl Pts',(-122.098289918729,85.7857204537028,19.149169311761));
#4223=CARTESIAN_POINT('Ctrl Pts',(-122.128582586839,84.780719918592,19.15139567949));
#4224=CARTESIAN_POINT('Origin',(-83.3785392569594,84.7807492699152,32.3436660715063));
#4225=CARTESIAN_POINT('',(-125.121459850368,84.7817072614269,19.1524813048214));
#4226=CARTESIAN_POINT('',(-124.628528522807,84.7806950823113,19.1530415874895));
#4227=CARTESIAN_POINT('',(-83.3785392569594,84.780749269914,19.1489950715063));
#4228=CARTESIAN_POINT('Ctrl Pts',(-122.621459848563,84.7823631323485,19.1479937217603));
#4229=CARTESIAN_POINT('Ctrl Pts',(-122.694513459172,82.3604402456175,19.1545619488131));
#4230=CARTESIAN_POINT('Ctrl Pts',(-122.858082488591,76.9299460381168,20.667302804934));
#4231=CARTESIAN_POINT('Ctrl Pts',(-123.112166936819,71.3216863581252,27.6202984111998));
#4232=CARTESIAN_POINT('Ctrl Pts',(-123.383713193249,71.3572024696798,37.1670425057461));
#4233=CARTESIAN_POINT('Ctrl Pts',(-123.655259449679,77.4060078004595,44.5530786337229));
#4234=CARTESIAN_POINT('Ctrl Pts',(-123.926805706109,86.758444613902,46.4697161634438));
#4235=CARTESIAN_POINT('Ctrl Pts',(-124.198351962539,95.2249424239252,42.0583666088956));
#4236=CARTESIAN_POINT('Ctrl Pts',(-124.469898218969,99.0127974683558,33.2951640505859));
#4237=CARTESIAN_POINT('Ctrl Pts',(-124.741444475398,96.4251856966994,24.1057225069654));
#4238=CARTESIAN_POINT('Ctrl Pts',(-124.958631685729,90.1834745353266,19.7074317398059));
#4239=CARTESIAN_POINT('Ctrl Pts',(-125.085303477249,85.981516091399,19.1508226537744));
#4240=CARTESIAN_POINT('Ctrl Pts',(-125.12145984996,84.7817072614269,19.1524813055143));
#4241=CARTESIAN_POINT('Ctrl Pts',(-122.128582586839,84.780719918592,19.15139567949));
#4242=CARTESIAN_POINT('Ctrl Pts',(-122.188805337539,82.7827481169551,19.1558217666284));
#4243=CARTESIAN_POINT('Ctrl Pts',(-122.339543507049,77.7773948072112,20.2864674733013));
#4244=CARTESIAN_POINT('Ctrl Pts',(-122.580797095369,71.8401964669747,26.3437570901723));
#4245=CARTESIAN_POINT('Ctrl Pts',(-122.852343351799,70.9544582045518,35.8493953535124));
#4246=CARTESIAN_POINT('Ctrl Pts',(-123.123889608229,76.2624091024191,43.7845768849316));
#4247=CARTESIAN_POINT('Ctrl Pts',(-123.395435864659,85.3862928574738,46.5946271180338));
#4248=CARTESIAN_POINT('Ctrl Pts',(-123.666982121089,94.2389097423371,43.0207320632523));
#4249=CARTESIAN_POINT('Ctrl Pts',(-123.938528377519,98.8545965376463,34.6638782787577));
#4250=CARTESIAN_POINT('Ctrl Pts',(-124.210074633948,97.165680606925,25.2676481526047));
#4251=CARTESIAN_POINT('Ctrl Pts',(-124.440074682378,91.0359818284731,19.9938653991179));
#4252=CARTESIAN_POINT('Ctrl Pts',(-124.579559311997,86.4058739855069,19.1540348419614));
#4253=CARTESIAN_POINT('Ctrl Pts',(-124.628528522807,84.7806950823113,19.1530415874895));
#4254=CARTESIAN_POINT('Origin',(-83.3785392569594,84.7807492699152,32.3436660715063));
#4255=CARTESIAN_POINT('',(-127.621459848393,84.77892475921,19.1525098051428));
#4256=CARTESIAN_POINT('',(-127.128487744118,84.7807406352844,19.1495308835074));
#4257=CARTESIAN_POINT('',(-83.3785392569594,84.780749269914,19.1489950715063));
#4258=CARTESIAN_POINT('Ctrl Pts',(-125.12145984996,84.7817072614269,19.1524813055143));
#4259=CARTESIAN_POINT('Ctrl Pts',(-125.175818896059,82.9778630533529,19.1549749938914));
#4260=CARTESIAN_POINT('Ctrl Pts',(-125.320693360969,78.167780689007,20.1286950523208));
#4261=CARTESIAN_POINT('Ctrl Pts',(-125.556083244688,72.1187274334791,25.7763155234404));
#4262=CARTESIAN_POINT('Ctrl Pts',(-125.827629501118,70.8127339172654,35.2333638049699));
#4263=CARTESIAN_POINT('Ctrl Pts',(-126.099175757548,75.7638256365912,43.3959394264547));
#4264=CARTESIAN_POINT('Ctrl Pts',(-126.370722013978,84.7544024244961,46.6074492967754));
#4265=CARTESIAN_POINT('Ctrl Pts',(-126.642268270408,93.7563636893156,43.4293231316671));
#4266=CARTESIAN_POINT('Ctrl Pts',(-126.913814526837,98.7383814540384,35.2851024208046));
#4267=CARTESIAN_POINT('Ctrl Pts',(-127.185360783267,97.4662300486444,25.8234151446336));
#4268=CARTESIAN_POINT('Ctrl Pts',(-127.421242556983,91.4276587306354,20.1413083817943));
#4269=CARTESIAN_POINT('Ctrl Pts',(-127.566608911889,86.5992950370214,19.1550899088892));
#4270=CARTESIAN_POINT('Ctrl Pts',(-127.621459847985,84.7789247592101,19.1525098058357));
#4271=CARTESIAN_POINT('Ctrl Pts',(-124.628528522807,84.7806950823113,19.1530415874895));
#4272=CARTESIAN_POINT('Ctrl Pts',(-124.670074730807,83.4018690887163,19.1521988955978));
#4273=CARTESIAN_POINT('Ctrl Pts',(-124.802136357618,79.0197804492553,19.821853735655));
#4274=CARTESIAN_POINT('Ctrl Pts',(-125.024713403238,72.8114531395779,24.5852827129082));
#4275=CARTESIAN_POINT('Ctrl Pts',(-125.296259659668,70.5990674001682,33.8722040210852));
#4276=CARTESIAN_POINT('Ctrl Pts',(-125.567805916098,74.73958617683,42.4743937332197));
#4277=CARTESIAN_POINT('Ctrl Pts',(-125.839352172528,83.3782091944524,46.5383621631178));
#4278=CARTESIAN_POINT('Ctrl Pts',(-126.110898428958,92.6451085042519,44.243596778153));
#4279=CARTESIAN_POINT('Ctrl Pts',(-126.382444685387,98.3890710047226,36.6180617170924));
#4280=CARTESIAN_POINT('Ctrl Pts',(-126.653990941818,98.0369181908196,27.0777596653653));
#4281=CARTESIAN_POINT('Ctrl Pts',(-126.902671961394,92.2762322938432,20.5010724195746));
#4282=CARTESIAN_POINT('Ctrl Pts',(-127.060837562161,87.0242507516869,19.155788301184));
#4283=CARTESIAN_POINT('Ctrl Pts',(-127.128487744118,84.7807406352844,19.1495308835074));
#4284=CARTESIAN_POINT('Origin',(-127.999999552965,84.7807492699152,32.3436660715063));
#4285=CARTESIAN_POINT('',(-127.999999552965,84.8386462472765,57.3435990302166));
#4286=CARTESIAN_POINT('',(-127.999999552965,63.1591207234448,44.8937728040586));
#4287=CARTESIAN_POINT('',(-127.999999552965,63.1591207234448,44.8937728040586));
#4288=CARTESIAN_POINT('',(-127.999999552965,63.1012237460836,19.8938398453483));
#4289=CARTESIAN_POINT('',(-127.999999552965,63.1012237460836,19.8938398453483));
#4290=CARTESIAN_POINT('',(-127.999999552965,84.7228522925539,7.34373311279591));
#4291=CARTESIAN_POINT('',(-127.999999552965,84.7228522925539,7.34373311279591));
#4292=CARTESIAN_POINT('',(-127.999999552965,106.402377816386,19.7935593389539));
#4293=CARTESIAN_POINT('',(-127.999999552965,106.402377816386,19.7935593389539));
#4294=CARTESIAN_POINT('',(-127.999999552965,106.460274793747,44.7934922976643));
#4295=CARTESIAN_POINT('',(-127.999999552965,106.460274793747,44.7934922976643));
#4296=CARTESIAN_POINT('',(-127.999999552965,84.8386462472765,57.3435990302166));
#4297=CARTESIAN_POINT('',(-127.999999552965,74.0374634957602,24.6833035753133));
#4298=CARTESIAN_POINT('Ctrl Pts',(-127.999999552965,74.0374634957602,24.6833035753133));
#4299=CARTESIAN_POINT('Ctrl Pts',(-127.999999552965,74.198852158786,24.4305597245234));
#4300=CARTESIAN_POINT('Ctrl Pts',(-127.999999552965,74.3689597993779,24.1838576626296));
#4301=CARTESIAN_POINT('Ctrl Pts',(-127.999999552965,74.5472694938361,23.9434342133998));
#4302=CARTESIAN_POINT('Ctrl Pts',(-127.999999552965,74.7283089502173,23.6993300962225));
#4303=CARTESIAN_POINT('Ctrl Pts',(-127.999999552965,74.9178038115462,23.4616978892171));
#4304=CARTESIAN_POINT('Ctrl Pts',(-127.999999552965,75.1152620782101,23.2308070963946));
#4305=CARTESIAN_POINT('Ctrl Pts',(-127.999999552965,75.3145624862847,22.9977622611103));
#4306=CARTESIAN_POINT('Ctrl Pts',(-127.999999552965,75.5219759487622,22.7715847816204));
#4307=CARTESIAN_POINT('Ctrl Pts',(-127.999999552965,75.7370409982562,22.5525800319357));
#4308=CARTESIAN_POINT('Ctrl Pts',(-127.999999552965,75.8311319574098,22.4567654539487));
#4309=CARTESIAN_POINT('Ctrl Pts',(-127.999999552965,75.9266880141773,22.3623241823791));
#4310=CARTESIAN_POINT('Ctrl Pts',(-127.999999552965,76.0236728795866,22.2692837937286));
#4311=CARTESIAN_POINT('Ctrl Pts',(-127.999999552965,76.0934101657204,22.2023827965683));
#4312=CARTESIAN_POINT('Ctrl Pts',(-127.999999552965,76.1638862289539,22.1362061344599));
#4313=CARTESIAN_POINT('Ctrl Pts',(-127.999999552965,76.2350879914712,22.0707644898828));
#4314=CARTESIAN_POINT('Ctrl Pts',(-127.999999552965,76.2649152053458,22.0433502537727));
#4315=CARTESIAN_POINT('Ctrl Pts',(-127.999999552965,76.2948713143962,22.0160636640582));
#4316=CARTESIAN_POINT('Ctrl Pts',(-127.999999552965,76.3249420469504,21.9889174157665));
#4317=CARTESIAN_POINT('Ctrl Pts',(-127.999999552965,76.5553042612472,21.7809587351764));
#4318=CARTESIAN_POINT('Ctrl Pts',(-127.999999552965,76.7925478207454,21.581086774161));
#4319=CARTESIAN_POINT('Ctrl Pts',(-127.999999552965,77.0361641929837,21.3895814659626));
#4320=CARTESIAN_POINT('Ctrl Pts',(-127.999999552965,77.2813180645477,21.19686753915));
#4321=CARTESIAN_POINT('Ctrl Pts',(-127.999999552965,77.53292586949,21.0126257710926));
#4322=CARTESIAN_POINT('Ctrl Pts',(-127.999999552965,77.790510879107,20.8371740643055));
#4323=CARTESIAN_POINT('Ctrl Pts',(-127.999999552965,78.0498052353099,20.6605580515038));
#4324=CARTESIAN_POINT('Ctrl Pts',(-127.999999552965,78.3151568338217,20.4928486839692));
#4325=CARTESIAN_POINT('Ctrl Pts',(-127.999999552965,78.586114722745,20.3344099983936));
#4326=CARTESIAN_POINT('Ctrl Pts',(-127.999999552965,78.6877239310912,20.2749954913028));
#4327=CARTESIAN_POINT('Ctrl Pts',(-127.999999552965,78.7901218435777,20.2168851084271));
#4328=CARTESIAN_POINT('Ctrl Pts',(-127.999999552965,78.8932857496137,20.1600996831747));
#4329=CARTESIAN_POINT('Ctrl Pts',(-127.999999552965,78.9466625074344,20.1307190401969));
#4330=CARTESIAN_POINT('Ctrl Pts',(-127.999999552965,79.0002443307,20.1016931040231));
#4331=CARTESIAN_POINT('Ctrl Pts',(-127.999999552965,79.0540281274166,20.0730248609787));
#4332=CARTESIAN_POINT('Ctrl Pts',(-127.999999552965,79.0866230313533,20.0556508806145));
#4333=CARTESIAN_POINT('Ctrl Pts',(-127.999999552965,79.1192921166533,20.0384082748947));
#4334=CARTESIAN_POINT('Ctrl Pts',(-127.999999552965,79.1520347012007,20.0212977211895));
#4335=CARTESIAN_POINT('Ctrl Pts',(-127.999999552965,79.1815719129104,20.0058622247481));
#4336=CARTESIAN_POINT('Ctrl Pts',(-127.999999552965,79.2111601389364,19.9905387893908));
#4337=CARTESIAN_POINT('Ctrl Pts',(-127.999999552965,79.2407987565471,19.9753277358858));
#4338=CARTESIAN_POINT('Ctrl Pts',(-127.999999552965,79.521321821281,19.8313584252011));
#4339=CARTESIAN_POINT('Ctrl Pts',(-127.999999552965,79.8063560476279,19.697453536056));
#4340=CARTESIAN_POINT('Ctrl Pts',(-127.999999552965,80.0954005646452,19.5739013050709));
#4341=CARTESIAN_POINT('Ctrl Pts',(-127.999999552965,80.3848405530016,19.4501800296536));
#4342=CARTESIAN_POINT('Ctrl Pts',(-127.999999552965,80.6783022945345,19.3368393515752));
#4343=CARTESIAN_POINT('Ctrl Pts',(-127.999999552965,80.9753175215027,19.2342074691857));
#4344=CARTESIAN_POINT('Ctrl Pts',(-127.999999552965,81.0338141010977,19.2139943166868));
#4345=CARTESIAN_POINT('Ctrl Pts',(-127.999999552965,81.0924486097742,19.1941966742662));
#4346=CARTESIAN_POINT('Ctrl Pts',(-127.999999552965,81.1512176034444,19.1748172475387));
#4347=CARTESIAN_POINT('Ctrl Pts',(-127.999999552965,81.4447634323641,19.0780187569158));
#4348=CARTESIAN_POINT('Ctrl Pts',(-127.999999552965,81.7416627636301,18.9916505313395));
#4349=CARTESIAN_POINT('Ctrl Pts',(-127.999999552965,82.0413579938084,18.9156118412962));
#4350=CARTESIAN_POINT('Ctrl Pts',(-127.999999552965,82.3443663810351,18.838732536867));
#4351=CARTESIAN_POINT('Ctrl Pts',(-127.999999552965,82.6502333763468,18.7724123046852));
#4352=CARTESIAN_POINT('Ctrl Pts',(-127.999999552965,82.9584006529842,18.7165970225047));
#4353=CARTESIAN_POINT('Ctrl Pts',(-127.999999552965,83.270359803837,18.6600949557583));
#4354=CARTESIAN_POINT('Ctrl Pts',(-127.999999552965,83.5846767973944,18.6143578076027));
#4355=CARTESIAN_POINT('Ctrl Pts',(-127.999999552965,83.9007819902576,18.5793823190449));
#4356=CARTESIAN_POINT('Ctrl Pts',(-127.999999552965,83.9733082980577,18.5713576389514));
#4357=CARTESIAN_POINT('Ctrl Pts',(-127.999999552965,84.0459287565689,18.5638996906607));
#4358=CARTESIAN_POINT('Ctrl Pts',(-127.999999552965,84.1186365025243,18.5570088330174));
#4359=CARTESIAN_POINT('Ctrl Pts',(-127.999999552965,84.1516654916601,18.5538785191939));
#4360=CARTESIAN_POINT('Ctrl Pts',(-127.999999552965,84.1847124935492,18.5508652332252));
#4361=CARTESIAN_POINT('Ctrl Pts',(-127.999999552965,84.2177768644543,18.5479690189334));
#4362=CARTESIAN_POINT('Ctrl Pts',(-127.999999552965,84.2508740222175,18.5450699327355));
#4363=CARTESIAN_POINT('Ctrl Pts',(-127.999999552965,84.283979604395,18.5422889466203));
#4364=CARTESIAN_POINT('Ctrl Pts',(-127.999999552965,84.3170889082737,18.5396262151633));
#4365=CARTESIAN_POINT('Ctrl Pts',(-127.999999552965,84.6319861942992,18.5143014027693));
#4366=CARTESIAN_POINT('Ctrl Pts',(-127.999999552965,84.9473352506028,18.4996591615405));
#4367=CARTESIAN_POINT('Ctrl Pts',(-127.999999552965,85.2625527445135,18.495556401217));
#4368=CARTESIAN_POINT('Ctrl Pts',(-127.999999552965,85.581226066024,18.4914086610537));
#4369=CARTESIAN_POINT('Ctrl Pts',(-127.999999552965,85.8997654973739,18.4980326723346));
#4370=CARTESIAN_POINT('Ctrl Pts',(-127.999999552965,86.2175862797145,18.5153310808317));
#4371=CARTESIAN_POINT('Ctrl Pts',(-127.999999552965,86.5370727355855,18.5327201489167));
#4372=CARTESIAN_POINT('Ctrl Pts',(-127.999999552965,86.8558336076487,18.5608957412662));
#4373=CARTESIAN_POINT('Ctrl Pts',(-127.999999552965,87.1732839266422,18.5998107367811));
#4374=CARTESIAN_POINT('Ctrl Pts',(-127.999999552965,87.4892281707,18.6385411084483));
#4375=CARTESIAN_POINT('Ctrl Pts',(-127.999999552965,87.8038748910334,18.6879092470366));
#4376=CARTESIAN_POINT('Ctrl Pts',(-127.999999552965,88.1166470138123,18.7479199398387));
#4377=CARTESIAN_POINT('Ctrl Pts',(-127.999999552965,88.4265741163066,18.8073847667344));
#4378=CARTESIAN_POINT('Ctrl Pts',(-127.999999552965,88.7346611633767,18.8772994670969));
#4379=CARTESIAN_POINT('Ctrl Pts',(-127.999999552965,89.0403372619623,18.9577185201359));
#4380=CARTESIAN_POINT('Ctrl Pts',(-127.999999552965,89.1602186168646,18.9892576070416));
#4381=CARTESIAN_POINT('Ctrl Pts',(-127.999999552965,89.2797289966266,19.0224128926017));
#4382=CARTESIAN_POINT('Ctrl Pts',(-127.999999552965,89.3988332579583,19.0571897599518));
#4383=CARTESIAN_POINT('Ctrl Pts',(-127.999999552965,89.444259720933,19.070453685687));
#4384=CARTESIAN_POINT('Ctrl Pts',(-127.999999552965,89.4896271022675,19.0839535096726));
#4385=CARTESIAN_POINT('Ctrl Pts',(-127.999999552965,89.5349334327399,19.0976895760734));
#4386=CARTESIAN_POINT('Ctrl Pts',(-127.999999552965,89.5735784954614,19.109406065625));
#4387=CARTESIAN_POINT('Ctrl Pts',(-127.999999552965,89.6121822125183,19.1212954458809));
#4388=CARTESIAN_POINT('Ctrl Pts',(-127.999999552965,89.6507192476058,19.133350259881));
#4389=CARTESIAN_POINT('Ctrl Pts',(-127.999999552965,89.9223741997664,19.2183269560138));
#4390=CARTESIAN_POINT('Ctrl Pts',(-127.999999552965,90.1909540126547,19.3115924906281));
#4391=CARTESIAN_POINT('Ctrl Pts',(-127.999999552965,90.4560631876188,19.4130897204716));
#4392=CARTESIAN_POINT('Ctrl Pts',(-127.999999552965,90.7497182176836,19.5255157505598));
#4393=CARTESIAN_POINT('Ctrl Pts',(-127.999999552965,91.0391157011311,19.648040383685));
#4394=CARTESIAN_POINT('Ctrl Pts',(-127.999999552965,91.3239135772861,19.7801945743639));
#4395=CARTESIAN_POINT('Ctrl Pts',(-127.999999552965,91.613063813994,19.9143683822329));
#4396=CARTESIAN_POINT('Ctrl Pts',(-127.999999552965,91.8974732420687,20.0584685289862));
#4397=CARTESIAN_POINT('Ctrl Pts',(-127.999999552965,92.1767722123051,20.2120564808295));
#4398=CARTESIAN_POINT('Ctrl Pts',(-127.999999552965,92.4646733156134,20.3703747902494));
#4399=CARTESIAN_POINT('Ctrl Pts',(-127.999999552965,92.7471449145284,20.538774452303));
#4400=CARTESIAN_POINT('Ctrl Pts',(-127.999999552965,93.0237616834985,20.7168280257416));
#4401=CARTESIAN_POINT('Ctrl Pts',(-127.999999552965,93.2658013563474,20.8726249025003));
#4402=CARTESIAN_POINT('Ctrl Pts',(-127.999999552965,93.5033583348372,21.0358140218109));
#4403=CARTESIAN_POINT('Ctrl Pts',(-127.999999552965,93.7361299621015,21.2061391826022));
#4404=CARTESIAN_POINT('Ctrl Pts',(-127.999999552965,93.9398051359577,21.3551736982945));
#4405=CARTESIAN_POINT('Ctrl Pts',(-127.999999552965,94.139816390695,21.5096722482247));
#4406=CARTESIAN_POINT('Ctrl Pts',(-127.999999552965,94.3359479979358,21.6694789599039));
#4407=CARTESIAN_POINT('Ctrl Pts',(-127.999999552965,94.360110690539,21.6891665589836));
#4408=CARTESIAN_POINT('Ctrl Pts',(-127.999999552965,94.3842144836645,21.7089347389014));
#4409=CARTESIAN_POINT('Ctrl Pts',(-127.999999552965,94.4082589594768,21.7287832223846));
#4410=CARTESIAN_POINT('Ctrl Pts',(-127.999999552965,94.4333509928069,21.7494964545217));
#4411=CARTESIAN_POINT('Ctrl Pts',(-127.999999552965,94.4583712519866,21.7702912230803));
#4412=CARTESIAN_POINT('Ctrl Pts',(-127.999999552965,94.483317615747,21.7911655792334));
#4413=CARTESIAN_POINT('Ctrl Pts',(-127.999999552965,94.7337102706114,22.0006865140666));
#4414=CARTESIAN_POINT('Ctrl Pts',(-127.999999552965,94.9767178637091,22.2182694864239));
#4415=CARTESIAN_POINT('Ctrl Pts',(-127.999999552965,95.2119712919714,22.4434448867129));
#4416=CARTESIAN_POINT('Ctrl Pts',(-127.999999552965,95.4607207813978,22.6815381900369));
#4417=CARTESIAN_POINT('Ctrl Pts',(-127.999999552965,95.7008016966703,22.928119983948));
#4418=CARTESIAN_POINT('Ctrl Pts',(-127.999999552965,95.9317510986665,23.1826914596247));
#4419=CARTESIAN_POINT('Ctrl Pts',(-127.999999552965,96.1524598977483,23.4259748982975));
#4420=CARTESIAN_POINT('Ctrl Pts',(-127.999999552965,96.3648293176649,23.6765559331473));
#4421=CARTESIAN_POINT('Ctrl Pts',(-127.999999552965,96.5684244598865,23.9340425287021));
#4422=CARTESIAN_POINT('Ctrl Pts',(-127.999999552965,96.7708765133574,24.190083460929));
#4423=CARTESIAN_POINT('Ctrl Pts',(-127.999999552965,96.9646529893864,24.4529530398972));
#4424=CARTESIAN_POINT('Ctrl Pts',(-127.999999552965,97.1492894218629,24.7223015481915));
#4425=CARTESIAN_POINT('Ctrl Pts',(-127.999999552965,97.3312266090499,24.9877123845836));
#4426=CARTESIAN_POINT('Ctrl Pts',(-127.999999552965,97.5042894056702,25.2594145261452));
#4427=CARTESIAN_POINT('Ctrl Pts',(-127.999999552965,97.6679915994794,25.5371019216824));
#4428=CARTESIAN_POINT('Ctrl Pts',(-127.999999552965,97.6955516757602,25.5838519720339));
#4429=CARTESIAN_POINT('Ctrl Pts',(-127.999999552965,97.7228463361455,25.6307717227731));
#4430=CARTESIAN_POINT('Ctrl Pts',(-127.999999552965,97.7498731302144,25.6778597815412));
#4431=CARTESIAN_POINT('Ctrl Pts',(-127.999999552965,97.8211451691641,25.802035144332));
#4432=CARTESIAN_POINT('Ctrl Pts',(-127.999999552965,97.8905545269322,25.9273809115661));
#4433=CARTESIAN_POINT('Ctrl Pts',(-127.999999552965,97.9580924961344,26.053852721702));
#4434=CARTESIAN_POINT('',(-127.999999552965,74.03746349576,40.0040285676989));
#4435=CARTESIAN_POINT('Origin',(-127.999999552965,84.7807492699152,32.3436660715063));
#4436=CARTESIAN_POINT('Ctrl Pts',(-127.999999552965,97.9545983317185,38.6311283533692));
#4437=CARTESIAN_POINT('Ctrl Pts',(-127.999999552965,97.800809433413,38.9183923934681));
#4438=CARTESIAN_POINT('Ctrl Pts',(-127.999999552965,97.637236818226,39.1999557759495));
#4439=CARTESIAN_POINT('Ctrl Pts',(-127.999999552965,97.464354033489,39.475485766761));
#4440=CARTESIAN_POINT('Ctrl Pts',(-127.999999552965,97.2896056111758,39.7539890964447));
#4441=CARTESIAN_POINT('Ctrl Pts',(-127.999999552965,97.1053446021754,40.0263285535549));
#4442=CARTESIAN_POINT('Ctrl Pts',(-127.999999552965,96.9120162728637,40.2921305510462));
#4443=CARTESIAN_POINT('Ctrl Pts',(-127.999999552965,96.7195515886206,40.556745145816));
#4444=CARTESIAN_POINT('Ctrl Pts',(-127.999999552965,96.5180999267506,40.8148809196814));
#4445=CARTESIAN_POINT('Ctrl Pts',(-127.999999552965,96.3080642509672,41.0661338511346));
#4446=CARTESIAN_POINT('Ctrl Pts',(-127.999999552965,96.2129091894755,41.1799620760456));
#4447=CARTESIAN_POINT('Ctrl Pts',(-127.999999552965,96.1159918304263,41.2923770997693));
#4448=CARTESIAN_POINT('Ctrl Pts',(-127.999999552965,96.0173475785308,41.4033386395071));
#4449=CARTESIAN_POINT('Ctrl Pts',(-127.999999552965,95.9304534886585,41.501082824506));
#4450=CARTESIAN_POINT('Ctrl Pts',(-127.999999552965,95.8422193847914,41.5976991485194));
#4451=CARTESIAN_POINT('Ctrl Pts',(-127.999999552965,95.7526687489473,41.6931588941187));
#4452=CARTESIAN_POINT('Ctrl Pts',(-127.999999552965,95.7261436433647,41.7214342916862));
#4453=CARTESIAN_POINT('Ctrl Pts',(-127.999999552965,95.6995064385466,41.7496045418966));
#4454=CARTESIAN_POINT('Ctrl Pts',(-127.999999552965,95.6727630927912,41.7776635165966));
#4455=CARTESIAN_POINT('Ctrl Pts',(-127.999999552965,95.4467758895988,42.0147680761713));
#4456=CARTESIAN_POINT('Ctrl Pts',(-127.999999552965,95.2130992981229,42.2440508717036));
#4457=CARTESIAN_POINT('Ctrl Pts',(-127.999999552965,94.9721710209749,42.4651415752717));
#4458=CARTESIAN_POINT('Ctrl Pts',(-127.999999552965,94.731561135205,42.6859401031988));
#4459=CARTESIAN_POINT('Ctrl Pts',(-127.999999552965,94.4837182356182,42.8985685525798));
#4460=CARTESIAN_POINT('Ctrl Pts',(-127.999999552965,94.2290455935718,43.1026178447992));
#4461=CARTESIAN_POINT('Ctrl Pts',(-127.999999552965,93.9716294565943,43.3088652851761));
#4462=CARTESIAN_POINT('Ctrl Pts',(-127.999999552965,93.7072352011839,43.5063482194431));
#4463=CARTESIAN_POINT('Ctrl Pts',(-127.999999552965,93.4362526735955,43.6945964557007));
#4464=CARTESIAN_POINT('Ctrl Pts',(-127.999999552965,93.3346342257498,43.7651895442974));
#4465=CARTESIAN_POINT('Ctrl Pts',(-127.999999552965,93.2320890702453,43.8344834887131));
#4466=CARTESIAN_POINT('Ctrl Pts',(-127.999999552965,93.1286370103147,43.9024515724672));
#4467=CARTESIAN_POINT('Ctrl Pts',(-127.999999552965,93.0715032283978,43.9399885115781));
#4468=CARTESIAN_POINT('Ctrl Pts',(-127.999999552965,93.0140928291619,43.9771210367213));
#4469=CARTESIAN_POINT('Ctrl Pts',(-127.999999552965,92.9564091041497,44.0138445023528));
#4470=CARTESIAN_POINT('Ctrl Pts',(-127.999999552965,92.9236110266238,44.0347248992506));
#4471=CARTESIAN_POINT('Ctrl Pts',(-127.999999552965,92.8907245854866,44.0554730500276));
#4472=CARTESIAN_POINT('Ctrl Pts',(-127.999999552965,92.8577503816828,44.0760880854702));
#4473=CARTESIAN_POINT('Ctrl Pts',(-127.999999552965,92.8270121615686,44.0953052135278));
#4474=CARTESIAN_POINT('Ctrl Pts',(-127.999999552965,92.7962043702624,44.1144024671562));
#4475=CARTESIAN_POINT('Ctrl Pts',(-127.999999552965,92.7653320795664,44.1333765743371));
#4476=CARTESIAN_POINT('Ctrl Pts',(-127.999999552965,92.490368306938,44.3023692851173));
#4477=CARTESIAN_POINT('Ctrl Pts',(-127.999999552965,92.2101777003055,44.4616674430881));
#4478=CARTESIAN_POINT('Ctrl Pts',(-127.999999552965,91.9251668862541,44.6109128509492));
#4479=CARTESIAN_POINT('Ctrl Pts',(-127.999999552965,91.6421621385283,44.7591077857328));
#4480=CARTESIAN_POINT('Ctrl Pts',(-127.999999552965,91.3544043133556,44.8973912873396));
#4481=CARTESIAN_POINT('Ctrl Pts',(-127.999999552965,91.0622662181152,45.0253680917758));
#4482=CARTESIAN_POINT('Ctrl Pts',(-127.999999552965,90.9894658643579,45.0572597101147));
#4483=CARTESIAN_POINT('Ctrl Pts',(-127.999999552965,90.9163933927289,45.0885110539335));
#4484=CARTESIAN_POINT('Ctrl Pts',(-127.999999552965,90.8430543792638,45.1191155375948));
#4485=CARTESIAN_POINT('Ctrl Pts',(-127.999999552965,90.5471639277499,45.2425910802978));
#4486=CARTESIAN_POINT('Ctrl Pts',(-127.999999552965,90.2469357781288,45.3555412418404));
#4487=CARTESIAN_POINT('Ctrl Pts',(-127.999999552965,89.9429573769769,45.4579541747129));
#4488=CARTESIAN_POINT('Ctrl Pts',(-127.999999552965,89.6376206515433,45.5608247386966));
#4489=CARTESIAN_POINT('Ctrl Pts',(-127.999999552965,89.3284994524174,45.6530637426603));
#4490=CARTESIAN_POINT('Ctrl Pts',(-127.999999552965,89.0161818629514,45.7346073166439));
#4491=CARTESIAN_POINT('Ctrl Pts',(-127.999999552965,88.7111403697472,45.8142511612691));
#4492=CARTESIAN_POINT('Ctrl Pts',(-127.999999552965,88.4030491046212,45.8836919434273));
#4493=CARTESIAN_POINT('Ctrl Pts',(-127.999999552965,88.0924580461903,45.9428220706903));
#4494=CARTESIAN_POINT('Ctrl Pts',(-127.999999552965,88.0239900599906,45.9558569621578));
#4495=CARTESIAN_POINT('Ctrl Pts',(-127.999999552965,87.9554006216577,45.9683906171374));
#4496=CARTESIAN_POINT('Ctrl Pts',(-127.999999552965,87.8866956791945,45.9804215708739));
#4497=CARTESIAN_POINT('Ctrl Pts',(-127.999999552965,87.8471270954397,45.9873504435795));
#4498=CARTESIAN_POINT('Ctrl Pts',(-127.999999552965,87.8075202012522,45.994112576035));
#4499=CARTESIAN_POINT('Ctrl Pts',(-127.999999552965,87.7678761371973,46.0007076714077));
#4500=CARTESIAN_POINT('Ctrl Pts',(-127.999999552965,87.7385187400252,46.0055915005221));
#4501=CARTESIAN_POINT('Ctrl Pts',(-127.999999552965,87.7091441699668,46.0103831779621));
#4502=CARTESIAN_POINT('Ctrl Pts',(-127.999999552965,87.6797613586936,46.0150813417425));
#4503=CARTESIAN_POINT('Ctrl Pts',(-127.999999552965,87.3654937348991,46.0653311545909));
#4504=CARTESIAN_POINT('Ctrl Pts',(-127.999999552965,87.0499996570938,46.1049351994585));
#4505=CARTESIAN_POINT('Ctrl Pts',(-127.999999552965,86.7338543284995,46.1339277367286));
#4506=CARTESIAN_POINT('Ctrl Pts',(-127.999999552965,86.4163394589376,46.1630458696156));
#4507=CARTESIAN_POINT('Ctrl Pts',(-127.999999552965,86.0981670552661,46.1814603821334));
#4508=CARTESIAN_POINT('Ctrl Pts',(-127.999999552965,85.7799126171784,46.1891538653636));
#4509=CARTESIAN_POINT('Ctrl Pts',(-127.999999552965,85.4624108962602,46.1968291524079));
#4510=CARTESIAN_POINT('Ctrl Pts',(-127.999999552965,85.1448269068694,46.193834039276));
#4511=CARTESIAN_POINT('Ctrl Pts',(-127.999999552965,84.8277342979658,46.1800995695336));
#4512=CARTESIAN_POINT('Ctrl Pts',(-127.999999552965,84.5153018580587,46.1665669491825));
#4513=CARTESIAN_POINT('Ctrl Pts',(-127.999999552965,84.203345904351,46.1426081983219));
#4514=CARTESIAN_POINT('Ctrl Pts',(-127.999999552965,83.8924260341617,46.1081083469838));
#4515=CARTESIAN_POINT('Ctrl Pts',(-127.999999552965,83.5854712232245,46.0740484609481));
#4516=CARTESIAN_POINT('Ctrl Pts',(-127.999999552965,83.2795257324113,46.0297145256677));
#4517=CARTESIAN_POINT('Ctrl Pts',(-127.999999552965,82.9751465318845,45.9749492856569));
#4518=CARTESIAN_POINT('Ctrl Pts',(-127.999999552965,82.8538049185245,45.9531169706779));
#4519=CARTESIAN_POINT('Ctrl Pts',(-127.999999552965,82.7327124757839,45.9296263536001));
#4520=CARTESIAN_POINT('Ctrl Pts',(-127.999999552965,82.6119055993355,45.9044654111626));
#4521=CARTESIAN_POINT('Ctrl Pts',(-127.999999552965,82.5426768415111,45.8900468545221));
#4522=CARTESIAN_POINT('Ctrl Pts',(-127.999999552965,82.4735418734941,45.875079758314));
#4523=CARTESIAN_POINT('Ctrl Pts',(-127.999999552965,82.4045076539034,45.859561685563));
#4524=CARTESIAN_POINT('Ctrl Pts',(-127.999999552965,82.3712835781137,45.8520933078766));
#4525=CARTESIAN_POINT('Ctrl Pts',(-127.999999552965,82.3380913697828,45.8444992143281));
#4526=CARTESIAN_POINT('Ctrl Pts',(-127.999999552965,82.3049370098801,45.8367805807089));
#4527=CARTESIAN_POINT('Ctrl Pts',(-127.999999552965,82.0463368820401,45.7765761416387));
#4528=CARTESIAN_POINT('Ctrl Pts',(-127.999999552965,81.7899363373769,45.7087740488088));
#4529=CARTESIAN_POINT('Ctrl Pts',(-127.999999552965,81.5360649340566,45.6333536905463));
#4530=CARTESIAN_POINT('Ctrl Pts',(-127.999999552965,81.2396860958038,45.5453051830338));
#4531=CARTESIAN_POINT('Ctrl Pts',(-127.999999552965,80.9467534908929,45.4468748502008));
#4532=CARTESIAN_POINT('Ctrl Pts',(-127.999999552965,80.657682491732,45.3384556811513));
#4533=CARTESIAN_POINT('Ctrl Pts',(-127.999999552965,80.365385933918,45.2288267318405));
#4534=CARTESIAN_POINT('Ctrl Pts',(-127.999999552965,80.0770371202303,45.1089844747566));
#4535=CARTESIAN_POINT('Ctrl Pts',(-127.999999552965,79.7930863732579,44.9792864337844));
#4536=CARTESIAN_POINT('Ctrl Pts',(-127.999999552965,79.5083326796882,44.8492216369513));
#4537=CARTESIAN_POINT('Ctrl Pts',(-127.999999552965,79.2280014538086,44.7092448602657));
#4538=CARTESIAN_POINT('Ctrl Pts',(-127.999999552965,78.9525754628474,44.5596731855351));
#4539=CARTESIAN_POINT('Ctrl Pts',(-127.999999552965,78.7188869158947,44.4327672707697));
#4540=CARTESIAN_POINT('Ctrl Pts',(-127.999999552965,78.4887299069775,44.2989532438044));
#4541=CARTESIAN_POINT('Ctrl Pts',(-127.999999552965,78.2624195004324,44.1584033864761));
#4542=CARTESIAN_POINT('Ctrl Pts',(-127.999999552965,78.0643978947054,44.0354222613139));
#4543=CARTESIAN_POINT('Ctrl Pts',(-127.999999552965,77.8693215315723,43.907283654276));
#4544=CARTESIAN_POINT('Ctrl Pts',(-127.999999552965,77.6774152294591,43.7740922817609));
#4545=CARTESIAN_POINT('Ctrl Pts',(-127.999999552965,77.649903076632,43.7549976436197));
#4546=CARTESIAN_POINT('Ctrl Pts',(-127.999999552965,77.6224548385392,43.7357982513933));
#4547=CARTESIAN_POINT('Ctrl Pts',(-127.999999552965,77.5950751373907,43.7164971747461));
#4548=CARTESIAN_POINT('Ctrl Pts',(-127.999999552965,77.3419694513216,43.5380725739748));
#4549=CARTESIAN_POINT('Ctrl Pts',(-127.999999552965,77.0953448248036,43.3514048247809));
#4550=CARTESIAN_POINT('Ctrl Pts',(-127.999999552965,76.8556184397007,43.1568623146239));
#4551=CARTESIAN_POINT('Ctrl Pts',(-127.999999552965,76.6054809257496,42.9538709758624));
#4552=CARTESIAN_POINT('Ctrl Pts',(-127.999999552965,76.3628530359741,42.7423058936327));
#4553=CARTESIAN_POINT('Ctrl Pts',(-127.999999552965,76.1282448136853,42.5225375311953));
#4554=CARTESIAN_POINT('Ctrl Pts',(-127.999999552965,75.904880617301,42.3133019673791));
#4555=CARTESIAN_POINT('Ctrl Pts',(-127.999999552965,75.6887856257428,42.096629887821));
#4556=CARTESIAN_POINT('Ctrl Pts',(-127.999999552965,75.4804382302393,41.8728057821641));
#4557=CARTESIAN_POINT('Ctrl Pts',(-127.999999552965,75.2742385105632,41.6512888885563));
#4558=CARTESIAN_POINT('Ctrl Pts',(-127.999999552965,75.0756271168368,41.4227662498914));
#4559=CARTESIAN_POINT('Ctrl Pts',(-127.999999552965,74.8851104260938,41.1874860366866));
#4560=CARTESIAN_POINT('Ctrl Pts',(-127.999999552965,74.6981460688476,40.9565928080512));
#4561=CARTESIAN_POINT('Ctrl Pts',(-127.999999552965,74.5189770987885,40.7191912642098));
#4562=CARTESIAN_POINT('Ctrl Pts',(-127.999999552965,74.34812790744,40.4754951467569));
#4563=CARTESIAN_POINT('Ctrl Pts',(-127.999999552965,74.3146897594175,40.4277995926628));
#4564=CARTESIAN_POINT('Ctrl Pts',(-127.999999552965,74.2815704529459,40.3798628684762));
#4565=CARTESIAN_POINT('Ctrl Pts',(-127.999999552965,74.2487741434464,40.3316865004803));
#4566=CARTESIAN_POINT('Ctrl Pts',(-127.999999552965,74.1758198968689,40.2245198502195));
#4567=CARTESIAN_POINT('Ctrl Pts',(-127.999999552965,74.1044638167246,40.1161673956783));
#4568=CARTESIAN_POINT('Ctrl Pts',(-127.999999552965,74.0347225735727,40.0066687517217));
#4569=CARTESIAN_POINT('Origin',(-137.999999552965,106.460274793747,44.7934922976643));
#4570=CARTESIAN_POINT('',(-137.999999552965,84.8386462472765,57.3435990302166));
#4571=CARTESIAN_POINT('',(-137.999999552965,106.460274793747,44.7934922976643));
#4572=CARTESIAN_POINT('',(-137.999999552965,84.8386462472765,57.3435990302166));
#4573=CARTESIAN_POINT('',(-137.999999552965,84.8386462472765,57.3435990302166));
#4574=CARTESIAN_POINT('',(-137.999999552965,106.460274793747,44.7934922976643));
#4575=CARTESIAN_POINT('Origin',(-137.999999552965,106.402377816386,19.7935593389539));
#4576=CARTESIAN_POINT('',(-137.999999552965,106.402377816386,19.7935593389539));
#4577=CARTESIAN_POINT('',(-137.999999552965,106.460274793747,44.7934922976643));
#4578=CARTESIAN_POINT('',(-137.999999552965,106.402377816386,19.7935593389539));
#4579=CARTESIAN_POINT('Origin',(-137.999999552965,84.7228522925539,7.34373311279591));
#4580=CARTESIAN_POINT('',(-137.999999552965,84.7228522925539,7.34373311279591));
#4581=CARTESIAN_POINT('',(-137.999999552965,106.402377816386,19.7935593389539));
#4582=CARTESIAN_POINT('',(-137.999999552965,84.7228522925539,7.34373311279591));
#4583=CARTESIAN_POINT('Origin',(-137.999999552965,63.1012237460836,19.8938398453483));
#4584=CARTESIAN_POINT('',(-137.999999552965,63.1012237460836,19.8938398453483));
#4585=CARTESIAN_POINT('',(-137.999999552965,84.7228522925539,7.34373311279591));
#4586=CARTESIAN_POINT('',(-137.999999552965,63.1012237460836,19.8938398453483));
#4587=CARTESIAN_POINT('Origin',(-137.999999552965,63.1591207234448,44.8937728040586));
#4588=CARTESIAN_POINT('',(-137.999999552965,63.1591207234448,44.8937728040586));
#4589=CARTESIAN_POINT('',(-137.999999552965,63.1012237460836,19.8938398453483));
#4590=CARTESIAN_POINT('',(-137.999999552965,63.1591207234448,44.8937728040586));
#4591=CARTESIAN_POINT('Origin',(-137.999999552965,84.8386462472765,57.3435990302166));
#4592=CARTESIAN_POINT('',(-137.999999552965,63.1591207234448,44.8937728040586));
#4593=CARTESIAN_POINT('Ctrl Pts',(-67.1736381126735,72.8953866959679,40.8183718206675));
#4594=CARTESIAN_POINT('Ctrl Pts',(-67.2641535314835,74.8232980137674,43.5221736635493));
#4595=CARTESIAN_POINT('Ctrl Pts',(-67.4451843691034,80.5846477308868,47.5563680080213));
#4596=CARTESIAN_POINT('Ctrl Pts',(-67.7167306255332,91.1242032619033,46.7936476411686));
#4597=CARTESIAN_POINT('Ctrl Pts',(-67.9882768819632,98.8147695389045,39.5570610846763));
#4598=CARTESIAN_POINT('Ctrl Pts',(-68.2598231383929,100.222164654802,29.0895362948533));
#4599=CARTESIAN_POINT('Ctrl Pts',(-68.5313693948229,94.7105245053256,20.0795369575961));
#4600=CARTESIAN_POINT('Ctrl Pts',(-68.8029156512526,84.7516023819187,16.5635560660985));
#4601=CARTESIAN_POINT('Ctrl Pts',(-69.0744619076827,74.8052715855508,20.1164692096723));
#4602=CARTESIAN_POINT('Ctrl Pts',(-69.3460081641125,69.3278495189095,29.1467759141));
#4603=CARTESIAN_POINT('Ctrl Pts',(-69.6175544205423,70.7726776694876,39.6091657901027));
#4604=CARTESIAN_POINT('Ctrl Pts',(-69.8891006769722,78.4927031916118,46.816867710389));
#4605=CARTESIAN_POINT('Ctrl Pts',(-70.1606469334021,89.0295272345347,47.54106709618));
#4606=CARTESIAN_POINT('Ctrl Pts',(-70.4321931898319,97.6630598476508,41.4573529425101));
#4607=CARTESIAN_POINT('Ctrl Pts',(-70.7037394462619,100.525750403196,31.2910180866451));
#4608=CARTESIAN_POINT('Ctrl Pts',(-70.9752857026917,96.3352234158929,21.5962340316453));
#4609=CARTESIAN_POINT('Ctrl Pts',(-71.2468319591216,86.9686856379192,16.7159312515388));
#4610=CARTESIAN_POINT('Ctrl Pts',(-71.5183782155515,76.6220280462032,18.836319050515));
#4611=CARTESIAN_POINT('Ctrl Pts',(-71.7899244719813,69.9301982500708,27.0075353861959));
#4612=CARTESIAN_POINT('Ctrl Pts',(-72.0614707284112,69.8909061941699,37.5691565576967));
#4613=CARTESIAN_POINT('Ctrl Pts',(-72.3330169848411,76.5217559631915,45.7899350298068));
#4614=CARTESIAN_POINT('Ctrl Pts',(-72.6045632412709,86.8523481622864,47.987248925288));
#4615=CARTESIAN_POINT('Ctrl Pts',(-72.8761094977008,96.2549426464407,43.1767661209203));
#4616=CARTESIAN_POINT('Ctrl Pts',(-73.1476557541307,100.517476123525,33.5134393390489));
#4617=CARTESIAN_POINT('Ctrl Pts',(-73.4192020105605,97.730524599927,23.3260666009685));
#4618=CARTESIAN_POINT('Ctrl Pts',(-73.6907482669905,89.1424580730739,17.1783240663436));
#4619=CARTESIAN_POINT('Ctrl Pts',(-73.9622945234202,78.6006115102229,17.824028522732));
#4620=CARTESIAN_POINT('Ctrl Pts',(-74.2338407798502,70.8270261359792,24.9742445414502));
#4621=CARTESIAN_POINT('Ctrl Pts',(-74.50538703628,69.3046822287976,35.4252933705845));
#4622=CARTESIAN_POINT('Ctrl Pts',(-74.7769332927099,74.7141974670239,44.4966979671181));
#4623=CARTESIAN_POINT('Ctrl Pts',(-75.0484795491398,84.6349358524944,48.1223452615665));
#4624=CARTESIAN_POINT('Ctrl Pts',(-75.3200258055696,94.6175336164533,44.6828738646817));
#4625=CARTESIAN_POINT('Ctrl Pts',(-75.5915720619996,100.200482921243,35.7094947408951));
#4626=CARTESIAN_POINT('Ctrl Pts',(-75.8329465121593,99.0102065743071,26.404894166574));
#4627=CARTESIAN_POINT('Ctrl Pts',(-76.0441491560493,93.9026544113345,20.3023903626914));
#4628=CARTESIAN_POINT('Ctrl Pts',(-76.2251799936691,87.6890186897378,17.5142359673434));
#4629=CARTESIAN_POINT('Ctrl Pts',(-76.4062108312892,80.8735912868118,17.7470573783959));
#4630=CARTESIAN_POINT('Ctrl Pts',(-76.587241668909,74.8580745817941,20.9478486814184));
#4631=CARTESIAN_POINT('Ctrl Pts',(-76.768272506529,70.8589901615263,26.4681554178352));
#4632=CARTESIAN_POINT('Ctrl Pts',(-76.9493033441489,69.6936336949484,33.1834451493317));
#4633=CARTESIAN_POINT('Ctrl Pts',(-77.1303341817687,71.5973183471707,39.7280949518145));
#4634=CARTESIAN_POINT('Ctrl Pts',(-77.3113650193887,76.1836006152871,44.7701962861247));
#4635=CARTESIAN_POINT('Ctrl Pts',(-77.4923958570086,82.5189197593746,47.2840434381439));
#4636=CARTESIAN_POINT('Ctrl Pts',(-77.6734266946285,89.3145023601993,46.7580883935684));
#4637=CARTESIAN_POINT('Ctrl Pts',(-77.8544575322484,95.1876103193717,43.2993803007125));
#4638=CARTESIAN_POINT('Ctrl Pts',(-78.0354883698683,98.9433514971217,37.6116128680371));
#4639=CARTESIAN_POINT('Ctrl Pts',(-78.2165192074883,99.8175524544215,30.8520259278164));
#4640=CARTESIAN_POINT('Ctrl Pts',(-78.3975500451081,97.6323668160763,24.3959348061823));
#4641=CARTESIAN_POINT('Ctrl Pts',(-78.5785808827281,92.8323741767822,19.5568782208443));
#4642=CARTESIAN_POINT('Ctrl Pts',(-78.759611720348,86.3942130703432,17.3194583759105));
#4643=CARTESIAN_POINT('Ctrl Pts',(-78.9406425579679,79.6277389246028,18.1388075810308));
#4644=CARTESIAN_POINT('Ctrl Pts',(-79.1216733955879,73.9097730114415,21.8484129723564));
#4645=CARTESIAN_POINT('Ctrl Pts',(-79.3027042332077,70.4034703407046,27.6931251569202));
#4646=CARTESIAN_POINT('Ctrl Pts',(-79.4837350708277,69.8226817613747,34.4845719156854));
#4647=CARTESIAN_POINT('Ctrl Pts',(-79.6647659084476,72.2846463824651,40.839344824501));
#4648=CARTESIAN_POINT('Ctrl Pts',(-79.8457967460675,77.2903391732711,45.4677866874405));
#4649=CARTESIAN_POINT('Ctrl Pts',(-80.0268275836875,83.8174560224798,47.4215076029175));
#4650=CARTESIAN_POINT('Ctrl Pts',(-80.2279729588206,91.2934946941957,46.1938108634195));
#4651=CARTESIAN_POINT('Ctrl Pts',(-80.4492328714672,97.8266797316711,40.7621313698868));
#4652=CARTESIAN_POINT('Ctrl Pts',(-80.690607321627,100.295199194308,31.8171204026084));
#4653=CARTESIAN_POINT('Ctrl Pts',(-80.9118672342737,97.4824665035061,23.8011230934466));
#4654=CARTESIAN_POINT('Ctrl Pts',(-81.1130126094068,91.6939977477267,18.9102895300034));
#4655=CARTESIAN_POINT('Ctrl Pts',(-81.2940434470269,85.0911613112251,17.2355675042273));
#4656=CARTESIAN_POINT('Ctrl Pts',(-81.4750742846466,78.4186309590659,18.6375379750353));
#4657=CARTESIAN_POINT('Ctrl Pts',(-81.6561051222666,73.0435935759117,22.8273776233818));
#4658=CARTESIAN_POINT('Ctrl Pts',(-81.8371359598866,70.0554365632594,28.9525914803976));
#4659=CARTESIAN_POINT('Ctrl Pts',(-82.0181667975063,70.0631912104112,35.7705971509478));
#4660=CARTESIAN_POINT('Ctrl Pts',(-82.1991976351264,73.0668187125875,41.8850008339117));
#4661=CARTESIAN_POINT('Ctrl Pts',(-82.4003430102596,79.0485446705668,46.5363901214651));
#4662=CARTESIAN_POINT('Ctrl Pts',(-82.6216029229061,87.4731578680109,47.6333868471667));
#4663=CARTESIAN_POINT('Ctrl Pts',(-82.862977373066,95.7127948511777,43.3661843668792));
#4664=CARTESIAN_POINT('Ctrl Pts',(-83.0842372857127,99.6786070750064,35.852774167639));
#4665=CARTESIAN_POINT('Ctrl Pts',(-83.2853826608457,99.333496042518,28.2839128428208));
#4666=CARTESIAN_POINT('Ctrl Pts',(-83.4664134984659,96.0729324029341,22.3019374359733));
#4667=CARTESIAN_POINT('Ctrl Pts',(-83.6474443360856,90.5094642315082,18.3611269143908));
#4668=CARTESIAN_POINT('Ctrl Pts',(-83.8284751737057,83.7830812020084,17.2661554099572));
#4669=CARTESIAN_POINT('Ctrl Pts',(-84.0095060113254,77.2583774120947,19.2383995602631));
#4670=CARTESIAN_POINT('Ctrl Pts',(-84.1905368489456,72.2648259355931,23.8772685044253));
#4671=CARTESIAN_POINT('Ctrl Pts',(-84.3715676865652,69.81744344019,30.2386182145531));
#4672=CARTESIAN_POINT('Ctrl Pts',(-84.5525985241853,70.4146799289726,37.0282844002733));
#4673=CARTESIAN_POINT('Ctrl Pts',(-84.7336293618051,73.9347215923625,42.864855730527));
#4674=CARTESIAN_POINT('Ctrl Pts',(-84.9146601994251,79.6616315608365,46.5606579455754));
#4675=CARTESIAN_POINT('Ctrl Pts',(-85.095691037045,86.4298724446648,47.3641348271315));
#4676=CARTESIAN_POINT('Ctrl Pts',(-85.2767218746649,92.8629746072702,45.1109799992107));
#4677=CARTESIAN_POINT('Ctrl Pts',(-85.4577527122848,97.6508792686095,40.2613249456844));
#4678=CARTESIAN_POINT('Ctrl Pts',(-85.6387835499047,99.8218080456669,33.7984121947967));
#4679=CARTESIAN_POINT('Ctrl Pts',(-85.8198143875248,98.9292552742881,27.0442539963922));
#4680=CARTESIAN_POINT('Ctrl Pts',(-86.0209597626578,94.7462268752201,20.7268962673169));
#4681=CARTESIAN_POINT('Ctrl Pts',(-86.2422196753046,87.1136281505147,16.9955998360472));
#4682=CARTESIAN_POINT('Ctrl Pts',(-86.4835941254642,77.9424040903974,18.4058916841075));
#4683=CARTESIAN_POINT('Ctrl Pts',(-86.7048540381111,71.7838736429496,24.2582872555743));
#4684=CARTESIAN_POINT('Ctrl Pts',(-86.9059994132439,69.694039268694,31.5417337245333));
#4685=CARTESIAN_POINT('Ctrl Pts',(-87.0870302508641,70.8720609092375,38.2514278569167));
#4686=CARTESIAN_POINT('Ctrl Pts',(-87.2680610884838,74.8852706123685,43.7633396849216));
#4687=CARTESIAN_POINT('Ctrl Pts',(-87.4490919261039,80.9091980532152,46.9497266077547));
#4688=CARTESIAN_POINT('Ctrl Pts',(-87.6301227637237,87.7221228077415,47.165377181126));
#4689=CARTESIAN_POINT('Ctrl Pts',(-87.8111536013437,93.9359598615002,44.3648940121323));
#4690=CARTESIAN_POINT('Ctrl Pts',(-87.9921844389636,98.2873855289841,39.1188124713668));
#4691=CARTESIAN_POINT('Ctrl Pts',(-88.1732152765835,99.890591216629,32.4941359990593));
#4692=CARTESIAN_POINT('Ctrl Pts',(-88.3542461142034,98.4196165870112,25.838902632238));
#4693=CARTESIAN_POINT('Ctrl Pts',(-88.5352769518233,94.1736350567718,20.5071060583449));
#4694=CARTESIAN_POINT('Ctrl Pts',(-88.7163077894433,88.0165895704677,17.5835879898332));
#4695=CARTESIAN_POINT('Ctrl Pts',(-88.8973386270631,81.2011720941646,17.6631715484792));
#4696=CARTESIAN_POINT('Ctrl Pts',(-89.0783694646831,75.1140562243688,20.7296257868732));
#4697=CARTESIAN_POINT('Ctrl Pts',(-89.2594003023031,70.9937388177974,26.1591437780287));
#4698=CARTESIAN_POINT('Ctrl Pts',(-89.4404311399228,69.6785123196605,32.846831492016));
#4699=CARTESIAN_POINT('Ctrl Pts',(-89.6214619775429,71.4360378527961,39.4324228563318));
#4700=CARTESIAN_POINT('Ctrl Pts',(-89.8024928151627,75.9085947533239,44.5751686914485));
#4701=CARTESIAN_POINT('Ctrl Pts',(-89.9835236527828,82.1864712778176,47.2304431551548));
#4702=CARTESIAN_POINT('Ctrl Pts',(-90.1645544904025,88.9918093026406,46.8552807540859));
#4703=CARTESIAN_POINT('Ctrl Pts',(-90.3455853280225,94.9408024301091,43.5287146127053));
#4704=CARTESIAN_POINT('Ctrl Pts',(-90.5266161656424,98.8223485697019,37.9260703630328));
#4705=CARTESIAN_POINT('Ctrl Pts',(-90.7076470032624,99.8470859026365,31.1876688971205));
#4706=CARTESIAN_POINT('Ctrl Pts',(-90.8886778408822,97.8063699923374,24.6844506133055));
#4707=CARTESIAN_POINT('Ctrl Pts',(-91.0697086785022,93.1154793041769,19.7395875976162));
#4708=CARTESIAN_POINT('Ctrl Pts',(-91.250739516122,86.7287886466683,17.3591525601092));
#4709=CARTESIAN_POINT('Ctrl Pts',(-91.4317703537421,79.9457548217215,18.0274755423155));
#4710=CARTESIAN_POINT('Ctrl Pts',(-91.6128011913619,74.1464483693124,21.6085764784148));
#4711=CARTESIAN_POINT('Ctrl Pts',(-91.7938320289818,70.5108031968247,27.3738442428762));
#4712=CARTESIAN_POINT('Ctrl Pts',(-91.9748628666017,69.778527273144,34.1502740756129));
#4713=CARTESIAN_POINT('Ctrl Pts',(-92.1558937042216,72.0986108398247,40.5591307018191));
#4714=CARTESIAN_POINT('Ctrl Pts',(-92.3369245418415,76.9990080922048,45.2964649744039));
#4715=CARTESIAN_POINT('Ctrl Pts',(-92.5179553794614,83.4826821496132,47.3984167122442));
#4716=CARTESIAN_POINT('Ctrl Pts',(-92.6989862170814,90.2304615141114,46.4373217860416));
#4717=CARTESIAN_POINT('Ctrl Pts',(-92.8800170547013,95.8694398793239,42.6087250417485));
#4718=CARTESIAN_POINT('Ctrl Pts',(-93.0610478923211,99.2523080268022,36.6915945640224));
#4719=CARTESIAN_POINT('Ctrl Pts',(-93.2420787299412,99.6907860184179,29.8898325123087));
#4720=CARTESIAN_POINT('Ctrl Pts',(-93.423109567561,97.0956609234226,23.5873285867753));
#4721=CARTESIAN_POINT('Ctrl Pts',(-93.604140405181,91.9949380880486,19.0663932154249));
#4722=CARTESIAN_POINT('Ctrl Pts',(-93.7851712428008,85.4264130414161,17.2468580119685));
#4723=CARTESIAN_POINT('Ctrl Pts',(-93.9662020804208,78.7265208556038,18.4989265146952));
#4724=CARTESIAN_POINT('Ctrl Pts',(-94.1472329180407,73.2584250042962,22.5678521767055));
#4725=CARTESIAN_POINT('Ctrl Pts',(-94.3282637556605,70.1346663214712,28.6257696709106));
#4726=CARTESIAN_POINT('Ctrl Pts',(-94.5092945932806,69.9908072793233,35.4401318399124));
#4727=CARTESIAN_POINT('Ctrl Pts',(-94.6903254309004,72.8561153506829,41.6244861887591));
#4728=CARTESIAN_POINT('Ctrl Pts',(-94.8713562685203,78.1476179885329,45.9205593652321));
#4729=CARTESIAN_POINT('Ctrl Pts',(-95.0523871061402,84.7886946689076,47.4542737660872));
#4730=CARTESIAN_POINT('Ctrl Pts',(-95.2334179437602,91.4281669096506,45.9135720897127));
#4731=CARTESIAN_POINT('Ctrl Pts',(-95.4144487813801,96.7151277620144,41.6119405503019));
#4732=CARTESIAN_POINT('Ctrl Pts',(-95.5954796189999,99.573964489542,35.4245620050353));
#4733=CARTESIAN_POINT('Ctrl Pts',(-95.7765104566199,99.4228647662727,28.6103825978418));
#4734=CARTESIAN_POINT('Ctrl Pts',(-95.9575412942398,96.2928805049154,22.5556981564772));
#4735=CARTESIAN_POINT('Ctrl Pts',(-96.1385721318598,90.8202114848806,18.4926422047225));
#4736=CARTESIAN_POINT('Ctrl Pts',(-96.3196029694796,84.1196066553083,17.2473888628518));
#4737=CARTESIAN_POINT('Ctrl Pts',(-96.5006338070995,77.5517779301087,19.074308597512));
#4738=CARTESIAN_POINT('Ctrl Pts',(-96.6816646447196,72.4582966370756,23.5996405272388));
#4739=CARTESIAN_POINT('Ctrl Pts',(-96.8626954823394,69.8646579118595,29.9068554559966));
#4740=CARTESIAN_POINT('Ctrl Pts',(-97.0034972449326,70.2186518443327,35.1936025707486));
#4741=CARTESIAN_POINT('Ctrl Pts',(-97.1644135450393,72.3468769331513,40.719114926253));
#4742=CARTESIAN_POINT('Ctrl Pts',(-97.3454443826592,77.0707683756246,45.8199866362795));
#4743=CARTESIAN_POINT('Ctrl Pts',(-97.5667042953057,85.3757992236315,47.6379398328013));
#4744=CARTESIAN_POINT('Ctrl Pts',(-97.767849670439,92.5754664326683,45.2854813097116));
#4745=CARTESIAN_POINT('Ctrl Pts',(-97.9488805080588,97.4718442746907,40.547158980381));
#4746=CARTESIAN_POINT('Ctrl Pts',(-98.1299113456788,99.7847097300161,34.1338075661219));
#4747=CARTESIAN_POINT('Ctrl Pts',(-98.3109421832987,99.0455257865364,27.3591851535333));
#4748=CARTESIAN_POINT('Ctrl Pts',(-98.4919730209186,95.4037366072464,21.5971940930612));
#4749=CARTESIAN_POINT('Ctrl Pts',(-98.6730038585386,89.6006499205127,18.0225543081662));
#4750=CARTESIAN_POINT('Ctrl Pts',(-98.8540346961584,82.8170383907676,17.3610141362121));
#4751=CARTESIAN_POINT('Ctrl Pts',(-99.0350655337784,76.4325645597727,19.7487004447828));
#4752=CARTESIAN_POINT('Ctrl Pts',(-99.2160963713983,71.7474913361008,24.6975013241956));
#4753=CARTESIAN_POINT('Ctrl Pts',(-99.3971272090181,69.7123621440872,31.2048389924194));
#4754=CARTESIAN_POINT('Ctrl Pts',(-99.5781580466382,70.7467381892546,37.9381667411013));
#4755=CARTESIAN_POINT('Ctrl Pts',(-99.7793034217714,75.0604909880318,44.1677401000753));
#4756=CARTESIAN_POINT('Ctrl Pts',(-100.000563334418,82.7697360621413,47.7378314638661));
#4757=CARTESIAN_POINT('Ctrl Pts',(-100.241937784578,91.9092109194397,46.1346234636046));
#4758=CARTESIAN_POINT('Ctrl Pts',(-100.463197697224,97.9434756302426,40.154089440858));
#4759=CARTESIAN_POINT('Ctrl Pts',(-100.664343072358,99.8813479732928,32.8293788058037));
#4760=CARTESIAN_POINT('Ctrl Pts',(-100.845373909977,98.5623073959275,26.1454102268264));
#4761=CARTESIAN_POINT('Ctrl Pts',(-101.026404747597,94.4346975843853,20.7190853547133));
#4762=CARTESIAN_POINT('Ctrl Pts',(-101.207435585217,88.3451352962711,17.6596001879445));
#4763=CARTESIAN_POINT('Ctrl Pts',(-101.388466422837,81.5292612919989,17.5869075143449));
#4764=CARTESIAN_POINT('Ctrl Pts',(-101.569497260457,75.3754693576101,20.5170418966169));
#4765=CARTESIAN_POINT('Ctrl Pts',(-101.750528098077,71.1350350333454,25.8532260923102));
#4766=CARTESIAN_POINT('Ctrl Pts',(-101.931558935697,69.6710500651194,32.5100549649589));
#4767=CARTESIAN_POINT('Ctrl Pts',(-102.112589773317,71.2813197702871,39.132986838011));
#4768=CARTESIAN_POINT('Ctrl Pts',(-102.293620610937,75.6380327368612,44.3745732713461));
#4769=CARTESIAN_POINT('Ctrl Pts',(-102.474651448557,81.8552954252396,47.1683563899267));
#4770=CARTESIAN_POINT('Ctrl Pts',(-102.655682286177,88.6669983821,46.9458608170161));
#4771=CARTESIAN_POINT('Ctrl Pts',(-102.836713123796,94.6896008280743,43.752487301419));
#4772=CARTESIAN_POINT('Ctrl Pts',(-102.987572155147,98.0254132861138,39.1567611085022));
#4773=CARTESIAN_POINT('Ctrl Pts',(-103.108259380226,99.2833675117554,34.8806986778814));
#4774=CARTESIAN_POINT('Ctrl Pts',(-103.228946605306,99.5505982485239,30.4337948971781));
#4775=CARTESIAN_POINT('Ctrl Pts',(-103.39992017417,97.7690478938198,24.245483733058));
#4776=CARTESIAN_POINT('Ctrl Pts',(-103.621180086816,91.6043866411788,18.3975974071876));
#4777=CARTESIAN_POINT('Ctrl Pts',(-103.862554536976,82.4318094800949,16.9989981263451));
#4778=CARTESIAN_POINT('Ctrl Pts',(-104.083814449623,74.8022198823107,20.7359075411188));
#4779=CARTESIAN_POINT('Ctrl Pts',(-104.284959824756,70.6270699751902,27.0598190398853));
#4780=CARTESIAN_POINT('Ctrl Pts',(-104.465990662376,69.7410322212866,33.8138935418127));
#4781=CARTESIAN_POINT('Ctrl Pts',(-104.647021499996,71.9190529202913,40.2750344864798));
#4782=CARTESIAN_POINT('Ctrl Pts',(-104.828052337616,76.7119118294355,45.1193764962496));
#4783=CARTESIAN_POINT('Ctrl Pts',(-105.009083175236,83.1474522071284,47.3659367198489));
#4784=CARTESIAN_POINT('Ctrl Pts',(-105.190114012855,89.9148086869706,46.5551735582704));
#4785=CARTESIAN_POINT('Ctrl Pts',(-105.371144850475,95.6378454084126,42.8535947543571));
#4786=CARTESIAN_POINT('Ctrl Pts',(-105.552175688095,99.1517351896235,37.0128687641174));
#4787=CARTESIAN_POINT('Ctrl Pts',(-105.733206525715,99.7418355430336,30.2234801577938));
#4788=CARTESIAN_POINT('Ctrl Pts',(-105.914237363335,97.2877542279017,23.862885726817));
#4789=CARTESIAN_POINT('Ctrl Pts',(-106.095268200955,92.289343458224,19.2329767776275));
#4790=CARTESIAN_POINT('Ctrl Pts',(-106.296413576088,85.0372457377378,17.0408335505786));
#4791=CARTESIAN_POINT('Ctrl Pts',(-106.517673488735,76.7790961086219,19.0380160968886));
#4792=CARTESIAN_POINT('Ctrl Pts',(-106.759047938895,70.621648046958,25.9800846177807));
#4793=CARTESIAN_POINT('Ctrl Pts',(-106.980307851541,69.6144279371855,34.4153464587353));
#4794=CARTESIAN_POINT('Ctrl Pts',(-107.181453226675,72.6556088482485,41.3563435449824));
#4795=CARTESIAN_POINT('Ctrl Pts',(-107.362484064294,77.8448450202173,45.7692711129814));
#4796=CARTESIAN_POINT('Ctrl Pts',(-107.543514901914,84.4526215315243,47.4507023723214));
#4797=CARTESIAN_POINT('Ctrl Pts',(-107.724545739534,91.1235355201599,46.0584100780755));
#4798=CARTESIAN_POINT('Ctrl Pts',(-107.905576577154,96.5057261376394,41.875728465449));
#4799=CARTESIAN_POINT('Ctrl Pts',(-108.086607414774,99.5014703145927,35.7536396380347));
#4800=CARTESIAN_POINT('Ctrl Pts',(-108.267638252394,99.5025611700171,28.9377605652174));
#4801=CARTESIAN_POINT('Ctrl Pts',(-108.448669090014,96.5081329627293,22.8148463759203));
#4802=CARTESIAN_POINT('Ctrl Pts',(-108.629699927634,91.1277501846726,18.6306714354166));
#4803=CARTESIAN_POINT('Ctrl Pts',(-108.810730765254,84.4559522358012,17.2365482921676));
#4804=CARTESIAN_POINT('Ctrl Pts',(-108.991761602874,77.8502629198532,18.9161267108541));
#4805=CARTESIAN_POINT('Ctrl Pts',(-109.172792440494,72.6546411840882,23.3276784755557));
#4806=CARTESIAN_POINT('Ctrl Pts',(-109.353823278113,69.9262092238671,29.5736273848712));
#4807=CARTESIAN_POINT('Ctrl Pts',(-109.534854115733,70.2200859633399,36.3831696371523));
#4808=CARTESIAN_POINT('Ctrl Pts',(-109.715884953353,73.4764835926841,42.3708326084679));
#4809=CARTESIAN_POINT('Ctrl Pts',(-109.896915790973,79.0328517087597,46.3183635491542));
#4810=CARTESIAN_POINT('Ctrl Pts',(-110.077946628593,85.7586901262072,47.4225959675557));
#4811=CARTESIAN_POINT('Ctrl Pts',(-110.258977466213,92.2855560604828,45.458862210609));
#4812=CARTESIAN_POINT('Ctrl Pts',(-110.440008303833,97.2854905597228,40.826704475185));
#4813=CARTESIAN_POINT('Ctrl Pts',(-110.621039141453,99.7412044680595,34.4685837536021));
#4814=CARTESIAN_POINT('Ctrl Pts',(-110.802069979073,99.1530571416411,27.6781262795842));
#4815=CARTESIAN_POINT('Ctrl Pts',(-110.983100816693,95.6407132808443,21.8369217293222));
#4816=CARTESIAN_POINT('Ctrl Pts',(-111.164131654313,89.9187960364043,18.1334243240365));
#4817=CARTESIAN_POINT('Ctrl Pts',(-111.345162491932,83.1514893756853,17.3211494008185));
#4818=CARTESIAN_POINT('Ctrl Pts',(-111.526193329552,76.7156727019738,19.5653627734297));
#4819=CARTESIAN_POINT('Ctrl Pts',(-111.707224167172,71.9207803002281,24.4094557825245));
#4820=CARTESIAN_POINT('Ctrl Pts',(-111.888255004792,69.7423832415789,30.8678468835497));
#4821=CARTESIAN_POINT('Ctrl Pts',(-112.069285842412,70.6236992053469,37.6265089888226));
#4822=CARTESIAN_POINT('Ctrl Pts',(-112.250316680032,74.3854152534435,43.3103211079144));
#4823=CARTESIAN_POINT('Ctrl Pts',(-112.431347517652,80.2621708224682,46.7628530006413));
#4824=CARTESIAN_POINT('Ctrl Pts',(-112.612378355272,87.0582785513529,47.2816491780756));
#4825=CARTESIAN_POINT('Ctrl Pts',(-112.793409192892,93.39099897418,44.7611586323717));
#4826=CARTESIAN_POINT('Ctrl Pts',(-112.974440030512,97.9718741969246,39.714194428398));
#4827=CARTESIAN_POINT('Ctrl Pts',(-113.155470868132,99.8688764108062,33.1676287672056));
#4828=CARTESIAN_POINT('Ctrl Pts',(-113.336501705752,98.6960422379709,26.4533995281339));
#4829=CARTESIAN_POINT('Ctrl Pts',(-113.517532543372,94.691993848562,20.9376468177411));
#4830=CARTESIAN_POINT('Ctrl Pts',(-113.698563380991,88.6714033630975,17.7424865899603));
#4831=CARTESIAN_POINT('Ctrl Pts',(-113.879594218611,81.859209639782,17.5182550046463));
#4832=CARTESIAN_POINT('Ctrl Pts',(-114.060625056231,75.6414518862048,20.3100715252319));
#4833=CARTESIAN_POINT('Ctrl Pts',(-114.241655893851,71.2831430046899,25.5509338910327));
#4834=CARTESIAN_POINT('Ctrl Pts',(-114.422686731471,69.671138383339,32.1724562577207));
#4835=CARTESIAN_POINT('Ctrl Pts',(-114.603717569091,71.133190283487,38.831643702607));
#4836=CARTESIAN_POINT('Ctrl Pts',(-114.784748406711,75.3722854888793,44.1650257569123));
#4837=CARTESIAN_POINT('Ctrl Pts',(-114.985893781844,82.2087304810902,47.4316050928363));
#4838=CARTESIAN_POINT('Ctrl Pts',(-115.207153694491,90.6734718292085,46.7060615701413));
#4839=CARTESIAN_POINT('Ctrl Pts',(-115.448528144651,97.8136345059665,40.7800804720323));
#4840=CARTESIAN_POINT('Ctrl Pts',(-115.669788057297,100.085165378644,32.5932321167851));
#4841=CARTESIAN_POINT('Ctrl Pts',(-115.87093343243,98.1320032483839,25.2729099918251));
#4842=CARTESIAN_POINT('Ctrl Pts',(-116.05196427005,93.6700533559567,20.1226994168691));
#4843=CARTESIAN_POINT('Ctrl Pts',(-116.23299510767,87.395379845595,17.4632736346303));
#4844=CARTESIAN_POINT('Ctrl Pts',(-116.434140482803,79.8300611415528,17.8609791752876));
#4845=CARTESIAN_POINT('Ctrl Pts',(-116.65540039545,72.7403540809333,22.5430618182121));
#4846=CARTESIAN_POINT('Ctrl Pts',(-116.89677484561,69.3013738448999,31.1602672354233));
#4847=CARTESIAN_POINT('Ctrl Pts',(-117.13814929577,71.3895098632051,40.1931336816376));
#4848=CARTESIAN_POINT('Ctrl Pts',(-117.37952374593,78.2533581619892,46.4287155093175));
#4849=CARTESIAN_POINT('Ctrl Pts',(-117.620898196089,87.4501889841838,47.6365541961594));
#4850=CARTESIAN_POINT('Ctrl Pts',(-117.808633879547,93.8565532642324,44.3297607459078));
#4851=CARTESIAN_POINT('Ctrl Pts',(-117.942730796303,96.9979087552693,40.5100467342816));
#4852=CARTESIAN_POINT('Ctrl Pts',(-118.050008329707,98.8580497305168,37.0182001810631));
#4853=CARTESIAN_POINT('Ctrl Pts',(-118.184105246463,99.7772258244801,32.0837774314284));
#4854=CARTESIAN_POINT('Ctrl Pts',(-118.37184092992,98.2544026747308,25.2176381901136));
#4855=CARTESIAN_POINT('Ctrl Pts',(-118.586395996729,92.7962921168324,19.0471278662806));
#4856=CARTESIAN_POINT('Ctrl Pts',(-118.827770446889,83.7802582239165,16.8524002606014));
#4857=CARTESIAN_POINT('Ctrl Pts',(-119.069144897049,75.1324426234544,20.1854986420495));
#4858=CARTESIAN_POINT('Ctrl Pts',(-119.320576615965,69.6967640959492,28.1763192589659));
#4859=CARTESIAN_POINT('Ctrl Pts',(-119.582065603639,70.1792141448416,38.3312615828088));
#4860=CARTESIAN_POINT('Ctrl Pts',(-119.853611860068,77.2294885316952,46.1998546676603));
#4861=CARTESIAN_POINT('Ctrl Pts',(-120.125158116498,87.6584300227082,47.8587991076671));
#4862=CARTESIAN_POINT('Ctrl Pts',(-120.396704372928,96.8003050134447,42.5687767267104));
#4863=CARTESIAN_POINT('Ctrl Pts',(-120.668250629358,100.556798480493,32.6976054906985));
#4864=CARTESIAN_POINT('Ctrl Pts',(-120.939796885788,97.2466855880032,22.6682109341921));
#4865=CARTESIAN_POINT('Ctrl Pts',(-121.211343142218,88.3519942459235,16.9729218913483));
#4866=CARTESIAN_POINT('Ctrl Pts',(-121.482889398648,77.8576422580173,18.1632848920631));
#4867=CARTESIAN_POINT('Ctrl Pts',(-121.754435655078,70.4645367811574,25.7059301727378));
#4868=CARTESIAN_POINT('Ctrl Pts',(-122.025981911507,69.4846391394285,36.222075757208));
#4869=CARTESIAN_POINT('Ctrl Pts',(-122.297528167937,75.3568575902888,45.0008154811285));
#4870=CARTESIAN_POINT('Ctrl Pts',(-122.569074424367,85.4506658339682,48.1095911921657));
#4871=CARTESIAN_POINT('Ctrl Pts',(-122.840620680797,95.2443698847311,44.1557692963078));
#4872=CARTESIAN_POINT('Ctrl Pts',(-123.112166937227,100.350732336897,34.910530987082));
#4873=CARTESIAN_POINT('Ctrl Pts',(-123.383713193657,98.482274342246,24.515424292049));
#4874=CARTESIAN_POINT('Ctrl Pts',(-123.655259450087,90.4760024928802,17.6271023817875));
#4875=CARTESIAN_POINT('Ctrl Pts',(-123.926805706517,79.9184523720241,17.3312968720925));
#4876=CARTESIAN_POINT('Ctrl Pts',(-124.198351962946,71.5390439616351,23.7605192444484));
#4877=CARTESIAN_POINT('Ctrl Pts',(-124.469898219376,69.0914681250534,34.0346969274932));
#4878=CARTESIAN_POINT('Ctrl Pts',(-124.741444475806,73.6721493001969,43.5513518697413));
#4879=CARTESIAN_POINT('Ctrl Pts',(-125.012990732236,83.2291106305085,48.0473449293889));
#4880=CARTESIAN_POINT('Ctrl Pts',(-125.284536988666,93.4811378546366,45.5086319885063));
#4881=CARTESIAN_POINT('Ctrl Pts',(-125.556083245096,99.8357186006394,37.0724560432399));
#4882=CARTESIAN_POINT('Ctrl Pts',(-125.827629501525,99.446129794881,26.517961698267));
#4883=CARTESIAN_POINT('Ctrl Pts',(-126.099175757956,92.4870681580365,18.573148749217));
#4884=CARTESIAN_POINT('Ctrl Pts',(-126.370722014385,82.0756116639526,16.797124595708));
#4885=CARTESIAN_POINT('Ctrl Pts',(-126.642268270815,72.8764131182819,21.9852839615517));
#4886=CARTESIAN_POINT('Ctrl Pts',(-126.913814527245,69.0090649011324,31.8139096519364));
#4887=CARTESIAN_POINT('Ctrl Pts',(-127.185360783675,72.2086368301881,41.879324482395));
#4888=CARTESIAN_POINT('Ctrl Pts',(-127.456907040105,81.0366215717561,47.6741221538236));
#4889=CARTESIAN_POINT('Ctrl Pts',(-127.728453296535,91.5489421480085,46.5993713679869));
#4890=CARTESIAN_POINT('Ctrl Pts',(-127.909484134155,96.5242631611276,41.628048064446));
#4891=CARTESIAN_POINT('Ctrl Pts',(-127.999999552965,97.9545983317194,38.6311283533696));
#4892=CARTESIAN_POINT('Ctrl Pts',(-67.4490919261041,73.2760789625653,40.5469240696779));
#4893=CARTESIAN_POINT('Ctrl Pts',(-67.539607344914,75.1422386152552,43.16412220606));
#4894=CARTESIAN_POINT('Ctrl Pts',(-67.7206381825339,80.7190503118622,47.0690999128959));
#4895=CARTESIAN_POINT('Ctrl Pts',(-67.9921844389638,90.9210202404985,46.3308097427184));
#4896=CARTESIAN_POINT('Ctrl Pts',(-68.2637306953937,98.3652550245233,39.3260135520208));
#4897=CARTESIAN_POINT('Ctrl Pts',(-68.5352769518235,99.7275707889633,29.1937671950693));
#4898=CARTESIAN_POINT('Ctrl Pts',(-68.8068232082534,94.392470376337,20.4723612472354));
#4899=CARTESIAN_POINT('Ctrl Pts',(-69.0783694646832,84.752535966804,17.0689984375649));
#4900=CARTESIAN_POINT('Ctrl Pts',(-69.3499157211132,75.1247895797579,20.508110546527));
#4901=CARTESIAN_POINT('Ctrl Pts',(-69.621461977543,69.8228112329599,29.2491734095499));
#4902=CARTESIAN_POINT('Ctrl Pts',(-69.8930082339729,71.2213610390563,39.3764493257437));
#4903=CARTESIAN_POINT('Ctrl Pts',(-70.1645544904028,78.694111478412,46.3532860651051));
#4904=CARTESIAN_POINT('Ctrl Pts',(-70.4361007468326,88.8934374094615,47.0542890945434));
#4905=CARTESIAN_POINT('Ctrl Pts',(-70.7076470032626,97.2504349923015,41.1654384055833));
#4906=CARTESIAN_POINT('Ctrl Pts',(-70.9791932596924,100.021432581025,31.3247347650209));
#4907=CARTESIAN_POINT('Ctrl Pts',(-71.2507395161223,95.9651296198807,21.9404779903717));
#4908=CARTESIAN_POINT('Ctrl Pts',(-71.5222857725521,86.8986052806794,17.2164929932088));
#4909=CARTESIAN_POINT('Ctrl Pts',(-71.793832028982,76.8833547037507,19.2689640389321));
#4910=CARTESIAN_POINT('Ctrl Pts',(-72.0653782854118,70.4058665263047,27.1784534943152));
#4911=CARTESIAN_POINT('Ctrl Pts',(-72.3369245418418,70.3678330085196,37.4017822933532));
#4912=CARTESIAN_POINT('Ctrl Pts',(-72.6084707982716,76.7862943701763,45.3592463928246));
#4913=CARTESIAN_POINT('Ctrl Pts',(-72.8800170547015,86.7859941345561,47.4861795656234));
#4914=CARTESIAN_POINT('Ctrl Pts',(-73.1515633111313,95.8874202711906,42.8297781862713));
#4915=CARTESIAN_POINT('Ctrl Pts',(-73.4231095675612,100.013423329388,33.475971097432));
#4916=CARTESIAN_POINT('Ctrl Pts',(-73.6946558239911,97.3157388252706,23.6149034252847));
#4917=CARTESIAN_POINT('Ctrl Pts',(-73.966202080421,89.0027510342534,17.664075206517));
#4918=CARTESIAN_POINT('Ctrl Pts',(-74.2377483368509,78.7985634563233,18.2890975262415));
#4919=CARTESIAN_POINT('Ctrl Pts',(-74.5092945932806,71.2739687054026,25.2102896573088));
#4920=CARTESIAN_POINT('Ctrl Pts',(-74.7808408497107,69.8003859991486,35.3265877842808));
#4921=CARTESIAN_POINT('Ctrl Pts',(-75.0523871061404,75.0366325966903,44.1074321597366));
#4922=CARTESIAN_POINT('Ctrl Pts',(-75.3239333625703,84.6396063065956,47.6169487196096));
#4923=CARTESIAN_POINT('Ctrl Pts',(-75.5954796190001,94.3024580177399,44.287644779025));
#4924=CARTESIAN_POINT('Ctrl Pts',(-75.8670258754302,99.7065835288155,35.6016860865813));
#4925=CARTESIAN_POINT('Ctrl Pts',(-76.1084003255899,98.5544321442083,26.5951150810162));
#4926=CARTESIAN_POINT('Ctrl Pts',(-76.3196029694799,93.610476640369,20.6880765808266));
#4927=CARTESIAN_POINT('Ctrl Pts',(-76.5006338070996,87.5958658161573,17.9892277333561));
#4928=CARTESIAN_POINT('Ctrl Pts',(-76.6816646447198,80.9987389059346,18.2145917942322));
#4929=CARTESIAN_POINT('Ctrl Pts',(-76.8626954823395,75.1759012778016,21.3128606467641));
#4930=CARTESIAN_POINT('Ctrl Pts',(-77.0437263199596,71.3049089121761,26.656350052559));
#4931=CARTESIAN_POINT('Ctrl Pts',(-77.2247571575793,70.1768792155553,33.1565467355401));
#4932=CARTESIAN_POINT('Ctrl Pts',(-77.4057879951994,72.0195881911307,39.4915691453462));
#4933=CARTESIAN_POINT('Ctrl Pts',(-77.5868188328192,76.4589702548115,44.3721702331617));
#4934=CARTESIAN_POINT('Ctrl Pts',(-77.7678496704392,82.5913669394809,46.8054979930103));
#4935=CARTESIAN_POINT('Ctrl Pts',(-77.948880508059,89.1692846834651,46.2963894700955));
#4936=CARTESIAN_POINT('Ctrl Pts',(-78.129911345679,94.8542749670481,42.948464991553));
#4937=CARTESIAN_POINT('Ctrl Pts',(-78.3109421832988,98.4897184582265,37.4428787134156));
#4938=CARTESIAN_POINT('Ctrl Pts',(-78.4919730209189,99.3359184570511,30.899803676599));
#4939=CARTESIAN_POINT('Ctrl Pts',(-78.6730038585387,97.2207250691249,24.6505033825196));
#4940=CARTESIAN_POINT('Ctrl Pts',(-78.8540346961586,92.5744778512376,19.9664434502667));
#4941=CARTESIAN_POINT('Ctrl Pts',(-79.0350655337785,86.3425332677762,17.8006889354226));
#4942=CARTESIAN_POINT('Ctrl Pts',(-79.2160963713985,79.7927916250106,18.5937941026273));
#4943=CARTESIAN_POINT('Ctrl Pts',(-79.3971272090184,74.257974134143,22.1845795525486));
#4944=CARTESIAN_POINT('Ctrl Pts',(-79.5781580466382,70.863979548481,27.8420835879873));
#4945=CARTESIAN_POINT('Ctrl Pts',(-79.7591888842583,70.3017938278609,34.4159979623608));
#4946=CARTESIAN_POINT('Ctrl Pts',(-79.9402197218781,72.6849008721586,40.567225300958));
#4947=CARTESIAN_POINT('Ctrl Pts',(-80.1212505594981,77.5302595946881,45.0474165730842));
#4948=CARTESIAN_POINT('Ctrl Pts',(-80.302281397118,83.8483106377667,46.9385591331274));
#4949=CARTESIAN_POINT('Ctrl Pts',(-80.5034267722511,91.0848892097678,45.7501859440509));
#4950=CARTESIAN_POINT('Ctrl Pts',(-80.7246866848978,97.4088140749478,40.4924850199524));
#4951=CARTESIAN_POINT('Ctrl Pts',(-80.9660611350576,99.7982660069537,31.83398584217));
#4952=CARTESIAN_POINT('Ctrl Pts',(-81.1873210477043,97.0756261153186,24.0747436942981));
#4953=CARTESIAN_POINT('Ctrl Pts',(-81.3884664228374,91.4725640122227,19.3405652184245));
#4954=CARTESIAN_POINT('Ctrl Pts',(-81.5694972604574,85.0812187063738,17.7194851173223));
#4955=CARTESIAN_POINT('Ctrl Pts',(-81.7505280980772,78.6224118050476,19.076549989928));
#4956=CARTESIAN_POINT('Ctrl Pts',(-81.9315589356972,73.4195387249767,23.1321876278197));
#4957=CARTESIAN_POINT('Ctrl Pts',(-82.112589773317,70.5270934130841,29.0612087703001));
#4958=CARTESIAN_POINT('Ctrl Pts',(-82.2936206109371,70.5345996762102,35.6608313653449));
#4959=CARTESIAN_POINT('Ctrl Pts',(-82.4746514485569,73.4420199525066,41.5793885873804));
#4960=CARTESIAN_POINT('Ctrl Pts',(-82.6757968236902,79.232149162895,46.0817922701877));
#4961=CARTESIAN_POINT('Ctrl Pts',(-82.8970567363367,87.3869190910752,47.1436518120332));
#4962=CARTESIAN_POINT('Ctrl Pts',(-83.1384311864966,95.3626376569833,43.0131293004166));
#4963=CARTESIAN_POINT('Ctrl Pts',(-83.3596910991432,99.2014235461088,35.7403762238203));
#4964=CARTESIAN_POINT('Ctrl Pts',(-83.5608364742763,98.8673665391385,28.4139481403422));
#4965=CARTESIAN_POINT('Ctrl Pts',(-83.7418673118963,95.7112398786214,22.6235774710191));
#4966=CARTESIAN_POINT('Ctrl Pts',(-83.9228981495162,90.3259715134822,18.8089924709852));
#4967=CARTESIAN_POINT('Ctrl Pts',(-84.1039289871362,83.8150368546627,17.7490932818713));
#4968=CARTESIAN_POINT('Ctrl Pts',(-84.284959824756,77.4993215797568,19.6581657711369));
#4969=CARTESIAN_POINT('Ctrl Pts',(-84.4659906623759,72.6657152810427,24.1484501414745));
#4970=CARTESIAN_POINT('Ctrl Pts',(-84.6470214999959,70.2967232919123,30.3060436241672));
#4971=CARTESIAN_POINT('Ctrl Pts',(-84.8280523376158,70.8748300897667,36.8782344578651));
#4972=CARTESIAN_POINT('Ctrl Pts',(-85.0090831752357,74.2821236034039,42.5278583933677));
#4973=CARTESIAN_POINT('Ctrl Pts',(-85.1901140128556,79.8255986684045,46.1052827875134));
#4974=CARTESIAN_POINT('Ctrl Pts',(-85.3711448504755,86.3770504600273,46.8830240271575));
#4975=CARTESIAN_POINT('Ctrl Pts',(-85.5521756880954,92.6040981393723,44.7020385262638));
#4976=CARTESIAN_POINT('Ctrl Pts',(-85.7332065257154,97.2386445614124,40.0077195984178));
#4977=CARTESIAN_POINT('Ctrl Pts',(-85.9142373633353,99.3400377402396,33.7518161742249));
#4978=CARTESIAN_POINT('Ctrl Pts',(-86.0952682009552,98.4760737422769,27.21399599475));
#4979=CARTESIAN_POINT('Ctrl Pts',(-86.2964135760884,94.4270291869977,21.0989854147688));
#4980=CARTESIAN_POINT('Ctrl Pts',(-86.517673488735,87.0389052345559,17.4872036964015));
#4981=CARTESIAN_POINT('Ctrl Pts',(-86.7590479388948,78.1614386473971,18.8523234096732));
#4982=CARTESIAN_POINT('Ctrl Pts',(-86.9803078515415,72.2001680563786,24.5172647304796));
#4983=CARTESIAN_POINT('Ctrl Pts',(-87.1814532266746,70.1772717986339,31.5674198944695));
#4984=CARTESIAN_POINT('Ctrl Pts',(-87.3624840642946,71.3175609993255,38.0622002073089));
#4985=CARTESIAN_POINT('Ctrl Pts',(-87.5435149019145,75.2022262101275,43.3975635965066));
#4986=CARTESIAN_POINT('Ctrl Pts',(-87.7245457395344,81.0332051753172,46.4818894461194));
#4987=CARTESIAN_POINT('Ctrl Pts',(-87.9055765771544,87.6279095978325,46.6906326571734));
#4988=CARTESIAN_POINT('Ctrl Pts',(-88.0866074147742,93.6427153054674,43.9798499309335));
#4989=CARTESIAN_POINT('Ctrl Pts',(-88.2676382523941,97.854763306517,38.9018021930985));
#4990=CARTESIAN_POINT('Ctrl Pts',(-88.448669090014,99.4066177624887,32.4893163953309));
#4991=CARTESIAN_POINT('Ctrl Pts',(-88.629699927634,97.9827589581033,26.0472524509303));
#4992=CARTESIAN_POINT('Ctrl Pts',(-88.8107307652539,93.8727776821784,20.8862351620714));
#4993=CARTESIAN_POINT('Ctrl Pts',(-88.9917616028739,87.9129444884855,18.0563583866221));
#4994=CARTESIAN_POINT('Ctrl Pts',(-89.1727924404937,81.3158271869325,18.1333928564089));
#4995=CARTESIAN_POINT('Ctrl Pts',(-89.3538232781135,75.4236837399883,21.1016275068713));
#4996=CARTESIAN_POINT('Ctrl Pts',(-89.5348541157337,71.4353415224657,26.3572361622599));
#4997=CARTESIAN_POINT('Ctrl Pts',(-89.7158849533533,70.1622421831385,32.8307149298821));
#4998=CARTESIAN_POINT('Ctrl Pts',(-89.8969157909735,71.8634735666722,39.2053675291609));
#4999=CARTESIAN_POINT('Ctrl Pts',(-90.0779466285933,76.1927729255512,44.1833894396752));
#5000=CARTESIAN_POINT('Ctrl Pts',(-90.2589774662133,82.2695668975642,46.7536145455904));
#5001=CARTESIAN_POINT('Ctrl Pts',(-90.440008303833,88.856927595948,46.3904687257506));
#5002=CARTESIAN_POINT('Ctrl Pts',(-90.6210391414531,94.6153724196876,43.1704536463562));
#5003=CARTESIAN_POINT('Ctrl Pts',(-90.8020699790729,98.3725912963474,37.7472640262819));
#5004=CARTESIAN_POINT('Ctrl Pts',(-90.9831008166929,99.3645059387236,31.2246958857175));
#5005=CARTESIAN_POINT('Ctrl Pts',(-91.1641316543128,97.3891548635766,24.9297779287322));
#5006=CARTESIAN_POINT('Ctrl Pts',(-91.3451624919327,92.8485150236614,20.1433005826213));
#5007=CARTESIAN_POINT('Ctrl Pts',(-91.5261933295526,86.6663922728814,17.8391117011973));
#5008=CARTESIAN_POINT('Ctrl Pts',(-91.7072241671726,80.1006213631514,18.4860280675487));
#5009=CARTESIAN_POINT('Ctrl Pts',(-91.8882550047925,74.4870686985905,21.9524251043102));
#5010=CARTESIAN_POINT('Ctrl Pts',(-92.0692858424123,70.9678744961635,27.5330293518499));
#5011=CARTESIAN_POINT('Ctrl Pts',(-92.2503166800323,70.2590536231322,34.0924077975203));
#5012=CARTESIAN_POINT('Ctrl Pts',(-92.4313475176522,72.5048241121767,40.2959865333677));
#5013=CARTESIAN_POINT('Ctrl Pts',(-92.6123783552721,77.2482599487288,44.881582353664));
#5014=CARTESIAN_POINT('Ctrl Pts',(-92.793409192892,83.5242596876268,46.9162078516543));
#5015=CARTESIAN_POINT('Ctrl Pts',(-92.9744400305119,90.0559053494477,45.9858971277506));
#5016=CARTESIAN_POINT('Ctrl Pts',(-93.1554708681319,95.5142652907973,42.2799316589784));
#5017=CARTESIAN_POINT('Ctrl Pts',(-93.3365017057517,98.7887790035959,36.5523289133095));
#5018=CARTESIAN_POINT('Ctrl Pts',(-93.5175325433718,99.213212393758,29.9684296483818));
#5019=CARTESIAN_POINT('Ctrl Pts',(-93.6985633809915,96.7012100515076,23.8677970994869));
#5020=CARTESIAN_POINT('Ctrl Pts',(-93.8795942186116,91.7638651295462,19.4916688489081));
#5021=CARTESIAN_POINT('Ctrl Pts',(-94.0606250562313,85.4057322079032,17.7304139862025));
#5022=CARTESIAN_POINT('Ctrl Pts',(-94.2416558938514,78.9204398819021,18.9423783025174));
#5023=CARTESIAN_POINT('Ctrl Pts',(-94.4226867314712,73.6274890285408,22.8809748708001));
#5024=CARTESIAN_POINT('Ctrl Pts',(-94.6037175690912,70.6037854147868,28.7448551762043));
#5025=CARTESIAN_POINT('Ctrl Pts',(-94.784748406711,70.4645342274252,35.3409509723131));
#5026=CARTESIAN_POINT('Ctrl Pts',(-94.965779244331,73.238065492028,41.3272183162533));
#5027=CARTESIAN_POINT('Ctrl Pts',(-95.1468100819508,78.3600794735263,45.4856867856889));
#5028=CARTESIAN_POINT('Ctrl Pts',(-95.3278409195708,84.7884401750348,46.9702757847784));
#5029=CARTESIAN_POINT('Ctrl Pts',(-95.5088717571907,91.2152478276668,45.4789233150167));
#5030=CARTESIAN_POINT('Ctrl Pts',(-95.6899025948106,96.3328654986362,41.315074518927));
#5031=CARTESIAN_POINT('Ctrl Pts',(-95.8709334324305,99.1001326987841,35.3258798446225));
#5032=CARTESIAN_POINT('Ctrl Pts',(-96.0519642700505,98.9538727518172,28.7299609563981));
#5033=CARTESIAN_POINT('Ctrl Pts',(-96.2329951076703,95.9241429669606,22.8692101480358));
#5034=CARTESIAN_POINT('Ctrl Pts',(-96.4140259452903,90.6267654250452,18.9362952811627));
#5035=CARTESIAN_POINT('Ctrl Pts',(-96.5950567829102,84.14078328151,17.7309278337488));
#5036=CARTESIAN_POINT('Ctrl Pts',(-96.77608762053,77.7833243778838,19.4993306985742));
#5037=CARTESIAN_POINT('Ctrl Pts',(-96.9571184581501,72.8529890491622,23.8797146842468));
#5038=CARTESIAN_POINT('Ctrl Pts',(-97.1381492957699,70.3424254677535,29.9849073413064));
#5039=CARTESIAN_POINT('Ctrl Pts',(-97.2789510583631,70.6850808523554,35.1023181207536));
#5040=CARTESIAN_POINT('Ctrl Pts',(-97.4398673584699,72.7451381568215,40.4508464078594));
#5041=CARTESIAN_POINT('Ctrl Pts',(-97.6208981960896,77.3177217254959,45.3883354359669));
#5042=CARTESIAN_POINT('Ctrl Pts',(-97.8421581087363,85.3567395681763,47.1480589639661));
#5043=CARTESIAN_POINT('Ctrl Pts',(-98.0433034838695,92.3257989508636,44.8709504995438));
#5044=CARTESIAN_POINT('Ctrl Pts',(-98.2243343214894,97.0653441201594,40.2843982703005));
#5045=CARTESIAN_POINT('Ctrl Pts',(-98.4053651591094,99.3041276964473,34.0764687160131));
#5046=CARTESIAN_POINT('Ctrl Pts',(-98.5863959967292,98.588620069876,27.5188397981996));
#5047=CARTESIAN_POINT('Ctrl Pts',(-98.7674268343491,95.0634786553058,21.9414073006891));
#5048=CARTESIAN_POINT('Ctrl Pts',(-98.9484576719691,89.4462668386307,18.4812644622283));
#5049=CARTESIAN_POINT('Ctrl Pts',(-99.129488509589,82.8799367281868,17.8409136503749));
#5050=CARTESIAN_POINT('Ctrl Pts',(-99.310519347209,76.6999597982018,20.152121542147));
#5051=CARTESIAN_POINT('Ctrl Pts',(-99.4915501848288,72.1649510873789,24.9424106208468));
#5052=CARTESIAN_POINT('Ctrl Pts',(-99.6725810224488,70.1950077860023,31.2413160169362));
#5053=CARTESIAN_POINT('Ctrl Pts',(-99.8536118600686,71.1962524093307,37.7589729531846));
#5054=CARTESIAN_POINT('Ctrl Pts',(-100.054757235202,75.3718342166644,43.7890109267461));
#5055=CARTESIAN_POINT('Ctrl Pts',(-100.276017147848,82.8341495094771,47.2447510316008));
#5056=CARTESIAN_POINT('Ctrl Pts',(-100.517391598008,91.6808838317447,45.6928943370861));
#5057=CARTESIAN_POINT('Ctrl Pts',(-100.738651510655,97.521868960565,39.9039188838334));
#5058=CARTESIAN_POINT('Ctrl Pts',(-100.939796885788,99.3976705834279,32.8138212592345));
#5059=CARTESIAN_POINT('Ctrl Pts',(-101.120827723408,98.1208793311468,26.343942501444));
#5060=CARTESIAN_POINT('Ctrl Pts',(-101.301858561028,94.1254782869022,21.0914246883924));
#5061=CARTESIAN_POINT('Ctrl Pts',(-101.482889398648,88.2309667812629,18.1299358877852));
#5062=CARTESIAN_POINT('Ctrl Pts',(-101.663920236268,81.6334075744892,18.0595715856177));
#5063=CARTESIAN_POINT('Ctrl Pts',(-101.844951073888,75.6767237203206,20.8958527520133));
#5064=CARTESIAN_POINT('Ctrl Pts',(-102.025981911508,71.5721119714479,26.0611171256313));
#5065=CARTESIAN_POINT('Ctrl Pts',(-102.207012749127,70.1550189471867,32.5047254712568));
#5066=CARTESIAN_POINT('Ctrl Pts',(-102.388043586748,71.7137111577614,38.9155225498856));
#5067=CARTESIAN_POINT('Ctrl Pts',(-102.569074424367,75.9308771038859,43.989219160133));
#5068=CARTESIAN_POINT('Ctrl Pts',(-102.750105261987,81.9489987218809,46.6935164408878));
#5069=CARTESIAN_POINT('Ctrl Pts',(-102.931136099607,88.5425204813314,46.4781474779927));
#5070=CARTESIAN_POINT('Ctrl Pts',(-103.112166937227,94.3722168916919,43.3870588185943));
#5071=CARTESIAN_POINT('Ctrl Pts',(-103.263025968577,97.6011821250302,38.9385353222849));
#5072=CARTESIAN_POINT('Ctrl Pts',(-103.383713193657,98.8188436425228,34.7994366476031));
#5073=CARTESIAN_POINT('Ctrl Pts',(-103.504400418737,99.0775148865328,30.494968730264));
#5074=CARTESIAN_POINT('Ctrl Pts',(-103.6753739876,97.3530282047598,24.5048713092098));
#5075=CARTESIAN_POINT('Ctrl Pts',(-103.896633900247,91.3858231803552,18.8442948013066));
#5076=CARTESIAN_POINT('Ctrl Pts',(-104.138008350407,82.5070468325209,17.4904931382878));
#5077=CARTESIAN_POINT('Ctrl Pts',(-104.359268263053,75.1218356236261,21.1077080543597));
#5078=CARTESIAN_POINT('Ctrl Pts',(-104.560413638186,71.0804172094774,27.2290624845263));
#5079=CARTESIAN_POINT('Ctrl Pts',(-104.741444475806,70.222759550731,33.7668016483512));
#5080=CARTESIAN_POINT('Ctrl Pts',(-104.922475313426,72.3310174947972,40.0209900178885));
#5081=CARTESIAN_POINT('Ctrl Pts',(-105.103506151046,76.9703594783743,44.7101660806037));
#5082=CARTESIAN_POINT('Ctrl Pts',(-105.284536988666,83.199767275936,46.8847682046291));
#5083=CARTESIAN_POINT('Ctrl Pts',(-105.465567826286,89.7503629913376,46.0999740670272));
#5084=CARTESIAN_POINT('Ctrl Pts',(-105.646598663906,95.2900888707459,42.5169581101523));
#5085=CARTESIAN_POINT('Ctrl Pts',(-105.827629501526,98.6914275491142,36.8633125898574));
#5086=CARTESIAN_POINT('Ctrl Pts',(-106.008660339146,99.2626267844757,30.2913904445921));
#5087=CARTESIAN_POINT('Ctrl Pts',(-106.189691176766,96.8871505411251,24.1345280491985));
#5088=CARTESIAN_POINT('Ctrl Pts',(-106.370722014386,92.0488405940729,19.6529166821013));
#5089=CARTESIAN_POINT('Ctrl Pts',(-106.571867389519,85.0290300673196,17.5309885594397));
#5090=CARTESIAN_POINT('Ctrl Pts',(-106.793127302165,77.0353918219031,19.4642006592756));
#5091=CARTESIAN_POINT('Ctrl Pts',(-107.034501752325,71.0751689474785,26.1839123287338));
#5092=CARTESIAN_POINT('Ctrl Pts',(-107.255761664972,70.100210445559,34.3489898206965));
#5093=CARTESIAN_POINT('Ctrl Pts',(-107.456907040105,73.0439812820902,41.0676643739314));
#5094=CARTESIAN_POINT('Ctrl Pts',(-107.637937877725,78.0670044279166,45.3392443483892));
#5095=CARTESIAN_POINT('Ctrl Pts',(-107.818968715345,84.4631315762692,46.9668187839879));
#5096=CARTESIAN_POINT('Ctrl Pts',(-107.999999552965,90.9203738867538,45.6191220926078));
#5097=CARTESIAN_POINT('Ctrl Pts',(-108.181030390585,96.1301710805846,41.5704132160806));
#5098=CARTESIAN_POINT('Ctrl Pts',(-108.362061228204,99.0299605372866,35.6444170074248));
#5099=CARTESIAN_POINT('Ctrl Pts',(-108.543092065825,99.031016452235,29.0468528944533));
#5100=CARTESIAN_POINT('Ctrl Pts',(-108.724122903444,96.132500814236,23.1200577605407));
#5101=CARTESIAN_POINT('Ctrl Pts',(-108.905153741064,90.924453554107,19.0699033879439));
#5102=CARTESIAN_POINT('Ctrl Pts',(-109.086184578684,84.4663555969381,17.7204344902863));
#5103=CARTESIAN_POINT('Ctrl Pts',(-109.267215416304,78.0722487903567,19.3462154323574));
#5104=CARTESIAN_POINT('Ctrl Pts',(-109.448246253924,73.0430446125469,23.6164636709725));
#5105=CARTESIAN_POINT('Ctrl Pts',(-109.629277091544,70.4020052699875,29.6623526803442));
#5106=CARTESIAN_POINT('Ctrl Pts',(-109.810307929164,70.6864690360356,36.2537829433291));
#5107=CARTESIAN_POINT('Ctrl Pts',(-109.991338766784,73.8385631250593,42.0496590024669));
#5108=CARTESIAN_POINT('Ctrl Pts',(-110.172369604404,79.2169588520724,45.8707491642604));
#5109=CARTESIAN_POINT('Ctrl Pts',(-110.353400442024,85.7273663429518,46.9396126370704));
#5110=CARTESIAN_POINT('Ctrl Pts',(-110.534431279644,92.0451745079891,45.0387779503267));
#5111=CARTESIAN_POINT('Ctrl Pts',(-110.715462117264,96.8849593790196,40.5549898263944));
#5112=CARTESIAN_POINT('Ctrl Pts',(-110.896492954883,99.2620159230509,34.4005219066288));
#5113=CARTESIAN_POINT('Ctrl Pts',(-111.077523792503,98.6927071585523,27.8275651298705));
#5114=CARTESIAN_POINT('Ctrl Pts',(-111.258554630123,95.2928648842334,22.173456377996));
#5115=CARTESIAN_POINT('Ctrl Pts',(-111.439585467743,89.7542226245922,18.588583273213));
#5116=CARTESIAN_POINT('Ctrl Pts',(-111.620616305363,83.2036751325901,17.802325796219));
#5117=CARTESIAN_POINT('Ctrl Pts',(-111.801647142983,76.9739998888667,19.9746562397036));
#5118=CARTESIAN_POINT('Ctrl Pts',(-111.982677980603,72.3326895461583,24.6635912773216));
#5119=CARTESIAN_POINT('Ctrl Pts',(-112.163708818223,70.2240672973768,30.9151178816582));
#5120=CARTESIAN_POINT('Ctrl Pts',(-112.344739655843,71.077154406556,37.4572977063096));
#5121=CARTESIAN_POINT('Ctrl Pts',(-112.525770493463,74.7183813909211,42.9590553609231));
#5122=CARTESIAN_POINT('Ctrl Pts',(-112.706801331082,80.4069024501534,46.3010014651588));
#5123=CARTESIAN_POINT('Ctrl Pts',(-112.887832168703,86.9853285021645,46.8031804219186));
#5124=CARTESIAN_POINT('Ctrl Pts',(-113.068863006322,93.1152097035127,44.3634220585785));
#5125=CARTESIAN_POINT('Ctrl Pts',(-113.249893843942,97.5493579113517,39.4781138604938));
#5126=CARTESIAN_POINT('Ctrl Pts',(-113.430924681562,99.3855984893934,33.1412369575939));
#5127=CARTESIAN_POINT('Ctrl Pts',(-113.611955519182,98.2503306000284,26.6420667990991));
#5128=CARTESIAN_POINT('Ctrl Pts',(-113.792986356802,94.3745332629071,21.3029855523024));
#5129=CARTESIAN_POINT('Ctrl Pts',(-113.974017194422,88.5467843692668,18.2101674097284));
#5130=CARTESIAN_POINT('Ctrl Pts',(-114.155048032042,81.95278756278,17.9931180395067));
#5131=CARTESIAN_POINT('Ctrl Pts',(-114.336078869662,75.9341867366955,20.6955117130792));
#5132=CARTESIAN_POINT('Ctrl Pts',(-114.517109707282,71.7154759933369,25.7685074479254));
#5133=CARTESIAN_POINT('Ctrl Pts',(-114.698140544902,70.1551044365431,32.1779401671655));
#5134=CARTESIAN_POINT('Ctrl Pts',(-114.879171382521,71.5703263095644,38.6238315391455));
#5135=CARTESIAN_POINT('Ctrl Pts',(-115.060202220142,75.6736418320044,43.7863835249316));
#5136=CARTESIAN_POINT('Ctrl Pts',(-115.261347595275,82.2911131308713,46.948333196958));
#5137=CARTESIAN_POINT('Ctrl Pts',(-115.482607507921,90.4847258912054,46.2460290837847));
#5138=CARTESIAN_POINT('Ctrl Pts',(-115.723981958081,97.3961866923264,40.5098592061594));
#5139=CARTESIAN_POINT('Ctrl Pts',(-115.945241870728,99.5949596469186,32.5852384301936));
#5140=CARTESIAN_POINT('Ctrl Pts',(-116.146387245861,97.7043579740091,25.4993887501955));
#5141=CARTESIAN_POINT('Ctrl Pts',(-116.327418083481,93.3853258770991,20.5141411980363));
#5142=CARTESIAN_POINT('Ctrl Pts',(-116.508448921101,87.3116323255697,17.9398977417542));
#5143=CARTESIAN_POINT('Ctrl Pts',(-116.709594296234,79.9886333915011,18.3248646366388));
#5144=CARTESIAN_POINT('Ctrl Pts',(-116.930854208881,73.1260120957143,22.856978556048));
#5145=CARTESIAN_POINT('Ctrl Pts',(-117.17222865904,69.7971835839294,31.1981719087048));
#5146=CARTESIAN_POINT('Ctrl Pts',(-117.4136031092,71.8184358846512,39.9417125241011));
#5147=CARTESIAN_POINT('Ctrl Pts',(-117.65497755936,78.4624327527208,45.9775665130413));
#5148=CARTESIAN_POINT('Ctrl Pts',(-117.89635200952,87.364685908527,47.1467177097442));
#5149=CARTESIAN_POINT('Ctrl Pts',(-118.084087692978,93.5658521289247,43.9458419953558));
#5150=CARTESIAN_POINT('Ctrl Pts',(-118.218184609733,96.6065889190486,40.2484747422564));
#5151=CARTESIAN_POINT('Ctrl Pts',(-118.325462143138,98.4071489366559,36.8684732396777));
#5152=CARTESIAN_POINT('Ctrl Pts',(-118.459559059893,99.2968835029892,32.0921017542951));
#5153=CARTESIAN_POINT('Ctrl Pts',(-118.647294743351,97.8228369044723,25.4458873233752));
#5154=CARTESIAN_POINT('Ctrl Pts',(-118.86184981016,92.5395515121252,19.4730205755481));
#5155=CARTESIAN_POINT('Ctrl Pts',(-119.103224260319,83.8123042975336,17.348590852796));
#5156=CARTESIAN_POINT('Ctrl Pts',(-119.344598710479,75.4414812163634,20.5749289423532));
#5157=CARTESIAN_POINT('Ctrl Pts',(-119.596030429396,70.1799093487314,28.3098008161244));
#5158=CARTESIAN_POINT('Ctrl Pts',(-119.857519417069,70.6469063559946,38.1394768313985));
#5159=CARTESIAN_POINT('Ctrl Pts',(-120.129065673499,77.4713580201702,45.7560361631554));
#5160=CARTESIAN_POINT('Ctrl Pts',(-120.400611929929,87.5662569146933,47.3618440400074));
#5161=CARTESIAN_POINT('Ctrl Pts',(-120.672158186359,96.4153144932964,42.241262902263));
#5162=CARTESIAN_POINT('Ctrl Pts',(-120.943704442789,100.051486177687,32.6862686889061));
#5163=CARTESIAN_POINT('Ctrl Pts',(-121.215250699219,96.8473973439413,22.978119102636));
#5164=CARTESIAN_POINT('Ctrl Pts',(-121.486796955648,88.2376060363899,17.4652521341007));
#5165=CARTESIAN_POINT('Ctrl Pts',(-121.758343212078,78.0793917657715,18.6174873969366));
#5166=CARTESIAN_POINT('Ctrl Pts',(-122.029889468508,70.9230900097632,25.918539145216));
#5167=CARTESIAN_POINT('Ctrl Pts',(-122.301435724938,69.9745788278028,36.0978489559761));
#5168=CARTESIAN_POINT('Ctrl Pts',(-122.572981981368,75.6587080943324,44.5954026157294));
#5169=CARTESIAN_POINT('Ctrl Pts',(-122.844528237798,85.4292081751365,47.6046031674552));
#5170=CARTESIAN_POINT('Ctrl Pts',(-123.116074494228,94.9092165039333,43.7774235519559));
#5171=CARTESIAN_POINT('Ctrl Pts',(-123.387620750657,99.8520204038131,34.8283134176405));
#5172=CARTESIAN_POINT('Ctrl Pts',(-123.659167007087,98.0434097638056,24.7661655789009));
#5173=CARTESIAN_POINT('Ctrl Pts',(-123.930713263517,90.2935815658949,18.0984789975791));
#5174=CARTESIAN_POINT('Ctrl Pts',(-124.202259519947,80.0741934203438,17.8121482404848));
#5175=CARTESIAN_POINT('Ctrl Pts',(-124.473805776377,71.9631803542827,24.0354404006016));
#5176=CARTESIAN_POINT('Ctrl Pts',(-124.745352032807,69.5940012167583,33.9805326253573));
#5177=CARTESIAN_POINT('Ctrl Pts',(-125.016898289237,74.0279615924079,43.192365824234));
#5178=CARTESIAN_POINT('Ctrl Pts',(-125.288444545667,83.2788101518232,47.5443506739653));
#5179=CARTESIAN_POINT('Ctrl Pts',(-125.559990802096,93.2024614045084,45.0869535850552));
#5180=CARTESIAN_POINT('Ctrl Pts',(-125.831537058526,99.3535027353337,36.9209912678574));
#5181=CARTESIAN_POINT('Ctrl Pts',(-126.103083314956,98.9763925935273,26.7045610206331));
#5182=CARTESIAN_POINT('Ctrl Pts',(-126.374629571386,92.240232103487,19.0142231732427));
#5183=CARTESIAN_POINT('Ctrl Pts',(-126.646175827816,82.162258155405,17.2950856865328));
#5184=CARTESIAN_POINT('Ctrl Pts',(-126.917722084246,73.2577131151229,22.317066516706));
#5185=CARTESIAN_POINT('Ctrl Pts',(-127.189268340676,69.5142373965489,31.8308779329507));
#5186=CARTESIAN_POINT('Ctrl Pts',(-127.460814597106,72.6113259320828,41.5738940513625));
#5187=CARTESIAN_POINT('Ctrl Pts',(-127.732360853535,81.1565472745669,47.1830823527543));
#5188=CARTESIAN_POINT('Ctrl Pts',(-128.003907109965,91.3321545934432,46.1427562056395));
#5189=CARTESIAN_POINT('Ctrl Pts',(-128.184937947585,96.1481143568108,41.3306661038321));
#5190=CARTESIAN_POINT('Ctrl Pts',(-128.275453366395,97.5326353980734,38.4297387657709));
#5191=CARTESIAN_POINT('Ctrl Pts',(-67.7245457395346,73.6567712291626,40.2754763186884));
#5192=CARTESIAN_POINT('Ctrl Pts',(-67.8150611583446,75.461179216743,42.8060707485708));
#5193=CARTESIAN_POINT('Ctrl Pts',(-67.9960919959644,80.8534528928375,46.5818318177706));
#5194=CARTESIAN_POINT('Ctrl Pts',(-68.2676382523944,90.7178372190938,45.8679718442682));
#5195=CARTESIAN_POINT('Ctrl Pts',(-68.5391845088242,97.9157405101419,39.0949660193654));
#5196=CARTESIAN_POINT('Ctrl Pts',(-68.8107307652541,99.2329769231245,29.2979980952852));
#5197=CARTESIAN_POINT('Ctrl Pts',(-69.0822770216839,94.0744162473485,20.8651855368747));
#5198=CARTESIAN_POINT('Ctrl Pts',(-69.3538232781139,84.7534695516892,17.5744408090312));
#5199=CARTESIAN_POINT('Ctrl Pts',(-69.6253695345437,75.444307573965,20.8997518833817));
#5200=CARTESIAN_POINT('Ctrl Pts',(-69.8969157909737,70.3177729470103,29.3515709049998));
#5201=CARTESIAN_POINT('Ctrl Pts',(-70.1684620474034,71.670044408625,39.1437328613846));
#5202=CARTESIAN_POINT('Ctrl Pts',(-70.4400083038334,78.8955197652122,45.8897044198213));
#5203=CARTESIAN_POINT('Ctrl Pts',(-70.7115545602632,88.7573475843884,46.5675110929069));
#5204=CARTESIAN_POINT('Ctrl Pts',(-70.9831008166931,96.8378101369523,40.8735238686565));
#5205=CARTESIAN_POINT('Ctrl Pts',(-71.2546470731229,99.5171147588536,31.3584514433967));
#5206=CARTESIAN_POINT('Ctrl Pts',(-71.5261933295528,95.5950358238687,22.2847219490982));
#5207=CARTESIAN_POINT('Ctrl Pts',(-71.7977395859827,86.8285249234396,17.7170547348789));
#5208=CARTESIAN_POINT('Ctrl Pts',(-72.0692858424126,77.1446813612983,19.7016090273491));
#5209=CARTESIAN_POINT('Ctrl Pts',(-72.3408320988424,70.8815348025385,27.3493716024345));
#5210=CARTESIAN_POINT('Ctrl Pts',(-72.6123783552724,70.8447598228693,37.2344080290098));
#5211=CARTESIAN_POINT('Ctrl Pts',(-72.8839246117021,77.0508327771612,44.9285577558424));
#5212=CARTESIAN_POINT('Ctrl Pts',(-73.1554708681321,86.7196401068257,46.9851102059589));
#5213=CARTESIAN_POINT('Ctrl Pts',(-73.4270171245619,95.5198978959407,42.4827902516224));
#5214=CARTESIAN_POINT('Ctrl Pts',(-73.6985633809918,99.5093705352516,33.4385028558149));
#5215=CARTESIAN_POINT('Ctrl Pts',(-73.9701096374216,96.9009530506141,23.9037402496009));
#5216=CARTESIAN_POINT('Ctrl Pts',(-74.2416558938516,88.8630439954331,18.1498263466903));
#5217=CARTESIAN_POINT('Ctrl Pts',(-74.5132021502813,78.9965154024236,18.754166529751));
#5218=CARTESIAN_POINT('Ctrl Pts',(-74.7847484067113,71.7209112748261,25.4463347731673));
#5219=CARTESIAN_POINT('Ctrl Pts',(-75.0562946631411,70.2960897694997,35.2278821979771));
#5220=CARTESIAN_POINT('Ctrl Pts',(-75.327840919571,75.3590677263567,43.718166352355));
#5221=CARTESIAN_POINT('Ctrl Pts',(-75.5993871760009,84.6442767606969,47.1115521776528));
#5222=CARTESIAN_POINT('Ctrl Pts',(-75.8709334324307,93.9873824190265,43.8924156933683));
#5223=CARTESIAN_POINT('Ctrl Pts',(-76.1424796888606,99.2126841363882,35.4938774322676));
#5224=CARTESIAN_POINT('Ctrl Pts',(-76.3838541390205,98.0986577141094,26.7853359954583));
#5225=CARTESIAN_POINT('Ctrl Pts',(-76.5950567829104,93.3182988694035,21.0737627989618));
#5226=CARTESIAN_POINT('Ctrl Pts',(-76.7760876205303,87.5027129425768,18.4642194993687));
#5227=CARTESIAN_POINT('Ctrl Pts',(-76.9571184581502,81.1238865250575,18.6821262100687));
#5228=CARTESIAN_POINT('Ctrl Pts',(-77.1381492957701,75.493727973809,21.6778726121097));
#5229=CARTESIAN_POINT('Ctrl Pts',(-77.3191801333901,71.7508276628259,26.8445446872827));
#5230=CARTESIAN_POINT('Ctrl Pts',(-77.5002109710099,70.6601247361622,33.1296483217484));
#5231=CARTESIAN_POINT('Ctrl Pts',(-77.6812418086298,72.4418580350908,39.2550433388779));
#5232=CARTESIAN_POINT('Ctrl Pts',(-77.8622726462498,76.7343398943358,43.9741441801986));
#5233=CARTESIAN_POINT('Ctrl Pts',(-78.0433034838697,82.6638141195874,46.3269525478767));
#5234=CARTESIAN_POINT('Ctrl Pts',(-78.2243343214896,89.0240670067309,45.8346905466225));
#5235=CARTESIAN_POINT('Ctrl Pts',(-78.4053651591095,94.5209396147245,42.5975496823935));
#5236=CARTESIAN_POINT('Ctrl Pts',(-78.5863959967294,98.0360854193313,37.274144558794));
#5237=CARTESIAN_POINT('Ctrl Pts',(-78.7674268343494,98.8542844596807,30.9475814253816));
#5238=CARTESIAN_POINT('Ctrl Pts',(-78.9484576719692,96.8090833221735,24.9050719588569));
#5239=CARTESIAN_POINT('Ctrl Pts',(-79.1294885095892,92.316581525693,20.3760086796891));
#5240=CARTESIAN_POINT('Ctrl Pts',(-79.3105193472091,86.2908534652092,18.2819194949348));
#5241=CARTESIAN_POINT('Ctrl Pts',(-79.491550184829,79.9578443254185,19.0487806242238));
#5242=CARTESIAN_POINT('Ctrl Pts',(-79.672581022449,74.6061752568445,22.5207461327408));
#5243=CARTESIAN_POINT('Ctrl Pts',(-79.8536118600688,71.3244887562573,27.9910420190542));
#5244=CARTESIAN_POINT('Ctrl Pts',(-80.0346426976888,70.7809058943471,34.3474240090362));
#5245=CARTESIAN_POINT('Ctrl Pts',(-80.2156735353087,73.085155361852,40.2951057774148));
#5246=CARTESIAN_POINT('Ctrl Pts',(-80.3967043729287,77.7701800161051,44.6270464587279));
#5247=CARTESIAN_POINT('Ctrl Pts',(-80.5777352105484,83.8791652530536,46.4556106633373));
#5248=CARTESIAN_POINT('Ctrl Pts',(-80.7788805856819,90.8762837253398,45.3065610246822));
#5249=CARTESIAN_POINT('Ctrl Pts',(-81.0001404983281,96.9909484182245,40.222838670018));
#5250=CARTESIAN_POINT('Ctrl Pts',(-81.2415149484883,99.3013328195999,31.8508512817317));
#5251=CARTESIAN_POINT('Ctrl Pts',(-81.4627748611348,96.6687857271311,24.3483642951496));
#5252=CARTESIAN_POINT('Ctrl Pts',(-81.6639202362679,91.2511302767186,19.7708409068457));
#5253=CARTESIAN_POINT('Ctrl Pts',(-81.844951073888,85.0712761015226,18.2034027304172));
#5254=CARTESIAN_POINT('Ctrl Pts',(-82.0259819115078,78.8261926510292,19.5155620048207));
#5255=CARTESIAN_POINT('Ctrl Pts',(-82.2070127491278,73.7954838740419,23.4369976322576));
#5256=CARTESIAN_POINT('Ctrl Pts',(-82.3880435867476,70.9987502629086,29.1698260602025));
#5257=CARTESIAN_POINT('Ctrl Pts',(-82.5690744243676,71.0060081420093,35.551065579742));
#5258=CARTESIAN_POINT('Ctrl Pts',(-82.7501052619875,73.8172211924257,41.2737763408491));
#5259=CARTESIAN_POINT('Ctrl Pts',(-82.9512506371208,79.4157536552231,45.6271944189103));
#5260=CARTESIAN_POINT('Ctrl Pts',(-83.1725105497672,87.3006803141396,46.6539167768997));
#5261=CARTESIAN_POINT('Ctrl Pts',(-83.4138849999271,95.0124804627889,42.6600742339541));
#5262=CARTESIAN_POINT('Ctrl Pts',(-83.6351449125738,98.7242400172112,35.6279782800015));
#5263=CARTESIAN_POINT('Ctrl Pts',(-83.8362902877069,98.401237035759,28.5439834378637));
#5264=CARTESIAN_POINT('Ctrl Pts',(-84.0173211253269,95.3495473543089,22.9452175060648));
#5265=CARTESIAN_POINT('Ctrl Pts',(-84.1983519629468,90.142478795456,19.2568580275797));
#5266=CARTESIAN_POINT('Ctrl Pts',(-84.3793828005666,83.846992507317,18.2320311537855));
#5267=CARTESIAN_POINT('Ctrl Pts',(-84.5604136381866,77.7402657474187,20.0779319820107));
#5268=CARTESIAN_POINT('Ctrl Pts',(-84.7414444758064,73.0666046264924,24.4196317785237));
#5269=CARTESIAN_POINT('Ctrl Pts',(-84.9224753134265,70.7760031436345,30.3734690337812));
#5270=CARTESIAN_POINT('Ctrl Pts',(-85.1035061510463,71.3349802505608,36.7281845154569));
#5271=CARTESIAN_POINT('Ctrl Pts',(-85.2845369886663,74.6295256144453,42.1908610562085));
#5272=CARTESIAN_POINT('Ctrl Pts',(-85.4655678262863,79.9895657759725,45.6499076294514));
#5273=CARTESIAN_POINT('Ctrl Pts',(-85.6465986639061,86.3242284753898,46.4019132271835));
#5274=CARTESIAN_POINT('Ctrl Pts',(-85.827629501526,92.3452216714745,44.2930970533169));
#5275=CARTESIAN_POINT('Ctrl Pts',(-86.008660339146,96.8264098542151,39.7541142511511));
#5276=CARTESIAN_POINT('Ctrl Pts',(-86.1896911767658,98.8582674348123,33.705220153653));
#5277=CARTESIAN_POINT('Ctrl Pts',(-86.3707220143858,98.0228922102657,27.3837379931077));
#5278=CARTESIAN_POINT('Ctrl Pts',(-86.571867389519,94.1078314987753,21.4710745622206));
#5279=CARTESIAN_POINT('Ctrl Pts',(-86.7931273021656,86.9641823185971,17.9788075567558));
#5280=CARTESIAN_POINT('Ctrl Pts',(-87.0345017523254,78.3804732043968,19.2987551352388));
#5281=CARTESIAN_POINT('Ctrl Pts',(-87.2557616649721,72.6164624698076,24.776242205385));
#5282=CARTESIAN_POINT('Ctrl Pts',(-87.4569070401052,70.6605043285737,31.5931060644056));
#5283=CARTESIAN_POINT('Ctrl Pts',(-87.6379378777252,71.7630610894135,37.8729725577011));
#5284=CARTESIAN_POINT('Ctrl Pts',(-87.8189687153451,75.5191818078865,43.0317875080916));
#5285=CARTESIAN_POINT('Ctrl Pts',(-87.9999995529649,81.1572122974191,46.0140522844842));
#5286=CARTESIAN_POINT('Ctrl Pts',(-88.181030390585,87.5336963879235,46.2158881332209));
#5287=CARTESIAN_POINT('Ctrl Pts',(-88.3620612282047,93.3494707494346,43.5948058497347));
#5288=CARTESIAN_POINT('Ctrl Pts',(-88.5430920658248,97.4221410840496,38.6847919148302));
#5289=CARTESIAN_POINT('Ctrl Pts',(-88.7241229034446,98.9226443083486,32.4844967916024));
#5290=CARTESIAN_POINT('Ctrl Pts',(-88.9051537410647,97.5459013291953,26.2556022696226));
#5291=CARTESIAN_POINT('Ctrl Pts',(-89.0861845786844,93.571920307585,21.2653642657979));
#5292=CARTESIAN_POINT('Ctrl Pts',(-89.2672154163045,87.8092994065033,18.529128783411));
#5293=CARTESIAN_POINT('Ctrl Pts',(-89.4482462539243,81.4304822797005,18.6036141643387));
#5294=CARTESIAN_POINT('Ctrl Pts',(-89.6292770915441,75.7333112556078,21.4736292268694));
#5295=CARTESIAN_POINT('Ctrl Pts',(-89.8103079291642,71.876944227134,26.5553285464912));
#5296=CARTESIAN_POINT('Ctrl Pts',(-89.9913387667839,70.6459720466164,32.8145983677482));
#5297=CARTESIAN_POINT('Ctrl Pts',(-90.172369604404,72.2909092805482,38.9783122019901));
#5298=CARTESIAN_POINT('Ctrl Pts',(-90.3534004420239,76.4769510977786,43.7916101879017));
#5299=CARTESIAN_POINT('Ctrl Pts',(-90.5344312796438,82.3526625173108,46.2767859360261));
#5300=CARTESIAN_POINT('Ctrl Pts',(-90.7154621172637,88.7220458892554,45.9256566974151));
#5301=CARTESIAN_POINT('Ctrl Pts',(-90.8964929548836,94.289942409266,42.8121926800073));
#5302=CARTESIAN_POINT('Ctrl Pts',(-91.0775237925036,97.9228340229931,37.5684576895309));
#5303=CARTESIAN_POINT('Ctrl Pts',(-91.2585546301234,98.8819259748105,31.2617228743145));
#5304=CARTESIAN_POINT('Ctrl Pts',(-91.4395854677433,96.971939734816,25.1751052441588));
#5305=CARTESIAN_POINT('Ctrl Pts',(-91.6206163053633,92.5815507431459,20.5470135676263));
#5306=CARTESIAN_POINT('Ctrl Pts',(-91.8016471429832,86.6039958990943,18.3190708422853));
#5307=CARTESIAN_POINT('Ctrl Pts',(-91.9826779806031,80.2554879045814,18.9445805927821));
#5308=CARTESIAN_POINT('Ctrl Pts',(-92.1637088182231,74.8276890278686,22.2962737302055));
#5309=CARTESIAN_POINT('Ctrl Pts',(-92.3447396558429,71.4249457955023,27.6922144608237));
#5310=CARTESIAN_POINT('Ctrl Pts',(-92.5257704934629,70.7395799731206,34.0345415194276));
#5311=CARTESIAN_POINT('Ctrl Pts',(-92.7068013310827,72.9110373845286,40.0328423649164));
#5312=CARTESIAN_POINT('Ctrl Pts',(-92.8878321687027,77.4975118052528,44.4666997329241));
#5313=CARTESIAN_POINT('Ctrl Pts',(-93.0688630063226,83.5658372256403,46.4339989910645));
#5314=CARTESIAN_POINT('Ctrl Pts',(-93.2498938439424,89.8813491847842,45.5344724694596));
#5315=CARTESIAN_POINT('Ctrl Pts',(-93.4309246815624,95.1590907022705,41.9511382762083));
#5316=CARTESIAN_POINT('Ctrl Pts',(-93.6119555191822,98.3252499803895,36.4130632625966));
#5317=CARTESIAN_POINT('Ctrl Pts',(-93.7929863568024,98.7356387690981,30.0470267844549));
#5318=CARTESIAN_POINT('Ctrl Pts',(-93.974017194422,96.3067591795926,24.1482656121985));
#5319=CARTESIAN_POINT('Ctrl Pts',(-94.1550480320421,91.5327921710437,19.9169444823912));
#5320=CARTESIAN_POINT('Ctrl Pts',(-94.3360788696619,85.3850513743902,18.2139699604366));
#5321=CARTESIAN_POINT('Ctrl Pts',(-94.5171097072819,79.1143589082004,19.3858300903396));
#5322=CARTESIAN_POINT('Ctrl Pts',(-94.6981405449018,73.9965530527854,23.1940975648947));
#5323=CARTESIAN_POINT('Ctrl Pts',(-94.8791713825217,71.0729045081022,28.863940681498));
#5324=CARTESIAN_POINT('Ctrl Pts',(-95.0602022201415,70.9382611755271,35.241770104714));
#5325=CARTESIAN_POINT('Ctrl Pts',(-95.2412330577617,73.620015633373,41.0299504437474));
#5326=CARTESIAN_POINT('Ctrl Pts',(-95.4222638953814,78.5725409585199,45.0508142061457));
#5327=CARTESIAN_POINT('Ctrl Pts',(-95.6032947330014,84.788185681162,46.4862778034697));
#5328=CARTESIAN_POINT('Ctrl Pts',(-95.7843255706213,91.002328745683,45.0442745403206));
#5329=CARTESIAN_POINT('Ctrl Pts',(-95.9653564082412,95.950603235258,41.0182084875522));
#5330=CARTESIAN_POINT('Ctrl Pts',(-96.1463872458611,98.6263009080261,35.2271976842098));
#5331=CARTESIAN_POINT('Ctrl Pts',(-96.3274180834811,98.4848807373618,28.8495393149545));
#5332=CARTESIAN_POINT('Ctrl Pts',(-96.5084489211009,95.5554054290058,23.1827221395944));
#5333=CARTESIAN_POINT('Ctrl Pts',(-96.6894797587209,90.4333193652099,19.379948357603));
#5334=CARTESIAN_POINT('Ctrl Pts',(-96.8705105963408,84.1619599077115,18.2144668046458));
#5335=CARTESIAN_POINT('Ctrl Pts',(-97.0515414339606,78.014870825659,19.9243527996364));
#5336=CARTESIAN_POINT('Ctrl Pts',(-97.2325722715806,73.2476814612486,24.1597888412548));
#5337=CARTESIAN_POINT('Ctrl Pts',(-97.4136031092006,70.8201930236477,30.0629592266162));
#5338=CARTESIAN_POINT('Ctrl Pts',(-97.5544048717937,71.151509860378,35.0110336707585));
#5339=CARTESIAN_POINT('Ctrl Pts',(-97.7153211719004,73.1433993804918,40.1825778894659));
#5340=CARTESIAN_POINT('Ctrl Pts',(-97.8963520095202,77.5646750753669,44.9566842356542));
#5341=CARTESIAN_POINT('Ctrl Pts',(-98.1176119221669,85.3376799127213,46.6581780951309));
#5342=CARTESIAN_POINT('Ctrl Pts',(-98.3187572973,92.0761314690589,44.456419689376));
#5343=CARTESIAN_POINT('Ctrl Pts',(-98.49978813492,96.6588439656283,40.02163756022));
#5344=CARTESIAN_POINT('Ctrl Pts',(-98.68081897254,98.8235456628782,34.0191298659044));
#5345=CARTESIAN_POINT('Ctrl Pts',(-98.8618498101598,98.1317143532158,27.678494442866));
#5346=CARTESIAN_POINT('Ctrl Pts',(-99.0428806477798,94.7232207033652,22.285620508317));
#5347=CARTESIAN_POINT('Ctrl Pts',(-99.2239114853997,89.2918837567489,18.9399746162904));
#5348=CARTESIAN_POINT('Ctrl Pts',(-99.4049423230195,82.9428350656058,18.3208131645377));
#5349=CARTESIAN_POINT('Ctrl Pts',(-99.5859731606395,76.9673550366309,20.5555426395112));
#5350=CARTESIAN_POINT('Ctrl Pts',(-99.7670039982594,72.5824108386571,25.1873199174981));
#5351=CARTESIAN_POINT('Ctrl Pts',(-99.9480348358793,70.6776534279175,31.2777930414529));
#5352=CARTESIAN_POINT('Ctrl Pts',(-100.129065673499,71.6457666294067,37.579779165268));
#5353=CARTESIAN_POINT('Ctrl Pts',(-100.330211048632,75.683177445297,43.4102817534168));
#5354=CARTESIAN_POINT('Ctrl Pts',(-100.551470961279,82.898562956813,46.7516705993355));
#5355=CARTESIAN_POINT('Ctrl Pts',(-100.792845411439,91.4525567440496,45.2511652105677));
#5356=CARTESIAN_POINT('Ctrl Pts',(-101.014105324086,97.1002622908873,39.6537483268088));
#5357=CARTESIAN_POINT('Ctrl Pts',(-101.215250699219,98.9139931935629,32.7982637126654));
#5358=CARTESIAN_POINT('Ctrl Pts',(-101.396281536839,97.679451266366,26.5424747760616));
#5359=CARTESIAN_POINT('Ctrl Pts',(-101.577312374458,93.8162589894189,21.4637640220716));
#5360=CARTESIAN_POINT('Ctrl Pts',(-101.758343212079,88.1167982662547,18.6002715876258));
#5361=CARTESIAN_POINT('Ctrl Pts',(-101.939374049698,81.7375538569796,18.5322356568904));
#5362=CARTESIAN_POINT('Ctrl Pts',(-102.120404887318,75.9779780830311,21.2746636074097));
#5363=CARTESIAN_POINT('Ctrl Pts',(-102.301435724938,72.0091889095503,26.2690081589525));
#5364=CARTESIAN_POINT('Ctrl Pts',(-102.482466562558,70.6389878292541,32.4993959775547));
#5365=CARTESIAN_POINT('Ctrl Pts',(-102.663497400178,72.1461025452356,38.6980582617601));
#5366=CARTESIAN_POINT('Ctrl Pts',(-102.844528237798,76.2237214709105,43.60386504892));
#5367=CARTESIAN_POINT('Ctrl Pts',(-103.025559075418,82.0427020185221,46.2186764918488));
#5368=CARTESIAN_POINT('Ctrl Pts',(-103.206589913038,88.4180425805628,46.0104341389694));
#5369=CARTESIAN_POINT('Ctrl Pts',(-103.387620750658,94.0548329553095,43.0216303357695));
#5370=CARTESIAN_POINT('Ctrl Pts',(-103.538479782008,97.1769509639465,38.7203095360676));
#5371=CARTESIAN_POINT('Ctrl Pts',(-103.659167007088,98.3543197732902,34.7181746173248));
#5372=CARTESIAN_POINT('Ctrl Pts',(-103.779854232168,98.6044315245417,30.5561425633498));
#5373=CARTESIAN_POINT('Ctrl Pts',(-103.950827801031,96.9370085156998,24.7642588853616));
#5374=CARTESIAN_POINT('Ctrl Pts',(-104.172087713678,91.1672597195319,19.2909921954255));
#5375=CARTESIAN_POINT('Ctrl Pts',(-104.413462163837,82.5822841849467,17.9819881502306));
#5376=CARTESIAN_POINT('Ctrl Pts',(-104.634722076484,75.4414513649417,21.4795085676006));
#5377=CARTESIAN_POINT('Ctrl Pts',(-104.835867451617,71.5337644437646,27.3983059291672));
#5378=CARTESIAN_POINT('Ctrl Pts',(-105.016898289237,70.7044868801752,33.7197097548896));
#5379=CARTESIAN_POINT('Ctrl Pts',(-105.197929126857,72.7429820693032,39.7669455492971));
#5380=CARTESIAN_POINT('Ctrl Pts',(-105.378959964477,77.228807127313,44.3009556649579));
#5381=CARTESIAN_POINT('Ctrl Pts',(-105.559990802097,83.2520823447437,46.4035996894092));
#5382=CARTESIAN_POINT('Ctrl Pts',(-105.741021639716,89.5859172957045,45.6447745757841));
#5383=CARTESIAN_POINT('Ctrl Pts',(-105.922052477337,94.9423323330792,42.1803214659475));
#5384=CARTESIAN_POINT('Ctrl Pts',(-106.103083314956,98.2311199086048,36.7137564155973));
#5385=CARTESIAN_POINT('Ctrl Pts',(-106.284114152576,98.7834180259178,30.3593007313904));
#5386=CARTESIAN_POINT('Ctrl Pts',(-106.465144990196,96.4865468543485,24.40617037158));
#5387=CARTESIAN_POINT('Ctrl Pts',(-106.646175827816,91.808337729922,20.0728565865751));
#5388=CARTESIAN_POINT('Ctrl Pts',(-106.847321202949,85.0208143969012,18.0211435683009));
#5389=CARTESIAN_POINT('Ctrl Pts',(-107.068581115596,77.2916875351846,19.8903852216625));
#5390=CARTESIAN_POINT('Ctrl Pts',(-107.309955565756,71.5286898479989,26.387740039687));
#5391=CARTESIAN_POINT('Ctrl Pts',(-107.531215478402,70.5859929539324,34.2826331826577));
#5392=CARTESIAN_POINT('Ctrl Pts',(-107.732360853536,73.432353715932,40.7789852028804));
#5393=CARTESIAN_POINT('Ctrl Pts',(-107.913391691156,78.2891638356159,44.9092175837971));
#5394=CARTESIAN_POINT('Ctrl Pts',(-108.094422528775,84.4736416210141,46.4829351956545));
#5395=CARTESIAN_POINT('Ctrl Pts',(-108.275453366395,90.7172122533477,45.17983410714));
#5396=CARTESIAN_POINT('Ctrl Pts',(-108.456484204015,95.7546160235299,41.2650979667123));
#5397=CARTESIAN_POINT('Ctrl Pts',(-108.637515041635,98.5584507599804,35.5351943768149));
#5398=CARTESIAN_POINT('Ctrl Pts',(-108.818545879255,98.559471734453,29.1559452236892));
#5399=CARTESIAN_POINT('Ctrl Pts',(-108.999576716875,95.7568686657427,23.425269145161));
#5400=CARTESIAN_POINT('Ctrl Pts',(-109.180607554495,90.7211569235413,19.5091353404712));
#5401=CARTESIAN_POINT('Ctrl Pts',(-109.361638392115,84.4767589580752,18.2043206884049));
#5402=CARTESIAN_POINT('Ctrl Pts',(-109.542669229735,78.2942346608601,19.7763041538607));
#5403=CARTESIAN_POINT('Ctrl Pts',(-109.723700067355,73.4314480410059,23.9052488663892));
#5404=CARTESIAN_POINT('Ctrl Pts',(-109.904730904975,70.8778013161077,29.7510779758173));
#5405=CARTESIAN_POINT('Ctrl Pts',(-110.085761742594,71.1528521087315,36.1243962495058));
#5406=CARTESIAN_POINT('Ctrl Pts',(-110.266792580214,74.2006426574344,41.7284853964659));
#5407=CARTESIAN_POINT('Ctrl Pts',(-110.447823417834,79.4010659953852,45.4231347793666));
#5408=CARTESIAN_POINT('Ctrl Pts',(-110.628854255454,85.6960425596962,46.4566293065852));
#5409=CARTESIAN_POINT('Ctrl Pts',(-110.809885093074,91.8047929554954,44.6186936900444));
#5410=CARTESIAN_POINT('Ctrl Pts',(-110.990915930694,96.4844281983163,40.2832751776038));
#5411=CARTESIAN_POINT('Ctrl Pts',(-111.171946768314,98.7828273780424,34.3324600596555));
#5412=CARTESIAN_POINT('Ctrl Pts',(-111.352977605934,98.2323571754634,27.9770039801568));
#5413=CARTESIAN_POINT('Ctrl Pts',(-111.534008443554,94.9450164876226,22.5099910266698));
#5414=CARTESIAN_POINT('Ctrl Pts',(-111.715039281174,89.5896492127801,19.0437422223895));
#5415=CARTESIAN_POINT('Ctrl Pts',(-111.896070118794,83.255860889495,18.2835021916195));
#5416=CARTESIAN_POINT('Ctrl Pts',(-112.077100956414,77.2323270757596,20.3839497059775));
#5417=CARTESIAN_POINT('Ctrl Pts',(-112.258131794034,72.7445987920884,24.9177267721187));
#5418=CARTESIAN_POINT('Ctrl Pts',(-112.439162631653,70.7057513531746,30.9623888797666));
#5419=CARTESIAN_POINT('Ctrl Pts',(-112.620193469273,71.5306096077651,37.2880864237965));
#5420=CARTESIAN_POINT('Ctrl Pts',(-112.801224306893,75.0513475283986,42.6077896139317));
#5421=CARTESIAN_POINT('Ctrl Pts',(-112.982255144513,80.5516340778387,45.8391499296764));
#5422=CARTESIAN_POINT('Ctrl Pts',(-113.163285982133,86.9123784529759,46.3247116657615));
#5423=CARTESIAN_POINT('Ctrl Pts',(-113.344316819753,92.8394204328455,43.9656854847853));
#5424=CARTESIAN_POINT('Ctrl Pts',(-113.525347657373,97.1268416257787,39.2420332925895));
#5425=CARTESIAN_POINT('Ctrl Pts',(-113.706378494993,98.9023205679808,33.1148451479822));
#5426=CARTESIAN_POINT('Ctrl Pts',(-113.887409332613,97.8046189620857,26.8307340700643));
#5427=CARTESIAN_POINT('Ctrl Pts',(-114.068440170233,94.0570726772523,21.6683242868637));
#5428=CARTESIAN_POINT('Ctrl Pts',(-114.249471007852,88.4221653754359,18.6778482294964));
#5429=CARTESIAN_POINT('Ctrl Pts',(-114.430501845472,82.0463654857781,18.467981074367));
#5430=CARTESIAN_POINT('Ctrl Pts',(-114.611532683092,76.2269215871861,21.0809519009264));
#5431=CARTESIAN_POINT('Ctrl Pts',(-114.792563520712,72.1478089819837,25.9860810048181));
#5432=CARTESIAN_POINT('Ctrl Pts',(-114.973594358332,70.6390704897474,32.1834240766103));
#5433=CARTESIAN_POINT('Ctrl Pts',(-115.154625195952,72.0074623356417,38.416019375684));
#5434=CARTESIAN_POINT('Ctrl Pts',(-115.335656033572,75.9749981751297,43.4077412929509));
#5435=CARTESIAN_POINT('Ctrl Pts',(-115.536801408705,82.373495780652,46.4650613010797));
#5436=CARTESIAN_POINT('Ctrl Pts',(-115.758061321352,90.2959799532024,45.7859965974281));
#5437=CARTESIAN_POINT('Ctrl Pts',(-115.999435771512,96.9787388786862,40.2396379402864));
#5438=CARTESIAN_POINT('Ctrl Pts',(-116.220695684158,99.1047539151935,32.577244743602));
#5439=CARTESIAN_POINT('Ctrl Pts',(-116.421841059291,97.2767126996343,25.725867508566));
#5440=CARTESIAN_POINT('Ctrl Pts',(-116.602871896911,93.1005983982415,20.9055829792035));
#5441=CARTESIAN_POINT('Ctrl Pts',(-116.783902734531,87.2278848055443,18.4165218488781));
#5442=CARTESIAN_POINT('Ctrl Pts',(-116.985048109665,80.1472056414494,18.7887500979899));
#5443=CARTESIAN_POINT('Ctrl Pts',(-117.206308022311,73.5116701104954,23.1708952938839));
#5444=CARTESIAN_POINT('Ctrl Pts',(-117.447682472471,70.2929933229589,31.2360765819863));
#5445=CARTESIAN_POINT('Ctrl Pts',(-117.689056922631,72.2473619060974,39.6902913665647));
#5446=CARTESIAN_POINT('Ctrl Pts',(-117.930431372791,78.6715073434524,45.526417516765));
#5447=CARTESIAN_POINT('Ctrl Pts',(-118.171805822951,87.2791828328701,46.656881223329));
#5448=CARTESIAN_POINT('Ctrl Pts',(-118.359541506408,93.2751509936171,43.5619232448037));
#5449=CARTESIAN_POINT('Ctrl Pts',(-118.493638423164,96.215269082828,39.9869027502312));
#5450=CARTESIAN_POINT('Ctrl Pts',(-118.600915956568,97.9562481427949,36.7187462982922));
#5451=CARTESIAN_POINT('Ctrl Pts',(-118.735012873324,98.8165411814983,32.1004260771619));
#5452=CARTESIAN_POINT('Ctrl Pts',(-118.922748556781,97.3912711342139,25.6741364566367));
#5453=CARTESIAN_POINT('Ctrl Pts',(-119.13730362359,92.2828109074178,19.8989132848156));
#5454=CARTESIAN_POINT('Ctrl Pts',(-119.37867807375,83.8443503711507,17.8447814449907));
#5455=CARTESIAN_POINT('Ctrl Pts',(-119.62005252391,75.7505198092725,20.9643592426568));
#5456=CARTESIAN_POINT('Ctrl Pts',(-119.871484242826,70.6630546015135,28.4432823732828));
#5457=CARTESIAN_POINT('Ctrl Pts',(-120.1329732305,71.1145985671477,37.9476920799883));
#5458=CARTESIAN_POINT('Ctrl Pts',(-120.40451948693,77.7132275086452,45.3122176586502));
#5459=CARTESIAN_POINT('Ctrl Pts',(-120.676065743359,87.4740838066786,46.8648889723478));
#5460=CARTESIAN_POINT('Ctrl Pts',(-120.947611999789,96.0303239731478,41.9137490778155));
#5461=CARTESIAN_POINT('Ctrl Pts',(-121.219158256219,99.5461738748815,32.6749318871137));
#5462=CARTESIAN_POINT('Ctrl Pts',(-121.490704512649,96.4481090998792,23.28802727108));
#5463=CARTESIAN_POINT('Ctrl Pts',(-121.762250769079,88.1232178268564,17.9575823768531));
#5464=CARTESIAN_POINT('Ctrl Pts',(-122.033797025509,78.3011412735259,19.0716899018101));
#5465=CARTESIAN_POINT('Ctrl Pts',(-122.305343281939,71.381643238369,26.1311481176941));
#5466=CARTESIAN_POINT('Ctrl Pts',(-122.576889538369,70.4645185161773,35.9736221547443));
#5467=CARTESIAN_POINT('Ctrl Pts',(-122.848435794798,75.9605585983757,44.1899897503305));
#5468=CARTESIAN_POINT('Ctrl Pts',(-123.119982051228,85.4077505163052,47.0996151427445));
#5469=CARTESIAN_POINT('Ctrl Pts',(-123.391528307658,94.5740631231352,43.3990778076041));
#5470=CARTESIAN_POINT('Ctrl Pts',(-123.663074564088,99.3533084707297,34.7460958481991));
#5471=CARTESIAN_POINT('Ctrl Pts',(-123.934620820518,97.6045451853653,25.0169068657528));
#5472=CARTESIAN_POINT('Ctrl Pts',(-124.206167076948,90.1111606389095,18.5698556133706));
#5473=CARTESIAN_POINT('Ctrl Pts',(-124.477713333378,80.2299344686636,18.2929996088771));
#5474=CARTESIAN_POINT('Ctrl Pts',(-124.749259589807,72.3873167469303,24.3103615567549));
#5475=CARTESIAN_POINT('Ctrl Pts',(-125.020805846237,70.0965343084633,33.9263683232213));
#5476=CARTESIAN_POINT('Ctrl Pts',(-125.292352102667,74.3837738846189,42.8333797787269));
#5477=CARTESIAN_POINT('Ctrl Pts',(-125.563898359097,83.3285096731379,47.0413564185415));
#5478=CARTESIAN_POINT('Ctrl Pts',(-125.835444615527,92.9237849543801,44.6652751816041));
#5479=CARTESIAN_POINT('Ctrl Pts',(-126.106990871957,98.8712868700282,36.7695264924749));
#5480=CARTESIAN_POINT('Ctrl Pts',(-126.378537128387,98.5066553921735,26.8911603429992));
#5481=CARTESIAN_POINT('Ctrl Pts',(-126.650083384817,91.9933960489377,19.4552975972683));
#5482=CARTESIAN_POINT('Ctrl Pts',(-126.921629641246,82.2489046468574,17.7930467773576));
#5483=CARTESIAN_POINT('Ctrl Pts',(-127.193175897676,73.639013111964,22.6488490718603));
#5484=CARTESIAN_POINT('Ctrl Pts',(-127.464722154106,70.0194098919653,31.8478462139649));
#5485=CARTESIAN_POINT('Ctrl Pts',(-127.736268410536,73.0140150339775,41.2684636203299));
#5486=CARTESIAN_POINT('Ctrl Pts',(-128.007814666966,81.2764729773778,46.6920425516849));
#5487=CARTESIAN_POINT('Ctrl Pts',(-128.279360923396,91.1153670388778,45.6861410432921));
#5488=CARTESIAN_POINT('Ctrl Pts',(-128.460391761016,95.7719655524939,41.0332841432181));
#5489=CARTESIAN_POINT('Ctrl Pts',(-128.550907179826,97.1106724644274,38.2283491781722));
#5490=CARTESIAN_POINT('Ctrl Pts',(-67.9999995529652,74.03746349576,40.0040285676989));
#5491=CARTESIAN_POINT('Ctrl Pts',(-68.0905149717751,75.7801198182308,42.4480192910815));
#5492=CARTESIAN_POINT('Ctrl Pts',(-68.2715458093951,80.9878554738127,46.0945637226453));
#5493=CARTESIAN_POINT('Ctrl Pts',(-68.5430920658248,90.5146541976891,45.405133945818));
#5494=CARTESIAN_POINT('Ctrl Pts',(-68.8146383222549,97.4662259957605,38.8639184867099));
#5495=CARTESIAN_POINT('Ctrl Pts',(-69.0861845786846,98.7383830572858,29.4022289955012));
#5496=CARTESIAN_POINT('Ctrl Pts',(-69.3577308351145,93.7563621183597,21.258009826514));
#5497=CARTESIAN_POINT('Ctrl Pts',(-69.6292770915444,84.7544031365745,18.0798831804976));
#5498=CARTESIAN_POINT('Ctrl Pts',(-69.9008233479743,75.7638255681721,21.2913932202364));
#5499=CARTESIAN_POINT('Ctrl Pts',(-70.1723696044042,70.8127346610607,29.4539684004497));
#5500=CARTESIAN_POINT('Ctrl Pts',(-70.443915860834,72.1187277781937,38.9110163970256));
#5501=CARTESIAN_POINT('Ctrl Pts',(-70.7154621172639,79.0969280520123,45.4261227745373));
#5502=CARTESIAN_POINT('Ctrl Pts',(-70.9870083736938,88.6212577593154,46.0807330912704));
#5503=CARTESIAN_POINT('Ctrl Pts',(-71.2585546301236,96.4251852816029,40.5816093317297));
#5504=CARTESIAN_POINT('Ctrl Pts',(-71.5301008865536,99.0127969366826,31.3921681217725));
#5505=CARTESIAN_POINT('Ctrl Pts',(-71.8016471429833,95.2249420278565,22.6289659078247));
#5506=CARTESIAN_POINT('Ctrl Pts',(-72.0731933994132,86.7584445661998,18.2176164765489));
#5507=CARTESIAN_POINT('Ctrl Pts',(-72.3447396558432,77.4060080188458,20.1342540157662));
#5508=CARTESIAN_POINT('Ctrl Pts',(-72.6162859122729,71.3572030787723,27.5202897105537));
#5509=CARTESIAN_POINT('Ctrl Pts',(-72.8878321687029,71.3216866372191,37.0670337646663));
#5510=CARTESIAN_POINT('Ctrl Pts',(-73.1593784251327,77.3153711841459,44.4978691188602));
#5511=CARTESIAN_POINT('Ctrl Pts',(-73.4309246815627,86.6532860790955,46.4840408462943));
#5512=CARTESIAN_POINT('Ctrl Pts',(-73.7024709379924,95.1523755206905,42.1358023169735));
#5513=CARTESIAN_POINT('Ctrl Pts',(-73.9740171944224,99.0053177411152,33.401034614198));
#5514=CARTESIAN_POINT('Ctrl Pts',(-74.2455634508522,96.4861672759574,24.192577073917));
#5515=CARTESIAN_POINT('Ctrl Pts',(-74.5171097072821,88.7233369566128,18.6355774868637));
#5516=CARTESIAN_POINT('Ctrl Pts',(-74.7886559637119,79.1944673485239,19.2192355332605));
#5517=CARTESIAN_POINT('Ctrl Pts',(-75.0602022201418,72.1678538442495,25.6823798890259));
#5518=CARTESIAN_POINT('Ctrl Pts',(-75.3317484765717,70.7917935398508,35.1291766116733));
#5519=CARTESIAN_POINT('Ctrl Pts',(-75.6032947330016,75.6815028560229,43.3289005449735));
#5520=CARTESIAN_POINT('Ctrl Pts',(-75.8748409894314,84.6489472147983,46.606155635696));
#5521=CARTESIAN_POINT('Ctrl Pts',(-76.1463872458613,93.672306820313,43.4971866077116));
#5522=CARTESIAN_POINT('Ctrl Pts',(-76.4179335022912,98.718784743961,35.3860687779538));
#5523=CARTESIAN_POINT('Ctrl Pts',(-76.6593079524511,97.6428832840106,26.9755569099004));
#5524=CARTESIAN_POINT('Ctrl Pts',(-76.8705105963409,93.026121098438,21.4594490170971));
#5525=CARTESIAN_POINT('Ctrl Pts',(-77.0515414339608,87.4095600689965,18.9392112653814));
#5526=CARTESIAN_POINT('Ctrl Pts',(-77.2325722715808,81.2490341441803,19.1496606259051));
#5527=CARTESIAN_POINT('Ctrl Pts',(-77.4136031092006,75.8115546698165,22.0428845774553));
#5528=CARTESIAN_POINT('Ctrl Pts',(-77.5946339468206,72.1967464134757,27.0327393220064));
#5529=CARTESIAN_POINT('Ctrl Pts',(-77.7756647844405,71.1433702567693,33.1027499079568));
#5530=CARTESIAN_POINT('Ctrl Pts',(-77.9566956220604,72.8641278790508,39.0185175324096));
#5531=CARTESIAN_POINT('Ctrl Pts',(-78.1377264596804,77.0097095338604,43.5761181272356));
#5532=CARTESIAN_POINT('Ctrl Pts',(-78.3187572973003,82.7362612996937,45.848407102743));
#5533=CARTESIAN_POINT('Ctrl Pts',(-78.4997881349202,88.8788493299967,45.3729916231496));
#5534=CARTESIAN_POINT('Ctrl Pts',(-78.6808189725401,94.1876042624008,42.246634373234));
#5535=CARTESIAN_POINT('Ctrl Pts',(-78.86184981016,97.5824523804361,37.1054104041724));
#5536=CARTESIAN_POINT('Ctrl Pts',(-79.0428806477799,98.3726504623101,30.9953591741643));
#5537=CARTESIAN_POINT('Ctrl Pts',(-79.2239114853998,96.3974415752222,25.1596405351942));
#5538=CARTESIAN_POINT('Ctrl Pts',(-79.4049423230197,92.0586852001482,20.7855739091115));
#5539=CARTESIAN_POINT('Ctrl Pts',(-79.5859731606397,86.2391736626423,18.7631500544469));
#5540=CARTESIAN_POINT('Ctrl Pts',(-79.7670039982596,80.1228970258263,19.5037671458203));
#5541=CARTESIAN_POINT('Ctrl Pts',(-79.9480348358795,74.9543763795461,22.856912712933));
#5542=CARTESIAN_POINT('Ctrl Pts',(-80.1290656734994,71.7849979640336,28.1400004501213));
#5543=CARTESIAN_POINT('Ctrl Pts',(-80.3100965111193,71.2600179608334,34.2788500557116));
#5544=CARTESIAN_POINT('Ctrl Pts',(-80.4911273487392,73.4854098515454,40.0229862538717));
#5545=CARTESIAN_POINT('Ctrl Pts',(-80.6721581863591,78.0101004375221,44.2066763443715));
#5546=CARTESIAN_POINT('Ctrl Pts',(-80.8531890239791,83.9100198683405,45.9726621935473));
#5547=CARTESIAN_POINT('Ctrl Pts',(-81.0543343991123,90.6676782409119,44.8629361053136));
#5548=CARTESIAN_POINT('Ctrl Pts',(-81.2755943117589,96.5730827615012,39.9531923200836));
#5549=CARTESIAN_POINT('Ctrl Pts',(-81.5169687619188,98.8043996322462,31.8677167212933));
#5550=CARTESIAN_POINT('Ctrl Pts',(-81.7382286745653,96.2619453389435,24.6219848960012));
#5551=CARTESIAN_POINT('Ctrl Pts',(-81.9393740496985,91.0296965412146,20.2011165952668));
#5552=CARTESIAN_POINT('Ctrl Pts',(-82.1204048873185,85.0613334966715,18.6873203435122));
#5553=CARTESIAN_POINT('Ctrl Pts',(-82.3014357249383,79.0299734970108,19.9545740197134));
#5554=CARTESIAN_POINT('Ctrl Pts',(-82.4824665625584,74.171429023107,23.7418076366955));
#5555=CARTESIAN_POINT('Ctrl Pts',(-82.6634974001781,71.4704071127332,29.278443350105));
#5556=CARTESIAN_POINT('Ctrl Pts',(-82.8445282377982,71.4774166078084,35.441299794139));
#5557=CARTESIAN_POINT('Ctrl Pts',(-83.025559075418,74.1924224323448,40.9681640943178));
#5558=CARTESIAN_POINT('Ctrl Pts',(-83.2267044505513,79.5993581475513,45.1725965676329));
#5559=CARTESIAN_POINT('Ctrl Pts',(-83.4479643631978,87.2144415372038,46.1641817417664));
#5560=CARTESIAN_POINT('Ctrl Pts',(-83.6893388133577,94.6623232685947,42.3070191674915));
#5561=CARTESIAN_POINT('Ctrl Pts',(-83.9105987260044,98.2470564883134,35.5155803361828));
#5562=CARTESIAN_POINT('Ctrl Pts',(-84.1117441011374,97.9351075323796,28.6740187353851));
#5563=CARTESIAN_POINT('Ctrl Pts',(-84.2927749387575,94.9878548299963,23.2668575411106));
#5564=CARTESIAN_POINT('Ctrl Pts',(-84.4738057763772,89.9589860774299,19.7047235841741));
#5565=CARTESIAN_POINT('Ctrl Pts',(-84.6548366139973,83.8789481599712,18.7149690256997));
#5566=CARTESIAN_POINT('Ctrl Pts',(-84.8358674516171,77.9812099150808,20.4976981928845));
#5567=CARTESIAN_POINT('Ctrl Pts',(-85.0168982892371,73.467493971942,24.6908134155729));
#5568=CARTESIAN_POINT('Ctrl Pts',(-85.197929126857,71.2552829953568,30.4408944433953));
#5569=CARTESIAN_POINT('Ctrl Pts',(-85.3789599644768,71.7951304113548,36.5781345730487));
#5570=CARTESIAN_POINT('Ctrl Pts',(-85.5599908020969,74.9769276254867,41.8538637190492));
#5571=CARTESIAN_POINT('Ctrl Pts',(-85.7410216397167,80.1535328835406,45.1945324713895));
#5572=CARTESIAN_POINT('Ctrl Pts',(-85.9220524773366,86.2714064907521,45.9208024272094));
#5573=CARTESIAN_POINT('Ctrl Pts',(-86.1030833149565,92.0863452035769,43.8841555803701));
#5574=CARTESIAN_POINT('Ctrl Pts',(-86.2841141525765,96.4141751470178,39.5005089038845));
#5575=CARTESIAN_POINT('Ctrl Pts',(-86.4651449901964,98.3764971293851,33.6586241330812));
#5576=CARTESIAN_POINT('Ctrl Pts',(-86.6461758278163,97.5697106782544,27.5534799914654));
#5577=CARTESIAN_POINT('Ctrl Pts',(-86.8473212029496,93.788633810553,21.8431637096724));
#5578=CARTESIAN_POINT('Ctrl Pts',(-87.0685811155961,86.8894594026383,18.47041141711));
#5579=CARTESIAN_POINT('Ctrl Pts',(-87.309955565756,78.5995077613964,19.7451868608046));
#5580=CARTESIAN_POINT('Ctrl Pts',(-87.5312154784025,73.0327568832366,25.0352196802903));
#5581=CARTESIAN_POINT('Ctrl Pts',(-87.7323608535358,71.1437368585136,31.6187922343418));
#5582=CARTESIAN_POINT('Ctrl Pts',(-87.9133916911557,72.2085611795015,37.6837449080933));
#5583=CARTESIAN_POINT('Ctrl Pts',(-88.0944225287757,75.8361374056453,42.6660114196767));
#5584=CARTESIAN_POINT('Ctrl Pts',(-88.2754533663955,81.2812194195211,45.5462151228488));
#5585=CARTESIAN_POINT('Ctrl Pts',(-88.4564842040155,87.4394831780144,45.7411436092684));
#5586=CARTESIAN_POINT('Ctrl Pts',(-88.6375150416353,93.0562261934018,43.2097617685359));
#5587=CARTESIAN_POINT('Ctrl Pts',(-88.8185458792553,96.9895188615824,38.4677816365619));
#5588=CARTESIAN_POINT('Ctrl Pts',(-88.9995767168752,98.4386708542083,32.479677187874));
#5589=CARTESIAN_POINT('Ctrl Pts',(-89.1806075544952,97.1090437002874,26.4639520883149));
#5590=CARTESIAN_POINT('Ctrl Pts',(-89.361638392115,93.2710629329916,21.6444933695244));
#5591=CARTESIAN_POINT('Ctrl Pts',(-89.542669229735,87.7056543245212,19.0018991802));
#5592=CARTESIAN_POINT('Ctrl Pts',(-89.7237000673549,81.5451373724683,19.0738354722684));
#5593=CARTESIAN_POINT('Ctrl Pts',(-89.9047309049747,76.0429387712275,21.8456309468675));
#5594=CARTESIAN_POINT('Ctrl Pts',(-90.0857617425947,72.3185469318021,26.7534209307224));
#5595=CARTESIAN_POINT('Ctrl Pts',(-90.2667925802145,71.1297019100945,32.7984818056143));
#5596=CARTESIAN_POINT('Ctrl Pts',(-90.4478234178346,72.7183449944242,38.7512568748193));
#5597=CARTESIAN_POINT('Ctrl Pts',(-90.6288542554544,76.7611292700058,43.3998309361283));
#5598=CARTESIAN_POINT('Ctrl Pts',(-90.8098850930744,82.4357581370575,45.7999573264618));
#5599=CARTESIAN_POINT('Ctrl Pts',(-90.9909159306942,88.5871641825626,45.4608446690797));
#5600=CARTESIAN_POINT('Ctrl Pts',(-91.1719467683142,93.9645123988446,42.4539317136583));
#5601=CARTESIAN_POINT('Ctrl Pts',(-91.3529776059341,97.4730767496387,37.38965135278));
#5602=CARTESIAN_POINT('Ctrl Pts',(-91.534008443554,98.3993460108975,31.2987498629114));
#5603=CARTESIAN_POINT('Ctrl Pts',(-91.715039281174,96.5547246060554,25.4204325595855));
#5604=CARTESIAN_POINT('Ctrl Pts',(-91.8960701187938,92.3145864626304,20.9507265526313));
#5605=CARTESIAN_POINT('Ctrl Pts',(-92.0771009564137,86.5415995253075,18.7990299833734));
#5606=CARTESIAN_POINT('Ctrl Pts',(-92.2581317940336,80.4103544460113,19.4031331180153));
#5607=CARTESIAN_POINT('Ctrl Pts',(-92.4391626316535,75.1683093571467,22.6401223561008));
#5608=CARTESIAN_POINT('Ctrl Pts',(-92.6201934692734,71.882017094841,27.8513995697974));
#5609=CARTESIAN_POINT('Ctrl Pts',(-92.8012243068934,71.220106323109,33.976675241335));
#5610=CARTESIAN_POINT('Ctrl Pts',(-92.9822551445133,73.3172506568805,39.7696981964652));
#5611=CARTESIAN_POINT('Ctrl Pts',(-93.1632859821332,77.7467636617767,44.0518171121842));
#5612=CARTESIAN_POINT('Ctrl Pts',(-93.3443168197532,83.607414763654,45.9517901304747));
#5613=CARTESIAN_POINT('Ctrl Pts',(-93.525347657373,89.7067930201204,45.0830478111686));
#5614=CARTESIAN_POINT('Ctrl Pts',(-93.706378494993,94.8039161137439,41.6223448934382));
#5615=CARTESIAN_POINT('Ctrl Pts',(-93.8874093326127,97.8617209571831,36.2737976118837));
#5616=CARTESIAN_POINT('Ctrl Pts',(-94.068440170233,98.2580651444383,30.125623920528));
#5617=CARTESIAN_POINT('Ctrl Pts',(-94.2494710078525,95.9123083076775,24.42873412491));
#5618=CARTESIAN_POINT('Ctrl Pts',(-94.4305018454727,91.3017192125412,20.3422201158744));
#5619=CARTESIAN_POINT('Ctrl Pts',(-94.6115326830925,85.3643705408773,18.6975259346706));
#5620=CARTESIAN_POINT('Ctrl Pts',(-94.7925635207125,79.3082779344986,19.8292818781618));
#5621=CARTESIAN_POINT('Ctrl Pts',(-94.9735943583323,74.36561707703,23.5072202589894));
#5622=CARTESIAN_POINT('Ctrl Pts',(-95.1546251959522,71.5420236014177,28.9830261867917));
#5623=CARTESIAN_POINT('Ctrl Pts',(-95.3356560335722,71.4119881236291,35.1425892371148));
#5624=CARTESIAN_POINT('Ctrl Pts',(-95.5166868711921,74.0019657747181,40.7326825712415));
#5625=CARTESIAN_POINT('Ctrl Pts',(-95.697717708812,78.7850024435134,44.6159416266026));
#5626=CARTESIAN_POINT('Ctrl Pts',(-95.8787485464319,84.7879311872893,46.002279822161));
#5627=CARTESIAN_POINT('Ctrl Pts',(-96.0597793840519,90.7894096636991,44.6096257656246));
#5628=CARTESIAN_POINT('Ctrl Pts',(-96.2408102216717,95.5683409718799,40.7213424561773));
#5629=CARTESIAN_POINT('Ctrl Pts',(-96.4218410592916,98.152469117268,35.128515523797));
#5630=CARTESIAN_POINT('Ctrl Pts',(-96.6028718969116,98.0158887229066,28.9691176735108));
#5631=CARTESIAN_POINT('Ctrl Pts',(-96.7839027345315,95.1866678910507,23.4962341311529));
#5632=CARTESIAN_POINT('Ctrl Pts',(-96.9649335721514,90.2398733053746,19.8236014340432));
#5633=CARTESIAN_POINT('Ctrl Pts',(-97.1459644097713,84.183136533913,18.6980057755428));
#5634=CARTESIAN_POINT('Ctrl Pts',(-97.3269952473913,78.2464172734342,20.3493749006986));
#5635=CARTESIAN_POINT('Ctrl Pts',(-97.5080260850111,73.6423738733351,24.4398629982627));
#5636=CARTESIAN_POINT('Ctrl Pts',(-97.6890569226311,71.2979605795419,30.141011111926));
#5637=CARTESIAN_POINT('Ctrl Pts',(-97.8298586852243,71.6179388684007,34.9197492207634));
#5638=CARTESIAN_POINT('Ctrl Pts',(-97.990774985331,73.541660604162,39.9143093710723));
#5639=CARTESIAN_POINT('Ctrl Pts',(-98.1718058229509,77.8116284252381,44.5250330353415));
#5640=CARTESIAN_POINT('Ctrl Pts',(-98.3930657355974,85.3186202572663,46.1682972262956));
#5641=CARTESIAN_POINT('Ctrl Pts',(-98.5942111107306,91.8264639872541,44.0418888792083));
#5642=CARTESIAN_POINT('Ctrl Pts',(-98.7752419483506,96.252343811097,39.7588768501394));
#5643=CARTESIAN_POINT('Ctrl Pts',(-98.9562727859705,98.3429636293092,33.9617910157956));
#5644=CARTESIAN_POINT('Ctrl Pts',(-99.1373036235904,97.6748086365555,27.8381490875322));
#5645=CARTESIAN_POINT('Ctrl Pts',(-99.3183344612103,94.3829627514245,22.6298337159448));
#5646=CARTESIAN_POINT('Ctrl Pts',(-99.4993652988302,89.1375006748669,19.3986847703525));
#5647=CARTESIAN_POINT('Ctrl Pts',(-99.6803961364501,83.0057334030249,18.8007126787005));
#5648=CARTESIAN_POINT('Ctrl Pts',(-99.86142697407,77.23475027506,20.9589637368753));
#5649=CARTESIAN_POINT('Ctrl Pts',(-100.04245781169,72.9998705899353,25.4322292141493));
#5650=CARTESIAN_POINT('Ctrl Pts',(-100.22348864931,71.1602990698327,31.3142700659697));
#5651=CARTESIAN_POINT('Ctrl Pts',(-100.40451948693,72.0952808494828,37.4005853773513));
#5652=CARTESIAN_POINT('Ctrl Pts',(-100.605664862063,75.9945206739296,43.0315525800875));
#5653=CARTESIAN_POINT('Ctrl Pts',(-100.826924774709,82.9629764041489,46.2585901670702));
#5654=CARTESIAN_POINT('Ctrl Pts',(-101.06829922487,91.2242296563546,44.8094360840492));
#5655=CARTESIAN_POINT('Ctrl Pts',(-101.289559137516,96.6786556212097,39.4035777697842));
#5656=CARTESIAN_POINT('Ctrl Pts',(-101.490704512649,98.430315803698,32.7827061660963));
#5657=CARTESIAN_POINT('Ctrl Pts',(-101.671735350269,97.2380232015855,26.7410070506792));
#5658=CARTESIAN_POINT('Ctrl Pts',(-101.852766187889,93.5070396919356,21.8361033557508));
#5659=CARTESIAN_POINT('Ctrl Pts',(-102.033797025509,88.0026297512465,19.0706072874665));
#5660=CARTESIAN_POINT('Ctrl Pts',(-102.214827863129,81.8417001394699,19.0048997281633));
#5661=CARTESIAN_POINT('Ctrl Pts',(-102.395858700749,76.2792324457415,21.6534744628061));
#5662=CARTESIAN_POINT('Ctrl Pts',(-102.576889538369,72.4462658476529,26.4768991922736));
#5663=CARTESIAN_POINT('Ctrl Pts',(-102.757920375989,71.1229567113213,32.4940664838526));
#5664=CARTESIAN_POINT('Ctrl Pts',(-102.938951213608,72.57849393271,38.4805939736346));
#5665=CARTESIAN_POINT('Ctrl Pts',(-103.119982051229,76.5165658379351,43.2185109377069));
#5666=CARTESIAN_POINT('Ctrl Pts',(-103.301012888848,82.1364053151635,45.7438365428098));
#5667=CARTESIAN_POINT('Ctrl Pts',(-103.482043726468,88.2935646797942,45.5427207999461));
#5668=CARTESIAN_POINT('Ctrl Pts',(-103.663074564088,93.7374490189271,42.6562018529448));
#5669=CARTESIAN_POINT('Ctrl Pts',(-103.813933595438,96.7527198028628,38.5020837498503));
#5670=CARTESIAN_POINT('Ctrl Pts',(-103.934620820518,97.8897959040576,34.6369125870465));
#5671=CARTESIAN_POINT('Ctrl Pts',(-104.055308045598,98.1313481625505,30.6173163964356));
#5672=CARTESIAN_POINT('Ctrl Pts',(-104.226281614461,96.5209888266402,25.0236464615135));
#5673=CARTESIAN_POINT('Ctrl Pts',(-104.447541527108,90.9486962587081,19.7376895895444));
#5674=CARTESIAN_POINT('Ctrl Pts',(-104.688915977268,82.6575215373729,18.4734831621734));
#5675=CARTESIAN_POINT('Ctrl Pts',(-104.910175889914,75.7610671062569,21.8513090808416));
#5676=CARTESIAN_POINT('Ctrl Pts',(-105.111321265047,71.987111678052,27.5675493738082));
#5677=CARTESIAN_POINT('Ctrl Pts',(-105.292352102668,71.1862142096195,33.6726178614281));
#5678=CARTESIAN_POINT('Ctrl Pts',(-105.473382940287,73.1549466438091,39.5129010807057));
#5679=CARTESIAN_POINT('Ctrl Pts',(-105.654413777907,77.4872547762518,43.8917452493121));
#5680=CARTESIAN_POINT('Ctrl Pts',(-105.835444615527,83.3043974135513,45.9224311741893));
#5681=CARTESIAN_POINT('Ctrl Pts',(-106.016475453147,89.4214716000714,45.189575084541));
#5682=CARTESIAN_POINT('Ctrl Pts',(-106.197506290767,94.5945757954125,41.8436848217427));
#5683=CARTESIAN_POINT('Ctrl Pts',(-106.378537128387,97.7708122680955,36.5642002413373));
#5684=CARTESIAN_POINT('Ctrl Pts',(-106.559567966007,98.3042092673599,30.4272110181886));
#5685=CARTESIAN_POINT('Ctrl Pts',(-106.740598803627,96.0859431675719,24.6778126939615));
#5686=CARTESIAN_POINT('Ctrl Pts',(-106.921629641247,91.567834865771,20.4927964910488));
#5687=CARTESIAN_POINT('Ctrl Pts',(-107.12277501638,85.0125987264828,18.511298577162));
#5688=CARTESIAN_POINT('Ctrl Pts',(-107.344034929027,77.5479832484661,20.3165697840494));
#5689=CARTESIAN_POINT('Ctrl Pts',(-107.585409379186,71.9822107485193,26.5915677506401));
#5690=CARTESIAN_POINT('Ctrl Pts',(-107.806669291833,71.0717754623059,34.216276544619));
#5691=CARTESIAN_POINT('Ctrl Pts',(-108.007814666966,73.8207261497737,40.4903060318294));
#5692=CARTESIAN_POINT('Ctrl Pts',(-108.188845504586,78.5113232433152,44.4791908192049));
#5693=CARTESIAN_POINT('Ctrl Pts',(-108.369876342206,84.4841516657591,45.9990516073211));
#5694=CARTESIAN_POINT('Ctrl Pts',(-108.550907179826,90.5140506199414,44.7405461216723));
#5695=CARTESIAN_POINT('Ctrl Pts',(-108.731938017446,95.3790609664752,40.959782717344));
#5696=CARTESIAN_POINT('Ctrl Pts',(-108.912968855066,98.0869409826742,35.4259717462049));
#5697=CARTESIAN_POINT('Ctrl Pts',(-109.093999692686,98.087927016671,29.2650375529251));
#5698=CARTESIAN_POINT('Ctrl Pts',(-109.275030530306,95.3812365172493,23.7304805297814));
#5699=CARTESIAN_POINT('Ctrl Pts',(-109.456061367925,90.5178602929756,19.9483672929985));
#5700=CARTESIAN_POINT('Ctrl Pts',(-109.637092205545,84.4871623192121,18.6882068865236));
#5701=CARTESIAN_POINT('Ctrl Pts',(-109.818123043165,78.5162205313636,20.2063928753639));
#5702=CARTESIAN_POINT('Ctrl Pts',(-109.999153880785,73.8198514694646,24.1940340618059));
#5703=CARTESIAN_POINT('Ctrl Pts',(-110.180184718405,71.3535973622282,29.8398032712903));
#5704=CARTESIAN_POINT('Ctrl Pts',(-110.361215556025,71.6192351814272,35.9950095556827));
#5705=CARTESIAN_POINT('Ctrl Pts',(-110.542246393645,74.5627221898095,41.4073117904648));
#5706=CARTESIAN_POINT('Ctrl Pts',(-110.723277231265,79.5851731386979,44.9755203944728));
#5707=CARTESIAN_POINT('Ctrl Pts',(-110.904308068885,85.6647187764407,45.9736459761));
#5708=CARTESIAN_POINT('Ctrl Pts',(-111.085338906505,91.5644114030017,44.1986094297621));
#5709=CARTESIAN_POINT('Ctrl Pts',(-111.266369744125,96.0838970176131,40.0115605288132));
#5710=CARTESIAN_POINT('Ctrl Pts',(-111.447400581744,98.3036388330337,34.2643982126822));
#5711=CARTESIAN_POINT('Ctrl Pts',(-111.628431419365,97.7720071923746,28.1264428304431));
#5712=CARTESIAN_POINT('Ctrl Pts',(-111.809462256984,94.5971680910116,22.8465256753436));
#5713=CARTESIAN_POINT('Ctrl Pts',(-111.990493094604,89.4250758009681,19.4989011715661));
#5714=CARTESIAN_POINT('Ctrl Pts',(-112.171523932224,83.3080466463998,18.76467858702));
#5715=CARTESIAN_POINT('Ctrl Pts',(-112.352554769844,77.4906542626526,20.7932431722514));
#5716=CARTESIAN_POINT('Ctrl Pts',(-112.533585607464,73.1565080380186,25.1718622669157));
#5717=CARTESIAN_POINT('Ctrl Pts',(-112.714616445084,71.1874354089725,31.0096598778751));
#5718=CARTESIAN_POINT('Ctrl Pts',(-112.895647282704,71.9840648089742,37.1188751412835));
#5719=CARTESIAN_POINT('Ctrl Pts',(-113.076678120324,75.3843136658762,42.2565238669403));
#5720=CARTESIAN_POINT('Ctrl Pts',(-113.257708957944,80.6963657055239,45.377298394194));
#5721=CARTESIAN_POINT('Ctrl Pts',(-113.438739795564,86.8394284037876,45.8462429096044));
#5722=CARTESIAN_POINT('Ctrl Pts',(-113.619770633183,92.5636311621782,43.5679489109921));
#5723=CARTESIAN_POINT('Ctrl Pts',(-113.800801470804,96.7043253402059,39.0059527246853));
#5724=CARTESIAN_POINT('Ctrl Pts',(-113.981832308423,98.419042646568,33.0884533383704));
#5725=CARTESIAN_POINT('Ctrl Pts',(-114.162863146043,97.3589073241432,27.0194013410295));
#5726=CARTESIAN_POINT('Ctrl Pts',(-114.343893983663,93.7396120915975,22.033663021425));
#5727=CARTESIAN_POINT('Ctrl Pts',(-114.524924821283,88.2975463816049,19.1455290492644));
#5728=CARTESIAN_POINT('Ctrl Pts',(-114.705955658903,82.1399434087763,18.9428441092273));
#5729=CARTESIAN_POINT('Ctrl Pts',(-114.886986496523,76.5196564376766,21.4663920887736));
#5730=CARTESIAN_POINT('Ctrl Pts',(-115.068017334143,72.5801419706306,26.2036545617109));
#5731=CARTESIAN_POINT('Ctrl Pts',(-115.249048171763,71.1230365429515,32.1889079860551));
#5732=CARTESIAN_POINT('Ctrl Pts',(-115.430079009383,72.4445983617192,38.2082072122226));
#5733=CARTESIAN_POINT('Ctrl Pts',(-115.611109847003,76.2763545182548,43.0290990609702));
#5734=CARTESIAN_POINT('Ctrl Pts',(-115.812255222136,82.4558784304331,45.9817894052015));
#5735=CARTESIAN_POINT('Ctrl Pts',(-116.033515134782,90.1072340151993,45.3259641110715));
#5736=CARTESIAN_POINT('Ctrl Pts',(-116.274889584942,96.5612910650461,39.9694166744135));
#5737=CARTESIAN_POINT('Ctrl Pts',(-116.496149497589,98.6145481834683,32.5692510570104));
#5738=CARTESIAN_POINT('Ctrl Pts',(-116.697294872722,96.8490674252595,25.9523462669364));
#5739=CARTESIAN_POINT('Ctrl Pts',(-116.878325710342,92.8158709193839,21.2970247603707));
#5740=CARTESIAN_POINT('Ctrl Pts',(-117.059356547962,87.144137285519,18.8931459560021));
#5741=CARTESIAN_POINT('Ctrl Pts',(-117.260501923095,80.3057778913977,19.252635559341));
#5742=CARTESIAN_POINT('Ctrl Pts',(-117.481761835742,73.8973281252763,23.4848120317198));
#5743=CARTESIAN_POINT('Ctrl Pts',(-117.723136285902,70.7888030619884,31.2739812552678));
#5744=CARTESIAN_POINT('Ctrl Pts',(-117.964510736061,72.6762879275435,39.4388702090281));
#5745=CARTESIAN_POINT('Ctrl Pts',(-118.205885186221,78.8805819341839,45.0752685204888));
#5746=CARTESIAN_POINT('Ctrl Pts',(-118.447259636381,87.1936797572132,46.1670447369137));
#5747=CARTESIAN_POINT('Ctrl Pts',(-118.634995319839,92.9844498583096,43.1780044942516));
#5748=CARTESIAN_POINT('Ctrl Pts',(-118.769092236594,95.8239492466073,39.7253307582061));
#5749=CARTESIAN_POINT('Ctrl Pts',(-118.876369769999,97.5053473489341,36.5690193569068));
#5750=CARTESIAN_POINT('Ctrl Pts',(-119.010466686754,98.3361988600074,32.1087504000286));
#5751=CARTESIAN_POINT('Ctrl Pts',(-119.198202370212,96.9597053639555,25.9023855898982));
#5752=CARTESIAN_POINT('Ctrl Pts',(-119.412757437021,92.0260703027104,20.3248059940831));
#5753=CARTESIAN_POINT('Ctrl Pts',(-119.654131887181,83.8763964447679,18.3409720371853));
#5754=CARTESIAN_POINT('Ctrl Pts',(-119.89550633734,76.0595584021816,21.3537895429604));
#5755=CARTESIAN_POINT('Ctrl Pts',(-120.146938056257,71.1461998542957,28.5767639304413));
#5756=CARTESIAN_POINT('Ctrl Pts',(-120.40842704393,71.5822907783007,37.755907328578));
#5757=CARTESIAN_POINT('Ctrl Pts',(-120.67997330036,77.9550969971202,44.8683991541452));
#5758=CARTESIAN_POINT('Ctrl Pts',(-120.95151955679,87.3819106986637,46.3679339046882));
#5759=CARTESIAN_POINT('Ctrl Pts',(-121.22306581322,95.6453334529995,41.586235253368));
#5760=CARTESIAN_POINT('Ctrl Pts',(-121.49461206965,99.0408615720753,32.6635950853214));
#5761=CARTESIAN_POINT('Ctrl Pts',(-121.76615832608,96.0488208558174,23.597935439524));
#5762=CARTESIAN_POINT('Ctrl Pts',(-122.03770458251,88.0088296173226,18.4499126196055));
#5763=CARTESIAN_POINT('Ctrl Pts',(-122.309250838939,78.5228907812804,19.5258924066835));
#5764=CARTESIAN_POINT('Ctrl Pts',(-122.580797095369,71.8401964669747,26.3437570901723));
#5765=CARTESIAN_POINT('Ctrl Pts',(-122.852343351799,70.9544582045518,35.8493953535124));
#5766=CARTESIAN_POINT('Ctrl Pts',(-123.123889608229,76.2624091024191,43.7845768849316));
#5767=CARTESIAN_POINT('Ctrl Pts',(-123.395435864659,85.3862928574738,46.5946271180338));
#5768=CARTESIAN_POINT('Ctrl Pts',(-123.666982121089,94.2389097423371,43.0207320632523));
#5769=CARTESIAN_POINT('Ctrl Pts',(-123.938528377519,98.8545965376463,34.6638782787577));
#5770=CARTESIAN_POINT('Ctrl Pts',(-124.210074633948,97.165680606925,25.2676481526047));
#5771=CARTESIAN_POINT('Ctrl Pts',(-124.481620890378,89.9287397119241,19.0412322291621));
#5772=CARTESIAN_POINT('Ctrl Pts',(-124.753167146808,80.3856755169833,18.7738509772693));
#5773=CARTESIAN_POINT('Ctrl Pts',(-125.024713403238,72.8114531395779,24.5852827129082));
#5774=CARTESIAN_POINT('Ctrl Pts',(-125.296259659668,70.5990674001682,33.8722040210852));
#5775=CARTESIAN_POINT('Ctrl Pts',(-125.567805916098,74.73958617683,42.4743937332197));
#5776=CARTESIAN_POINT('Ctrl Pts',(-125.839352172528,83.3782091944524,46.5383621631178));
#5777=CARTESIAN_POINT('Ctrl Pts',(-126.110898428958,92.6451085042519,44.243596778153));
#5778=CARTESIAN_POINT('Ctrl Pts',(-126.382444685387,98.3890710047226,36.6180617170924));
#5779=CARTESIAN_POINT('Ctrl Pts',(-126.653990941818,98.0369181908196,27.0777596653653));
#5780=CARTESIAN_POINT('Ctrl Pts',(-126.925537198247,91.7465599943886,19.896372021294));
#5781=CARTESIAN_POINT('Ctrl Pts',(-127.197083454677,82.3355511383096,18.2910078681823));
#5782=CARTESIAN_POINT('Ctrl Pts',(-127.468629711107,74.0203131088051,22.9806316270147));
#5783=CARTESIAN_POINT('Ctrl Pts',(-127.740175967537,70.5245823873816,31.8648144949791));
#5784=CARTESIAN_POINT('Ctrl Pts',(-128.011722223967,73.4167041358723,40.9630331892975));
#5785=CARTESIAN_POINT('Ctrl Pts',(-128.283268480397,81.3963986801887,46.2010027506155));
#5786=CARTESIAN_POINT('Ctrl Pts',(-128.554814736826,90.8985794843124,45.2295258809447));
#5787=CARTESIAN_POINT('Ctrl Pts',(-128.735845574446,95.3958167481771,40.7359021826042));
#5788=CARTESIAN_POINT('Ctrl Pts',(-128.826360993256,96.6887095307814,38.0269595905735));
#5789=CARTESIAN_POINT('Ctrl Pts',(-127.128487744118,84.7807406352844,19.1495308835074));
#5790=CARTESIAN_POINT('Ctrl Pts',(-127.151352980971,84.0224516150681,19.1474159248609));
#5791=CARTESIAN_POINT('Ctrl Pts',(-127.264733636634,80.2639800803716,19.4593314708194));
#5792=CARTESIAN_POINT('Ctrl Pts',(-127.468629711107,74.0203131088051,22.9806316270147));
#5793=CARTESIAN_POINT('Ctrl Pts',(-127.736262754323,70.5749588493228,31.7367858406599));
#5794=CARTESIAN_POINT('Ctrl Pts',(-127.913380378728,72.3712975433838,37.668134112271));
#5795=CARTESIAN_POINT('Ctrl Pts',(-127.999982584324,74.0343966996279,40.0062106414671));
#5796=CARTESIAN_POINT('',(-67.9999995529652,97.9545983317184,38.6311283533694));
#5797=CARTESIAN_POINT('Ctrl Pts',(-67.9999995531248,97.9580908040594,38.6334797032086));
#5798=CARTESIAN_POINT('Ctrl Pts',(-67.9999995531189,97.890584451832,38.7598923318047));
#5799=CARTESIAN_POINT('Ctrl Pts',(-67.9999995531123,97.8211768555035,38.8852391750321));
#5800=CARTESIAN_POINT('Ctrl Pts',(-67.9999995531053,97.7498715274336,39.0094725706879));
#5801=CARTESIAN_POINT('Ctrl Pts',(-67.9999995530893,97.5866173917457,39.2939059528819));
#5802=CARTESIAN_POINT('Ctrl Pts',(-67.999999553071,97.4134183860005,39.5725050249047));
#5803=CARTESIAN_POINT('Ctrl Pts',(-67.999999553053,97.2307358084759,39.8449083716777));
#5804=CARTESIAN_POINT('Ctrl Pts',(-67.9999995530349,97.0471205810211,40.1187024201025));
#5805=CARTESIAN_POINT('Ctrl Pts',(-67.9999995530172,96.8539242442884,40.3862377401608));
#5806=CARTESIAN_POINT('Ctrl Pts',(-67.9999995530024,96.6515771480896,40.6471112573786));
#5807=CARTESIAN_POINT('Ctrl Pts',(-67.9999995529878,96.4518437297804,40.9046151223663));
#5808=CARTESIAN_POINT('Ctrl Pts',(-67.9999995529762,96.2431938938326,41.1556284639657));
#5809=CARTESIAN_POINT('Ctrl Pts',(-67.99999955297,96.026012053205,41.3997234133589));
#5810=CARTESIAN_POINT('Ctrl Pts',(-67.9999995529673,95.9309446210366,41.5065715733018));
#5811=CARTESIAN_POINT('Ctrl Pts',(-67.9999995529657,95.8342420409063,41.6120935557357));
#5812=CARTESIAN_POINT('Ctrl Pts',(-67.9999995529653,95.7359351320192,41.7162507814306));
#5813=CARTESIAN_POINT('Ctrl Pts',(-67.9999995529651,95.7043554306178,41.7497098142033));
#5814=CARTESIAN_POINT('Ctrl Pts',(-67.9999995529652,95.6726062104313,41.7830320464129));
#5815=CARTESIAN_POINT('Ctrl Pts',(-67.9999995529652,95.6407110483908,41.8161929037494));
#5816=CARTESIAN_POINT('Ctrl Pts',(-67.9999995529652,95.4148764210653,42.0509893236232));
#5817=CARTESIAN_POINT('Ctrl Pts',(-67.9999995529651,95.1815511694731,42.2778898886244));
#5818=CARTESIAN_POINT('Ctrl Pts',(-67.9999995529651,94.9412114044906,42.4965722396047));
#5819=CARTESIAN_POINT('Ctrl Pts',(-67.9999995529651,94.699877518505,42.7161591296991));
#5820=CARTESIAN_POINT('Ctrl Pts',(-67.9999995529651,94.4514704943679,42.9274600744003));
#5821=CARTESIAN_POINT('Ctrl Pts',(-67.9999995529651,94.1964351109413,43.1301116081295));
#5822=CARTESIAN_POINT('Ctrl Pts',(-67.9999995529651,93.9420014924424,43.3322849784607));
#5823=CARTESIAN_POINT('Ctrl Pts',(-67.9999995529652,93.6809702581506,43.525850060487));
#5824=CARTESIAN_POINT('Ctrl Pts',(-67.9999995529652,93.4137534067007,43.7104035617052));
#5825=CARTESIAN_POINT('Ctrl Pts',(-67.9999995529652,93.1503406429673,43.8923297671404));
#5826=CARTESIAN_POINT('Ctrl Pts',(-67.9999995529652,92.8809166200367,44.065499387534));
#5827=CARTESIAN_POINT('Ctrl Pts',(-67.9999995529652,92.6058546733064,44.2294805665803));
#5828=CARTESIAN_POINT('Ctrl Pts',(-67.9999995529652,92.3342156509255,44.3914211319492));
#5829=CARTESIAN_POINT('Ctrl Pts',(-67.9999995529651,92.0570777010757,44.544400755199));
#5830=CARTESIAN_POINT('Ctrl Pts',(-67.9999995529651,91.7747864753502,44.6879551952866));
#5831=CARTESIAN_POINT('Ctrl Pts',(-67.9999995529651,91.6675966864435,44.7424647539528));
#5832=CARTESIAN_POINT('Ctrl Pts',(-67.9999995529651,91.5596637763856,44.7956148478289));
#5833=CARTESIAN_POINT('Ctrl Pts',(-67.9999995529651,91.4510063371709,44.8473780926724));
#5834=CARTESIAN_POINT('Ctrl Pts',(-67.9999995529651,91.3751647491827,44.8835082160834));
#5835=CARTESIAN_POINT('Ctrl Pts',(-67.9999995529652,91.2989701764836,44.9189626614247));
#5836=CARTESIAN_POINT('Ctrl Pts',(-67.9999995529652,91.2224289082434,44.9537317876794));
#5837=CARTESIAN_POINT('Ctrl Pts',(-67.9999995529652,91.1922639331878,44.9674343281558));
#5838=CARTESIAN_POINT('Ctrl Pts',(-67.9999995529651,91.1620445918843,44.9810306191608));
#5839=CARTESIAN_POINT('Ctrl Pts',(-67.9999995529651,91.1317856732418,44.9945137511719));
#5840=CARTESIAN_POINT('Ctrl Pts',(-67.9999995529651,90.9088200936314,45.0938654292459));
#5841=CARTESIAN_POINT('Ctrl Pts',(-67.9999995529651,90.6835195969172,45.1871597130796));
#5842=CARTESIAN_POINT('Ctrl Pts',(-67.9999995529651,90.4560645600108,45.2742410686624));
#5843=CARTESIAN_POINT('Ctrl Pts',(-67.9999995529651,90.1606950420468,45.3873235414533));
#5844=CARTESIAN_POINT('Ctrl Pts',(-67.9999995529651,89.8616927232599,45.4899309450208));
#5845=CARTESIAN_POINT('Ctrl Pts',(-67.9999995529651,89.5596357796835,45.5821272832579));
#5846=CARTESIAN_POINT('Ctrl Pts',(-67.9999995529651,89.2540080716382,45.6754135199917));
#5847=CARTESIAN_POINT('Ctrl Pts',(-67.9999995529651,88.9452524964179,45.7580411652364));
#5848=CARTESIAN_POINT('Ctrl Pts',(-67.9999995529651,88.6339537808682,45.8300253110182));
#5849=CARTESIAN_POINT('Ctrl Pts',(-67.9999995529651,88.3213838229631,45.9023034165579));
#5850=CARTESIAN_POINT('Ctrl Pts',(-67.9999995529652,88.0062492809865,45.9638509372734));
#5851=CARTESIAN_POINT('Ctrl Pts',(-67.9999995529652,87.6891371378494,46.0146311768963));
#5852=CARTESIAN_POINT('Ctrl Pts',(-67.9999995529652,87.3740122311059,46.0650931936367));
#5853=CARTESIAN_POINT('Ctrl Pts',(-67.9999995529651,87.0569338159426,46.1049223977987));
#5854=CARTESIAN_POINT('Ctrl Pts',(-67.9999995529651,86.7384823676129,46.1340319729542));
#5855=CARTESIAN_POINT('Ctrl Pts',(-67.9999995529651,86.5031576246792,46.1555429546951));
#5856=CARTESIAN_POINT('Ctrl Pts',(-67.9999995529651,86.2670831556811,46.1711992181551));
#5857=CARTESIAN_POINT('Ctrl Pts',(-67.9999995529651,86.030497744615,46.180947968327));
#5858=CARTESIAN_POINT('Ctrl Pts',(-67.9999995529651,85.9922055648657,46.1825258377833));
#5859=CARTESIAN_POINT('Ctrl Pts',(-67.9999995529652,85.9539000114066,46.1839489186067));
#5860=CARTESIAN_POINT('Ctrl Pts',(-67.9999995529652,85.9155821104864,46.1852169497331));
#5861=CARTESIAN_POINT('Ctrl Pts',(-67.9999995529652,85.8824397909003,46.1863137084759));
#5862=CARTESIAN_POINT('Ctrl Pts',(-67.9999995529651,85.8492963370494,46.1872941934868));
#5863=CARTESIAN_POINT('Ctrl Pts',(-67.9999995529651,85.81615755429,46.1881583022491));
#5864=CARTESIAN_POINT('Ctrl Pts',(-67.9999995529651,85.4988034671757,46.1964334537364));
#5865=CARTESIAN_POINT('Ctrl Pts',(-67.9999995529651,85.1817274428432,46.1940451150129));
#5866=CARTESIAN_POINT('Ctrl Pts',(-67.9999995529651,84.8654952993247,46.1810256760963));
#5867=CARTESIAN_POINT('Ctrl Pts',(-67.9999995529651,84.5495292003237,46.1680171903684));
#5868=CARTESIAN_POINT('Ctrl Pts',(-67.9999995529652,84.2344049420796,46.1443954440436));
#5869=CARTESIAN_POINT('Ctrl Pts',(-67.9999995529652,83.920687281671,46.1101410591788));
#5870=CARTESIAN_POINT('Ctrl Pts',(-67.9999995529652,83.60912620413,46.0761221485281));
#5871=CARTESIAN_POINT('Ctrl Pts',(-67.9999995529651,83.2989518662237,46.0316161990403));
#5872=CARTESIAN_POINT('Ctrl Pts',(-67.9999995529651,82.9907268089141,45.9765542174633));
#5873=CARTESIAN_POINT('Ctrl Pts',(-67.9999995529651,82.6793610419199,45.9209311728102));
#5874=CARTESIAN_POINT('Ctrl Pts',(-67.9999995529651,82.3699838429983,45.8545359461046));
#5875=CARTESIAN_POINT('Ctrl Pts',(-67.9999995529651,82.0631939743072,45.7772460711468));
#5876=CARTESIAN_POINT('Ctrl Pts',(-67.9999995529651,81.7564041056161,45.6999561961891));
#5877=CARTESIAN_POINT('Ctrl Pts',(-67.9999995529651,81.4522009485455,45.6117716658109));
#5878=CARTESIAN_POINT('Ctrl Pts',(-67.9999995529651,81.1512114485068,45.5125185813678));
#5879=CARTESIAN_POINT('Ctrl Pts',(-67.9999995529651,81.060516464795,45.4826113690705));
#5880=CARTESIAN_POINT('Ctrl Pts',(-67.9999995529651,80.9701134978011,45.451698821161));
#5881=CARTESIAN_POINT('Ctrl Pts',(-67.9999995529651,80.8800161146848,45.4197890627427));
#5882=CARTESIAN_POINT('Ctrl Pts',(-67.9999995529651,80.8062088582919,45.3936487727637));
#5883=CARTESIAN_POINT('Ctrl Pts',(-67.9999995529651,80.7326066777302,45.3668392692629));
#5884=CARTESIAN_POINT('Ctrl Pts',(-67.9999995529651,80.6592171804993,45.3393648612582));
#5885=CARTESIAN_POINT('Ctrl Pts',(-67.9999995529651,80.6290217343002,45.3280607640772));
#5886=CARTESIAN_POINT('Ctrl Pts',(-67.9999995529651,80.5988713364191,45.3166474911767));
#5887=CARTESIAN_POINT('Ctrl Pts',(-67.9999995529651,80.5687671687373,45.3051258155842));
#5888=CARTESIAN_POINT('Ctrl Pts',(-67.9999995529651,80.2807563463651,45.19489631854));
#5889=CARTESIAN_POINT('Ctrl Pts',(-67.9999995529651,79.9969529390084,45.0747403406225));
#5890=CARTESIAN_POINT('Ctrl Pts',(-67.9999995529651,79.7177492406042,44.9450629074702));
#5891=CARTESIAN_POINT('Ctrl Pts',(-67.9999995529651,79.4296455922908,44.8112518519267));
#5892=CARTESIAN_POINT('Ctrl Pts',(-67.9999995529652,79.146438947147,44.6673024707594));
#5893=CARTESIAN_POINT('Ctrl Pts',(-67.9999995529652,78.8685848308251,44.5136085073473));
#5894=CARTESIAN_POINT('Ctrl Pts',(-67.9999995529652,78.5953290206934,44.3624580797758));
#5895=CARTESIAN_POINT('Ctrl Pts',(-67.9999995529651,78.3272496412855,44.201882388873));
#5896=CARTESIAN_POINT('Ctrl Pts',(-67.9999995529651,78.064810685391,44.0322132250939));
#5897=CARTESIAN_POINT('Ctrl Pts',(-67.9999995529651,77.8040372319049,43.8636208237183));
#5898=CARTESIAN_POINT('Ctrl Pts',(-67.9999995529652,77.5488324093022,43.6860495680606));
#5899=CARTESIAN_POINT('Ctrl Pts',(-67.9999995529652,77.2996882375085,43.499789567071));
#5900=CARTESIAN_POINT('Ctrl Pts',(-67.9999995529652,77.219388013431,43.4397571781596));
#5901=CARTESIAN_POINT('Ctrl Pts',(-67.9999995529652,77.1397176837131,43.3788219530031));
#5902=CARTESIAN_POINT('Ctrl Pts',(-67.9999995529652,77.0606946571263,43.3169929269696));
#5903=CARTESIAN_POINT('Ctrl Pts',(-67.9999995529652,77.020743234017,43.2857342206635));
#5904=CARTESIAN_POINT('Ctrl Pts',(-67.9999995529651,76.9809572678205,43.2542470558677));
#5905=CARTESIAN_POINT('Ctrl Pts',(-67.9999995529651,76.9413390560175,43.222532570918));
#5906=CARTESIAN_POINT('Ctrl Pts',(-67.9999995529651,76.9061673317284,43.1943775111649));
#5907=CARTESIAN_POINT('Ctrl Pts',(-67.9999995529652,76.8711247196723,43.1660406953599));
#5908=CARTESIAN_POINT('Ctrl Pts',(-67.9999995529652,76.8362340751162,43.1375404423497));
#5909=CARTESIAN_POINT('Ctrl Pts',(-67.9999995529652,76.596474693159,42.9416941593623));
#5910=CARTESIAN_POINT('Ctrl Pts',(-67.9999995529652,76.3637000489559,42.7379850293063));
#5911=CARTESIAN_POINT('Ctrl Pts',(-67.9999995529652,76.1383309842003,42.5267697075971));
#5912=CARTESIAN_POINT('Ctrl Pts',(-67.9999995529652,75.9139981982477,42.3165255837805));
#5913=CARTESIAN_POINT('Ctrl Pts',(-67.9999995529652,75.697002621761,42.0988437006895));
#5914=CARTESIAN_POINT('Ctrl Pts',(-67.9999995529652,75.4877951674144,41.8740391534122));
#5915=CARTESIAN_POINT('Ctrl Pts',(-67.9999995529652,75.2803492419692,41.6511274627178));
#5916=CARTESIAN_POINT('Ctrl Pts',(-67.9999995529652,75.0805604621224,41.4212121222377));
#5917=CARTESIAN_POINT('Ctrl Pts',(-67.9999995529652,74.8889096780312,41.1845706587622));
#5918=CARTESIAN_POINT('Ctrl Pts',(-67.9999995529652,74.7008514573814,40.9523651253271));
#5919=CARTESIAN_POINT('Ctrl Pts',(-67.9999995529652,74.5206287286851,40.7136828527428));
#5920=CARTESIAN_POINT('Ctrl Pts',(-67.9999995529652,74.3487402674222,40.4687636534747));
#5921=CARTESIAN_POINT('Ctrl Pts',(-67.9999995529652,74.2417054337653,40.3162526264957));
#5922=CARTESIAN_POINT('Ctrl Pts',(-67.9999995529652,74.1379031432942,40.1613227841192));
#5923=CARTESIAN_POINT('Ctrl Pts',(-67.9999995529652,74.0374634957602,40.0040285676992));
#5924=CARTESIAN_POINT('Ctrl Pts',(-68.8021778166682,84.7807438450006,17.7416809859355));
#5925=CARTESIAN_POINT('Ctrl Pts',(-68.7119083427199,88.0892776062586,17.7419254450211));
#5926=CARTESIAN_POINT('Ctrl Pts',(-68.6216388687717,91.3978897959637,18.9132158421884));
#5927=CARTESIAN_POINT('Ctrl Pts',(-68.5313693948234,93.9693108430032,20.9952066985568));
#5928=CARTESIAN_POINT('Ctrl Pts',(-68.4408539760135,96.5477378884836,23.0828700700158));
#5929=CARTESIAN_POINT('Ctrl Pts',(-68.3503385572035,98.3849512716423,26.0862031824347));
#5930=CARTESIAN_POINT('Ctrl Pts',(-68.2598231383935,99.0689921105721,29.3324572036145));
#5931=CARTESIAN_POINT('Ctrl Pts',(-68.1732152765841,99.7235028583425,32.4385702102287));
#5932=CARTESIAN_POINT('Ctrl Pts',(-68.0866074147746,99.3222570259223,35.7670830209085));
#5933=CARTESIAN_POINT('Ctrl Pts',(-67.9999995529652,97.9580908042934,38.633479703345));
#5934=CARTESIAN_POINT('Origin',(-83.3785392569594,84.7807492699152,32.3436660715063));
#5935=CARTESIAN_POINT('Ctrl Pts',(-127.621459847985,84.7789247592101,19.1525098058357));
#5936=CARTESIAN_POINT('Ctrl Pts',(-127.657124330699,83.5953065946539,19.1508322038237));
#5937=CARTESIAN_POINT('Ctrl Pts',(-127.783304232223,79.4099603487483,19.697648097855));
#5938=CARTESIAN_POINT('Ctrl Pts',(-127.909484133747,75.7801198187039,22.2393128524614));
#5939=CARTESIAN_POINT('Ctrl Pts',(-127.999999552557,74.0374634963244,24.6833035757157));
#5940=CARTESIAN_POINT('Ctrl Pts',(-67.1736381122658,96.688709530156,26.6603725527376));
#5941=CARTESIAN_POINT('Ctrl Pts',(-67.2641535310757,95.3958167476196,23.9514299608492));
#5942=CARTESIAN_POINT('Ctrl Pts',(-67.4451843686956,90.8985665202813,19.4578113675947));
#5943=CARTESIAN_POINT('Ctrl Pts',(-67.7167306251255,81.3964052077298,18.4863263899568));
#5944=CARTESIAN_POINT('Ctrl Pts',(-67.9882768815554,73.4166998864077,23.7242997174057));
#5945=CARTESIAN_POINT('Ctrl Pts',(-68.2598231379853,70.5245840923219,32.8225172100471));
#5946=CARTESIAN_POINT('Ctrl Pts',(-68.5313693944151,74.0203114203062,41.7067010467254));
#5947=CARTESIAN_POINT('Ctrl Pts',(-68.802915650845,82.3355517818545,46.3963247273064));
#5948=CARTESIAN_POINT('Ctrl Pts',(-69.0744619072748,91.7465598394594,44.790960606114));
#5949=CARTESIAN_POINT('Ctrl Pts',(-69.3460081637048,98.0369189131149,37.6095726676033));
#5950=CARTESIAN_POINT('Ctrl Pts',(-69.6175544201346,98.3890713816776,28.069270267184));
#5951=CARTESIAN_POINT('Ctrl Pts',(-69.8891006765645,92.6451088669398,20.4437349246154));
#5952=CARTESIAN_POINT('Ctrl Pts',(-70.1606469329943,83.3782091021871,18.1489694529367));
#5953=CARTESIAN_POINT('Ctrl Pts',(-70.4321931894243,74.7395858291777,22.2129380326154));
#5954=CARTESIAN_POINT('Ctrl Pts',(-70.703739445854,70.599066854803,30.8151280696543));
#5955=CARTESIAN_POINT('Ctrl Pts',(-70.975285702284,72.8114527175721,40.102049707986));
#5956=CARTESIAN_POINT('Ctrl Pts',(-71.2468319587137,80.3856753192098,45.9134816894398));
#5957=CARTESIAN_POINT('Ctrl Pts',(-71.5183782151438,89.9287399667896,45.6461003667313));
#5958=CARTESIAN_POINT('Ctrl Pts',(-71.7899244715735,97.1656809427173,39.4196843332489));
#5959=CARTESIAN_POINT('Ctrl Pts',(-72.0614707280035,98.8545973023959,30.0234536194279));
#5960=CARTESIAN_POINT('Ctrl Pts',(-72.3330169844332,94.2389096149028,21.6665999971302));
#5961=CARTESIAN_POINT('Ctrl Pts',(-72.6045632408633,85.3862938235914,18.0927038776525));
#5962=CARTESIAN_POINT('Ctrl Pts',(-72.8761094972929,76.2624069240624,20.9027560548168));
#5963=CARTESIAN_POINT('Ctrl Pts',(-73.1476557537231,70.9544613674636,28.8379342492668));
#5964=CARTESIAN_POINT('Ctrl Pts',(-73.4192020101526,71.8401887317931,38.343580032423));
#5965=CARTESIAN_POINT('Ctrl Pts',(-73.6907482665828,78.5229048691451,45.1614308228516));
#5966=CARTESIAN_POINT('Ctrl Pts',(-73.9622945230124,88.0088014726588,46.2374385698148));
#5967=CARTESIAN_POINT('Ctrl Pts',(-74.2338407794425,96.0488770614261,41.0893604530908));
#5968=CARTESIAN_POINT('Ctrl Pts',(-74.5053870358722,99.0407519867295,32.0238092351843));
#5969=CARTESIAN_POINT('Ctrl Pts',(-74.7769332923022,95.6455512263192,23.1009540468967));
#5970=CARTESIAN_POINT('Ctrl Pts',(-75.048479548732,87.381481401119,18.3196792032953));
#5971=CARTESIAN_POINT('Ctrl Pts',(-75.3200258051619,77.9559484179706,19.8183742326029));
#5972=CARTESIAN_POINT('Ctrl Pts',(-75.5915720615917,71.5805612739307,26.9325581866541));
#5973=CARTESIAN_POINT('Ctrl Pts',(-75.8329465117518,71.183110767126,35.4022833551553));
#5974=CARTESIAN_POINT('Ctrl Pts',(-76.0441491556415,74.7744025962153,41.6348230878655));
#5975=CARTESIAN_POINT('Ctrl Pts',(-76.2251799932615,79.8694220398367,45.089990484234));
#5976=CARTESIAN_POINT('Ctrl Pts',(-76.4062108308814,85.9732538597262,45.9500208961634));
#5977=CARTESIAN_POINT('Ctrl Pts',(-76.5872416685013,91.8297282131666,44.0425540956524));
#5978=CARTESIAN_POINT('Ctrl Pts',(-76.7682725061212,96.2544059824413,39.7544326235748));
#5979=CARTESIAN_POINT('Ctrl Pts',(-76.9493033437412,98.3433361225426,33.9586479705291));
#5980=CARTESIAN_POINT('Ctrl Pts',(-77.130334181361,97.6737384942153,27.8343310778695));
#5981=CARTESIAN_POINT('Ctrl Pts',(-77.311365018981,94.3799086696812,22.6272175049169));
#5982=CARTESIAN_POINT('Ctrl Pts',(-77.4923958566009,89.1346799131286,19.3976416534715));
#5983=CARTESIAN_POINT('Ctrl Pts',(-77.6734266942208,83.0004475023851,18.8007609870467));
#5984=CARTESIAN_POINT('Ctrl Pts',(-77.8544575318407,77.2347409436016,20.9620004653867));
#5985=CARTESIAN_POINT('Ctrl Pts',(-78.055602906974,72.5202084509728,25.9305108053013));
#5986=CARTESIAN_POINT('Ctrl Pts',(-78.2768628196205,70.789792813012,33.4132912924082));
#5987=CARTESIAN_POINT('Ctrl Pts',(-78.5182372697804,73.8965059349719,41.201551061804));
#5988=CARTESIAN_POINT('Ctrl Pts',(-78.7596117199404,80.8884821966732,45.8234928685548));
#5989=CARTESIAN_POINT('Ctrl Pts',(-79.0009861701001,89.267838389118,45.6399404329755));
#5990=CARTESIAN_POINT('Ctrl Pts',(-79.2423606202602,96.0481333832571,40.7068666556288));
#5991=CARTESIAN_POINT('Ctrl Pts',(-79.4636205329064,98.5725317380266,33.4527083498632));
#5992=CARTESIAN_POINT('Ctrl Pts',(-79.66476590804,97.2326931723002,26.7372868095653));
#5993=CARTESIAN_POINT('Ctrl Pts',(-79.8457967456597,93.5054260348565,21.832209592163));
#5994=CARTESIAN_POINT('Ctrl Pts',(-80.0268275832797,87.9994958272523,19.0737284526069));
#5995=CARTESIAN_POINT('Ctrl Pts',(-80.2380302271695,80.8079871407564,18.9846760539149));
#5996=CARTESIAN_POINT('Ctrl Pts',(-80.4794046773294,73.610974622479,23.4685858404839));
#5997=CARTESIAN_POINT('Ctrl Pts',(-80.7509509337593,70.5178245098156,32.5067638701967));
#5998=CARTESIAN_POINT('Ctrl Pts',(-81.0224971901892,73.8140355551093,41.4633280580941));
#5999=CARTESIAN_POINT('Ctrl Pts',(-81.294043446619,82.0229295431902,46.33888344293));
#6000=CARTESIAN_POINT('Ctrl Pts',(-81.565589703049,91.4672533108534,44.9428879122904));
#6001=CARTESIAN_POINT('Ctrl Pts',(-81.8371359594789,97.9162289916596,37.9039792195918));
#6002=CARTESIAN_POINT('Ctrl Pts',(-82.1086822159086,98.4809959792665,28.3736682872928));
#6003=CARTESIAN_POINT('Ctrl Pts',(-82.3802284723386,92.9084539795494,20.6220924126418));
#6004=CARTESIAN_POINT('Ctrl Pts',(-82.6517747287683,83.695109192781,18.1211791785908));
#6005=CARTESIAN_POINT('Ctrl Pts',(-82.9233209851984,74.9678374592519,21.991639789213));
#6006=CARTESIAN_POINT('Ctrl Pts',(-83.1948672416281,70.6369196041802,30.4991922937733));
#6007=CARTESIAN_POINT('Ctrl Pts',(-83.4664134980581,72.6409569916253,39.8334676462521));
#6008=CARTESIAN_POINT('Ctrl Pts',(-83.7379597544879,80.0851709490929,45.8116847446016));
#6009=CARTESIAN_POINT('Ctrl Pts',(-84.0095060109176,89.6289601993646,45.7584230385213));
#6010=CARTESIAN_POINT('Ctrl Pts',(-84.2810522673477,97.0086620985518,39.6923538157833));
#6011=CARTESIAN_POINT('Ctrl Pts',(-84.5224267175075,98.684829759975,31.3806350987246));
#6012=CARTESIAN_POINT('Ctrl Pts',(-84.7336293613974,96.0793393902157,24.6759110425464));
#6013=CARTESIAN_POINT('Ctrl Pts',(-84.9146601990174,91.5666546470854,20.4886509642351));
#6014=CARTESIAN_POINT('Ctrl Pts',(-85.0956910366372,85.6636151012048,18.7137191009567));
#6015=CARTESIAN_POINT('Ctrl Pts',(-85.2767218742572,79.5857171909335,19.7118005010896));
#6016=CARTESIAN_POINT('Ctrl Pts',(-85.4577527118771,74.5624513111603,23.2800153980215));
#6017=CARTESIAN_POINT('Ctrl Pts',(-85.638783549497,71.6193751180103,28.6923460684021));
#6018=CARTESIAN_POINT('Ctrl Pts',(-85.8198143871169,71.3535143093606,34.8474743961231));
#6019=CARTESIAN_POINT('Ctrl Pts',(-86.0008452247369,73.8199209334674,40.4934122997585));
#6020=CARTESIAN_POINT('Ctrl Pts',(-86.1818760623567,78.5161279860341,44.4807071517751));
#6021=CARTESIAN_POINT('Ctrl Pts',(-86.3629068999768,84.4873319230439,45.9996115732987));
#6022=CARTESIAN_POINT('Ctrl Pts',(-86.5439377375965,90.517652597231,44.7387028765389));
#6023=CARTESIAN_POINT('Ctrl Pts',(-86.7249685752165,95.3813061585202,40.956865414419));
#6024=CARTESIAN_POINT('Ctrl Pts',(-86.9059994128364,98.0878599754556,35.4222906502439));
#6025=CARTESIAN_POINT('Ctrl Pts',(-87.0870302504563,98.0870424372391,29.2613612485336));
#6026=CARTESIAN_POINT('Ctrl Pts',(-87.2680610880762,95.3788719703811,23.7275503848313));
#6027=CARTESIAN_POINT('Ctrl Pts',(-87.4490919256961,90.5144266664608,19.9467825058804));
#6028=CARTESIAN_POINT('Ctrl Pts',(-87.6301227633161,84.4833914743534,18.6882880737754));
#6029=CARTESIAN_POINT('Ctrl Pts',(-87.811153600936,78.5128659686793,20.2081251333949));
#6030=CARTESIAN_POINT('Ctrl Pts',(-87.9921844385558,73.8175970714826,24.1970626868784));
#6031=CARTESIAN_POINT('Ctrl Pts',(-88.1732152761759,71.3529121055955,29.8435161470413));
#6032=CARTESIAN_POINT('Ctrl Pts',(-88.3542461137956,71.6202311082564,35.9986431860289));
#6033=CARTESIAN_POINT('Ctrl Pts',(-88.5352769514157,74.5652555476299,41.4101431798082));
#6034=CARTESIAN_POINT('Ctrl Pts',(-88.7163077890355,79.588607126712,44.976940352151));
#6035=CARTESIAN_POINT('Ctrl Pts',(-88.8973386266555,85.6686024292875,45.9734329375309));
#6036=CARTESIAN_POINT('Ctrl Pts',(-89.0783694642754,91.5674516622298,44.196670478644));
#6037=CARTESIAN_POINT('Ctrl Pts',(-89.2594003018953,96.0865097858093,40.0085686076453));
#6038=CARTESIAN_POINT('Ctrl Pts',(-89.4404311395152,98.3038438984501,34.2606807861603));
#6039=CARTESIAN_POINT('Ctrl Pts',(-89.6214619771351,97.7708779466696,28.122821608788));
#6040=CARTESIAN_POINT('Ctrl Pts',(-89.8024928147551,94.5945274438539,22.8438288262393));
#6041=CARTESIAN_POINT('Ctrl Pts',(-89.9835236523749,89.4215329465374,19.4976101213712));
#6042=CARTESIAN_POINT('Ctrl Pts',(-90.1645544899948,83.3042902438157,18.7650898940542));
#6043=CARTESIAN_POINT('Ctrl Pts',(-90.3455853276148,77.4874639832619,20.795256433818));
#6044=CARTESIAN_POINT('Ctrl Pts',(-90.5266161652346,73.1545254323551,25.1750760608864));
#6045=CARTESIAN_POINT('Ctrl Pts',(-90.7076470028547,71.1870675629156,31.0134163419872));
#6046=CARTESIAN_POINT('Ctrl Pts',(-90.8886778404745,71.9853847495216,37.1224118462716));
#6047=CARTESIAN_POINT('Ctrl Pts',(-91.0697086780944,75.387053719004,42.2591205095351));
#6048=CARTESIAN_POINT('Ctrl Pts',(-91.2507395157143,80.6999679664138,45.3784266260201));
#6049=CARTESIAN_POINT('Ctrl Pts',(-91.4317703533342,86.84316011472,45.8456739893861));
#6050=CARTESIAN_POINT('Ctrl Pts',(-91.6128011909542,92.5667330755738,43.5657965829274));
#6051=CARTESIAN_POINT('Ctrl Pts',(-91.7938320285741,96.7061661590937,39.0026591639306));
#6052=CARTESIAN_POINT('Ctrl Pts',(-91.9748628661939,98.4192482838747,33.0846799042599));
#6053=CARTESIAN_POINT('Ctrl Pts',(-92.1558937038139,97.3574349930327,27.0159336076773));
#6054=CARTESIAN_POINT('Ctrl Pts',(-92.3369245414338,93.7367632992257,22.0311702724229));
#6055=CARTESIAN_POINT('Ctrl Pts',(-92.5179553790537,88.2938967794754,19.1445921828048));
#6056=CARTESIAN_POINT('Ctrl Pts',(-92.6989862166736,82.1362436112652,18.9435038802489));
#6057=CARTESIAN_POINT('Ctrl Pts',(-92.8800170542936,76.5166428121756,21.4688188834468));
#6058=CARTESIAN_POINT('Ctrl Pts',(-93.0610478919134,72.578460997192,26.2067354135903));
#6059=CARTESIAN_POINT('Ctrl Pts',(-93.2420787295334,71.1229625074665,32.1932747448019));
#6060=CARTESIAN_POINT('Ctrl Pts',(-93.4231095671534,72.4462837199243,38.2104127637015));
#6061=CARTESIAN_POINT('Ctrl Pts',(-93.6041404047731,76.2791811401766,43.0338997444885));
#6062=CARTESIAN_POINT('Ctrl Pts',(-93.7851712423933,81.8418115285194,45.6823467403682));
#6063=CARTESIAN_POINT('Ctrl Pts',(-93.9662020800128,88.0023997456159,45.6168995106999));
#6064=CARTESIAN_POINT('Ctrl Pts',(-94.1472329176331,93.5075090893086,42.8508739151996));
#6065=CARTESIAN_POINT('Ctrl Pts',(-94.3282637552527,97.2370684877823,37.9470469545064));
#6066=CARTESIAN_POINT('Ctrl Pts',(-94.5092945928728,98.4322578608697,31.90315330318));
#6067=CARTESIAN_POINT('Ctrl Pts',(-94.6903254304926,96.8499078310284,25.9488869511233));
#6068=CARTESIAN_POINT('Ctrl Pts',(-94.8713562681126,92.8119550966309,21.2957046277412));
#6069=CARTESIAN_POINT('Ctrl Pts',(-95.0523871057325,87.1399817012975,18.8903472470289));
#6070=CARTESIAN_POINT('Ctrl Pts',(-95.2334179433524,80.9879728251924,19.2222053785366));
#6071=CARTESIAN_POINT('Ctrl Pts',(-95.4144487809725,75.6076947781884,22.2237683204494));
#6072=CARTESIAN_POINT('Ctrl Pts',(-95.5954796185922,72.0936674504382,27.2843177199857));
#6073=CARTESIAN_POINT('Ctrl Pts',(-95.7765104562122,71.1611698879685,33.3742703623));
#6074=CARTESIAN_POINT('Ctrl Pts',(-95.9575412938321,72.9992907831512,39.2544831783904));
#6075=CARTESIAN_POINT('Ctrl Pts',(-96.138572131452,77.2353428022664,43.7287249074048));
#6076=CARTESIAN_POINT('Ctrl Pts',(-96.3196029690719,83.0048164752713,45.8863394822741));
#6077=CARTESIAN_POINT('Ctrl Pts',(-96.5006338066919,89.1392229442735,45.2889978024328));
#6078=CARTESIAN_POINT('Ctrl Pts',(-96.6816646443118,94.3795423684271,42.0568992263169));
#6079=CARTESIAN_POINT('Ctrl Pts',(-96.8828100194449,98.0481764297153,36.2716774994471));
#6080=CARTESIAN_POINT('Ctrl Pts',(-97.1040699320916,98.3028058697775,28.5973694593587));
#6081=CARTESIAN_POINT('Ctrl Pts',(-97.3454443822514,93.7522217056223,21.551189698401));
#6082=CARTESIAN_POINT('Ctrl Pts',(-97.566704294898,86.6474776164889,18.6359276223973));
#6083=CARTESIAN_POINT('Ctrl Pts',(-97.7678496700313,79.8676024430432,19.6012302528793));
#6084=CARTESIAN_POINT('Ctrl Pts',(-97.9488805076511,74.7675990668132,23.0534040769442));
#6085=CARTESIAN_POINT('Ctrl Pts',(-98.129911345271,71.7037912214939,28.4002944874966));
#6086=CARTESIAN_POINT('Ctrl Pts',(-98.3109421828909,71.3011810569531,34.5472613304461));
#6087=CARTESIAN_POINT('Ctrl Pts',(-98.491973020511,73.6408116134939,40.2470400046803));
#6088=CARTESIAN_POINT('Ctrl Pts',(-98.6730038581308,78.2472305691411,44.3381169017458));
#6089=CARTESIAN_POINT('Ctrl Pts',(-98.8540346957507,84.1826456598956,45.9893526360226));
#6090=CARTESIAN_POINT('Ctrl Pts',(-99.0350655333707,90.2402997083224,44.8635049412815));
#6091=CARTESIAN_POINT('Ctrl Pts',(-99.2160963709906,95.1860820388546,41.1916425908583));
#6092=CARTESIAN_POINT('Ctrl Pts',(-99.3971272086104,98.0169420735006,35.7170648612627));
#6093=CARTESIAN_POINT('Ctrl Pts',(-99.5781580462305,98.1504007408845,29.5611745488715));
#6094=CARTESIAN_POINT('Ctrl Pts',(-99.7793034213636,95.2859518063593,23.3390087329282));
#6095=CARTESIAN_POINT('Ctrl Pts',(-100.00056333401,88.9812424058405,18.9554492832721));
#6096=CARTESIAN_POINT('Ctrl Pts',(-100.24193778417,80.5935702414794,18.9484428516061));
#6097=CARTESIAN_POINT('Ctrl Pts',(-100.463197696817,74.2861120233591,23.329755356513));
#6098=CARTESIAN_POINT('Ctrl Pts',(-100.66434307195,71.4135319277832,29.5463044307066));
#6099=CARTESIAN_POINT('Ctrl Pts',(-100.84537390957,71.5412646169543,35.703541345693));
#6100=CARTESIAN_POINT('Ctrl Pts',(-101.02640474719,74.3659903699462,41.1804875050551));
#6101=CARTESIAN_POINT('Ctrl Pts',(-101.20743558481,79.3080936290667,44.8578659525179));
#6102=CARTESIAN_POINT('Ctrl Pts',(-101.38846642243,85.3644626805458,45.9898966257608));
#6103=CARTESIAN_POINT('Ctrl Pts',(-101.569497260049,91.3016707664178,44.3450683485373));
#6104=CARTESIAN_POINT('Ctrl Pts',(-101.750528097669,95.9123387615128,40.2586183227166));
#6105=CARTESIAN_POINT('Ctrl Pts',(-101.931558935289,98.2580370061954,34.5617008551884));
#6106=CARTESIAN_POINT('Ctrl Pts',(-102.112589772909,97.8617620125334,28.4135329081535));
#6107=CARTESIAN_POINT('Ctrl Pts',(-102.293620610529,94.8038409466522,23.0649985932484));
#6108=CARTESIAN_POINT('Ctrl Pts',(-102.474651448149,89.7069421729852,19.6042570053403));
#6109=CARTESIAN_POINT('Ctrl Pts',(-102.655682285769,83.6071132855314,18.7355993046737));
#6110=CARTESIAN_POINT('Ctrl Pts',(-102.836713123389,77.7473760804825,20.6353971539607));
#6111=CARTESIAN_POINT('Ctrl Pts',(-103.017743961009,73.3160050297033,24.9178747015114));
#6112=CARTESIAN_POINT('Ctrl Pts',(-103.198774798629,71.2226393904643,30.71015690907));
#6113=CARTESIAN_POINT('Ctrl Pts',(-103.399920173762,71.9496498116916,37.5178818669916));
#6114=CARTESIAN_POINT('Ctrl Pts',(-103.621180086409,76.5247268640605,43.6923211875299));
#6115=CARTESIAN_POINT('Ctrl Pts',(-103.802210924028,82.480258758965,45.6980483960019));
#6116=CARTESIAN_POINT('Ctrl Pts',(-103.963127224135,87.8245362265579,45.4062540300772));
#6117=CARTESIAN_POINT('Ctrl Pts',(-104.103928986728,92.3147736428108,43.7399944940775));
#6118=CARTESIAN_POINT('Ctrl Pts',(-104.284959824348,96.5546480073994,39.2652777698822));
#6119=CARTESIAN_POINT('Ctrl Pts',(-104.465990661968,98.3993759822152,33.3893848244182));
#6120=CARTESIAN_POINT('Ctrl Pts',(-104.647021499588,97.473078831897,27.297275017192));
#6121=CARTESIAN_POINT('Ctrl Pts',(-104.828052337208,93.9644768377563,22.2336282601288));
#6122=CARTESIAN_POINT('Ctrl Pts',(-105.009083174828,88.5873143245166,19.2260790014878));
#6123=CARTESIAN_POINT('Ctrl Pts',(-105.190114012448,82.435672224284,18.8879808950056));
#6124=CARTESIAN_POINT('Ctrl Pts',(-105.371144850068,76.7611806072353,21.2871123854217));
#6125=CARTESIAN_POINT('Ctrl Pts',(-105.552175687688,72.7182977403192,25.9364632472894));
#6126=CARTESIAN_POINT('Ctrl Pts',(-105.733206525308,71.1297695638785,31.8882606299461));
#6127=CARTESIAN_POINT('Ctrl Pts',(-105.914237362927,72.3184230842478,37.9350130514556));
#6128=CARTESIAN_POINT('Ctrl Pts',(-106.095268200547,76.0431803088676,42.8395032625979));
#6129=CARTESIAN_POINT('Ctrl Pts',(-106.29641357568,82.1559918674878,45.9266946289479));
#6130=CARTESIAN_POINT('Ctrl Pts',(-106.517673488327,89.8205173711174,45.4419558594143));
#6131=CARTESIAN_POINT('Ctrl Pts',(-106.759047938487,96.3892032282412,40.2260706976914));
#6132=CARTESIAN_POINT('Ctrl Pts',(-106.980307851134,98.6068632561526,32.8744077162904));
#6133=CARTESIAN_POINT('Ctrl Pts',(-107.181453226267,96.9864139772209,26.2189940718996));
#6134=CARTESIAN_POINT('Ctrl Pts',(-107.362484063887,93.0578047911232,21.4778033233452));
#6135=CARTESIAN_POINT('Ctrl Pts',(-107.543514901507,87.4386065744481,18.9461535640676));
#6136=CARTESIAN_POINT('Ctrl Pts',(-107.724545739126,81.2818547754613,19.1409723222687));
#6137=CARTESIAN_POINT('Ctrl Pts',(-107.905576576746,75.8354093054189,22.0217204695035));
#6138=CARTESIAN_POINT('Ctrl Pts',(-108.086607414366,72.2097635983113,27.0027224273918));
#6139=CARTESIAN_POINT('Ctrl Pts',(-108.267638251986,71.1414348577533,33.0703235918506));
#6140=CARTESIAN_POINT('Ctrl Pts',(-108.448669089606,72.8483550271835,38.9901139119594));
#6141=CARTESIAN_POINT('Ctrl Pts',(-108.629699927226,76.9829535607007,43.5575975095217));
#6142=CARTESIAN_POINT('Ctrl Pts',(-108.810730764846,82.7041405824877,45.8434978489918));
#6143=CARTESIAN_POINT('Ctrl Pts',(-108.991761602466,88.847813121346,45.382711879048));
#6144=CARTESIAN_POINT('Ctrl Pts',(-109.172792440086,94.1640098761671,42.2689975675543));
#6145=CARTESIAN_POINT('Ctrl Pts',(-109.353823277706,97.5710786347577,37.1358696284291));
#6146=CARTESIAN_POINT('Ctrl Pts',(-109.534854115326,98.375823603466,31.0277181945225));
#6147=CARTESIAN_POINT('Ctrl Pts',(-109.715884952946,96.4145070510708,25.1873098911042));
#6148=CARTESIAN_POINT('Ctrl Pts',(-109.896915790565,92.0861813032878,20.8029373041379));
#6149=CARTESIAN_POINT('Ctrl Pts',(-110.077946628185,86.2714886019758,18.7666467650552));
#6150=CARTESIAN_POINT('Ctrl Pts',(-110.258977465805,80.1534895287998,19.4927429928458));
#6151=CARTESIAN_POINT('Ctrl Pts',(-110.440008303425,74.9769548243836,22.8334940647891));
#6152=CARTESIAN_POINT('Ctrl Pts',(-110.621039141045,71.7951047897787,28.1091892152355));
#6153=CARTESIAN_POINT('Ctrl Pts',(-110.802069978665,71.2553200734906,34.2464330183549));
#6154=CARTESIAN_POINT('Ctrl Pts',(-110.983100816285,73.4674255584109,39.996538960618));
#6155=CARTESIAN_POINT('Ctrl Pts',(-111.164131653905,77.9813452015644,44.1895877903192));
#6156=CARTESIAN_POINT('Ctrl Pts',(-111.345162491525,83.8786748076233,45.9724597956531));
#6157=CARTESIAN_POINT('Ctrl Pts',(-111.526193329145,89.9595408893116,44.9824110489163));
#6158=CARTESIAN_POINT('Ctrl Pts',(-111.707224166765,94.9867276277855,41.4208772321911));
#6159=CARTESIAN_POINT('Ctrl Pts',(-111.888255004385,97.9374011314507,36.012489899881));
#6160=CARTESIAN_POINT('Ctrl Pts',(-112.069285842004,98.2112162066436,29.8576416610116));
#6161=CARTESIAN_POINT('Ctrl Pts',(-112.250316679624,95.752461849739,24.2086016960669));
#6162=CARTESIAN_POINT('Ctrl Pts',(-112.431347517244,91.0613983142395,20.2147245829894));
#6163=CARTESIAN_POINT('Ctrl Pts',(-112.612378354864,85.0924696928637,18.6886100041176));
#6164=CARTESIAN_POINT('Ctrl Pts',(-112.793409192484,79.0601208825508,19.9407546953697));
#6165=CARTESIAN_POINT('Ctrl Pts',(-112.974440030104,74.1916885359192,23.7164114703931));
#6166=CARTESIAN_POINT('Ctrl Pts',(-113.155470867724,71.4777222148151,29.2473533867763));
#6167=CARTESIAN_POINT('Ctrl Pts',(-113.336501705344,71.4703741755634,35.4083135213879));
#6168=CARTESIAN_POINT('Ctrl Pts',(-113.517532542964,74.1712058063418,40.9456556502594));
#6169=CARTESIAN_POINT('Ctrl Pts',(-113.698563380584,79.0305696255775,44.7330026404558));
#6170=CARTESIAN_POINT('Ctrl Pts',(-113.879594218204,85.0600517368618,45.9992636827341));
#6171=CARTESIAN_POINT('Ctrl Pts',(-114.060625055824,91.0323345108949,44.4878575851031));
#6172=CARTESIAN_POINT('Ctrl Pts',(-114.22154135593,95.2110461944764,40.9466904351061));
#6173=CARTESIAN_POINT('Ctrl Pts',(-114.362343118523,97.4224288320192,36.7744202522981));
#6174=CARTESIAN_POINT('Ctrl Pts',(-114.52325941863,98.4292517672991,31.4700322421296));
#6175=CARTESIAN_POINT('Ctrl Pts',(-114.724404793763,96.5745300618487,24.7368878894921));
#6176=CARTESIAN_POINT('Ctrl Pts',(-114.94566470641,90.6667641812869,19.8232966653035));
#6177=CARTESIAN_POINT('Ctrl Pts',(-115.146810081543,83.9104392191647,18.7151386516267));
#6178=CARTESIAN_POINT('Ctrl Pts',(-115.327840919163,78.0099068912771,20.4804773999504));
#6179=CARTESIAN_POINT('Ctrl Pts',(-115.508871756783,73.4854742781825,24.6643266567195));
#6180=CARTESIAN_POINT('Ctrl Pts',(-115.689902594403,71.2600491311771,30.4087083211448));
#6181=CARTESIAN_POINT('Ctrl Pts',(-115.870933432023,71.784854125475,36.5467796901475));
#6182=CARTESIAN_POINT('Ctrl Pts',(-116.051964269642,74.9547084550039,41.8315875775934));
#6183=CARTESIAN_POINT('Ctrl Pts',(-116.232995107263,80.1221982146276,45.181165243837));
#6184=CARTESIAN_POINT('Ctrl Pts',(-116.434140482396,86.920471073109,46.012134982469));
#6185=CARTESIAN_POINT('Ctrl Pts',(-116.655400395042,93.9645725066234,42.9539616164069));
#6186=CARTESIAN_POINT('Ctrl Pts',(-116.896774845202,98.3760313576443,35.8213636871616));
#6187=CARTESIAN_POINT('Ctrl Pts',(-117.138149295362,97.9311247829626,27.4526010907123));
#6188=CARTESIAN_POINT('Ctrl Pts',(-117.379523745522,92.7979012755968,20.8272089312171));
#6189=CARTESIAN_POINT('Ctrl Pts',(-117.620898195682,84.7981590627805,18.3103914715473));
#6190=CARTESIAN_POINT('Ctrl Pts',(-117.835453262491,77.691088426326,20.5305654871229));
#6191=CARTESIAN_POINT('Ctrl Pts',(-118.023188945948,73.3004574292078,25.1302142997859));
#6192=CARTESIAN_POINT('Ctrl Pts',(-118.184105246055,71.3887788336668,30.2255520156331));
#6193=CARTESIAN_POINT('Ctrl Pts',(-118.371840929513,71.6705470769019,36.5782643671374));
#6194=CARTESIAN_POINT('Ctrl Pts',(-118.586395996321,75.5624870935536,42.9251901113233));
#6195=CARTESIAN_POINT('Ctrl Pts',(-118.827770446481,83.2456492807922,46.2914767195713));
#6196=CARTESIAN_POINT('Ctrl Pts',(-119.069144896641,91.4660442042668,44.6781844669954));
#6197=CARTESIAN_POINT('Ctrl Pts',(-119.320576615558,97.5565579320069,38.4157879782172));
#6198=CARTESIAN_POINT('Ctrl Pts',(-119.582065603231,98.7172594496353,29.2998231756252));
#6199=CARTESIAN_POINT('Ctrl Pts',(-119.853611859661,93.6730604569654,21.190855850275));
#6200=CARTESIAN_POINT('Ctrl Pts',(-120.125158116091,84.6485664987311,18.0808168165774));
#6201=CARTESIAN_POINT('Ctrl Pts',(-120.396704372521,75.681695718699,21.3586134463488));
#6202=CARTESIAN_POINT('Ctrl Pts',(-120.66825062895,70.7916949077953,29.5580628764461));
#6203=CARTESIAN_POINT('Ctrl Pts',(-120.93979688538,72.1679032073114,39.004999505562));
#6204=CARTESIAN_POINT('Ctrl Pts',(-121.21134314181,79.1944418320404,45.4680732238057));
#6205=CARTESIAN_POINT('Ctrl Pts',(-121.48288939824,88.7233499575233,46.0517672892809));
#6206=CARTESIAN_POINT('Ctrl Pts',(-121.75443565467,96.4861611812601,40.4947492135507));
#6207=CARTESIAN_POINT('Ctrl Pts',(-122.0259819111,99.0053215847995,31.2863006170942));
#6208=CARTESIAN_POINT('Ctrl Pts',(-122.29752816753,95.1523742212662,22.5515278743945));
#6209=CARTESIAN_POINT('Ctrl Pts',(-122.569074423959,86.6532870038426,18.2032915788999));
#6210=CARTESIAN_POINT('Ctrl Pts',(-122.840620680389,77.3153704730108,20.1894621635802));
#6211=CARTESIAN_POINT('Ctrl Pts',(-123.112166936819,71.3216863581252,27.6202984111998));
#6212=CARTESIAN_POINT('Ctrl Pts',(-123.383713193249,71.3572024696798,37.1670425057461));
#6213=CARTESIAN_POINT('Ctrl Pts',(-123.655259449679,77.4060078004595,44.5530786337229));
#6214=CARTESIAN_POINT('Ctrl Pts',(-123.926805706109,86.758444613902,46.4697161634438));
#6215=CARTESIAN_POINT('Ctrl Pts',(-124.198351962539,95.2249424239252,42.0583666088956));
#6216=CARTESIAN_POINT('Ctrl Pts',(-124.469898218969,99.0127974683558,33.2951640505859));
#6217=CARTESIAN_POINT('Ctrl Pts',(-124.741444475398,96.4251856966994,24.1057225069654));
#6218=CARTESIAN_POINT('Ctrl Pts',(-125.012990731828,88.6212579377476,18.6065985452234));
#6219=CARTESIAN_POINT('Ctrl Pts',(-125.284536988258,79.096927772973,19.2612088738362));
#6220=CARTESIAN_POINT('Ctrl Pts',(-125.556083244688,72.1187274334791,25.7763155234404));
#6221=CARTESIAN_POINT('Ctrl Pts',(-125.827629501118,70.8127339172654,35.2333638049699));
#6222=CARTESIAN_POINT('Ctrl Pts',(-126.099175757548,75.7638256365912,43.3959394264547));
#6223=CARTESIAN_POINT('Ctrl Pts',(-126.370722013978,84.7544024244961,46.6074492967754));
#6224=CARTESIAN_POINT('Ctrl Pts',(-126.642268270408,93.7563636893156,43.4293231316671));
#6225=CARTESIAN_POINT('Ctrl Pts',(-126.913814526837,98.7383814540384,35.2851024208046));
#6226=CARTESIAN_POINT('Ctrl Pts',(-127.185360783267,97.4662300486444,25.8234151446336));
#6227=CARTESIAN_POINT('Ctrl Pts',(-127.456907039697,90.5146482890241,19.2821941092924));
#6228=CARTESIAN_POINT('Ctrl Pts',(-127.728453296127,80.9878673572918,18.5927756946554));
#6229=CARTESIAN_POINT('Ctrl Pts',(-127.909484133747,75.7801198187039,22.2393128524614));
#6230=CARTESIAN_POINT('Ctrl Pts',(-127.999999552557,74.0374634963244,24.6833035757157));
#6231=CARTESIAN_POINT('Ctrl Pts',(-67.4490919258322,97.1106724640102,26.4589829650396));
#6232=CARTESIAN_POINT('Ctrl Pts',(-67.5396073446422,95.7719655521221,23.6540480000886));
#6233=CARTESIAN_POINT('Ctrl Pts',(-67.7206381822621,91.1153536155799,19.0011963859142));
#6234=CARTESIAN_POINT('Ctrl Pts',(-67.992184438692,81.2764797361594,17.9952864822269));
#6235=CARTESIAN_POINT('Ctrl Pts',(-68.2637306951219,73.0140106337118,23.418869313268));
#6236=CARTESIAN_POINT('Ctrl Pts',(-68.5352769515517,70.019411657045,32.8394854755503));
#6237=CARTESIAN_POINT('Ctrl Pts',(-68.8068232079816,73.6390113634243,42.0384836208674));
#6238=CARTESIAN_POINT('Ctrl Pts',(-69.0783694644115,82.2489053131591,46.8942858344366));
#6239=CARTESIAN_POINT('Ctrl Pts',(-69.3499157208413,91.9933958886534,45.2320350475453));
#6240=CARTESIAN_POINT('Ctrl Pts',(-69.6214619772712,98.50665614032,37.7961719968026));
#6241=CARTESIAN_POINT('Ctrl Pts',(-69.8930082337011,98.8712872606039,27.9178054860941));
#6242=CARTESIAN_POINT('Ctrl Pts',(-70.1645544901309,92.9237853300722,20.0220565053339));
#6243=CARTESIAN_POINT('Ctrl Pts',(-70.4361007465608,83.328509577576,17.6459751785654));
#6244=CARTESIAN_POINT('Ctrl Pts',(-70.7076470029907,74.3837735244532,21.8539519735467));
#6245=CARTESIAN_POINT('Ctrl Pts',(-70.9791932594206,70.0965337434986,30.7609637656364));
#6246=CARTESIAN_POINT('Ctrl Pts',(-71.2507395158505,72.3873163097389,40.3769708741362));
#6247=CARTESIAN_POINT('Ctrl Pts',(-71.5222857722802,80.2299342637968,46.394333076652));
#6248=CARTESIAN_POINT('Ctrl Pts',(-71.7938320287102,90.1111609029058,46.1174769988282));
#6249=CARTESIAN_POINT('Ctrl Pts',(-72.06537828514,97.6045455332961,39.6704256323864));
#6250=CARTESIAN_POINT('Ctrl Pts',(-72.33692454157,99.3533092628508,29.9412360412661));
#6251=CARTESIAN_POINT('Ctrl Pts',(-72.6084707979997,94.5740629913681,21.2882542496438));
#6252=CARTESIAN_POINT('Ctrl Pts',(-72.8800170544298,85.4077515166695,17.5877158120103));
#6253=CARTESIAN_POINT('Ctrl Pts',(-73.1515633108594,75.9605563426633,20.4973432174291));
#6254=CARTESIAN_POINT('Ctrl Pts',(-73.4231095672895,70.4645217909006,28.7137073579531));
#6255=CARTESIAN_POINT('Ctrl Pts',(-73.6946558237192,71.381635228838,38.5561891814703));
#6256=CARTESIAN_POINT('Ctrl Pts',(-73.9662020801493,78.3011558604782,45.6156330121208));
#6257=CARTESIAN_POINT('Ctrl Pts',(-74.2377483365789,88.1231886849383,46.7297694877523));
#6258=CARTESIAN_POINT('Ctrl Pts',(-74.5092945930089,96.4481672973723,41.399267337158));
#6259=CARTESIAN_POINT('Ctrl Pts',(-74.7808408494387,99.5460604066146,32.0124749910218));
#6260=CARTESIAN_POINT('Ctrl Pts',(-75.0523871058687,96.0305494635552,22.7734351605854));
#6261=CARTESIAN_POINT('Ctrl Pts',(-75.3239333622984,87.4736392968685,17.822734091461));
#6262=CARTESIAN_POINT('Ctrl Pts',(-75.5954796187284,77.7141090997733,19.3745359281226));
#6263=CARTESIAN_POINT('Ctrl Pts',(-75.8670258751582,71.1128077769014,26.7408135965989));
#6264=CARTESIAN_POINT('Ctrl Pts',(-76.1084003253181,70.7012734657971,35.5106665790106));
#6265=CARTESIAN_POINT('Ctrl Pts',(-76.319602969208,74.4198240363846,41.9640586402054));
#6266=CARTESIAN_POINT('Ctrl Pts',(-76.500633806828,79.6953873603591,45.5416611589347));
#6267=CARTESIAN_POINT('Ctrl Pts',(-76.6816646444479,86.0155106966952,46.4321670635505));
#6268=CARTESIAN_POINT('Ctrl Pts',(-76.8626954820678,92.0795113641486,44.4571084782349));
#6269=CARTESIAN_POINT('Ctrl Pts',(-77.0437263196877,96.6609792109915,40.0170358510025));
#6270=CARTESIAN_POINT('Ctrl Pts',(-77.2247571573076,98.8239313558082,34.0158754457088));
#6271=CARTESIAN_POINT('Ctrl Pts',(-77.4057879949275,98.1306062902393,27.6745411405451));
#6272=CARTESIAN_POINT('Ctrl Pts',(-77.5868188325474,94.7200583993022,22.282911590705));
#6273=CARTESIAN_POINT('Ctrl Pts',(-77.7678496701674,89.2889630403693,18.9388945359302));
#6274=CARTESIAN_POINT('Ctrl Pts',(-77.9488805077872,82.9373618571062,18.3208631844458));
#6275=CARTESIAN_POINT('Ctrl Pts',(-78.1299113454072,76.9673453743629,20.5586869753895));
#6276=CARTESIAN_POINT('Ctrl Pts',(-78.3310567205404,72.0857516958665,25.7032582992255));
#6277=CARTESIAN_POINT('Ctrl Pts',(-78.552316633187,70.2940181459019,33.4511938539277));
#6278=CARTESIAN_POINT('Ctrl Pts',(-78.7936910833468,73.5108187853657,41.5154334611876));
#6279=CARTESIAN_POINT('Ctrl Pts',(-79.0350655335068,80.7505582871474,46.3011554689349));
#6280=CARTESIAN_POINT('Ctrl Pts',(-79.2764399836666,89.4268400357329,46.1110987855633));
#6281=CARTESIAN_POINT('Ctrl Pts',(-79.5178144338265,96.447397266695,41.0032197318707));
#6282=CARTESIAN_POINT('Ctrl Pts',(-79.7390743464731,99.0612486018839,33.4920076692526));
#6283=CARTESIAN_POINT('Ctrl Pts',(-79.9402197216064,97.6739323657817,26.5386227067327));
#6284=CARTESIAN_POINT('Ctrl Pts',(-80.1212505592262,93.8145881519789,21.4597322813415));
#6285=CARTESIAN_POINT('Ctrl Pts',(-80.3022813968461,88.113553290578,18.6035033521395));
#6286=CARTESIAN_POINT('Ctrl Pts',(-80.513484040736,80.6672108594381,18.5112953490789));
#6287=CARTESIAN_POINT('Ctrl Pts',(-80.7548584908959,73.2151695662208,23.1540941214463));
#6288=CARTESIAN_POINT('Ctrl Pts',(-81.0264047473258,70.0124125462565,32.512543300438));
#6289=CARTESIAN_POINT('Ctrl Pts',(-81.2979510037556,73.4254260373828,41.7864866212334));
#6290=CARTESIAN_POINT('Ctrl Pts',(-81.5694972601855,81.9252051909503,46.834809097107));
#6291=CARTESIAN_POINT('Ctrl Pts',(-81.8410435166153,91.7041920308929,45.3893459534688));
#6292=CARTESIAN_POINT('Ctrl Pts',(-82.1125897730454,98.3816895272876,38.1010109528054));
#6293=CARTESIAN_POINT('Ctrl Pts',(-82.3841360294751,98.9664692399817,28.2329899615502));
#6294=CARTESIAN_POINT('Ctrl Pts',(-82.655682285905,93.1964621732136,20.2067341562831));
#6295=CARTESIAN_POINT('Ctrl Pts',(-82.9272285423348,83.6566391389646,17.6172001456682));
#6296=CARTESIAN_POINT('Ctrl Pts',(-83.1987747987648,74.6201133346504,21.6248119458251));
#6297=CARTESIAN_POINT('Ctrl Pts',(-83.4703210551946,70.1357278189158,30.4338326898059));
#6298=CARTESIAN_POINT('Ctrl Pts',(-83.7418673116245,72.2107790052885,40.0988715086598));
#6299=CARTESIAN_POINT('Ctrl Pts',(-84.0134135680544,79.9187814112463,46.2889289197839));
#6300=CARTESIAN_POINT('Ctrl Pts',(-84.2849598244842,89.800758329609,46.2337798656382));
#6301=CARTESIAN_POINT('Ctrl Pts',(-84.5565060809141,97.4419626688696,39.9527572579167));
#6302=CARTESIAN_POINT('Ctrl Pts',(-84.7978805310741,99.1775259453763,31.346509743434));
#6303=CARTESIAN_POINT('Ctrl Pts',(-85.0090831749638,96.4797090699413,24.4042013343021));
#6304=CARTESIAN_POINT('Ctrl Pts',(-85.1901140125839,91.8071156898862,20.0685641612708));
#6305=CARTESIAN_POINT('Ctrl Pts',(-85.3711448502037,85.6948997753413,18.2307369372378));
#6306=CARTESIAN_POINT('Ctrl Pts',(-85.5521756878237,79.4016293262105,19.2641857173939));
#6307=CARTESIAN_POINT('Ctrl Pts',(-85.7332065254435,74.2003621799035,22.9588416162796));
#6308=CARTESIAN_POINT('Ctrl Pts',(-85.9142373630635,71.152997003764,28.5629602065686));
#6309=CARTESIAN_POINT('Ctrl Pts',(-86.0952682006834,70.8777153199717,34.9361977612817));
#6310=CARTESIAN_POINT('Ctrl Pts',(-86.2762990383033,73.4315199662789,40.7822015427091));
#6311=CARTESIAN_POINT('Ctrl Pts',(-86.4573298759232,78.2941388360316,44.9107876484021));
#6312=CARTESIAN_POINT('Ctrl Pts',(-86.6383607135432,84.4769345718751,46.4835150044958));
#6313=CARTESIAN_POINT('Ctrl Pts',(-86.819391551163,90.7209418681327,45.1779255461799));
#6314=CARTESIAN_POINT('Ctrl Pts',(-87.0004223887831,95.7569407749826,41.2620772882562));
#6315=CARTESIAN_POINT('Ctrl Pts',(-87.1814532264028,98.559402317865,35.5313828399296));
#6316=CARTESIAN_POINT('Ctrl Pts',(-87.3624840640228,98.5585558098823,29.1521386480454));
#6317=CARTESIAN_POINT('Ctrl Pts',(-87.5435149016427,95.7544203304953,23.4222351692846));
#6318=CARTESIAN_POINT('Ctrl Pts',(-87.7245457392626,90.717601625324,19.5074943956012));
#6319=CARTESIAN_POINT('Ctrl Pts',(-87.9055765768825,84.472854491942,18.2044047522925));
#6320=CARTESIAN_POINT('Ctrl Pts',(-88.0866074145024,78.2907612278972,19.7780977948547));
#6321=CARTESIAN_POINT('Ctrl Pts',(-88.2676382521224,73.4291137573934,23.9083848117429));
#6322=CARTESIAN_POINT('Ctrl Pts',(-88.4486690897423,70.8770917768956,29.7549224186321));
#6323=CARTESIAN_POINT('Ctrl Pts',(-88.6296999273621,71.153883326338,36.1281586389451));
#6324=CARTESIAN_POINT('Ctrl Pts',(-88.8107307649821,74.2032657855194,41.7314171173031));
#6325=CARTESIAN_POINT('Ctrl Pts',(-88.991761602602,79.404621667922,45.4246050540097));
#6326=CARTESIAN_POINT('Ctrl Pts',(-89.1727924402219,85.7000638312214,46.45640871918));
#6327=CARTESIAN_POINT('Ctrl Pts',(-89.3538232778419,91.8079409475541,44.6166860317125));
#6328=CARTESIAN_POINT('Ctrl Pts',(-89.5348541154617,96.4871335511295,40.2801772367617));
#6329=CARTESIAN_POINT('Ctrl Pts',(-89.7158849530816,98.7830397102883,34.3286109048003));
#6330=CARTESIAN_POINT('Ctrl Pts',(-89.8969157907017,98.2311879147746,27.9732544391042));
#6331=CARTESIAN_POINT('Ctrl Pts',(-90.0779466283214,94.9422822683553,22.5071986135458));
#6332=CARTESIAN_POINT('Ctrl Pts',(-90.2589774659414,89.5859808160948,19.0424054231096));
#6333=CARTESIAN_POINT('Ctrl Pts',(-90.4400083035613,83.2519713773808,18.2839280732065));
#6334=CARTESIAN_POINT('Ctrl Pts',(-90.6210391411812,77.2290237475091,20.3860343079817));
#6335=CARTESIAN_POINT('Ctrl Pts',(-90.8020699788012,72.7425459318422,24.9210544479173));
#6336=CARTESIAN_POINT('Ctrl Pts',(-90.983100816421,70.705370472095,30.9662784555348));
#6337=CARTESIAN_POINT('Ctrl Pts',(-91.164131654041,71.5319763206418,37.2917484533138));
#6338=CARTESIAN_POINT('Ctrl Pts',(-91.3451624916609,75.0541846761309,42.6104782696997));
#6339=CARTESIAN_POINT('Ctrl Pts',(-91.5261933292808,80.5553639860837,45.8403181410627));
#6340=CARTESIAN_POINT('Ctrl Pts',(-91.7072241669007,86.9162423984922,46.324122585908));
#6341=CARTESIAN_POINT('Ctrl Pts',(-91.8882550045206,92.842632263829,43.9634568884043));
#6342=CARTESIAN_POINT('Ctrl Pts',(-92.0692858421406,97.1287476749889,39.2386230234319));
#6343=CARTESIAN_POINT('Ctrl Pts',(-92.2503166797604,98.9025334923846,33.110938000866));
#6344=CARTESIAN_POINT('Ctrl Pts',(-92.4313475173803,97.8030944586264,26.8271434562075));
#6345=CARTESIAN_POINT('Ctrl Pts',(-92.6123783550003,94.0541229370526,21.6657432061881));
#6346=CARTESIAN_POINT('Ctrl Pts',(-92.7934091926202,88.4183864483859,18.6768781645753));
#6347=CARTESIAN_POINT('Ctrl Pts',(-92.9744400302402,82.042534584536,18.4686642243571));
#6348=CARTESIAN_POINT('Ctrl Pts',(-93.15547086786,76.2238011726017,21.0834646897474));
#6349=CARTESIAN_POINT('Ctrl Pts',(-93.33650170548,72.1460684423995,25.9892710276937));
#6350=CARTESIAN_POINT('Ctrl Pts',(-93.5175325430998,70.6389938305235,32.1879455730499));
#6351=CARTESIAN_POINT('Ctrl Pts',(-93.6985633807198,72.0092074148936,38.418303081801));
#6352=CARTESIAN_POINT('Ctrl Pts',(-93.8795942183396,75.9779249592701,43.412712090655));
#6353=CARTESIAN_POINT('Ctrl Pts',(-94.0606250559597,81.737669193084,46.1550077759925));
#6354=CARTESIAN_POINT('Ctrl Pts',(-94.2416558935794,88.1165601103525,46.0872413997667));
#6355=CARTESIAN_POINT('Ctrl Pts',(-94.4226867311995,93.8167450202285,43.2232006740605));
#6356=CARTESIAN_POINT('Ctrl Pts',(-94.6037175688192,97.6784627221706,38.145604808683));
#6357=CARTESIAN_POINT('Ctrl Pts',(-94.7847484064394,98.916004068506,31.8875435718692));
#6358=CARTESIAN_POINT('Ctrl Pts',(-94.965779244059,97.2775828857229,25.7222856105062));
#6359=CARTESIAN_POINT('Ctrl Pts',(-95.1468100816792,93.0965438170303,20.904216066977));
#6360=CARTESIAN_POINT('Ctrl Pts',(-95.327840919299,87.2235819667195,18.413623966367));
#6361=CARTESIAN_POINT('Ctrl Pts',(-95.5088717569189,80.853574402533,18.7572416123285));
#6362=CARTESIAN_POINT('Ctrl Pts',(-95.6899025945388,75.2826442320712,21.8651660365975));
#6363=CARTESIAN_POINT('Ctrl Pts',(-95.8709334321587,71.6440960587307,27.1050378578478));
#6364=CARTESIAN_POINT('Ctrl Pts',(-96.0519642697787,70.6785551035495,33.4107902028673));
#6365=CARTESIAN_POINT('Ctrl Pts',(-96.2329951073986,72.5818104859792,39.4993705140903));
#6366=CARTESIAN_POINT('Ctrl Pts',(-96.4140259450184,76.9679685601099,44.1321586377422));
#6367=CARTESIAN_POINT('Ctrl Pts',(-96.5950567826384,82.9418856461469,46.3662290754328));
#6368=CARTESIAN_POINT('Ctrl Pts',(-96.7760876202582,89.293667055487,45.7477203743527));
#6369=CARTESIAN_POINT('Ctrl Pts',(-96.9571184578783,94.7196791180291,42.4010912012346));
#6370=CARTESIAN_POINT('Ctrl Pts',(-97.1582638330113,98.5183125711448,36.4108680232753));
#6371=CARTESIAN_POINT('Ctrl Pts',(-97.3795237456581,98.7819648986897,28.4646180665927));
#6372=CARTESIAN_POINT('Ctrl Pts',(-97.6208981958179,94.0701291177423,21.1687543447029));
#6373=CARTESIAN_POINT('Ctrl Pts',(-97.8421581084645,86.7136258192555,18.1501888891396));
#6374=CARTESIAN_POINT('Ctrl Pts',(-98.0433034835978,79.6935032854868,19.149697371935));
#6375=CARTESIAN_POINT('Ctrl Pts',(-98.2243343212176,74.4127794214261,22.7242002400294));
#6376=CARTESIAN_POINT('Ctrl Pts',(-98.4053651588376,71.2404044227971,28.2605596709116));
#6377=CARTESIAN_POINT('Ctrl Pts',(-98.5863959964574,70.8235276195949,34.6253465356506));
#6378=CARTESIAN_POINT('Ctrl Pts',(-98.7674268340774,73.2460638419422,40.5270989551056));
#6379=CARTESIAN_POINT('Ctrl Pts',(-98.9484576716972,78.0157129406708,44.7631446606304));
#6380=CARTESIAN_POINT('Ctrl Pts',(-99.1294885093172,84.1614516393817,46.4728925380194));
#6381=CARTESIAN_POINT('Ctrl Pts',(-99.3105193469371,90.433760878008,45.3071500178032));
#6382=CARTESIAN_POINT('Ctrl Pts',(-99.491550184557,95.5547988171235,41.5051738799444));
#6383=CARTESIAN_POINT('Ctrl Pts',(-99.6725810221769,98.4859714140761,35.8366024830953));
#6384=CARTESIAN_POINT('Ctrl Pts',(-99.8536118597968,98.6241592382263,29.462575942506));
#6385=CARTESIAN_POINT('Ctrl Pts',(-100.05475723493,95.6582075064233,23.0199254016188));
#6386=CARTESIAN_POINT('Ctrl Pts',(-100.276017147577,89.1300884188044,18.4810329171123));
#6387=CARTESIAN_POINT('Ctrl Pts',(-100.517391597737,80.4451960187915,18.4737782099736));
#6388=CARTESIAN_POINT('Ctrl Pts',(-100.738651510383,73.9142307082124,23.0103441284207));
#6389=CARTESIAN_POINT('Ctrl Pts',(-100.939796885516,70.9398596846883,29.4471788962568));
#6390=CARTESIAN_POINT('Ctrl Pts',(-101.120827723136,71.0721186284903,35.8225997567975));
#6391=CARTESIAN_POINT('Ctrl Pts',(-101.301858560756,73.9969395732713,41.4936235095894));
#6392=CARTESIAN_POINT('Ctrl Pts',(-101.482889398376,79.1141680717321,45.3013112094072));
#6393=CARTESIAN_POINT('Ctrl Pts',(-101.663920235996,85.3851467790728,46.4734558042332));
#6394=CARTESIAN_POINT('Ctrl Pts',(-101.844951073616,91.5327420083402,44.7703424344855));
#6395=CARTESIAN_POINT('Ctrl Pts',(-102.025981911236,96.3067907127859,40.5390875550827));
#6396=CARTESIAN_POINT('Ctrl Pts',(-102.207012748856,98.735609634027,34.6402977302417));
#6397=CARTESIAN_POINT('Ctrl Pts',(-102.388043586476,98.3252924908043,28.274267199854));
#6398=CARTESIAN_POINT('Ctrl Pts',(-102.569074424096,95.1590128717994,22.7362056122662));
#6399=CARTESIAN_POINT('Ctrl Pts',(-102.750105261716,89.8815036230307,19.1528313784782));
#6400=CARTESIAN_POINT('Ctrl Pts',(-102.931136099335,83.5655250645076,18.2533924739885));
#6401=CARTESIAN_POINT('Ctrl Pts',(-103.112166936955,77.4981459251036,20.2205103559843));
#6402=CARTESIAN_POINT('Ctrl Pts',(-103.293197774575,72.9097476178745,24.6547390641568));
#6403=CARTESIAN_POINT('Ctrl Pts',(-103.474228612195,70.7422028003831,30.6522729135244));
#6404=CARTESIAN_POINT('Ctrl Pts',(-103.675373987328,71.4949751021998,37.7012320990836));
#6405=CARTESIAN_POINT('Ctrl Pts',(-103.896633899975,76.2321716858261,44.0944649387184));
#6406=CARTESIAN_POINT('Ctrl Pts',(-104.077664737595,82.3987400350115,46.1712658255451));
#6407=CARTESIAN_POINT('Ctrl Pts',(-104.238581037701,87.9323939323432,45.8691316193761));
#6408=CARTESIAN_POINT('Ctrl Pts',(-104.379382800295,92.5817445562703,44.1438275663468));
#6409=CARTESIAN_POINT('Ctrl Pts',(-104.560413637915,96.9718604220862,39.5105476158859));
#6410=CARTESIAN_POINT('Ctrl Pts',(-104.741444475535,98.8819570084364,33.4264402514873));
#6411=CARTESIAN_POINT('Ctrl Pts',(-104.922475313154,97.9228361792826,27.1184543016272));
#6412=CARTESIAN_POINT('Ctrl Pts',(-105.103506150774,94.2899055882353,21.8753753668512));
#6413=CARTESIAN_POINT('Ctrl Pts',(-105.284536988394,88.7222013516182,18.7612524985279));
#6414=CARTESIAN_POINT('Ctrl Pts',(-105.465567826014,82.3525735601415,18.411173761793));
#6415=CARTESIAN_POINT('Ctrl Pts',(-105.646598663634,76.4770042540064,20.8953193554035));
#6416=CARTESIAN_POINT('Ctrl Pts',(-105.827629501254,72.2908603517433,25.7094216681759));
#6417=CARTESIAN_POINT('Ctrl Pts',(-106.008660338874,70.646042097473,31.8721231713038));
#6418=CARTESIAN_POINT('Ctrl Pts',(-106.189691176494,71.876815990755,38.1331444798693));
#6419=CARTESIAN_POINT('Ctrl Pts',(-106.370722014114,75.7335613520537,43.2114270982188));
#6420=CARTESIAN_POINT('Ctrl Pts',(-106.571867389247,82.0629826274518,46.4080142215115));
#6421=CARTESIAN_POINT('Ctrl Pts',(-106.793127301894,89.9991033999124,45.9060985561137));
#6422=CARTESIAN_POINT('Ctrl Pts',(-107.034501752053,96.8005530465743,40.5053865930422));
#6423=CARTESIAN_POINT('Ctrl Pts',(-107.2557616647,99.0967966699307,32.8932147408905));
#6424=CARTESIAN_POINT('Ctrl Pts',(-107.456907039833,97.4189261772098,26.0019640760508));
#6425=CARTESIAN_POINT('Ctrl Pts',(-107.637937877453,93.3511052855046,21.0927674965647));
#6426=CARTESIAN_POINT('Ctrl Pts',(-107.818968715073,87.5327887216402,18.4714078006926));
#6427=CARTESIAN_POINT('Ctrl Pts',(-107.999999552693,81.157870167362,18.6731300329551));
#6428=CARTESIAN_POINT('Ctrl Pts',(-108.181030390313,75.5184279069889,21.6559585460407));
#6429=CARTESIAN_POINT('Ctrl Pts',(-108.362061227933,71.764306116131,26.8134641329091));
#6430=CARTESIAN_POINT('Ctrl Pts',(-108.543092065553,70.6581207553094,33.0960729672676));
#6431=CARTESIAN_POINT('Ctrl Pts',(-108.724122903173,72.4255262662092,39.2256332258615));
#6432=CARTESIAN_POINT('Ctrl Pts',(-108.905153740792,76.706635813316,43.954967277829));
#6433=CARTESIAN_POINT('Ctrl Pts',(-109.086184578412,82.6305551929613,46.3218693331817));
#6434=CARTESIAN_POINT('Ctrl Pts',(-109.267215416032,88.9919310187371,45.8447552436015));
#6435=CARTESIAN_POINT('Ctrl Pts',(-109.448246253652,94.4965091529535,42.6207053248879));
#6436=CARTESIAN_POINT('Ctrl Pts',(-109.629277091272,98.0243086410562,37.3056831169119));
#6437=CARTESIAN_POINT('Ctrl Pts',(-109.810307928892,98.8575700425185,30.9810870994537));
#6438=CARTESIAN_POINT('Ctrl Pts',(-109.991338766512,96.826753519635,24.9337217883903));
#6439=CARTESIAN_POINT('Ctrl Pts',(-110.172369604132,92.34505196346,20.393987352755));
#6440=CARTESIAN_POINT('Ctrl Pts',(-110.353400441752,86.3243134962838,18.2855401125016));
#6441=CARTESIAN_POINT('Ctrl Pts',(-110.534431279372,79.9895208848511,19.037365826102));
#6442=CARTESIAN_POINT('Ctrl Pts',(-110.715462116992,74.6295537769556,22.4964976360378));
#6443=CARTESIAN_POINT('Ctrl Pts',(-110.896492954612,71.3349537208235,27.9591389766924));
#6444=CARTESIAN_POINT('Ctrl Pts',(-111.077523792231,70.7760415353839,34.3138582621235));
#6445=CARTESIAN_POINT('Ctrl Pts',(-111.258554629851,73.0665337884839,40.2677213147852));
#6446=CARTESIAN_POINT('Ctrl Pts',(-111.439585467471,77.7404058276968,44.6093523657324));
#6447=CARTESIAN_POINT('Ctrl Pts',(-111.620616305091,83.846709468611,46.4554010936634));
#6448=CARTESIAN_POINT('Ctrl Pts',(-111.801647142711,90.1430532674,45.4302696069188));
#6449=CARTESIAN_POINT('Ctrl Pts',(-111.982677980331,95.3483802094724,41.7425315347643));
#6450=CARTESIAN_POINT('Ctrl Pts',(-112.163708817951,98.4036119096078,36.1424960161748));
#6451=CARTESIAN_POINT('Ctrl Pts',(-112.344739655571,98.6871297222921,29.7695484753644));
#6452=CARTESIAN_POINT('Ctrl Pts',(-112.525770493191,96.1412485040787,23.9203327099489));
#6453=CARTESIAN_POINT('Ctrl Pts',(-112.706801330811,91.2839554138042,19.7849310983631));
#6454=CARTESIAN_POINT('Ctrl Pts',(-112.887832168431,85.1035156202379,18.2047380903544));
#6455=CARTESIAN_POINT('Ctrl Pts',(-113.068863006051,78.857408320108,19.501252987417));
#6456=CARTESIAN_POINT('Ctrl Pts',(-113.24989384367,73.8164612899066,23.4107015433329));
#6457=CARTESIAN_POINT('Ctrl Pts',(-113.43092468129,71.0063245780549,29.1376344125754));
#6458=CARTESIAN_POINT('Ctrl Pts',(-113.61195551891,70.9987161583406,35.5169104263925));
#6459=CARTESIAN_POINT('Ctrl Pts',(-113.79298635653,73.7952527473036,41.2504703019973));
#6460=CARTESIAN_POINT('Ctrl Pts',(-113.97401719415,78.8268099035187,45.1720233201432));
#6461=CARTESIAN_POINT('Ctrl Pts',(-114.15504803177,85.06994892209,46.4831547863016));
#6462=CARTESIAN_POINT('Ctrl Pts',(-114.33607886939,91.2538617239417,44.9181914599544));
#6463=CARTESIAN_POINT('Ctrl Pts',(-114.496995169497,95.5806475867445,41.2515417548242));
#6464=CARTESIAN_POINT('Ctrl Pts',(-114.63779693209,97.8703913781055,36.9314256497343));
#6465=CARTESIAN_POINT('Ctrl Pts',(-114.798713232196,98.9128914529085,31.4390747073629));
#6466=CARTESIAN_POINT('Ctrl Pts',(-114.99985860733,96.9924470044182,24.4673389181558));
#6467=CARTESIAN_POINT('Ctrl Pts',(-115.221118519976,90.8753372757911,19.3796327890291));
#6468=CARTESIAN_POINT('Ctrl Pts',(-115.422263895109,83.8795994637113,18.2322067902057));
#6469=CARTESIAN_POINT('Ctrl Pts',(-115.603294732729,77.769979611347,20.0601009637416));
#6470=CARTESIAN_POINT('Ctrl Pts',(-115.784325570349,73.0852220712522,24.3922064515198));
#6471=CARTESIAN_POINT('Ctrl Pts',(-115.965356407969,70.7809381689618,30.3401423844618));
#6472=CARTESIAN_POINT('Ctrl Pts',(-116.146387245589,71.3243398204753,36.6957185608763));
#6473=CARTESIAN_POINT('Ctrl Pts',(-116.327418083209,74.6065190993275,42.1677955517041));
#6474=CARTESIAN_POINT('Ctrl Pts',(-116.508448920829,79.957120751499,45.6360667295427));
#6475=CARTESIAN_POINT('Ctrl Pts',(-116.709594295962,86.9962928990114,46.4964821852575));
#6476=CARTESIAN_POINT('Ctrl Pts',(-116.930854208609,94.2900046471638,43.3299413257225));
#6477=CARTESIAN_POINT('Ctrl Pts',(-117.172228658768,98.8577851585423,35.9445971760958));
#6478=CARTESIAN_POINT('Ctrl Pts',(-117.413603108929,98.397113156412,27.2792844114605));
#6479=CARTESIAN_POINT('Ctrl Pts',(-117.654977559088,93.0819919936997,20.4191190538308));
#6480=CARTESIAN_POINT('Ctrl Pts',(-117.896352009248,84.7987759851682,17.8131172455364));
#6481=CARTESIAN_POINT('Ctrl Pts',(-118.110907076057,77.4398636973032,20.1119639406309));
#6482=CARTESIAN_POINT('Ctrl Pts',(-118.298642759515,72.89364908246,24.8746029938787));
#6483=CARTESIAN_POINT('Ctrl Pts',(-118.459559059621,70.9142294556145,30.1504958681719));
#6484=CARTESIAN_POINT('Ctrl Pts',(-118.647294743079,71.2059822597639,36.7283189089287));
#6485=CARTESIAN_POINT('Ctrl Pts',(-118.861849809888,75.2358345965711,43.3001502918167));
#6486=CARTESIAN_POINT('Ctrl Pts',(-119.103224260048,83.1912524503516,46.7857224991404));
#6487=CARTESIAN_POINT('Ctrl Pts',(-119.344598710208,91.7029400791713,45.1152626446257));
#6488=CARTESIAN_POINT('Ctrl Pts',(-119.596030429124,98.0092733918844,38.6309558422747));
#6489=CARTESIAN_POINT('Ctrl Pts',(-119.857519416798,99.2111047929688,29.1919634876126));
#6490=CARTESIAN_POINT('Ctrl Pts',(-120.129065673227,93.9881627612419,20.7956519346739));
#6491=CARTESIAN_POINT('Ctrl Pts',(-120.400611929657,84.643882553814,17.5754075285715));
#6492=CARTESIAN_POINT('Ctrl Pts',(-120.672158186087,75.3592674230164,20.9693540826162));
#6493=CARTESIAN_POINT('Ctrl Pts',(-120.943704442517,70.2959876421107,29.4593540068283));
#6494=CARTESIAN_POINT('Ctrl Pts',(-121.215250698947,71.720962386842,39.2410462959263));
#6495=CARTESIAN_POINT('Ctrl Pts',(-121.486796955377,78.9964889816461,45.9331413988793));
#6496=CARTESIAN_POINT('Ctrl Pts',(-121.758343211807,88.8630574571117,46.5375188773792));
#6497=CARTESIAN_POINT('Ctrl Pts',(-122.029889468236,96.9009467401754,40.7835858305312));
#6498=CARTESIAN_POINT('Ctrl Pts',(-122.301435724666,99.5093745154135,31.2488324848912));
#6499=CARTESIAN_POINT('Ctrl Pts',(-122.572981981096,95.5198965506715,22.204539870399));
#6500=CARTESIAN_POINT('Ctrl Pts',(-122.844528237526,86.719641064378,17.7022222289611));
#6501=CARTESIAN_POINT('Ctrl Pts',(-123.116074493956,77.0508320406823,19.7587734958681));
#6502=CARTESIAN_POINT('Ctrl Pts',(-123.387620750386,70.8447595336253,27.4529241479291));
#6503=CARTESIAN_POINT('Ctrl Pts',(-123.659167006815,70.8815341716029,37.3379606165555));
#6504=CARTESIAN_POINT('Ctrl Pts',(-123.930713263246,77.1446811350307,44.9857236403233));
#6505=CARTESIAN_POINT('Ctrl Pts',(-124.202259519675,86.8285249728703,46.9702779229978));
#6506=CARTESIAN_POINT('Ctrl Pts',(-124.473805776105,95.5950362341741,42.4026105810525));
#6507=CARTESIAN_POINT('Ctrl Pts',(-124.745352032535,99.5171153096422,33.3288807300201));
#6508=CARTESIAN_POINT('Ctrl Pts',(-125.016898288965,96.837810566983,23.8138079590957));
#6509=CARTESIAN_POINT('Ctrl Pts',(-125.288444545395,88.757347769218,18.1198205253725));
#6510=CARTESIAN_POINT('Ctrl Pts',(-125.559990801825,78.895519476175,18.7976272107715));
#6511=CARTESIAN_POINT('Ctrl Pts',(-125.831537058254,71.6700440514504,25.5435990510682));
#6512=CARTESIAN_POINT('Ctrl Pts',(-126.103083314684,70.3177721765881,35.335761302687));
#6513=CARTESIAN_POINT('Ctrl Pts',(-126.374629571114,75.4443076446341,43.7875807813712));
#6514=CARTESIAN_POINT('Ctrl Pts',(-126.646175827544,84.7534688143774,47.1128916803623));
#6515=CARTESIAN_POINT('Ctrl Pts',(-126.917722083974,94.0744178741453,43.8221474504067));
#6516=CARTESIAN_POINT('Ctrl Pts',(-127.189268340404,99.2329752633353,35.3893332953265));
#6517=CARTESIAN_POINT('Ctrl Pts',(-127.460814596834,97.9157447068868,25.5923676645916));
#6518=CARTESIAN_POINT('Ctrl Pts',(-127.732360853264,90.7178311011641,18.8193560657333));
#6519=CARTESIAN_POINT('Ctrl Pts',(-128.003907109693,80.8534651973387,18.1055078570311));
#6520=CARTESIAN_POINT('Ctrl Pts',(-128.184937947313,75.4611792170588,21.8812613947954));
#6521=CARTESIAN_POINT('Ctrl Pts',(-128.275453366123,73.6567712295393,24.4118558245921));
#6522=CARTESIAN_POINT('Ctrl Pts',(-67.7245457393987,97.5326353978645,26.2575933773416));
#6523=CARTESIAN_POINT('Ctrl Pts',(-67.8150611582087,96.1481143566246,23.356666039328));
#6524=CARTESIAN_POINT('Ctrl Pts',(-67.9960919958286,91.3321407108784,18.5445814042337));
#6525=CARTESIAN_POINT('Ctrl Pts',(-68.2676382522584,81.1565542645891,17.5042465744969));
#6526=CARTESIAN_POINT('Ctrl Pts',(-68.5391845086883,72.6113213810159,23.1134389091303));
#6527=CARTESIAN_POINT('Ctrl Pts',(-68.8107307651182,69.5142392217681,32.8564537410536));
#6528=CARTESIAN_POINT('Ctrl Pts',(-69.0822770215481,73.2577113065423,42.3702661950093));
#6529=CARTESIAN_POINT('Ctrl Pts',(-69.3538232779779,82.1622588444638,47.3922469415669));
#6530=CARTESIAN_POINT('Ctrl Pts',(-69.6253695344078,92.2402319378473,45.6731094889765));
#6531=CARTESIAN_POINT('Ctrl Pts',(-69.8969157908376,98.9763933675251,37.9827713260018));
#6532=CARTESIAN_POINT('Ctrl Pts',(-70.1684620472676,99.3535031395303,27.7663407050041));
#6533=CARTESIAN_POINT('Ctrl Pts',(-70.4400083036974,93.2024617932047,19.6003780860525));
#6534=CARTESIAN_POINT('Ctrl Pts',(-70.7115545601273,83.2788100529648,17.1429809041941));
#6535=CARTESIAN_POINT('Ctrl Pts',(-70.9831008165572,74.0279612197289,21.4949659144781));
#6536=CARTESIAN_POINT('Ctrl Pts',(-71.2546470729871,69.594000632194,30.7067994616185));
#6537=CARTESIAN_POINT('Ctrl Pts',(-71.5261933294169,71.9631799019058,40.6518920402863));
#6538=CARTESIAN_POINT('Ctrl Pts',(-71.7977395858468,80.074193208384,46.8751844638641));
#6539=CARTESIAN_POINT('Ctrl Pts',(-72.0692858422766,90.2935818390217,46.588853630925));
#6540=CARTESIAN_POINT('Ctrl Pts',(-72.3408320987066,98.043410123875,39.9211669315241));
#6541=CARTESIAN_POINT('Ctrl Pts',(-72.6123783551363,99.8520212233055,29.8590184631043));
#6542=CARTESIAN_POINT('Ctrl Pts',(-72.8839246115662,94.9092163678336,20.9099085021575));
#6543=CARTESIAN_POINT('Ctrl Pts',(-73.1554708679962,85.4292092097473,17.082727746368));
#6544=CARTESIAN_POINT('Ctrl Pts',(-73.4270171244259,75.6587057612644,20.0919303800414));
#6545=CARTESIAN_POINT('Ctrl Pts',(-73.698563380856,69.9745822143376,28.5894804666392));
#6546=CARTESIAN_POINT('Ctrl Pts',(-73.9701096372856,70.9230817258828,38.7687983305178));
#6547=CARTESIAN_POINT('Ctrl Pts',(-74.2416558937157,78.0794068518114,46.0698352013898));
#6548=CARTESIAN_POINT('Ctrl Pts',(-74.5132021501453,88.2375758972177,47.22210040569));
#6549=CARTESIAN_POINT('Ctrl Pts',(-74.7847484065755,96.8474575333186,41.7091742212251));
#6550=CARTESIAN_POINT('Ctrl Pts',(-75.0562946630051,100.0513688265,32.0011407468592));
#6551=CARTESIAN_POINT('Ctrl Pts',(-75.3278409194352,96.4155477007913,22.4459162742741));
#6552=CARTESIAN_POINT('Ctrl Pts',(-75.5993871758649,87.5657971926179,17.3257889796268));
#6553=CARTESIAN_POINT('Ctrl Pts',(-75.8709334322948,77.472269781576,18.9306976236423));
#6554=CARTESIAN_POINT('Ctrl Pts',(-76.1424796887246,70.6450542798722,26.5490690065436));
#6555=CARTESIAN_POINT('Ctrl Pts',(-76.3838541388846,70.2194361644682,35.6190498028659));
#6556=CARTESIAN_POINT('Ctrl Pts',(-76.5950567827745,74.065245476554,42.2932941925454));
#6557=CARTESIAN_POINT('Ctrl Pts',(-76.7760876203944,79.5213526808815,45.9933318336354));
#6558=CARTESIAN_POINT('Ctrl Pts',(-76.9571184580143,86.0577675336644,46.9143132309377));
#6559=CARTESIAN_POINT('Ctrl Pts',(-77.1381492956343,92.3292945151303,44.8716628608174));
#6560=CARTESIAN_POINT('Ctrl Pts',(-77.3191801332541,97.0675524395418,40.2796390784302));
#6561=CARTESIAN_POINT('Ctrl Pts',(-77.5002109708741,99.3045265890735,34.0731029208885));
#6562=CARTESIAN_POINT('Ctrl Pts',(-77.681241808494,98.5874740862633,27.5147512032206));
#6563=CARTESIAN_POINT('Ctrl Pts',(-77.8622726461139,95.0602081289233,21.9386056764932));
#6564=CARTESIAN_POINT('Ctrl Pts',(-78.0433034837338,89.4432461676102,18.4801474183889));
#6565=CARTESIAN_POINT('Ctrl Pts',(-78.2243343213538,82.8742762118273,17.840965381845));
#6566=CARTESIAN_POINT('Ctrl Pts',(-78.4053651589736,76.6999498051243,20.1553734853923));
#6567=CARTESIAN_POINT('Ctrl Pts',(-78.6065105341069,71.6512949407601,25.4760057931497));
#6568=CARTESIAN_POINT('Ctrl Pts',(-78.8277704467535,69.7982434787918,33.4890964154472));
#6569=CARTESIAN_POINT('Ctrl Pts',(-79.0691448969132,73.1251316357596,41.8293158605712));
#6570=CARTESIAN_POINT('Ctrl Pts',(-79.3105193470732,80.6126343776216,46.7788180693149));
#6571=CARTESIAN_POINT('Ctrl Pts',(-79.5518937972331,89.5858416823479,46.5822571381512));
#6572=CARTESIAN_POINT('Ctrl Pts',(-79.7932682473929,96.8466611501328,41.2995728081125));
#6573=CARTESIAN_POINT('Ctrl Pts',(-80.0145281600396,99.5499654657414,33.5313069886421));
#6574=CARTESIAN_POINT('Ctrl Pts',(-80.2156735351728,98.1151715592632,26.3399586039));
#6575=CARTESIAN_POINT('Ctrl Pts',(-80.3967043727927,94.1237502691012,21.08725497052));
#6576=CARTESIAN_POINT('Ctrl Pts',(-80.5777352104125,88.2276107539038,18.1332782516722));
#6577=CARTESIAN_POINT('Ctrl Pts',(-80.7889378543026,80.5264345781197,18.0379146442429));
#6578=CARTESIAN_POINT('Ctrl Pts',(-81.0303123044623,72.8193645099628,22.8396024024087));
#6579=CARTESIAN_POINT('Ctrl Pts',(-81.3018585608924,69.5070005826973,32.5183227306793));
#6580=CARTESIAN_POINT('Ctrl Pts',(-81.5734048173221,73.0368165196563,42.1096451843726));
#6581=CARTESIAN_POINT('Ctrl Pts',(-81.844951073752,81.8274808387104,47.330734751284));
#6582=CARTESIAN_POINT('Ctrl Pts',(-82.1164973301819,91.9411307509324,45.8358039946472));
#6583=CARTESIAN_POINT('Ctrl Pts',(-82.3880435866118,98.8471500629156,38.2980426860191));
#6584=CARTESIAN_POINT('Ctrl Pts',(-82.6595898430415,99.4519425006968,28.0923116358075));
#6585=CARTESIAN_POINT('Ctrl Pts',(-82.9311360994715,93.4844703668779,19.7913758999244));
#6586=CARTESIAN_POINT('Ctrl Pts',(-83.2026823559013,83.6181690851481,17.1132211127455));
#6587=CARTESIAN_POINT('Ctrl Pts',(-83.4742286123313,74.2723892100491,21.2579841024372));
#6588=CARTESIAN_POINT('Ctrl Pts',(-83.7457748687611,69.6345360336515,30.3684730858384));
#6589=CARTESIAN_POINT('Ctrl Pts',(-84.017321125191,71.7806010189518,40.3642753710675));
#6590=CARTESIAN_POINT('Ctrl Pts',(-84.2888673816208,79.7523918733997,46.7661730949662));
#6591=CARTESIAN_POINT('Ctrl Pts',(-84.5604136380507,89.9725564598533,46.7091366927552));
#6592=CARTESIAN_POINT('Ctrl Pts',(-84.8319598944805,97.8752632391875,40.2131607000501));
#6593=CARTESIAN_POINT('Ctrl Pts',(-85.0733343446406,99.6702221307775,31.3123843881434));
#6594=CARTESIAN_POINT('Ctrl Pts',(-85.2845369885303,96.8800787496669,24.1324916260578));
#6595=CARTESIAN_POINT('Ctrl Pts',(-85.4655678261503,92.047576732687,19.6484773583066));
#6596=CARTESIAN_POINT('Ctrl Pts',(-85.6465986637702,85.7261844494777,17.7477547735188));
#6597=CARTESIAN_POINT('Ctrl Pts',(-85.8276295013901,79.2175414614876,18.8165709336982));
#6598=CARTESIAN_POINT('Ctrl Pts',(-86.00866033901,73.8382730486465,22.6376678345377));
#6599=CARTESIAN_POINT('Ctrl Pts',(-86.18969117663,70.6866188895178,28.433574344735));
#6600=CARTESIAN_POINT('Ctrl Pts',(-86.3707220142498,70.4019163305828,35.0249211264403));
#6601=CARTESIAN_POINT('Ctrl Pts',(-86.5517528518698,73.0431189990905,41.0709907856596));
#6602=CARTESIAN_POINT('Ctrl Pts',(-86.7327836894897,78.0721496860293,45.3408681450291));
#6603=CARTESIAN_POINT('Ctrl Pts',(-86.9138145271097,84.4665372207064,46.9674184356929));
#6604=CARTESIAN_POINT('Ctrl Pts',(-87.0948453647295,90.9242311390345,45.617148215821));
#6605=CARTESIAN_POINT('Ctrl Pts',(-87.2758762023494,96.1325753914449,41.5672891620933));
#6606=CARTESIAN_POINT('Ctrl Pts',(-87.4569070399694,99.0309446602745,35.6404750296154));
#6607=CARTESIAN_POINT('Ctrl Pts',(-87.6379378775892,99.0300691825256,29.0429160475571));
#6608=CARTESIAN_POINT('Ctrl Pts',(-87.8189687152093,96.1299686906092,23.116919953738));
#6609=CARTESIAN_POINT('Ctrl Pts',(-87.999999552829,90.9207765841873,19.0682062853221));
#6610=CARTESIAN_POINT('Ctrl Pts',(-88.181030390449,84.4623175095305,17.7205214308097));
#6611=CARTESIAN_POINT('Ctrl Pts',(-88.3620612280689,78.0686564871149,19.3480704563145));
#6612=CARTESIAN_POINT('Ctrl Pts',(-88.5430920656889,73.0406304433043,23.6197069366074));
#6613=CARTESIAN_POINT('Ctrl Pts',(-88.7241229033087,70.4012714481957,29.666328690223));
#6614=CARTESIAN_POINT('Ctrl Pts',(-88.9051537409287,70.6875355444196,36.2576740918612));
#6615=CARTESIAN_POINT('Ctrl Pts',(-89.0861845785485,73.841276023409,42.0526910547981));
#6616=CARTESIAN_POINT('Ctrl Pts',(-89.2672154161686,79.2206362091318,45.8722697558683));
#6617=CARTESIAN_POINT('Ctrl Pts',(-89.4482462537883,85.7315252331552,46.9393845008292));
#6618=CARTESIAN_POINT('Ctrl Pts',(-89.6292770914084,92.0484302328783,45.036701584781));
#6619=CARTESIAN_POINT('Ctrl Pts',(-89.8103079290282,96.8877573164496,40.551785865878));
#6620=CARTESIAN_POINT('Ctrl Pts',(-89.9913387666481,99.2622355221266,34.3965410234402));
#6621=CARTESIAN_POINT('Ctrl Pts',(-90.1723696042681,98.6914978828796,27.8236872694205));
#6622=CARTESIAN_POINT('Ctrl Pts',(-90.353400441888,95.2900370928567,22.1705684008524));
#6623=CARTESIAN_POINT('Ctrl Pts',(-90.5344312795079,89.750428685652,18.587200724848));
#6624=CARTESIAN_POINT('Ctrl Pts',(-90.7154621171278,83.1996525109461,17.8027662523587));
#6625=CARTESIAN_POINT('Ctrl Pts',(-90.8964929547476,76.9705835117562,19.9768121821455));
#6626=CARTESIAN_POINT('Ctrl Pts',(-91.0775237923677,72.3305664313293,24.667032834948));
#6627=CARTESIAN_POINT('Ctrl Pts',(-91.2585546299875,70.2236733812743,30.9191405690824));
#6628=CARTESIAN_POINT('Ctrl Pts',(-91.4395854676075,71.0785678917619,37.461085060356));
#6629=CARTESIAN_POINT('Ctrl Pts',(-91.6206163052274,74.7213156332579,42.9618360298644));
#6630=CARTESIAN_POINT('Ctrl Pts',(-91.8016471428473,80.4107600057536,46.3022096561053));
#6631=CARTESIAN_POINT('Ctrl Pts',(-91.9826779804672,86.9893246822644,46.80257118243));
#6632=CARTESIAN_POINT('Ctrl Pts',(-92.1637088180871,93.1185314520842,44.3611171938813));
#6633=CARTESIAN_POINT('Ctrl Pts',(-92.344739655707,97.5513291908842,39.4745868829332));
#6634=CARTESIAN_POINT('Ctrl Pts',(-92.525770493327,99.3858187008943,33.1371960974722));
#6635=CARTESIAN_POINT('Ctrl Pts',(-92.7068013309467,98.2487539242201,26.6383533047378));
#6636=CARTESIAN_POINT('Ctrl Pts',(-92.8878321685669,94.3714825748794,21.3003161399534));
#6637=CARTESIAN_POINT('Ctrl Pts',(-93.0688630061866,88.5428761172966,18.2091641463458));
#6638=CARTESIAN_POINT('Ctrl Pts',(-93.2498938438066,81.9488255578066,17.9938245684654));
#6639=CARTESIAN_POINT('Ctrl Pts',(-93.4309246814266,75.9309595330278,20.698110496048));
#6640=CARTESIAN_POINT('Ctrl Pts',(-93.6119555190464,71.713675887607,25.7718066417971));
#6641=CARTESIAN_POINT('Ctrl Pts',(-93.7929863566663,70.1550251535806,32.1826164012979));
#6642=CARTESIAN_POINT('Ctrl Pts',(-93.9740171942862,71.572131109863,38.6261933999005));
#6643=CARTESIAN_POINT('Ctrl Pts',(-94.1550480319062,75.6766687783636,43.7915244368214));
#6644=CARTESIAN_POINT('Ctrl Pts',(-94.3360788695261,81.6335268576484,46.6276688116167));
#6645=CARTESIAN_POINT('Ctrl Pts',(-94.5171097071459,88.2307204750892,46.5575832888334));
#6646=CARTESIAN_POINT('Ctrl Pts',(-94.698140544766,94.1259809511483,43.5955274329216));
#6647=CARTESIAN_POINT('Ctrl Pts',(-94.8791713823857,98.1198569565589,38.3441626628596));
#6648=CARTESIAN_POINT('Ctrl Pts',(-95.0602022200058,99.3997502761424,31.8719338405583));
#6649=CARTESIAN_POINT('Ctrl Pts',(-95.2412330576255,97.7052579404174,25.4956842698891));
#6650=CARTESIAN_POINT('Ctrl Pts',(-95.4222638952456,93.3811325374298,20.5127275062128));
#6651=CARTESIAN_POINT('Ctrl Pts',(-95.6032947328654,87.3071822321414,17.9369006857053));
#6652=CARTESIAN_POINT('Ctrl Pts',(-95.7843255704854,80.7191759798736,18.2922778461203));
#6653=CARTESIAN_POINT('Ctrl Pts',(-95.9653564081053,74.957593685954,21.5065637527455));
#6654=CARTESIAN_POINT('Ctrl Pts',(-96.1463872457252,71.1945246670231,26.92575799571));
#6655=CARTESIAN_POINT('Ctrl Pts',(-96.3274180833451,70.1959403191305,33.4473100434345));
#6656=CARTESIAN_POINT('Ctrl Pts',(-96.5084489209651,72.1643301888074,39.7442578497901));
#6657=CARTESIAN_POINT('Ctrl Pts',(-96.6894797585849,76.7005943179533,44.5355923680795));
#6658=CARTESIAN_POINT('Ctrl Pts',(-96.8705105962049,82.8789548170228,46.8461186685915));
#6659=CARTESIAN_POINT('Ctrl Pts',(-97.0515414338247,89.4481111667003,46.2064429462726));
#6660=CARTESIAN_POINT('Ctrl Pts',(-97.2325722714448,95.0598158676311,42.7452831761524));
#6661=CARTESIAN_POINT('Ctrl Pts',(-97.4337176465779,98.9884487125742,36.5500585471033));
#6662=CARTESIAN_POINT('Ctrl Pts',(-97.6549775592244,99.2611239276018,28.3318666738267));
#6663=CARTESIAN_POINT('Ctrl Pts',(-97.8963520093845,94.3880365298625,20.7863189910049));
#6664=CARTESIAN_POINT('Ctrl Pts',(-98.1176119220309,86.779774022022,17.664450155882));
#6665=CARTESIAN_POINT('Ctrl Pts',(-98.3187572971643,79.5194041279304,18.6981644909907));
#6666=CARTESIAN_POINT('Ctrl Pts',(-98.499788134784,74.0579597760389,22.3949964031147));
#6667=CARTESIAN_POINT('Ctrl Pts',(-98.680818972404,70.7770176241005,28.1208248543266));
#6668=CARTESIAN_POINT('Ctrl Pts',(-98.861849810024,70.3458741822366,34.7034317408552));
#6669=CARTESIAN_POINT('Ctrl Pts',(-99.0428806476437,72.8513160703905,40.8071579055308));
#6670=CARTESIAN_POINT('Ctrl Pts',(-99.2239114852639,77.7841953122004,45.1881724195151));
#6671=CARTESIAN_POINT('Ctrl Pts',(-99.4049423228836,84.140257618868,46.9564324400161));
#6672=CARTESIAN_POINT('Ctrl Pts',(-99.5859731605036,90.6272220476934,45.750795094325));
#6673=CARTESIAN_POINT('Ctrl Pts',(-99.7670039981235,95.9235155953925,41.8187051690305));
#6674=CARTESIAN_POINT('Ctrl Pts',(-99.9480348357434,98.9550007546516,35.956140104928));
#6675=CARTESIAN_POINT('Ctrl Pts',(-100.129065673363,99.0979177355682,29.3639773361406));
#6676=CARTESIAN_POINT('Ctrl Pts',(-100.330211048497,96.0304632064874,22.7008420703094));
#6677=CARTESIAN_POINT('Ctrl Pts',(-100.551470961143,89.2789344317684,18.0066165509524));
#6678=CARTESIAN_POINT('Ctrl Pts',(-100.792845411303,80.2968217961036,17.9991135683411));
#6679=CARTESIAN_POINT('Ctrl Pts',(-101.01410532395,73.5423493930657,22.6909329003283));
#6680=CARTESIAN_POINT('Ctrl Pts',(-101.215250699083,70.4661874415935,29.3480533618069));
#6681=CARTESIAN_POINT('Ctrl Pts',(-101.396281536703,70.6029726400263,35.9416581679019));
#6682=CARTESIAN_POINT('Ctrl Pts',(-101.577312374323,73.6278887765963,41.8067595141238));
#6683=CARTESIAN_POINT('Ctrl Pts',(-101.758343211943,78.9202425143974,45.7447564662964));
#6684=CARTESIAN_POINT('Ctrl Pts',(-101.939374049562,85.4058308775998,46.9570149827056));
#6685=CARTESIAN_POINT('Ctrl Pts',(-102.120404887182,91.7638132502627,45.1956165204336));
#6686=CARTESIAN_POINT('Ctrl Pts',(-102.301435724802,96.7012426640591,40.8195567874489));
#6687=CARTESIAN_POINT('Ctrl Pts',(-102.482466562422,99.2131822618586,34.718894605295));
#6688=CARTESIAN_POINT('Ctrl Pts',(-102.663497400042,98.7888229690751,28.1350014915544));
#6689=CARTESIAN_POINT('Ctrl Pts',(-102.844528237662,95.5141847969466,22.4074126312839));
#6690=CARTESIAN_POINT('Ctrl Pts',(-103.025559075282,90.0560650730761,18.7014057516161));
#6691=CARTESIAN_POINT('Ctrl Pts',(-103.206589912902,83.5239368434837,17.7711856433032));
#6692=CARTESIAN_POINT('Ctrl Pts',(-103.387620750522,77.2489157697249,19.8056235580079));
#6693=CARTESIAN_POINT('Ctrl Pts',(-103.568651588142,72.5034902060454,24.3916034268021));
#6694=CARTESIAN_POINT('Ctrl Pts',(-103.749682425762,70.2617662103021,30.5943889179789));
#6695=CARTESIAN_POINT('Ctrl Pts',(-103.950827800895,71.0403003927077,37.8845823311756));
#6696=CARTESIAN_POINT('Ctrl Pts',(-104.172087713542,75.9396165075919,44.4966086899069));
#6697=CARTESIAN_POINT('Ctrl Pts',(-104.353118551161,82.3172213110578,46.6444832550884));
#6698=CARTESIAN_POINT('Ctrl Pts',(-104.514034851268,88.0402516381285,46.332009208675));
#6699=CARTESIAN_POINT('Ctrl Pts',(-104.654836613861,92.8487154697296,44.5476606386162));
#6700=CARTESIAN_POINT('Ctrl Pts',(-104.835867451481,97.3890728367732,39.7558174618895));
#6701=CARTESIAN_POINT('Ctrl Pts',(-105.016898289101,99.3645380346574,33.4634956785565));
#6702=CARTESIAN_POINT('Ctrl Pts',(-105.197929126721,98.3725935266683,26.9396335860624));
#6703=CARTESIAN_POINT('Ctrl Pts',(-105.378959964341,94.6153343387142,21.5171224735736));
#6704=CARTESIAN_POINT('Ctrl Pts',(-105.559990801961,88.8570883787198,18.2964259955681));
#6705=CARTESIAN_POINT('Ctrl Pts',(-105.741021639581,82.269474895999,17.9343666285804));
#6706=CARTESIAN_POINT('Ctrl Pts',(-105.922052477201,76.1928279007776,20.5035263253852));
#6707=CARTESIAN_POINT('Ctrl Pts',(-106.103083314821,71.8634229631675,25.4823800890624));
#6708=CARTESIAN_POINT('Ctrl Pts',(-106.28411415244,70.1623146310675,31.8559857126614));
#6709=CARTESIAN_POINT('Ctrl Pts',(-106.46514499006,71.4352088972623,38.3312759082831));
#6710=CARTESIAN_POINT('Ctrl Pts',(-106.64617582768,75.4239423952397,43.5833509338395));
#6711=CARTESIAN_POINT('Ctrl Pts',(-106.847321202813,81.9699733874158,46.8893338140752));
#6712=CARTESIAN_POINT('Ctrl Pts',(-107.06858111546,90.1776894287076,46.3702412528132));
#6713=CARTESIAN_POINT('Ctrl Pts',(-107.30995556562,97.2119028649072,40.7847024883931));
#6714=CARTESIAN_POINT('Ctrl Pts',(-107.531215478266,99.5867300837091,32.9120217654907));
#6715=CARTESIAN_POINT('Ctrl Pts',(-107.7323608534,97.8514383771985,25.7849340802019));
#6716=CARTESIAN_POINT('Ctrl Pts',(-107.91339169102,93.6444057798862,20.7077316697842));
#6717=CARTESIAN_POINT('Ctrl Pts',(-108.09442252864,87.6269708688322,17.9966620373176));
#6718=CARTESIAN_POINT('Ctrl Pts',(-108.275453366259,81.033885559263,18.2052877436415));
#6719=CARTESIAN_POINT('Ctrl Pts',(-108.456484203879,75.2014465085587,21.2901966225778));
#6720=CARTESIAN_POINT('Ctrl Pts',(-108.637515041499,71.3188486339508,26.6242058384264));
#6721=CARTESIAN_POINT('Ctrl Pts',(-108.818545879119,70.1748066528655,33.1218223426845));
#6722=CARTESIAN_POINT('Ctrl Pts',(-108.999576716739,72.0026975052349,39.4611525397637));
#6723=CARTESIAN_POINT('Ctrl Pts',(-109.180607554359,76.4303180659313,44.3523370461363));
#6724=CARTESIAN_POINT('Ctrl Pts',(-109.361638391979,82.556969803435,46.8002408173716));
#6725=CARTESIAN_POINT('Ctrl Pts',(-109.542669229599,89.136048916128,46.3067986081548));
#6726=CARTESIAN_POINT('Ctrl Pts',(-109.723700067219,94.82900842974,42.9724130822217));
#6727=CARTESIAN_POINT('Ctrl Pts',(-109.904730904839,98.4775386473546,37.4754966053947));
#6728=CARTESIAN_POINT('Ctrl Pts',(-110.085761742459,99.3393164815711,30.9344560043849));
#6729=CARTESIAN_POINT('Ctrl Pts',(-110.266792580079,97.2389999881991,24.6801336856763));
#6730=CARTESIAN_POINT('Ctrl Pts',(-110.447823417698,92.6039226236325,19.9850374013723));
#6731=CARTESIAN_POINT('Ctrl Pts',(-110.628854255318,86.3771383905915,17.8044334599481));
#6732=CARTESIAN_POINT('Ctrl Pts',(-110.809885092938,79.8255522409025,18.5819886593582));
#6733=CARTESIAN_POINT('Ctrl Pts',(-110.990915930558,74.2821527295274,22.1595012072865));
#6734=CARTESIAN_POINT('Ctrl Pts',(-111.171946768178,70.8748026518683,27.8090887381494));
#6735=CARTESIAN_POINT('Ctrl Pts',(-111.352977605798,70.2967629972773,34.381283505892));
#6736=CARTESIAN_POINT('Ctrl Pts',(-111.534008443418,72.6656420185568,40.5389036689525));
#6737=CARTESIAN_POINT('Ctrl Pts',(-111.715039281038,77.4994664538293,45.0291169411456));
#6738=CARTESIAN_POINT('Ctrl Pts',(-111.896070118658,83.8147441295986,46.9383423916735));
#6739=CARTESIAN_POINT('Ctrl Pts',(-112.077100956278,90.3265656454885,45.8781281649215));
#6740=CARTESIAN_POINT('Ctrl Pts',(-112.258131793898,95.7100327911591,42.0641858373375));
#6741=CARTESIAN_POINT('Ctrl Pts',(-112.439162631517,98.869822687765,36.2725021324687));
#6742=CARTESIAN_POINT('Ctrl Pts',(-112.620193469137,99.1630432379407,29.6814552897172));
#6743=CARTESIAN_POINT('Ctrl Pts',(-112.801224306757,96.5300351584182,23.6320637238309));
#6744=CARTESIAN_POINT('Ctrl Pts',(-112.982255144377,91.5065125133691,19.3551376137368));
#6745=CARTESIAN_POINT('Ctrl Pts',(-113.163285981997,85.1145615476122,17.7208661765912));
#6746=CARTESIAN_POINT('Ctrl Pts',(-113.344316819617,78.654695757665,19.0617512794644));
#6747=CARTESIAN_POINT('Ctrl Pts',(-113.525347657237,73.4412340438941,23.1049916162728));
#6748=CARTESIAN_POINT('Ctrl Pts',(-113.706378494857,70.5349269412947,29.0279154383744));
#6749=CARTESIAN_POINT('Ctrl Pts',(-113.887409332477,70.527058141118,35.6255073313972));
#6750=CARTESIAN_POINT('Ctrl Pts',(-114.068440170097,73.4192996882653,41.5552849537351));
#6751=CARTESIAN_POINT('Ctrl Pts',(-114.249471007717,78.62305018146,45.6110439998306));
#6752=CARTESIAN_POINT('Ctrl Pts',(-114.430501845337,85.0798461073181,46.967045889869));
#6753=CARTESIAN_POINT('Ctrl Pts',(-114.611532682956,91.4753889369885,45.3485253348058));
#6754=CARTESIAN_POINT('Ctrl Pts',(-114.772448983063,95.9502489790126,41.5563930745422));
#6755=CARTESIAN_POINT('Ctrl Pts',(-114.913250745656,98.3183539241915,37.0884310471706));
#6756=CARTESIAN_POINT('Ctrl Pts',(-115.074167045763,99.396531138518,31.4081171725961));
#6757=CARTESIAN_POINT('Ctrl Pts',(-115.275312420896,97.4103639469875,24.1977899468196));
#6758=CARTESIAN_POINT('Ctrl Pts',(-115.496572333543,91.0839103702955,18.9359689127548));
#6759=CARTESIAN_POINT('Ctrl Pts',(-115.697717708676,83.8487597082576,17.7492749287847));
#6760=CARTESIAN_POINT('Ctrl Pts',(-115.878748546296,77.530052331417,19.6397245275328));
#6761=CARTESIAN_POINT('Ctrl Pts',(-116.059779383916,72.6849698643217,24.1200862463202));
#6762=CARTESIAN_POINT('Ctrl Pts',(-116.240810221536,70.3018272067465,30.2715764477789));
#6763=CARTESIAN_POINT('Ctrl Pts',(-116.421841059156,70.8638255154755,36.8446574316052));
#6764=CARTESIAN_POINT('Ctrl Pts',(-116.602871896775,74.2583297436514,42.5040035258148));
#6765=CARTESIAN_POINT('Ctrl Pts',(-116.783902734395,79.7920432883701,46.0909682152483));
#6766=CARTESIAN_POINT('Ctrl Pts',(-116.985048109529,87.0721147249141,46.980829388046));
#6767=CARTESIAN_POINT('Ctrl Pts',(-117.206308022175,94.6154367877041,43.7059210350381));
#6768=CARTESIAN_POINT('Ctrl Pts',(-117.447682472335,99.3395389594403,36.0678306650301));
#6769=CARTESIAN_POINT('Ctrl Pts',(-117.689056922495,98.8631015298614,27.1059677322088));
#6770=CARTESIAN_POINT('Ctrl Pts',(-117.930431372655,93.3660827118026,20.0110291764445));
#6771=CARTESIAN_POINT('Ctrl Pts',(-118.171805822815,84.7993929075559,17.3158430195255));
#6772=CARTESIAN_POINT('Ctrl Pts',(-118.386360889624,77.1886389682806,19.6933623941389));
#6773=CARTESIAN_POINT('Ctrl Pts',(-118.574096573081,72.4868407357121,24.6189916879715));
#6774=CARTESIAN_POINT('Ctrl Pts',(-118.735012873188,70.4396800775623,30.0754397207107));
#6775=CARTESIAN_POINT('Ctrl Pts',(-118.922748556645,70.7414174426258,36.8783734507198));
#6776=CARTESIAN_POINT('Ctrl Pts',(-119.137303623454,74.9091820995888,43.6751104723103));
#6777=CARTESIAN_POINT('Ctrl Pts',(-119.378678073614,83.1368556199108,47.2799682787095));
#6778=CARTESIAN_POINT('Ctrl Pts',(-119.620052523774,91.9398359540761,45.5523408222559));
#6779=CARTESIAN_POINT('Ctrl Pts',(-119.871484242691,98.4619888517614,38.8461237063321));
#6780=CARTESIAN_POINT('Ctrl Pts',(-120.132973230364,99.7049501363029,29.0841037995999));
#6781=CARTESIAN_POINT('Ctrl Pts',(-120.404519486794,94.3032650655181,20.4004480190728));
#6782=CARTESIAN_POINT('Ctrl Pts',(-120.676065743224,84.6391986088969,17.0699982405657));
#6783=CARTESIAN_POINT('Ctrl Pts',(-120.947611999653,75.0368391273337,20.5800947188836));
#6784=CARTESIAN_POINT('Ctrl Pts',(-121.219158256083,69.8002803764259,29.3606451372105));
#6785=CARTESIAN_POINT('Ctrl Pts',(-121.490704512513,71.2740215663728,39.4770930862905));
#6786=CARTESIAN_POINT('Ctrl Pts',(-121.762250768943,78.7985361312516,46.3982095739532));
#6787=CARTESIAN_POINT('Ctrl Pts',(-122.033797025373,89.0027649567003,47.0232704654773));
#6788=CARTESIAN_POINT('Ctrl Pts',(-122.305343281803,97.3157322990903,41.0724224475118));
#6789=CARTESIAN_POINT('Ctrl Pts',(-122.576889538233,100.013427446028,31.2113643526881));
#6790=CARTESIAN_POINT('Ctrl Pts',(-122.848435794663,95.8874188800766,21.8575518664035));
#6791=CARTESIAN_POINT('Ctrl Pts',(-123.119982051092,86.7859951249134,17.2011528790221));
#6792=CARTESIAN_POINT('Ctrl Pts',(-123.391528307522,76.7862936083538,19.3280848281561));
#6793=CARTESIAN_POINT('Ctrl Pts',(-123.663074563952,70.3678327091255,27.2855498846583));
#6794=CARTESIAN_POINT('Ctrl Pts',(-123.934620820382,70.4058658735259,37.508878727365));
#6795=CARTESIAN_POINT('Ctrl Pts',(-124.206167076812,76.8833544696018,45.4183686469236));
#6796=CARTESIAN_POINT('Ctrl Pts',(-124.477713333242,86.8986053318386,47.4708396825518));
#6797=CARTESIAN_POINT('Ctrl Pts',(-124.749259589672,95.9651300444231,42.7468545532094));
#6798=CARTESIAN_POINT('Ctrl Pts',(-125.020805846101,100.021433150929,33.3625974094542));
#6799=CARTESIAN_POINT('Ctrl Pts',(-125.292352102531,97.2504354372666,23.521893411226));
#6800=CARTESIAN_POINT('Ctrl Pts',(-125.563898358961,88.8934376006883,17.6330425055216));
#6801=CARTESIAN_POINT('Ctrl Pts',(-125.835444615391,78.694111179377,18.3340455477068));
#6802=CARTESIAN_POINT('Ctrl Pts',(-126.106990871821,71.2213606694217,25.3108825786961));
#6803=CARTESIAN_POINT('Ctrl Pts',(-126.378537128251,69.8228104359109,35.4381588004041));
#6804=CARTESIAN_POINT('Ctrl Pts',(-126.650083384681,75.1247896526769,44.1792221362877));
#6805=CARTESIAN_POINT('Ctrl Pts',(-126.92162964111,84.7525352042588,47.6183340639493));
#6806=CARTESIAN_POINT('Ctrl Pts',(-127.193175897541,94.3924720589747,44.2149717691464));
#6807=CARTESIAN_POINT('Ctrl Pts',(-127.46472215397,99.7275690726325,35.4935641698482));
#6808=CARTESIAN_POINT('Ctrl Pts',(-127.7362684104,98.3652593651288,25.3613201845497));
#6809=CARTESIAN_POINT('Ctrl Pts',(-128.00781466683,90.9210139133041,18.3565180221741));
#6810=CARTESIAN_POINT('Ctrl Pts',(-128.27936092326,80.7190630373855,17.6182400194068));
#6811=CARTESIAN_POINT('Ctrl Pts',(-128.46039176088,75.1422386154136,21.5232099371295));
#6812=CARTESIAN_POINT('Ctrl Pts',(-128.55090717969,73.2760789627542,24.1404080734686));
#6813=CARTESIAN_POINT('Ctrl Pts',(-67.9999995529652,97.9545983317187,26.0562037896436));
#6814=CARTESIAN_POINT('Ctrl Pts',(-68.0905149717751,96.5242631611271,23.0592840785674));
#6815=CARTESIAN_POINT('Ctrl Pts',(-68.271545809395,91.5489278061771,18.0879664225533));
#6816=CARTESIAN_POINT('Ctrl Pts',(-68.5430920658249,81.0366287930185,17.0132066667669));
#6817=CARTESIAN_POINT('Ctrl Pts',(-68.8146383222549,72.2086321283201,22.8080085049926));
#6818=CARTESIAN_POINT('Ctrl Pts',(-69.0861845786846,69.009066786491,32.8734220065568));
#6819=CARTESIAN_POINT('Ctrl Pts',(-69.3577308351146,72.8764112496605,42.7020487691512));
#6820=CARTESIAN_POINT('Ctrl Pts',(-69.6292770915443,82.0756123757682,47.8902080486972));
#6821=CARTESIAN_POINT('Ctrl Pts',(-69.9008233479743,92.4870679870414,46.1141839304077));
#6822=CARTESIAN_POINT('Ctrl Pts',(-70.1723696044041,99.4461305947301,38.169370655201));
#6823=CARTESIAN_POINT('Ctrl Pts',(-70.443915860834,99.8357190184568,27.6148759239142));
#6824=CARTESIAN_POINT('Ctrl Pts',(-70.7154621172639,93.481138256337,19.178699666771));
#6825=CARTESIAN_POINT('Ctrl Pts',(-70.9870083736937,83.2291105283537,16.6399866298229));
#6826=CARTESIAN_POINT('Ctrl Pts',(-71.2585546301237,73.6721489150044,21.1359798554095));
#6827=CARTESIAN_POINT('Ctrl Pts',(-71.5301008865534,69.0914675208895,30.6526351576004));
#6828=CARTESIAN_POINT('Ctrl Pts',(-71.8016471429835,71.5390434940727,40.9268132064365));
#6829=CARTESIAN_POINT('Ctrl Pts',(-72.0731933994131,79.9184521529709,47.3560358510762));
#6830=CARTESIAN_POINT('Ctrl Pts',(-72.3447396558432,90.4760027751379,47.060230263022));
#6831=CARTESIAN_POINT('Ctrl Pts',(-72.6162859122729,98.4822747144538,40.1719082306616));
#6832=CARTESIAN_POINT('Ctrl Pts',(-72.8878321687029,100.35073318376,29.7768008849426));
#6833=CARTESIAN_POINT('Ctrl Pts',(-73.1593784251327,95.2443697442989,20.5315627546712));
#6834=CARTESIAN_POINT('Ctrl Pts',(-73.4309246815626,85.4506669028253,16.5777396807257));
#6835=CARTESIAN_POINT('Ctrl Pts',(-73.7024709379924,75.3568551798653,19.6865175426537));
#6836=CARTESIAN_POINT('Ctrl Pts',(-73.9740171944224,69.4846426377746,28.4652535753253));
#6837=CARTESIAN_POINT('Ctrl Pts',(-74.2455634508521,70.4645282229277,38.9814074795653));
#6838=CARTESIAN_POINT('Ctrl Pts',(-74.5171097072822,77.8576578431445,46.5240373906588));
#6839=CARTESIAN_POINT('Ctrl Pts',(-74.7886559637118,88.3519631094972,47.7144313236277));
#6840=CARTESIAN_POINT('Ctrl Pts',(-75.0602022201419,97.2467477692647,42.0190811052921));
#6841=CARTESIAN_POINT('Ctrl Pts',(-75.3317484765716,100.556677246385,31.9898065026967));
#6842=CARTESIAN_POINT('Ctrl Pts',(-75.6032947330016,96.8005459380273,22.1183973879628));
#6843=CARTESIAN_POINT('Ctrl Pts',(-75.8748409894315,87.6579550883674,16.8288438677926));
#6844=CARTESIAN_POINT('Ctrl Pts',(-76.1463872458613,77.2304304633788,18.486859319162));
#6845=CARTESIAN_POINT('Ctrl Pts',(-76.4179335022912,70.1773007828429,26.3573244164884));
#6846=CARTESIAN_POINT('Ctrl Pts',(-76.659307952451,69.7375988631394,35.7274330267211));
#6847=CARTESIAN_POINT('Ctrl Pts',(-76.870510596341,73.7106669167234,42.6225297448854));
#6848=CARTESIAN_POINT('Ctrl Pts',(-77.0515414339609,79.347318001404,46.445002508336));
#6849=CARTESIAN_POINT('Ctrl Pts',(-77.2325722715808,86.1000243706334,47.3964593983249));
#6850=CARTESIAN_POINT('Ctrl Pts',(-77.4136031092007,92.5790776661123,45.2862172433998));
#6851=CARTESIAN_POINT('Ctrl Pts',(-77.5946339468206,97.4741256680919,40.5422423058579));
#6852=CARTESIAN_POINT('Ctrl Pts',(-77.7756647844405,99.7851218223391,34.1303303960682));
#6853=CARTESIAN_POINT('Ctrl Pts',(-77.9566956220605,99.0443418822872,27.3549612658962));
#6854=CARTESIAN_POINT('Ctrl Pts',(-78.1377264596803,95.4003578585444,21.5942997622813));
#6855=CARTESIAN_POINT('Ctrl Pts',(-78.3187572973003,89.5975292948509,18.0214003008476));
#6856=CARTESIAN_POINT('Ctrl Pts',(-78.4997881349202,82.8111905665484,17.3610675792442));
#6857=CARTESIAN_POINT('Ctrl Pts',(-78.6808189725401,76.4325542358855,19.7520599953951));
#6858=CARTESIAN_POINT('Ctrl Pts',(-78.8819643476733,71.2168381856536,25.2487532870739));
#6859=CARTESIAN_POINT('Ctrl Pts',(-79.10322426032,69.3024688116817,33.5269989769667));
#6860=CARTESIAN_POINT('Ctrl Pts',(-79.3445987104796,72.7394444861534,42.1431982599548));
#6861=CARTESIAN_POINT('Ctrl Pts',(-79.5859731606398,80.4747104680958,47.256480669695));
#6862=CARTESIAN_POINT('Ctrl Pts',(-79.8273476107995,89.7448433289629,47.0534154907389));
#6863=CARTESIAN_POINT('Ctrl Pts',(-80.0687220609595,97.2459250335707,41.5959258843543));
#6864=CARTESIAN_POINT('Ctrl Pts',(-80.2899819736059,100.038682329599,33.5706063080316));
#6865=CARTESIAN_POINT('Ctrl Pts',(-80.4911273487393,98.5564107527447,26.1412945010674));
#6866=CARTESIAN_POINT('Ctrl Pts',(-80.6721581863591,94.4329123862236,20.7147776596984));
#6867=CARTESIAN_POINT('Ctrl Pts',(-80.853189023979,88.3416682172297,17.6630531512048));
#6868=CARTESIAN_POINT('Ctrl Pts',(-81.0643916678689,80.3856582968012,17.5645339394069));
#6869=CARTESIAN_POINT('Ctrl Pts',(-81.3057661180289,72.4235594537049,22.5251106833712));
#6870=CARTESIAN_POINT('Ctrl Pts',(-81.5773123744587,69.001588619138,32.5241021609206));
#6871=CARTESIAN_POINT('Ctrl Pts',(-81.8488586308887,72.6482070019298,42.4328037475119));
#6872=CARTESIAN_POINT('Ctrl Pts',(-82.1204048873184,81.7297564864705,47.826660405461));
#6873=CARTESIAN_POINT('Ctrl Pts',(-82.3919511437482,92.1780694709717,46.2822620358256));
#6874=CARTESIAN_POINT('Ctrl Pts',(-82.6634974001784,99.3126105985437,38.4950744192328));
#6875=CARTESIAN_POINT('Ctrl Pts',(-82.9350436566079,99.9374157614119,27.9516333100649));
#6876=CARTESIAN_POINT('Ctrl Pts',(-83.2065899130381,93.7724785605422,19.3760176435657));
#6877=CARTESIAN_POINT('Ctrl Pts',(-83.4781361694677,83.5796990313315,16.6092420798228));
#6878=CARTESIAN_POINT('Ctrl Pts',(-83.7496824258978,73.9246650854478,20.8911562590494));
#6879=CARTESIAN_POINT('Ctrl Pts',(-84.0212286823275,69.133344248387,30.3031134818709));
#6880=CARTESIAN_POINT('Ctrl Pts',(-84.2927749387574,71.3504230326151,40.6296792334751));
#6881=CARTESIAN_POINT('Ctrl Pts',(-84.5643211951873,79.5860023355532,47.2434172701486));
#6882=CARTESIAN_POINT('Ctrl Pts',(-84.8358674516172,90.1443545900977,47.1844935198721));
#6883=CARTESIAN_POINT('Ctrl Pts',(-85.1074137080469,98.3085638095053,40.4735641421834));
#6884=CARTESIAN_POINT('Ctrl Pts',(-85.348788158207,100.162918316179,31.2782590328528));
#6885=CARTESIAN_POINT('Ctrl Pts',(-85.5599908020968,97.2804484293926,23.8607819178135));
#6886=CARTESIAN_POINT('Ctrl Pts',(-85.7410216397167,92.2880377754879,19.2283905553424));
#6887=CARTESIAN_POINT('Ctrl Pts',(-85.9220524773367,85.7574691236141,17.2647726097999));
#6888=CARTESIAN_POINT('Ctrl Pts',(-86.1030833149566,79.0334535967646,18.3689561500024));
#6889=CARTESIAN_POINT('Ctrl Pts',(-86.2841141525764,73.4761839173896,22.3164940527958));
#6890=CARTESIAN_POINT('Ctrl Pts',(-86.4651449901965,70.2202407752715,28.3041884829015));
#6891=CARTESIAN_POINT('Ctrl Pts',(-86.6461758278163,69.926117341194,35.1136444915989));
#6892=CARTESIAN_POINT('Ctrl Pts',(-86.8272066654363,72.6547180319019,41.3597800286101));
#6893=CARTESIAN_POINT('Ctrl Pts',(-87.0082375030562,77.8501605360269,45.7709486416561));
#6894=CARTESIAN_POINT('Ctrl Pts',(-87.1892683406761,84.4561398695376,47.45132186689));
#6895=CARTESIAN_POINT('Ctrl Pts',(-87.370299178296,91.1275204099362,46.056370885462));
#6896=CARTESIAN_POINT('Ctrl Pts',(-87.5513300159159,96.5082100079072,41.8725010359306));
#6897=CARTESIAN_POINT('Ctrl Pts',(-87.7323608535358,99.5024870026839,35.749567219301));
#6898=CARTESIAN_POINT('Ctrl Pts',(-87.9133916911557,99.501582555169,28.9336934470689));
#6899=CARTESIAN_POINT('Ctrl Pts',(-88.0944225287757,96.5055170507231,22.8116047381913));
#6900=CARTESIAN_POINT('Ctrl Pts',(-88.2754533663955,91.1239515430508,18.628918175043));
#6901=CARTESIAN_POINT('Ctrl Pts',(-88.4564842040155,84.4517805271189,17.2366381093269));
#6902=CARTESIAN_POINT('Ctrl Pts',(-88.6375150416355,77.8465517463329,18.9180431177743));
#6903=CARTESIAN_POINT('Ctrl Pts',(-88.8185458792551,72.6521471292151,23.3310290614719));
#6904=CARTESIAN_POINT('Ctrl Pts',(-88.9995767168753,69.9254511194959,29.5777349618137));
#6905=CARTESIAN_POINT('Ctrl Pts',(-89.180607554495,70.2211877625013,36.3871895447775));
#6906=CARTESIAN_POINT('Ctrl Pts',(-89.3616383921151,73.4792862612986,42.373964992293));
#6907=CARTESIAN_POINT('Ctrl Pts',(-89.5426692297349,79.0366507503417,46.319934457727));
#6908=CARTESIAN_POINT('Ctrl Pts',(-89.7237000673549,85.7629866350892,47.4223602824783));
#6909=CARTESIAN_POINT('Ctrl Pts',(-89.9047309049747,92.2889195182027,45.4567171378495));
#6910=CARTESIAN_POINT('Ctrl Pts',(-90.0857617425948,97.2883810817696,40.8233944949944));
#6911=CARTESIAN_POINT('Ctrl Pts',(-90.2667925802145,99.7414313339649,34.4644711420801));
#6912=CARTESIAN_POINT('Ctrl Pts',(-90.4478234178346,99.1518078509846,27.6741200997368));
#6913=CARTESIAN_POINT('Ctrl Pts',(-90.6288542554543,95.6377919173581,21.8339381881589));
#6914=CARTESIAN_POINT('Ctrl Pts',(-90.8098850930744,89.9148765552095,18.1319960265864));
#6915=CARTESIAN_POINT('Ctrl Pts',(-90.9909159306942,83.147333644511,17.3216044315109));
#6916=CARTESIAN_POINT('Ctrl Pts',(-91.1719467683142,76.7121432760035,19.5675900563093));
#6917=CARTESIAN_POINT('Ctrl Pts',(-91.3529776059341,71.9185869308162,24.4130112219788));
#6918=CARTESIAN_POINT('Ctrl Pts',(-91.534008443554,69.7419762904537,30.87200268263));
#6919=CARTESIAN_POINT('Ctrl Pts',(-91.7150392811739,70.6251594628821,37.6304216673983));
#6920=CARTESIAN_POINT('Ctrl Pts',(-91.8960701187938,74.3884465903849,43.3131937900291));
#6921=CARTESIAN_POINT('Ctrl Pts',(-92.0771009564138,80.2661560254236,46.7641011711478));
#6922=CARTESIAN_POINT('Ctrl Pts',(-92.2581317940336,87.0624069660363,47.2810197789519));
#6923=CARTESIAN_POINT('Ctrl Pts',(-92.4391626316536,93.3944306403396,44.7587774993582));
#6924=CARTESIAN_POINT('Ctrl Pts',(-92.6201934692734,97.9739107067793,39.7105507424345));
#6925=CARTESIAN_POINT('Ctrl Pts',(-92.8012243068934,99.8691039094043,33.1634541940783));
#6926=CARTESIAN_POINT('Ctrl Pts',(-92.9822551445133,98.6944133898137,26.449563153268));
#6927=CARTESIAN_POINT('Ctrl Pts',(-93.1632859821332,94.6888422127064,20.9348890737186));
#6928=CARTESIAN_POINT('Ctrl Pts',(-93.3443168197532,88.6673657862071,17.7414501281162));
#6929=CARTESIAN_POINT('Ctrl Pts',(-93.525347657373,81.8551165310774,17.5189849125737));
#6930=CARTESIAN_POINT('Ctrl Pts',(-93.706378494993,75.6381178934538,20.3127563023485));
#6931=CARTESIAN_POINT('Ctrl Pts',(-93.8874093326128,71.2812833328146,25.5543422559005));
#6932=CARTESIAN_POINT('Ctrl Pts',(-94.0684401702328,69.6710564766376,32.1772872295459));
#6933=CARTESIAN_POINT('Ctrl Pts',(-94.2494710078527,71.1350548048324,38.834083718));
#6934=CARTESIAN_POINT('Ctrl Pts',(-94.4305018454726,75.3754125974571,44.1703367829878));
#6935=CARTESIAN_POINT('Ctrl Pts',(-94.6115326830926,81.5293845222129,47.1003298472409));
#6936=CARTESIAN_POINT('Ctrl Pts',(-94.7925635207123,88.344880839826,47.0279251779002));
#6937=CARTESIAN_POINT('Ctrl Pts',(-94.9735943583325,94.4352168820679,43.9678541917826));
#6938=CARTESIAN_POINT('Ctrl Pts',(-95.1546251959522,98.5612511909473,38.5427205170363));
#6939=CARTESIAN_POINT('Ctrl Pts',(-95.3356560335722,99.8834964837785,31.8563241092474));
#6940=CARTESIAN_POINT('Ctrl Pts',(-95.516686871192,98.132932995112,25.2690829292719));
#6941=CARTESIAN_POINT('Ctrl Pts',(-95.6977177088121,93.6657212578291,20.1212389454486));
#6942=CARTESIAN_POINT('Ctrl Pts',(-95.8787485464319,87.3907824975634,17.4601774050435));
#6943=CARTESIAN_POINT('Ctrl Pts',(-96.0597793840519,80.5847775572141,17.8273140799122));
#6944=CARTESIAN_POINT('Ctrl Pts',(-96.2408102216718,74.6325431398368,21.1479614688935));
#6945=CARTESIAN_POINT('Ctrl Pts',(-96.4218410592916,70.7449532753156,26.7464781335722));
#6946=CARTESIAN_POINT('Ctrl Pts',(-96.6028718969116,69.7133255347114,33.4838298840018));
#6947=CARTESIAN_POINT('Ctrl Pts',(-96.7839027345315,71.7468498916355,39.98914518549));
#6948=CARTESIAN_POINT('Ctrl Pts',(-96.9649335721514,76.4332200757968,44.9390260984169));
#6949=CARTESIAN_POINT('Ctrl Pts',(-97.1459644097714,82.8160239878984,47.3260082617501));
#6950=CARTESIAN_POINT('Ctrl Pts',(-97.3269952473912,89.6025552779138,46.6651655181926));
#6951=CARTESIAN_POINT('Ctrl Pts',(-97.5080260850112,95.399952617233,43.08947515107));
#6952=CARTESIAN_POINT('Ctrl Pts',(-97.7091714601443,99.4585848540038,36.6892490709315));
#6953=CARTESIAN_POINT('Ctrl Pts',(-97.930431372791,99.7402829565139,28.1991152810607));
#6954=CARTESIAN_POINT('Ctrl Pts',(-98.1718058229509,94.7059439419828,20.4038836373069));
#6955=CARTESIAN_POINT('Ctrl Pts',(-98.3930657355974,86.8459222247884,17.1787114226243));
#6956=CARTESIAN_POINT('Ctrl Pts',(-98.5942111107307,79.3453049703741,18.2466316100464));
#6957=CARTESIAN_POINT('Ctrl Pts',(-98.7752419483505,73.7031401306517,22.0657925661999));
#6958=CARTESIAN_POINT('Ctrl Pts',(-98.9562727859705,70.3136308254039,27.9810900377415));
#6959=CARTESIAN_POINT('Ctrl Pts',(-99.1373036235904,69.8682207448784,34.7815169460598));
#6960=CARTESIAN_POINT('Ctrl Pts',(-99.3183344612103,72.4565682988388,41.0872168559561));
#6961=CARTESIAN_POINT('Ctrl Pts',(-99.4993652988302,77.55267768373,45.6132001783997));
#6962=CARTESIAN_POINT('Ctrl Pts',(-99.6803961364502,84.1190635983542,47.4399723420129));
#6963=CARTESIAN_POINT('Ctrl Pts',(-99.86142697407,90.8206832173789,46.1944401708467));
#6964=CARTESIAN_POINT('Ctrl Pts',(-100.04245781169,96.2922323736616,42.1322364581166));
#6965=CARTESIAN_POINT('Ctrl Pts',(-100.22348864931,99.424030095227,36.0756777267605));
#6966=CARTESIAN_POINT('Ctrl Pts',(-100.40451948693,99.5716762329101,29.2653787297751));
#6967=CARTESIAN_POINT('Ctrl Pts',(-100.605664862063,96.4027189065514,22.381758739));
#6968=CARTESIAN_POINT('Ctrl Pts',(-100.82692477471,89.4277804447323,17.5322001847926));
#6969=CARTESIAN_POINT('Ctrl Pts',(-101.06829922487,80.1484475734158,17.5244489267086));
#6970=CARTESIAN_POINT('Ctrl Pts',(-101.289559137516,73.1704680779192,22.3715216722359));
#6971=CARTESIAN_POINT('Ctrl Pts',(-101.490704512649,69.9925151984986,29.2489278273572));
#6972=CARTESIAN_POINT('Ctrl Pts',(-101.671735350269,70.1338266515622,36.0607165790064));
#6973=CARTESIAN_POINT('Ctrl Pts',(-101.852766187889,73.2588379799214,42.1198955186582));
#6974=CARTESIAN_POINT('Ctrl Pts',(-102.033797025509,78.7263169570627,46.1882017231856));
#6975=CARTESIAN_POINT('Ctrl Pts',(-102.214827863129,85.4265149761268,47.440574161178));
#6976=CARTESIAN_POINT('Ctrl Pts',(-102.395858700749,91.9948844921851,45.6208906063817));
#6977=CARTESIAN_POINT('Ctrl Pts',(-102.576889538369,97.0956946153322,41.1000260198152));
#6978=CARTESIAN_POINT('Ctrl Pts',(-102.757920375989,99.6907548896903,34.7974914803482));
#6979=CARTESIAN_POINT('Ctrl Pts',(-102.938951213609,99.2523534473459,27.9957357832549));
#6980=CARTESIAN_POINT('Ctrl Pts',(-103.119982051229,95.8693567220939,22.0786196503017));
#6981=CARTESIAN_POINT('Ctrl Pts',(-103.301012888848,90.2306265231216,18.249980124754));
#6982=CARTESIAN_POINT('Ctrl Pts',(-103.482043726468,83.4823486224598,17.288978812618));
#6983=CARTESIAN_POINT('Ctrl Pts',(-103.663074564088,76.9996856143461,19.3907367600315));
#6984=CARTESIAN_POINT('Ctrl Pts',(-103.844105401708,72.0972327942165,24.1284677894474));
#6985=CARTESIAN_POINT('Ctrl Pts',(-104.025136239328,69.781329620221,30.5365049224334));
#6986=CARTESIAN_POINT('Ctrl Pts',(-104.226281614461,70.5856256832158,38.0679325632676));
#6987=CARTESIAN_POINT('Ctrl Pts',(-104.447541527108,75.6470613293577,44.8987524410953));
#6988=CARTESIAN_POINT('Ctrl Pts',(-104.628572364728,82.2357025871043,47.1177006846317));
#6989=CARTESIAN_POINT('Ctrl Pts',(-104.789488664834,88.1481093439137,46.7948867979739));
#6990=CARTESIAN_POINT('Ctrl Pts',(-104.930290427428,93.1156863831892,44.9514937108856));
#6991=CARTESIAN_POINT('Ctrl Pts',(-105.111321265048,97.80628525146,40.0010873078931));
#6992=CARTESIAN_POINT('Ctrl Pts',(-105.292352102667,99.8471190608785,33.5005511056256));
#6993=CARTESIAN_POINT('Ctrl Pts',(-105.473382940287,98.8223508740538,26.7608128704976));
#6994=CARTESIAN_POINT('Ctrl Pts',(-105.654413777907,94.9407630891933,21.1588695802961));
#6995=CARTESIAN_POINT('Ctrl Pts',(-105.835444615527,88.9919754058213,17.8315994926082));
#6996=CARTESIAN_POINT('Ctrl Pts',(-106.016475453147,82.1863762318564,17.4575594953678));
#6997=CARTESIAN_POINT('Ctrl Pts',(-106.197506290767,75.9086515475488,20.1117332953669));
#6998=CARTESIAN_POINT('Ctrl Pts',(-106.378537128387,71.4359855745917,25.2553385099489));
#6999=CARTESIAN_POINT('Ctrl Pts',(-106.559567966007,69.678587164662,31.8398482540191));
#7000=CARTESIAN_POINT('Ctrl Pts',(-106.740598803627,70.9936018037695,38.5294073366968));
#7001=CARTESIAN_POINT('Ctrl Pts',(-106.921629641247,75.1143234384258,43.9552747694604));
#7002=CARTESIAN_POINT('Ctrl Pts',(-107.12277501638,81.8769641473797,47.3706534066388));
#7003=CARTESIAN_POINT('Ctrl Pts',(-107.344034929027,90.3562754575029,46.8343839495126));
#7004=CARTESIAN_POINT('Ctrl Pts',(-107.585409379186,97.6232526832402,41.064018383744));
#7005=CARTESIAN_POINT('Ctrl Pts',(-107.806669291833,100.076663497487,32.9308287900908));
#7006=CARTESIAN_POINT('Ctrl Pts',(-108.007814666966,98.2839505771872,25.5679040843531));
#7007=CARTESIAN_POINT('Ctrl Pts',(-108.188845504586,93.9377062742676,20.3226958430037));
#7008=CARTESIAN_POINT('Ctrl Pts',(-108.369876342206,87.7211530160243,17.5219162739426));
#7009=CARTESIAN_POINT('Ctrl Pts',(-108.550907179826,80.9099009511639,17.7374454543278));
#7010=CARTESIAN_POINT('Ctrl Pts',(-108.731938017446,74.8844651101285,20.9244346991149));
#7011=CARTESIAN_POINT('Ctrl Pts',(-108.912968855066,70.8733911517706,26.4349475439437));
#7012=CARTESIAN_POINT('Ctrl Pts',(-109.093999692686,69.6914925504217,33.1475717181015));
#7013=CARTESIAN_POINT('Ctrl Pts',(-109.275030530306,71.5798687442607,39.6966718536659));
#7014=CARTESIAN_POINT('Ctrl Pts',(-109.456061367925,76.1540003185466,44.7497068144436));
#7015=CARTESIAN_POINT('Ctrl Pts',(-109.637092205545,82.4833844139086,47.2786123015615));
#7016=CARTESIAN_POINT('Ctrl Pts',(-109.818123043165,89.2801668135191,46.7688419727082));
#7017=CARTESIAN_POINT('Ctrl Pts',(-109.999153880785,95.1615077065265,43.3241208395554));
#7018=CARTESIAN_POINT('Ctrl Pts',(-110.180184718405,98.930768653653,37.6453100938775));
#7019=CARTESIAN_POINT('Ctrl Pts',(-110.361215556025,99.8210629206238,30.8878249093161));
#7020=CARTESIAN_POINT('Ctrl Pts',(-110.542246393645,97.6512464567631,24.4265455829624));
#7021=CARTESIAN_POINT('Ctrl Pts',(-110.723277231265,92.8627932838048,19.5760874499894));
#7022=CARTESIAN_POINT('Ctrl Pts',(-110.904308068885,86.4299632848993,17.3233268073945));
#7023=CARTESIAN_POINT('Ctrl Pts',(-111.085338906505,79.6615835969539,18.1266114926143));
#7024=CARTESIAN_POINT('Ctrl Pts',(-111.266369744125,73.9347516820994,21.8225047785353));
#7025=CARTESIAN_POINT('Ctrl Pts',(-111.447400581744,70.4146515829131,27.6590384996063));
#7026=CARTESIAN_POINT('Ctrl Pts',(-111.628431419364,69.8174844591706,34.4487087496605));
#7027=CARTESIAN_POINT('Ctrl Pts',(-111.809462256984,72.2647502486297,40.8100860231198));
#7028=CARTESIAN_POINT('Ctrl Pts',(-111.990493094604,77.2585270799617,45.4488815165588));
#7029=CARTESIAN_POINT('Ctrl Pts',(-112.171523932224,83.7827787905863,47.4212836896837));
#7030=CARTESIAN_POINT('Ctrl Pts',(-112.352554769844,90.5100780235769,46.325986722924));
#7031=CARTESIAN_POINT('Ctrl Pts',(-112.533585607464,96.071685372846,42.3858401399107));
#7032=CARTESIAN_POINT('Ctrl Pts',(-112.714616445084,99.3360334659221,36.4025082487626));
#7033=CARTESIAN_POINT('Ctrl Pts',(-112.895647282704,99.6389567535893,29.59336210407));
#7034=CARTESIAN_POINT('Ctrl Pts',(-113.076678120324,96.9188218127577,23.3437947377129));
#7035=CARTESIAN_POINT('Ctrl Pts',(-113.257708957944,91.7290696129339,18.9253441291105));
#7036=CARTESIAN_POINT('Ctrl Pts',(-113.438739795564,85.1256074749865,17.236994262828));
#7037=CARTESIAN_POINT('Ctrl Pts',(-113.619770633183,78.4519831952221,18.6222495715117));
#7038=CARTESIAN_POINT('Ctrl Pts',(-113.800801470804,73.0660067978815,22.7992816892126));
#7039=CARTESIAN_POINT('Ctrl Pts',(-113.981832308423,70.0635293045345,28.9181964641735));
#7040=CARTESIAN_POINT('Ctrl Pts',(-114.162863146043,70.0554001238952,35.7341042364018));
#7041=CARTESIAN_POINT('Ctrl Pts',(-114.343893983663,73.043346629227,41.860099605473));
#7042=CARTESIAN_POINT('Ctrl Pts',(-114.524924821283,78.4192904594012,46.0500646795179));
#7043=CARTESIAN_POINT('Ctrl Pts',(-114.705955658903,85.0897432925463,47.4509369934366));
#7044=CARTESIAN_POINT('Ctrl Pts',(-114.886986496523,91.6969161500353,45.778859209657));
#7045=CARTESIAN_POINT('Ctrl Pts',(-115.047902796629,96.3198503712807,41.8612443942602));
#7046=CARTESIAN_POINT('Ctrl Pts',(-115.188704559223,98.7663164702776,37.2454364446069));
#7047=CARTESIAN_POINT('Ctrl Pts',(-115.349620859329,99.8801708241274,31.3771596378294));
#7048=CARTESIAN_POINT('Ctrl Pts',(-115.550766234463,97.8282808895568,23.9282409754834));
#7049=CARTESIAN_POINT('Ctrl Pts',(-115.772026147109,91.2924834647998,18.4923050364804));
#7050=CARTESIAN_POINT('Ctrl Pts',(-115.973171522242,83.8179199528039,17.2663430673638));
#7051=CARTESIAN_POINT('Ctrl Pts',(-116.154202359862,77.2901250514871,19.219348091324));
#7052=CARTESIAN_POINT('Ctrl Pts',(-116.335233197482,72.2847176573912,23.8479660411205));
#7053=CARTESIAN_POINT('Ctrl Pts',(-116.516264035102,69.8227162445314,30.2030105110959));
#7054=CARTESIAN_POINT('Ctrl Pts',(-116.697294872722,70.4033112104756,36.993596302334));
#7055=CARTESIAN_POINT('Ctrl Pts',(-116.878325710342,73.9101403879751,42.8402114999256));
#7056=CARTESIAN_POINT('Ctrl Pts',(-117.059356547962,79.6269658252413,46.545869700954));
#7057=CARTESIAN_POINT('Ctrl Pts',(-117.260501923095,87.1479365508166,47.4651765908347));
#7058=CARTESIAN_POINT('Ctrl Pts',(-117.481761835742,94.9408689282445,44.0819007443536));
#7059=CARTESIAN_POINT('Ctrl Pts',(-117.723136285902,99.8212927603384,36.1910641539643));
#7060=CARTESIAN_POINT('Ctrl Pts',(-117.964510736061,99.3290899033107,26.932651052957));
#7061=CARTESIAN_POINT('Ctrl Pts',(-118.205885186221,93.6501734299057,19.6029392990582));
#7062=CARTESIAN_POINT('Ctrl Pts',(-118.447259636381,84.8000098299434,16.8185687935145));
#7063=CARTESIAN_POINT('Ctrl Pts',(-118.66181470319,76.9374142392579,19.274760847647));
#7064=CARTESIAN_POINT('Ctrl Pts',(-118.849550386648,72.0800323889644,24.3633803820643));
#7065=CARTESIAN_POINT('Ctrl Pts',(-119.010466686754,69.96513069951,30.0003835732495));
#7066=CARTESIAN_POINT('Ctrl Pts',(-119.198202370212,70.2768526254879,37.028427992511));
#7067=CARTESIAN_POINT('Ctrl Pts',(-119.412757437021,74.5825296026063,44.0500706528038));
#7068=CARTESIAN_POINT('Ctrl Pts',(-119.654131887181,83.0824587894702,47.7742140582786));
#7069=CARTESIAN_POINT('Ctrl Pts',(-119.89550633734,92.1767318289807,45.9894189998861));
#7070=CARTESIAN_POINT('Ctrl Pts',(-120.146938056257,98.9147043116388,39.0612915703895));
#7071=CARTESIAN_POINT('Ctrl Pts',(-120.40842704393,100.198795479637,28.9762441115872));
#7072=CARTESIAN_POINT('Ctrl Pts',(-120.67997330036,94.6183673697945,20.0052441034717));
#7073=CARTESIAN_POINT('Ctrl Pts',(-120.95151955679,84.6345146639798,16.5645889525599));
#7074=CARTESIAN_POINT('Ctrl Pts',(-121.22306581322,74.714410831651,20.190835355151));
#7075=CARTESIAN_POINT('Ctrl Pts',(-121.49461206965,69.3045731107412,29.2619362675927));
#7076=CARTESIAN_POINT('Ctrl Pts',(-121.76615832608,70.8270807459034,39.7131398766548));
#7077=CARTESIAN_POINT('Ctrl Pts',(-122.037704582509,78.6005832808573,46.8632777490269));
#7078=CARTESIAN_POINT('Ctrl Pts',(-122.309250838939,89.1424724562889,47.5090220535756));
#7079=CARTESIAN_POINT('Ctrl Pts',(-122.580797095369,97.7305178580054,41.3612590644924));
#7080=CARTESIAN_POINT('Ctrl Pts',(-122.852343351799,100.517480376642,31.173896220485));
#7081=CARTESIAN_POINT('Ctrl Pts',(-123.123889608229,96.2549412094816,21.5105638624081));
#7082=CARTESIAN_POINT('Ctrl Pts',(-123.395435864659,86.8523491854489,16.7000835290832));
#7083=CARTESIAN_POINT('Ctrl Pts',(-123.666982121089,76.5217551760252,18.8973961604441));
#7084=CARTESIAN_POINT('Ctrl Pts',(-123.938528377519,69.8909058846257,27.1181756213875));
#7085=CARTESIAN_POINT('Ctrl Pts',(-124.210074633948,69.9301975754489,37.6797968381745));
#7086=CARTESIAN_POINT('Ctrl Pts',(-124.481620890378,76.622027804173,45.851013653524));
#7087=CARTESIAN_POINT('Ctrl Pts',(-124.753167146808,86.9686856908069,47.9714014421058));
#7088=CARTESIAN_POINT('Ctrl Pts',(-125.024713403238,96.3352238546722,43.0910985253664));
#7089=CARTESIAN_POINT('Ctrl Pts',(-125.296259659668,100.525750992215,33.3963140888884));
#7090=CARTESIAN_POINT('Ctrl Pts',(-125.567805916098,97.6630603075504,23.2299788633562));
#7091=CARTESIAN_POINT('Ctrl Pts',(-125.839352172528,89.0295274321587,17.1462644856707));
#7092=CARTESIAN_POINT('Ctrl Pts',(-126.110898428958,78.492702882579,17.870463884642));
#7093=CARTESIAN_POINT('Ctrl Pts',(-126.382444685387,70.772677287393,25.0781661063239));
#7094=CARTESIAN_POINT('Ctrl Pts',(-126.653990941817,69.3278486952335,35.5405562981213));
#7095=CARTESIAN_POINT('Ctrl Pts',(-126.925537198247,74.8052716607199,44.5708634912042));
#7096=CARTESIAN_POINT('Ctrl Pts',(-127.197083454677,84.7516015941401,48.1237764475362));
#7097=CARTESIAN_POINT('Ctrl Pts',(-127.468629711107,94.7105262438044,44.6077960878859));
#7098=CARTESIAN_POINT('Ctrl Pts',(-127.740175967537,100.222162881929,35.59779504437));
#7099=CARTESIAN_POINT('Ctrl Pts',(-128.011722223967,98.8147740233711,25.1302727045078));
#7100=CARTESIAN_POINT('Ctrl Pts',(-128.283268480397,91.1241967254441,17.893679978615));
#7101=CARTESIAN_POINT('Ctrl Pts',(-128.554814736826,80.5846608774324,17.1309721817825));
#7102=CARTESIAN_POINT('Ctrl Pts',(-128.735845574446,74.8232980137685,21.1651584794635));
#7103=CARTESIAN_POINT('Ctrl Pts',(-128.826360993256,72.8953866959691,23.868960322345));
#7104=CARTESIAN_POINT('',(-67.9999995529652,97.9545983317187,26.0562037896437));
#7105=CARTESIAN_POINT('Ctrl Pts',(-67.9999995529652,97.9545983317187,26.0562037896436));
#7106=CARTESIAN_POINT('Ctrl Pts',(-68.0905149717751,96.5242631611271,23.0592840785674));
#7107=CARTESIAN_POINT('Ctrl Pts',(-68.1810303905851,94.0365954836521,20.5736252505604));
#7108=CARTESIAN_POINT('Ctrl Pts',(-68.271545809395,91.0407118093882,19.1516692105925));
#7109=CARTESIAN_POINT('Ctrl Pts',(-68.3303043028003,89.0959203757102,18.2286000175685));
#7110=CARTESIAN_POINT('Ctrl Pts',(-68.3890627962057,86.9369659113658,17.7537768739687));
#7111=CARTESIAN_POINT('Ctrl Pts',(-68.447821289611,84.7796648006249,17.7494190302469));
#7112=CARTESIAN_POINT('Ctrl Pts',(-67.9999995529652,97.9545983317186,26.0562037896436));
#7113=CARTESIAN_POINT('Ctrl Pts',(-67.9999995529652,97.8021541864339,25.7714516290751));
#7114=CARTESIAN_POINT('Ctrl Pts',(-67.9999995529652,97.6401647204941,25.4924279456528));
#7115=CARTESIAN_POINT('Ctrl Pts',(-67.9999995529652,97.4691146607355,25.219439232051));
#7116=CARTESIAN_POINT('Ctrl Pts',(-67.9999995529652,97.2957029149405,24.9426813666939));
#7117=CARTESIAN_POINT('Ctrl Pts',(-67.9999995529652,97.1129782863495,24.6721258379931));
#7118=CARTESIAN_POINT('Ctrl Pts',(-67.9999995529652,96.9213996619062,24.4081187790478));
#7119=CARTESIAN_POINT('Ctrl Pts',(-67.9999995529652,96.7281411621501,24.1417967492022));
#7120=CARTESIAN_POINT('Ctrl Pts',(-67.9999995529652,96.525872292841,23.8821380941932));
#7121=CARTESIAN_POINT('Ctrl Pts',(-67.9999995529652,96.3150234203164,23.6295317849086));
#7122=CARTESIAN_POINT('Ctrl Pts',(-67.9999995529652,96.1048203666454,23.3776991952799));
#7123=CARTESIAN_POINT('Ctrl Pts',(-67.9999995529652,95.8860893040988,23.1328754408856));
#7124=CARTESIAN_POINT('Ctrl Pts',(-67.9999995529652,95.6592232913905,22.8954852481276));
#7125=CARTESIAN_POINT('Ctrl Pts',(-67.9999995529652,95.4893881790318,22.7177715854304));
#7126=CARTESIAN_POINT('Ctrl Pts',(-67.9999995529652,95.3149933278217,22.5442246325448));
#7127=CARTESIAN_POINT('Ctrl Pts',(-67.9999995529652,95.1361937790292,22.3750389924372));
#7128=CARTESIAN_POINT('Ctrl Pts',(-67.9999995529652,95.0579689764325,22.3010202748901));
#7129=CARTESIAN_POINT('Ctrl Pts',(-67.9999995529652,94.9789009900687,22.2278365313473));
#7130=CARTESIAN_POINT('Ctrl Pts',(-67.9999995529652,94.8990023855459,22.1555049829055));
#7131=CARTESIAN_POINT('Ctrl Pts',(-67.9999995529652,94.8415057924246,22.1034537908297));
#7132=CARTESIAN_POINT('Ctrl Pts',(-67.9999995529652,94.7835790566967,22.0518439217017));
#7133=CARTESIAN_POINT('Ctrl Pts',(-67.9999995529652,94.7252267903425,22.0006819830223));
#7134=CARTESIAN_POINT('Ctrl Pts',(-67.9999995529652,94.7029135122333,21.9811182087649));
#7135=CARTESIAN_POINT('Ctrl Pts',(-67.9999995529652,94.6805390697275,21.9616208866972));
#7136=CARTESIAN_POINT('Ctrl Pts',(-67.9999995529652,94.6581110204121,21.9421966048614));
#7137=CARTESIAN_POINT('Ctrl Pts',(-67.9999995529652,94.4120130109771,21.7290582695889));
#7138=CARTESIAN_POINT('Ctrl Pts',(-67.9999995529652,94.1592243019593,21.5245006179477));
#7139=CARTESIAN_POINT('Ctrl Pts',(-67.9999995529652,93.9001794661361,21.3288742775039));
#7140=CARTESIAN_POINT('Ctrl Pts',(-67.9999995529652,93.6418425836665,21.1337825716278));
#7141=CARTESIAN_POINT('Ctrl Pts',(-67.9999995529652,93.3772832360369,20.9475730733133));
#7142=CARTESIAN_POINT('Ctrl Pts',(-67.9999995529652,93.1069006759171,20.7706340670157));
#7143=CARTESIAN_POINT('Ctrl Pts',(-67.9999995529652,92.8385079648886,20.594997222813));
#7144=CARTESIAN_POINT('Ctrl Pts',(-67.9999995529652,92.5643769593175,20.4284946154653));
#7145=CARTESIAN_POINT('Ctrl Pts',(-67.9999995529652,92.2848740279484,20.2715508670964));
#7146=CARTESIAN_POINT('Ctrl Pts',(-67.9999995529652,92.0103178723381,20.1173847837992));
#7147=CARTESIAN_POINT('Ctrl Pts',(-67.9999995529652,91.7305777998298,19.9724419993651));
#7148=CARTESIAN_POINT('Ctrl Pts',(-67.9999995529652,91.4459846415359,19.8371720288875));
#7149=CARTESIAN_POINT('Ctrl Pts',(-67.9999995529652,91.2473340104738,19.7427513999439));
#7150=CARTESIAN_POINT('Ctrl Pts',(-67.9999995529652,91.0463184834915,19.6530445887942));
#7151=CARTESIAN_POINT('Ctrl Pts',(-67.9999995529652,90.8430474429035,19.5682192595326));
#7152=CARTESIAN_POINT('Ctrl Pts',(-67.9999995529652,90.7488246440136,19.52889993536));
#7153=CARTESIAN_POINT('Ctrl Pts',(-67.9999995529652,90.6541171867689,19.4906296456041));
#7154=CARTESIAN_POINT('Ctrl Pts',(-67.9999995529652,90.5589433091342,19.453411371869));
#7155=CARTESIAN_POINT('Ctrl Pts',(-67.9999995529652,90.4830673814864,19.423739668716));
#7156=CARTESIAN_POINT('Ctrl Pts',(-67.9999995529651,90.4068950040679,19.3947366192376));
#7157=CARTESIAN_POINT('Ctrl Pts',(-67.9999995529651,90.330435422162,19.3664039670371));
#7158=CARTESIAN_POINT('Ctrl Pts',(-67.9999995529651,90.2959307584197,19.3536180138219));
#7159=CARTESIAN_POINT('Ctrl Pts',(-67.9999995529652,90.2613751895513,19.3409714257708));
#7160=CARTESIAN_POINT('Ctrl Pts',(-67.9999995529652,90.2267772404499,19.3284668737958));
#7161=CARTESIAN_POINT('Ctrl Pts',(-67.9999995529652,89.9307080060521,19.2214601515513));
#7162=CARTESIAN_POINT('Ctrl Pts',(-67.9999995529652,89.6313634162563,19.1247862422707));
#7163=CARTESIAN_POINT('Ctrl Pts',(-67.9999995529652,89.3293173875901,19.0383809015101));
#7164=CARTESIAN_POINT('Ctrl Pts',(-67.9999995529652,89.0128878195693,18.9478609076791));
#7165=CARTESIAN_POINT('Ctrl Pts',(-67.9999995529652,88.6934928521367,18.8686103370695));
#7166=CARTESIAN_POINT('Ctrl Pts',(-67.9999995529652,88.3717731595229,18.8006118614068));
#7167=CARTESIAN_POINT('Ctrl Pts',(-67.9999995529652,88.0582496932769,18.7343457350904));
#7168=CARTESIAN_POINT('Ctrl Pts',(-67.9999995529651,87.7425177426559,18.678765914864));
#7169=CARTESIAN_POINT('Ctrl Pts',(-67.9999995529651,87.4251621636475,18.6339091325047));
#7170=CARTESIAN_POINT('Ctrl Pts',(-67.9999995529651,87.1091515069048,18.5892424488528));
#7171=CARTESIAN_POINT('Ctrl Pts',(-67.9999995529652,86.7915303310799,18.5552081384013));
#7172=CARTESIAN_POINT('Ctrl Pts',(-67.9999995529652,86.4728776921431,18.5318938316118));
#7173=CARTESIAN_POINT('Ctrl Pts',(-67.9999995529652,86.1574795179228,18.5088176386163));
#7174=CARTESIAN_POINT('Ctrl Pts',(-67.9999995529652,85.841070263354,18.4962436665697));
#7175=CARTESIAN_POINT('Ctrl Pts',(-67.9999995529652,85.5242219103275,18.4943064997748));
#7176=CARTESIAN_POINT('Ctrl Pts',(-67.9999995529652,85.4313636174207,18.4937387770774));
#7177=CARTESIAN_POINT('Ctrl Pts',(-67.9999995529651,85.3384677109544,18.4940849647202));
#7178=CARTESIAN_POINT('Ctrl Pts',(-67.9999995529651,85.245548871908,18.495349257001));
#7179=CARTESIAN_POINT('Ctrl Pts',(-67.9999995529651,85.1776892726619,18.4962725828668));
#7180=CARTESIAN_POINT('Ctrl Pts',(-67.9999995529652,85.1098174451216,18.4976855905111));
#7181=CARTESIAN_POINT('Ctrl Pts',(-67.9999995529652,85.0419391616124,18.4995900372841));
#7182=CARTESIAN_POINT('Ctrl Pts',(-67.9999995529652,85.0000733763644,18.5007646568456));
#7183=CARTESIAN_POINT('Ctrl Pts',(-67.9999995529652,84.9582010706242,18.5021264257451));
#7184=CARTESIAN_POINT('Ctrl Pts',(-67.9999995529652,84.9163513759222,18.5036746095645));
#7185=CARTESIAN_POINT('Ctrl Pts',(-67.9999995529652,84.5997064723672,18.5153885424771));
#7186=CARTESIAN_POINT('Ctrl Pts',(-67.9999995529651,84.2840618092646,18.5377762298574));
#7187=CARTESIAN_POINT('Ctrl Pts',(-67.9999995529651,83.9699764544798,18.5708394029892));
#7188=CARTESIAN_POINT('Ctrl Pts',(-67.9999995529651,83.6569254772095,18.6037936891502));
#7189=CARTESIAN_POINT('Ctrl Pts',(-67.9999995529652,83.345422945009,18.6473533053926));
#7190=CARTESIAN_POINT('Ctrl Pts',(-67.9999995529652,83.0360261391104,18.7015713919891));
#7191=CARTESIAN_POINT('Ctrl Pts',(-67.9999995529652,82.7307000086964,18.755076141435));
#7192=CARTESIAN_POINT('Ctrl Pts',(-67.9999995529651,82.4274240134194,18.8189608580351));
#7193=CARTESIAN_POINT('Ctrl Pts',(-67.9999995529651,82.1267458996473,18.8933254731674));
#7194=CARTESIAN_POINT('Ctrl Pts',(-67.9999995529651,81.9286713543584,18.9423138652493));
#7195=CARTESIAN_POINT('Ctrl Pts',(-67.9999995529652,81.73172446037,18.9958511485645));
#7196=CARTESIAN_POINT('Ctrl Pts',(-67.9999995529652,81.5360664706979,19.05397739105));
#7197=CARTESIAN_POINT('Ctrl Pts',(-67.9999995529652,81.2339639514612,19.1437262651853));
#7198=CARTESIAN_POINT('Ctrl Pts',(-67.9999995529652,80.9349326832203,19.244413618377));
#7199=CARTESIAN_POINT('Ctrl Pts',(-67.9999995529652,80.6394609680061,19.3557252662572));
#7200=CARTESIAN_POINT('Ctrl Pts',(-67.9999995529652,80.4008725501822,19.4456075412284));
#7201=CARTESIAN_POINT('Ctrl Pts',(-67.9999995529652,80.1646054506453,19.5424181075612));
#7202=CARTESIAN_POINT('Ctrl Pts',(-67.9999995529652,79.9309326650953,19.6460105808878));
#7203=CARTESIAN_POINT('Ctrl Pts',(-67.9999995529652,79.8983782801827,19.6604426819251));
#7204=CARTESIAN_POINT('Ctrl Pts',(-67.9999995529652,79.8658742735602,19.6750064377363));
#7205=CARTESIAN_POINT('Ctrl Pts',(-67.9999995529652,79.8334214085916,19.689701476198));
#7206=CARTESIAN_POINT('Ctrl Pts',(-67.9999995529652,79.8053475546866,19.7024136470126));
#7207=CARTESIAN_POINT('Ctrl Pts',(-67.9999995529652,79.7773163571199,19.7152220957578));
#7208=CARTESIAN_POINT('Ctrl Pts',(-67.9999995529652,79.7493353756315,19.728123161674));
#7209=CARTESIAN_POINT('Ctrl Pts',(-67.9999995529652,79.4686347634932,19.8575445367405));
#7210=CARTESIAN_POINT('Ctrl Pts',(-67.9999995529652,79.1927670408395,19.9963816840016));
#7211=CARTESIAN_POINT('Ctrl Pts',(-67.9999995529652,78.9221381197554,20.1442377856823));
#7212=CARTESIAN_POINT('Ctrl Pts',(-67.9999995529652,78.6491347162865,20.293391168184));
#7213=CARTESIAN_POINT('Ctrl Pts',(-67.9999995529652,78.3814619340682,20.4517228044242));
#7214=CARTESIAN_POINT('Ctrl Pts',(-67.9999995529652,78.1195598577193,20.6188728439625));
#7215=CARTESIAN_POINT('Ctrl Pts',(-67.9999995529652,77.8574537518239,20.7861530983782));
#7216=CARTESIAN_POINT('Ctrl Pts',(-67.9999995529652,77.6011268582042,20.9622658983335));
#7217=CARTESIAN_POINT('Ctrl Pts',(-67.9999995529652,77.3510511157589,21.1468922651116));
#7218=CARTESIAN_POINT('Ctrl Pts',(-67.9999995529652,77.102502175943,21.3303914213114));
#7219=CARTESIAN_POINT('Ctrl Pts',(-67.9999995529652,76.8601278520905,21.5223009249321));
#7220=CARTESIAN_POINT('Ctrl Pts',(-67.9999995529652,76.6244287802455,21.7223426231713));
#7221=CARTESIAN_POINT('Ctrl Pts',(-67.9999995529652,76.392622642032,21.9190803242896));
#7222=CARTESIAN_POINT('Ctrl Pts',(-67.9999995529652,76.1672727410178,22.1236842368411));
#7223=CARTESIAN_POINT('Ctrl Pts',(-67.9999995529652,75.9488970567168,22.335917382114));
#7224=CARTESIAN_POINT('Ctrl Pts',(-67.9999995529652,75.8235614615903,22.4577274987187));
#7225=CARTESIAN_POINT('Ctrl Pts',(-67.9999995529652,75.7005240592323,22.5820512572074));
#7226=CARTESIAN_POINT('Ctrl Pts',(-67.9999995529652,75.5798898017251,22.7088472584691));
#7227=CARTESIAN_POINT('Ctrl Pts',(-67.9999995529652,75.3682343820579,22.9313135911155));
#7228=CARTESIAN_POINT('Ctrl Pts',(-67.9999995529288,75.1646924730484,23.1606337447337));
#7229=CARTESIAN_POINT('Ctrl Pts',(-67.9999995528759,74.9696903921261,23.3964780853856));
#7230=CARTESIAN_POINT('Ctrl Pts',(-67.9999995528235,74.7760376374594,23.6306904898058));
#7231=CARTESIAN_POINT('Ctrl Pts',(-67.9999995527548,74.5908065331791,23.8713375355175));
#7232=CARTESIAN_POINT('Ctrl Pts',(-67.9999995526895,74.4144529912473,24.1181302931642));
#7233=CARTESIAN_POINT('Ctrl Pts',(-67.9999995526687,74.3583213183907,24.1966821055284));
#7234=CARTESIAN_POINT('Ctrl Pts',(-67.9999995526483,74.3030893391519,24.2758567657931));
#7235=CARTESIAN_POINT('Ctrl Pts',(-67.9999995526288,74.248772680249,24.3556455780836));
#7236=CARTESIAN_POINT('Ctrl Pts',(-67.9999995526026,74.1757655802461,24.4628898363953));
#7237=CARTESIAN_POINT('Ctrl Pts',(-67.9999995525782,74.1044120484685,24.5712436024185));
#7238=CARTESIAN_POINT('Ctrl Pts',(-67.999999552557,74.0347210238186,24.6806633778382));
#7239=CARTESIAN_POINT('Origin',(-137.999999552965,84.7807492699152,32.3436660715062));
#7240=CARTESIAN_POINT('Origin',(-112.999999552965,84.7807492699152,32.3436660715062));
#7241=CARTESIAN_POINT('Origin',(-67.9999995529652,84.7807492699152,32.3436660715063));
#7242=CARTESIAN_POINT('Origin',(-67.9999995529652,84.7807492699152,32.3436660715063));
#7243=UNCERTAINTY_MEASURE_WITH_UNIT(LENGTH_MEASURE(0.01),#7247,
'DISTANCE_ACCURACY_VALUE',
'Maximum model space distance between geometric entities at asserted c
onnectivities');
#7244=UNCERTAINTY_MEASURE_WITH_UNIT(LENGTH_MEASURE(0.01),#7247,
'DISTANCE_ACCURACY_VALUE',
'Maximum model space distance between geometric entities at asserted c
onnectivities');
#7245=(
GEOMETRIC_REPRESENTATION_CONTEXT(3)
GLOBAL_UNCERTAINTY_ASSIGNED_CONTEXT((#7243))
GLOBAL_UNIT_ASSIGNED_CONTEXT((#7247,#7249,#7250))
REPRESENTATION_CONTEXT('','3D')
);
#7246=(
GEOMETRIC_REPRESENTATION_CONTEXT(3)
GLOBAL_UNCERTAINTY_ASSIGNED_CONTEXT((#7244))
GLOBAL_UNIT_ASSIGNED_CONTEXT((#7247,#7249,#7250))
REPRESENTATION_CONTEXT('','3D')
);
#7247=(
LENGTH_UNIT()
NAMED_UNIT(*)
SI_UNIT(.MILLI.,.METRE.)
);
#7248=(
LENGTH_UNIT()
NAMED_UNIT(*)
SI_UNIT($,.METRE.)
);
#7249=(
NAMED_UNIT(*)
PLANE_ANGLE_UNIT()
SI_UNIT($,.RADIAN.)
);
#7250=(
NAMED_UNIT(*)
SI_UNIT($,.STERADIAN.)
SOLID_ANGLE_UNIT()
);
#7251=SHAPE_DEFINITION_REPRESENTATION(#7252,#7253);
#7252=PRODUCT_DEFINITION_SHAPE('',$,#7255);
#7253=SHAPE_REPRESENTATION('',(#1152),#7245);
#7254=PRODUCT_DEFINITION_CONTEXT('part definition',#7259,'design');
#7255=PRODUCT_DEFINITION('FusionComponent','FusionComponent',#7256,#7254);
#7256=PRODUCT_DEFINITION_FORMATION('',$,#7261);
#7257=PRODUCT_RELATED_PRODUCT_CATEGORY('FusionComponent',
'FusionComponent',(#7261));
#7258=APPLICATION_PROTOCOL_DEFINITION('international standard',
'automotive_design',2009,#7259);
#7259=APPLICATION_CONTEXT(
'Core Data for Automotive Mechanical Design Process');
#7260=PRODUCT_CONTEXT('part definition',#7259,'mechanical');
#7261=PRODUCT('FusionComponent','FusionComponent',$,(#7260));
#7262=PRESENTATION_STYLE_ASSIGNMENT((#7263));
#7263=SURFACE_STYLE_USAGE(.BOTH.,#7264);
#7264=SURFACE_SIDE_STYLE('',(#7265));
#7265=SURFACE_STYLE_FILL_AREA(#7266);
#7266=FILL_AREA_STYLE('Steel - Satin',(#7267));
#7267=FILL_AREA_STYLE_COLOUR('Steel - Satin',#7268);
#7268=COLOUR_RGB('Steel - Satin',0.627450980392157,0.627450980392157,0.627450980392157);
ENDSEC;
END-ISO-10303-21;
